abbr,name,plate,label_index,ap_bregma_mm,ml_mm,ml_abs_mm,dv_mm,position_from,box_cx_frac,box_cy_frac,box_w_frac,box_h_frac,leader_tip_x_frac,leader_tip_y_frac
E,ependyma and subependymal layer,1,0,7.8,1.28,1.28,-6.77,label box,0.539,0.6829,0.0036,0.0114,,
E,ependyma and subependymal layer,1,1,7.8,-1.59,1.59,-6.78,label box,0.3903,0.6837,0.0036,0.0119,,
EPl,external plexiform layer of the olfactory bulb,1,0,7.8,1.07,1.07,-4.83,label box,0.5282,0.5262,0.0105,0.012,,
EPl,external plexiform layer of the olfactory bulb,1,1,7.8,-1.25,1.25,-4.86,label box,0.4081,0.5292,0.0109,0.0114,,
Gl,glomerular layer of the olfactory bulb,1,0,7.8,-1.39,1.39,-5.53,label box,0.4007,0.5831,0.0065,0.012,,
Gl,glomerular layer of the olfactory bulb,1,1,7.8,1.25,1.25,-5.49,label box,0.5373,0.5797,0.0069,0.012,,
GrO,granular cell layer of the olfactory bulb,1,0,7.8,0.64,0.64,-5.41,leader tip,0.5126,0.5452,0.0134,0.0125,0.5057,0.5731
GrO,granular cell layer of the olfactory bulb,1,1,7.8,-0.88,0.88,-5.09,label box,0.4272,0.5472,0.0134,0.0119,,
IPl,internal plexiform layer of the olfactory bulb,1,0,7.8,0.78,0.78,-4.85,leader tip,0.5313,0.4794,0.008,0.0119,0.5131,0.5282
IPl,internal plexiform layer of the olfactory bulb,1,1,7.8,-0.91,0.91,-4.82,leader tip,0.4066,0.4826,0.008,0.0114,0.4255,0.5255
Mi,mitral cell layer of the olfactory bulb,1,0,7.8,-0.75,0.75,-4.72,leader tip,0.4225,0.4752,0.008,0.0114,0.4338,0.5174
Mi,mitral cell layer of the olfactory bulb,1,1,7.8,0.66,0.66,-4.63,leader tip,0.5168,0.4723,0.008,0.0114,0.507,0.5105
ON,olfactory nerve layer,1,0,7.8,1.44,1.44,-5.88,label box,0.5475,0.6115,0.0105,0.0119,,
ON,olfactory nerve layer,1,1,7.8,-1.6,1.6,-5.92,label box,0.3896,0.6149,0.0102,0.0119,,
OV,olfactory ventricle (olfactory part of lateral ventricle),1,0,7.8,-0.74,0.74,-5.67,leader tip,0.4008,0.6837,0.0102,0.0119,0.4343,0.5942
aci,"anterior commissure, intrabulbar part",1,0,7.8,-0.67,0.67,-5.35,leader tip,0.3745,0.5227,0.0098,0.0119,0.4378,0.5686
aci,"anterior commissure, intrabulbar part",1,1,7.8,0.7,0.7,-5.23,leader tip,0.5639,0.5233,0.0098,0.0119,0.5092,0.5592
E,ependyma and subependymal layer,2,0,7.45,1.51,1.51,-6.73,label box,0.5509,0.6799,0.004,0.0114,,
E,ependyma and subependymal layer,2,1,7.45,-1.94,1.94,-6.83,label box,0.3724,0.6881,0.0036,0.0119,,
EPl,external plexiform layer of the olfactory bulb,2,0,7.45,-1.38,1.38,-5.61,label box,0.4012,0.5892,0.0109,0.0114,,
EPl,external plexiform layer of the olfactory bulb,2,1,7.45,1.22,1.22,-5.57,label box,0.5362,0.5864,0.0105,0.0114,,
Gl,glomerular layer of the olfactory bulb,2,0,7.45,1.5,1.5,-5.47,label box,0.5503,0.5781,0.0069,0.0119,,
Gl,glomerular layer of the olfactory bulb,2,1,7.45,-1.77,1.77,-5.5,label box,0.3812,0.5804,0.0065,0.0119,,
GrO,granular cell layer of the olfactory bulb,2,0,7.45,-1.01,1.01,-6.47,label box,0.4206,0.6588,0.0185,0.0233,,
GrO,granular cell layer of the olfactory bulb,2,1,7.45,0.87,0.87,-6.42,label box,0.5178,0.6549,0.0134,0.0125,,
IPl,internal plexiform layer of the olfactory bulb,2,0,7.45,-1.07,1.07,-4.67,leader tip,0.4053,0.4673,0.0076,0.0108,0.4173,0.5134
IPl,internal plexiform layer of the olfactory bulb,2,1,7.45,1.04,1.04,-4.59,leader tip,0.5425,0.4619,0.008,0.0114,0.5266,0.5072
Mi,mitral cell layer of the olfactory bulb,2,0,7.45,1.67,1.67,-4.14,label box,0.5592,0.4705,0.008,0.0114,,
Mi,mitral cell layer of the olfactory bulb,2,1,7.45,-1.63,1.63,-4.21,label box,0.3884,0.4761,0.0058,0.0114,,
ON,olfactory nerve layer,2,0,7.45,-1.91,1.91,-5.89,label box,0.3735,0.6119,0.0102,0.0125,,
ON,olfactory nerve layer,2,1,7.45,1.85,1.85,-5.89,label box,0.5685,0.6119,0.0098,0.0125,,
ON,olfactory nerve layer,2,2,7.45,-0.42,0.42,-7.04,label box,0.4508,0.7048,0.0105,0.0119,,
ON,olfactory nerve layer,2,3,7.45,0.39,0.39,-7.02,label box,0.4927,0.7031,0.0102,0.0119,,
OV,olfactory ventricle (olfactory part of lateral ventricle),2,0,7.45,1.72,1.72,-6.73,label box,0.5616,0.6802,0.0102,0.0119,,
aci,"anterior commissure, intrabulbar part",2,0,7.45,-1.35,1.35,-4.83,leader tip,0.3642,0.5126,0.0098,0.0119,0.4026,0.5264
aci,"anterior commissure, intrabulbar part",2,1,7.45,0.83,0.83,-4.95,leader tip,0.5819,0.5126,0.0102,0.0119,0.5157,0.536
E,ependyma and subependymal layer,3,0,7.1,1.27,1.27,-6.99,label box,0.5383,0.7009,0.0036,0.0114,,
E,ependyma and subependymal layer,3,1,7.1,-1.64,1.64,-7.06,label box,0.388,0.7069,0.0036,0.0119,,
EPl,external plexiform layer of the olfactory bulb,3,0,7.1,1.41,1.41,-5.44,label box,0.546,0.5761,0.0105,0.0114,,
EPl,external plexiform layer of the olfactory bulb,3,1,7.1,-1.56,1.56,-5.56,label box,0.3919,0.5852,0.0105,0.0114,,
Gl,glomerular layer of the olfactory bulb,3,0,7.1,-1.84,1.84,-5.67,label box,0.3772,0.5946,0.0065,0.0119,,
Gl,glomerular layer of the olfactory bulb,3,1,7.1,1.64,1.64,-5.63,label box,0.5578,0.5913,0.0069,0.0125,,
GrA,granule cell layer of the accessory olfactory bulb,3,0,7.1,1.28,1.28,-4.77,leader tip,0.5808,0.512,0.0131,0.0119,0.5389,0.5213
GrO,granular cell layer of the olfactory bulb,3,0,7.1,1.08,1.08,-5.3,label box,0.5289,0.5645,0.0134,0.0119,,
GrO,granular cell layer of the olfactory bulb,3,1,7.1,-1.25,1.25,-5.32,label box,0.4078,0.5665,0.0134,0.0119,,
IPl,internal plexiform layer of the olfactory bulb,3,0,7.1,1.23,1.23,-4.46,leader tip,0.5492,0.4521,0.008,0.0114,0.5366,0.497
IPl,internal plexiform layer of the olfactory bulb,3,1,7.1,-1.29,1.29,-4.45,leader tip,0.3958,0.4609,0.0084,0.0119,0.406,0.4958
Mi,mitral cell layer of the olfactory bulb,3,0,7.1,1.58,1.58,-4.24,leader tip,0.5643,0.4648,0.008,0.0114,0.5547,0.4792
Mi,mitral cell layer of the olfactory bulb,3,1,7.1,-1.44,1.44,-4.66,leader tip,0.3844,0.4781,0.0094,0.0153,0.3981,0.5131
ON,olfactory nerve layer,3,0,7.1,0.44,0.44,-7.19,label box,0.4953,0.7171,0.0105,0.0119,,
ON,olfactory nerve layer,3,1,7.1,-0.61,0.61,-7.21,label box,0.441,0.7191,0.0102,0.0125,,
OV,olfactory ventricle (olfactory part of lateral ventricle),3,0,7.1,-0.96,0.96,-6.12,leader tip,0.3987,0.7069,0.0105,0.0119,0.4229,0.6309
aci,"anterior commissure, intrabulbar part",3,0,7.1,1.39,1.39,-5.03,leader tip,0.587,0.5361,0.0098,0.0119,0.5446,0.5426
aci,"anterior commissure, intrabulbar part",3,1,7.1,-1.27,1.27,-5.08,leader tip,0.3599,0.5413,0.0098,0.0091,0.4068,0.5466
E,ependyma and subependymal layer,4,0,6.75,0.97,0.97,-6.04,leader tip,0.5492,0.7086,0.0036,0.0119,0.5231,0.6241
E,ependyma and subependymal layer,4,1,6.75,-1.85,1.85,-7.11,label box,0.3768,0.7111,0.0036,0.0114,,
EPl,external plexiform layer of the olfactory bulb,4,0,6.75,1.68,1.68,-5.36,label box,0.5596,0.569,0.0109,0.021,,
EPl,external plexiform layer of the olfactory bulb,4,1,6.75,-1.82,1.82,-5.41,label box,0.3782,0.5734,0.0109,0.0119,,
Gl,glomerular layer of the olfactory bulb,4,0,6.75,1.88,1.88,-5.68,label box,0.5703,0.5952,0.0069,0.0119,,
Gl,glomerular layer of the olfactory bulb,4,1,6.75,-1.92,1.92,-5.93,label box,0.3732,0.6156,0.0065,0.0119,,
GrA,granule cell layer of the accessory olfactory bulb,4,0,6.75,-1.08,1.08,-4.9,leader tip,0.3584,0.5171,0.0134,0.0119,0.4169,0.5324
GrA,granule cell layer of the accessory olfactory bulb,4,1,6.75,1.04,1.04,-4.91,leader tip,0.5852,0.5171,0.0131,0.0119,0.5266,0.533
GrO,granular cell layer of the olfactory bulb,4,0,6.75,-1.42,1.42,-5.33,label box,0.3992,0.5668,0.0134,0.0119,,
GrO,granular cell layer of the olfactory bulb,4,1,6.75,1.78,1.78,-5.05,leader tip,0.536,0.5634,0.0116,0.0301,0.5651,0.5444
IPl,internal plexiform layer of the olfactory bulb,4,0,6.75,-1.44,1.44,-4.41,leader tip,0.3884,0.4588,0.008,0.0119,0.398,0.4923
IPl,internal plexiform layer of the olfactory bulb,4,1,6.75,1.37,1.37,-4.46,leader tip,0.5558,0.4565,0.0084,0.0244,0.5439,0.4965
Mi,mitral cell layer of the olfactory bulb,4,0,6.75,-1.61,1.61,-4.61,leader tip,0.3757,0.4756,0.008,0.0114,0.3893,0.509
Mi,mitral cell layer of the olfactory bulb,4,1,6.75,1.53,1.53,-4.61,leader tip,0.5689,0.4716,0.0113,0.0148,0.552,0.5089
ON,olfactory nerve layer,4,0,6.75,-0.55,0.55,-7.17,label box,0.444,0.7159,0.0102,0.0125,,
ON,olfactory nerve layer,4,1,6.75,0.48,0.48,-7.16,label box,0.4978,0.7151,0.0102,0.0119,,
OV,olfactory ventricle (olfactory part of lateral ventricle),4,0,6.75,1.68,1.68,-7.08,label box,0.5598,0.7086,0.0102,0.0119,,
OV,olfactory ventricle (olfactory part of lateral ventricle),4,1,6.75,-1.42,1.42,-6.75,leader tip,0.3873,0.7114,0.0102,0.0119,0.3991,0.6818
aci,"anterior commissure, intrabulbar part",4,0,6.75,1.34,1.34,-5.11,leader tip,0.5901,0.5427,0.0098,0.0119,0.5424,0.5492
aci,"anterior commissure, intrabulbar part",4,1,6.75,-1.28,1.28,-5.13,leader tip,0.3541,0.5438,0.0098,0.0119,0.4064,0.5506
E,ependyma and subependymal layer,5,0,6.4,1.5,1.5,-7.19,label box,0.5503,0.7174,0.0036,0.0114,,
E,ependyma and subependymal layer,5,1,6.4,-1.88,1.88,-7.21,label box,0.3751,0.7188,0.004,0.0119,,
EPl,external plexiform layer of the olfactory bulb,5,0,6.4,-1.99,1.99,-5.6,label box,0.3697,0.5889,0.0105,0.0119,,
EPl,external plexiform layer of the olfactory bulb,5,1,6.4,1.82,1.82,-5.64,label box,0.5672,0.592,0.0109,0.0114,,
EPlA,external plexiform layer of the accessory olfactory bulb,5,0,6.4,-1.43,1.43,-4.2,leader tip,0.3911,0.4509,0.0163,0.0114,0.3985,0.4758
Gl,glomerular layer of the olfactory bulb,5,0,6.4,0.29,0.29,-6.66,label box,0.4875,0.6741,0.0069,0.0119,,
Gl,glomerular layer of the olfactory bulb,5,1,6.4,-0.55,0.55,-7.02,label box,0.444,0.7031,0.0065,0.0119,,
Gl,glomerular layer of the olfactory bulb,5,2,6.4,2.11,2.11,-5.73,label box,0.5821,0.5989,0.0069,0.0119,,
Gl,glomerular layer of the olfactory bulb,5,3,6.4,-2.13,2.13,-6.45,label box,0.3621,0.6577,0.0069,0.0125,,
GlA,glomerular layer of the accessory olfactory bulb,5,0,6.4,-1.11,1.11,-3.8,label box,0.4152,0.443,0.0123,0.0125,,
GlA,glomerular layer of the accessory olfactory bulb,5,1,6.4,1.76,1.76,-3.96,label box,0.5641,0.4566,0.0123,0.0125,,
GrA,granule cell layer of the accessory olfactory bulb,5,0,6.4,1.59,1.59,-4.76,leader tip,0.5897,0.5069,0.0134,0.0119,0.5552,0.5211
GrA,granule cell layer of the accessory olfactory bulb,5,1,6.4,-1.4,1.4,-5.02,leader tip,0.3515,0.5245,0.0134,0.0119,0.4001,0.5419
GrO,granular cell layer of the olfactory bulb,5,0,6.4,-1.6,1.6,-5.4,label box,0.39,0.5728,0.0134,0.0119,,
GrO,granular cell layer of the olfactory bulb,5,1,6.4,1.39,1.39,-5.42,label box,0.5447,0.5745,0.0134,0.0119,,
IPl,internal plexiform layer of the olfactory bulb,5,0,6.4,1.42,1.42,-6.08,leader tip,0.597,0.6256,0.008,0.0114,0.5463,0.6272
IPl,internal plexiform layer of the olfactory bulb,5,1,6.4,-1.62,1.62,-6.05,leader tip,0.355,0.6268,0.008,0.0119,0.3887,0.6251
Mi,mitral cell layer of the olfactory bulb,5,0,6.4,1.57,1.57,-5.85,leader tip,0.5972,0.6057,0.008,0.0119,0.5543,0.6086
Mi,mitral cell layer of the olfactory bulb,5,1,6.4,-1.71,1.71,-5.83,leader tip,0.3552,0.6077,0.0084,0.0114,0.384,0.607
MiA,mitral cell layer of the accessory olfactory bulb,5,0,6.4,-1.25,1.25,-4.81,leader tip,0.369,0.4631,0.0134,0.0114,0.4077,0.5253
MiA,mitral cell layer of the accessory olfactory bulb,5,1,6.4,1.07,1.07,-4.78,leader tip,0.5866,0.4862,0.0138,0.0114,0.5284,0.5227
ON,olfactory nerve layer,5,0,6.4,-0.47,0.47,-7.35,label box,0.4484,0.7304,0.0102,0.0119,,
ON,olfactory nerve layer,5,1,6.4,0.39,0.39,-7.33,label box,0.4927,0.7287,0.0102,0.0119,,
OV,olfactory ventricle (olfactory part of lateral ventricle),5,0,6.4,-1.15,1.15,-6.12,leader tip,0.3858,0.7188,0.0102,0.0119,0.4133,0.631
aci,"anterior commissure, intrabulbar part",5,0,6.4,-1.4,1.4,-5.32,leader tip,0.3526,0.5478,0.0098,0.0119,0.4003,0.5659
dlo,dorsal lateral olfactory tract,5,0,6.4,1.25,1.25,-4.99,leader tip,0.591,0.5222,0.0105,0.0114,0.5374,0.5396
dlo,dorsal lateral olfactory tract,5,1,6.4,-1.52,1.52,-4.8,leader tip,0.3572,0.5052,0.0102,0.0119,0.3939,0.524
lo,lateral olfactory tract,5,0,6.4,-1.6,1.6,-6.46,leader tip,0.3661,0.6824,0.0055,0.0114,0.39,0.6582
lo,lateral olfactory tract,5,1,6.4,1.84,1.84,-6.39,leader tip,0.5899,0.6523,0.0058,0.0119,0.5681,0.6527
AOE,"anterior olfactory nucleus, external part",6,0,6.05,-1.95,1.95,-5.93,leader tip,0.3463,0.616,0.0152,0.0119,0.3717,0.6151
AOL,"anterior olfactory nucleus, lateral part",6,0,6.05,-1.93,1.93,-5.72,leader tip,0.3463,0.5992,0.0152,0.0125,0.3728,0.5981
E,ependyma and subependymal layer,6,0,6.05,-2.01,2.01,-7.15,label box,0.3688,0.7143,0.0036,0.0119,,
E,ependyma and subependymal layer,6,1,6.05,1.54,1.54,-7.2,label box,0.5527,0.7177,0.004,0.0119,,
EPl,external plexiform layer of the olfactory bulb,6,0,6.05,1.78,1.78,-5.99,label box,0.565,0.6202,0.0105,0.0114,,
EPl,external plexiform layer of the olfactory bulb,6,1,6.05,-0.75,0.75,-6.74,label box,0.4341,0.681,0.0109,0.0114,,
EPlA,external plexiform layer of the accessory olfactory bulb,6,0,6.05,-1.21,1.21,-5.14,label box,0.4101,0.5517,0.0164,0.0114,,
EPlA,external plexiform layer of the accessory olfactory bulb,6,1,6.05,1.5,1.5,-4.56,leader tip,0.5765,0.4674,0.0167,0.0114,0.5502,0.5045
Gl,glomerular layer of the olfactory bulb,6,0,6.05,0.3,0.3,-6.22,label box,0.4884,0.6389,0.0065,0.0119,,
Gl,glomerular layer of the olfactory bulb,6,1,6.05,-0.57,0.57,-6.93,label box,0.4433,0.6963,0.0065,0.0119,,
Gl,glomerular layer of the olfactory bulb,6,2,6.05,2.03,2.03,-6.12,label box,0.5777,0.6307,0.0069,0.0119,,
Gl,glomerular layer of the olfactory bulb,6,3,6.05,-2.22,2.22,-6.42,label box,0.3579,0.6552,0.0065,0.0119,,
GlA,glomerular layer of the accessory olfactory bulb,6,0,6.05,-1.22,1.22,-4.85,leader tip,0.3611,0.4796,0.0123,0.0119,0.4094,0.528
GrA,granule cell layer of the accessory olfactory bulb,6,0,6.05,1.54,1.54,-4.81,leader tip,0.5937,0.508,0.0134,0.0119,0.5524,0.5247
GrA,granule cell layer of the accessory olfactory bulb,6,1,6.05,-2.36,2.36,-4.74,label box,0.3504,0.5194,0.0134,0.0119,,
GrO,granular cell layer of the olfactory bulb,6,0,6.05,1.76,1.76,-5.07,label box,0.5641,0.5457,0.0134,0.0119,,
GrO,granular cell layer of the olfactory bulb,6,1,6.05,-1.11,1.11,-6.49,label box,0.4152,0.6608,0.0134,0.0125,,
IPl,internal plexiform layer of the olfactory bulb,6,0,6.05,1.97,1.97,-4.78,leader tip,0.5921,0.5239,0.0142,0.0114,0.5746,0.5225
IPl,internal plexiform layer of the olfactory bulb,6,1,6.05,-1.95,1.95,-7.21,leader tip,0.3733,0.6958,0.0084,0.0114,0.3716,0.7185
Mi,mitral cell layer of the olfactory bulb,6,0,6.05,2.22,2.22,-4.99,label box,0.5876,0.5398,0.0247,0.0125,,
MiA,mitral cell layer of the accessory olfactory bulb,6,0,6.05,-1.13,1.13,-5.39,label box,0.4141,0.5716,0.0134,0.0114,,
MiA,mitral cell layer of the accessory olfactory bulb,6,1,6.05,1.36,1.36,-4.81,leader tip,0.5895,0.493,0.0138,0.0114,0.5433,0.5249
ON,olfactory nerve layer,6,0,6.05,-0.45,0.45,-7.19,label box,0.4495,0.7173,0.0102,0.0119,,
ON,olfactory nerve layer,6,1,6.05,0.51,0.51,-7.22,label box,0.4989,0.7193,0.0102,0.0114,,
OV,olfactory ventricle (olfactory part of lateral ventricle),6,0,6.05,1.75,1.75,-7.2,label box,0.5634,0.7177,0.0102,0.0119,,
aci,"anterior commissure, intrabulbar part",6,0,6.05,1.21,1.21,-5.56,leader tip,0.5981,0.6131,0.0098,0.0119,0.5356,0.5857
aci,"anterior commissure, intrabulbar part",6,1,6.05,-1.7,1.7,-5.35,leader tip,0.3468,0.5563,0.0098,0.0119,0.3847,0.5685
dlo,dorsal lateral olfactory tract,6,0,6.05,-1.5,1.5,-5.33,leader tip,0.3472,0.5393,0.0105,0.0119,0.3948,0.5673
dlo,dorsal lateral olfactory tract,6,1,6.05,1.43,1.43,-5.26,leader tip,0.5995,0.5785,0.0105,0.0119,0.547,0.561
lo,lateral olfactory tract,6,0,6.05,-1.75,1.75,-6.16,leader tip,0.3552,0.6335,0.0055,0.0114,0.3822,0.6339
AOE,"anterior olfactory nucleus, external part",7,0,5.7,1.79,1.79,-5.95,leader tip,0.607,0.6177,0.0152,0.0119,0.5656,0.6171
AOE,"anterior olfactory nucleus, external part",7,1,5.7,-2.08,2.08,-6.05,leader tip,0.3434,0.6242,0.0152,0.0125,0.3648,0.6253
AOL,"anterior olfactory nucleus, lateral part",7,0,5.7,1.62,1.62,-6.14,leader tip,0.6054,0.6335,0.0153,0.0114,0.5565,0.6327
AOL,"anterior olfactory nucleus, lateral part",7,1,5.7,-1.9,1.9,-6.23,leader tip,0.347,0.6393,0.0152,0.0119,0.3742,0.6396
E,ependyma and subependymal layer,7,0,5.7,-2.46,2.46,-6.79,label box,0.345,0.6847,0.004,0.0119,,
E,ependyma and subependymal layer,7,1,5.7,1.58,1.58,-6.51,leader tip,0.5815,0.6847,0.0036,0.0119,0.5548,0.6623
EPl,external plexiform layer of the olfactory bulb,7,0,5.7,-0.54,0.54,-6.7,label box,0.4449,0.6773,0.0105,0.0114,,
EPl,external plexiform layer of the olfactory bulb,7,1,5.7,0.49,0.49,-6.71,label box,0.498,0.6784,0.0105,0.0114,,
EPlA,external plexiform layer of the accessory olfactory bulb,7,0,5.7,1.19,1.19,-4.98,label box,0.5343,0.5386,0.0164,0.0114,,
EPlA,external plexiform layer of the accessory olfactory bulb,7,1,5.7,-2.44,2.44,-4.91,label box,0.3464,0.5333,0.0163,0.0114,,
FrA,frontal association cortex,7,0,5.7,-1.16,1.16,-4.2,label box,0.4126,0.4756,0.0113,0.0114,,
Gl,glomerular layer of the olfactory bulb,7,0,5.7,-0.7,0.7,-7.36,label box,0.4366,0.731,0.0069,0.0119,,
Gl,glomerular layer of the olfactory bulb,7,1,5.7,0.84,0.84,-7.39,label box,0.5164,0.7335,0.0065,0.0114,,
GlA,glomerular layer of the accessory olfactory bulb,7,0,5.7,0.96,0.96,-4.06,label box,0.5225,0.4642,0.0167,0.0261,,
GlA,glomerular layer of the accessory olfactory bulb,7,1,5.7,-1.14,1.14,-4.97,label box,0.4137,0.5378,0.012,0.0119,,
GrA,granule cell layer of the accessory olfactory bulb,7,0,5.7,1.61,1.61,-5.06,leader tip,0.6032,0.5366,0.0131,0.0119,0.556,0.5452
GrA,granule cell layer of the accessory olfactory bulb,7,1,5.7,-1.92,1.92,-5.66,leader tip,0.3435,0.5887,0.0134,0.0119,0.373,0.5932
GrO,granular cell layer of the olfactory bulb,7,0,5.7,-0.91,0.91,-6.45,label box,0.4255,0.6571,0.0131,0.0199,,
GrO,granular cell layer of the olfactory bulb,7,1,5.7,0.86,0.86,-6.45,label box,0.5175,0.6577,0.0134,0.0125,,
IPl,internal plexiform layer of the olfactory bulb,7,0,5.7,-1.77,1.77,-7.3,label box,0.3812,0.7264,0.008,0.0108,,
IPl,internal plexiform layer of the olfactory bulb,7,1,5.7,1.86,1.86,-7.16,label box,0.569,0.7151,0.008,0.0119,,
Mi,mitral cell layer of the olfactory bulb,7,0,5.7,1.64,1.64,-6.78,leader tip,0.5779,0.7012,0.008,0.0119,0.5576,0.6839
Mi,mitral cell layer of the olfactory bulb,7,1,5.7,-1.91,1.91,-7.11,label box,0.3735,0.7109,0.008,0.0119,,
MiA,mitral cell layer of the accessory olfactory bulb,7,0,5.7,-1.37,1.37,-5.44,leader tip,0.3468,0.5523,0.0134,0.0119,0.4017,0.5762
ON,olfactory nerve layer,7,0,5.7,-0.4,0.4,-7.52,label box,0.452,0.744,0.0102,0.0119,,
ON,olfactory nerve layer,7,1,5.7,0.36,0.36,-7.54,label box,0.4913,0.7457,0.0102,0.0119,,
OV,olfactory ventricle (olfactory part of lateral ventricle),7,0,5.7,-1.88,1.88,-6.62,leader tip,0.3557,0.6847,0.0102,0.0119,0.3752,0.6712
OV,olfactory ventricle (olfactory part of lateral ventricle),7,1,5.7,2.31,2.31,-6.79,label box,0.5924,0.6847,0.0102,0.0119,,
aci,"anterior commissure, intrabulbar part",7,0,5.7,1.34,1.34,-5.67,leader tip,0.6092,0.596,0.0098,0.0091,0.542,0.5947
dlo,dorsal lateral olfactory tract,7,0,5.7,1.5,1.5,-5.17,leader tip,0.6034,0.5534,0.0105,0.0114,0.5503,0.5543
dlo,dorsal lateral olfactory tract,7,1,5.7,-1.38,1.38,-5.62,leader tip,0.3454,0.5677,0.0105,0.0119,0.4012,0.5901
lo,lateral olfactory tract,7,0,5.7,1.81,1.81,-5.44,leader tip,0.6055,0.5756,0.0058,0.0119,0.5667,0.5759
lo,lateral olfactory tract,7,1,5.7,-2.12,2.12,-5.85,leader tip,0.3426,0.6063,0.0058,0.0119,0.363,0.609
rf,rhinal fissure,7,0,5.7,-2.15,2.15,-4.81,label box,0.3612,0.5247,0.0051,0.0119,,
ri,rhinal incisure,7,0,5.7,-0.25,0.25,-4.48,label box,0.4599,0.4981,0.0036,0.0114,,
AOD,"anterior olfactory nucleus, dorsal part",8,0,5.35,-1.31,1.31,-5.91,label box,0.4048,0.6134,0.016,0.0119,,
AOE,"anterior olfactory nucleus, external part",8,0,5.35,1.91,1.91,-6,leader tip,0.5932,0.618,0.0152,0.0125,0.5718,0.6208
AOE,"anterior olfactory nucleus, external part",8,1,5.35,-1.88,1.88,-6.26,leader tip,0.3493,0.6418,0.0149,0.0125,0.3753,0.6422
AOL,"anterior olfactory nucleus, lateral part",8,0,5.35,1.45,1.45,-5.72,label box,0.548,0.5986,0.0153,0.0119,,
AOL,"anterior olfactory nucleus, lateral part",8,1,5.35,-1.65,1.65,-6.03,label box,0.3874,0.6236,0.0153,0.0119,,
AOL,"anterior olfactory nucleus, lateral part",8,2,5.35,1.78,1.78,-6.16,leader tip,0.5928,0.6327,0.0152,0.0125,0.5652,0.6339
AOV,"anterior olfactory nucleus, ventral part",8,0,5.35,-1.51,1.51,-6.31,label box,0.3944,0.6461,0.0156,0.0119,,
E,ependyma and subependymal layer,8,0,5.35,-2.19,2.19,-6.9,label box,0.359,0.6935,0.0036,0.0114,,
E,ependyma and subependymal layer,8,1,5.35,1.1,1.1,-6.2,leader tip,0.5652,0.6949,0.0036,0.0119,0.5297,0.6371
EPl,external plexiform layer of the olfactory bulb,8,0,5.35,1.94,1.94,-6.31,leader tip,0.5881,0.6472,0.0105,0.0114,0.5732,0.6464
EPl,external plexiform layer of the olfactory bulb,8,1,5.35,-0.56,0.56,-6.82,label box,0.4437,0.6875,0.0153,0.0193,,
EPl,external plexiform layer of the olfactory bulb,8,2,5.35,0.62,0.62,-6.8,label box,0.5049,0.6858,0.0105,0.0114,,
EPlA,external plexiform layer of the accessory olfactory bulb,8,0,5.35,-1.45,1.45,-5.28,leader tip,0.3497,0.5352,0.0164,0.0114,0.3977,0.5628
EPlA,external plexiform layer of the accessory olfactory bulb,8,1,5.35,1.6,1.6,-5.32,leader tip,0.532,0.5625,0.016,0.0114,0.5557,0.566
FrA,frontal association cortex,8,0,5.35,-1.31,1.31,-4.02,label box,0.405,0.4614,0.0113,0.0114,,
FrA,frontal association cortex,8,1,5.35,1.14,1.14,-3.98,label box,0.5318,0.458,0.0113,0.0114,,
Gl,glomerular layer of the olfactory bulb,8,0,5.35,-0.46,0.46,-7.14,label box,0.4488,0.7134,0.0065,0.0119,,
Gl,glomerular layer of the olfactory bulb,8,1,5.35,1,1,-7.23,label box,0.5243,0.7202,0.0065,0.0119,,
Gl,glomerular layer of the olfactory bulb,8,2,5.35,1.97,1.97,-6.65,label box,0.5748,0.6734,0.0069,0.0119,,
GlA,glomerular layer of the accessory olfactory bulb,8,0,5.35,0.77,0.77,-4.63,label box,0.5125,0.5105,0.012,0.0119,,
GlA,glomerular layer of the accessory olfactory bulb,8,1,5.35,1.15,1.15,-4.88,label box,0.5322,0.5304,0.012,0.0119,,
GlA,glomerular layer of the accessory olfactory bulb,8,2,5.35,-1.04,1.04,-5.07,label box,0.419,0.5457,0.0124,0.0119,,
GrA,granule cell layer of the accessory olfactory bulb,8,0,5.35,-1.56,1.56,-5.63,leader tip,0.3581,0.6043,0.0309,0.0131,0.3918,0.5908
GrA,granule cell layer of the accessory olfactory bulb,8,1,5.35,1.45,1.45,-5.44,leader tip,0.5944,0.5944,0.0134,0.0119,0.5481,0.576
GrA,granule cell layer of the accessory olfactory bulb,8,2,5.35,-2.38,2.38,-5.79,label box,0.3492,0.6043,0.0131,0.0125,,
GrO,granular cell layer of the olfactory bulb,8,0,5.35,0.94,0.94,-6.48,label box,0.5213,0.6599,0.0134,0.0119,,
GrO,granular cell layer of the olfactory bulb,8,1,5.35,-0.86,0.86,-6.53,label box,0.4281,0.664,0.0134,0.0125,,
IPl,internal plexiform layer of the olfactory bulb,8,0,5.35,-1.17,1.17,-7.04,leader tip,0.3997,0.7381,0.008,0.0114,0.4121,0.7052
LO,lateral orbital cortex,8,0,5.35,-1.11,1.11,-4.72,label box,0.415,0.5173,0.0087,0.0119,,
MO,medial orbital cortex,8,0,5.35,-0.46,0.46,-4.6,label box,0.4488,0.508,0.0116,0.0114,,
Mi,mitral cell layer of the olfactory bulb,8,0,5.35,-1.61,1.61,-7.26,label box,0.3891,0.7225,0.008,0.0114,,
MiA,mitral cell layer of the accessory olfactory bulb,8,0,5.35,1.41,1.41,-5.34,leader tip,0.5957,0.5676,0.0134,0.0114,0.5456,0.5674
MiA,mitral cell layer of the accessory olfactory bulb,8,1,5.35,-1.41,1.41,-5.54,leader tip,0.349,0.5535,0.0134,0.0119,0.3998,0.5841
ON,olfactory nerve layer,8,0,5.35,0.35,0.35,-7.13,label box,0.4909,0.7122,0.0102,0.0119,,
ON,olfactory nerve layer,8,1,5.35,-0.21,0.21,-7.23,label box,0.4619,0.7205,0.0105,0.0119,,
OV,olfactory ventricle (olfactory part of lateral ventricle),8,0,5.35,-1.12,1.12,-6.33,leader tip,0.3697,0.6935,0.0105,0.0125,0.4145,0.6476
aci,"anterior commissure, intrabulbar part",8,0,5.35,1.24,1.24,-6.5,leader tip,0.5514,0.723,0.0098,0.0085,0.5371,0.6611
aci,"anterior commissure, intrabulbar part",8,1,5.35,-1.42,1.42,-6.68,leader tip,0.3788,0.7131,0.0098,0.0119,0.3992,0.6763
dlo,dorsal lateral olfactory tract,8,0,5.35,1.6,1.6,-5.14,leader tip,0.5923,0.5509,0.0102,0.0119,0.5554,0.5515
dlo,dorsal lateral olfactory tract,8,1,5.35,-1.61,1.61,-5.5,leader tip,0.3486,0.5694,0.0105,0.0119,0.3895,0.5803
lo,lateral olfactory tract,8,0,5.35,-1.86,1.86,-6.53,label box,0.3765,0.6642,0.0058,0.0114,,
lo,lateral olfactory tract,8,1,5.35,1.9,1.9,-6.44,label box,0.5712,0.6568,0.0058,0.0114,,
rf,rhinal fissure,8,0,5.35,2.09,2.09,-4.78,label box,0.5812,0.5222,0.0055,0.0114,,
rf,rhinal fissure,8,1,5.35,-2.27,2.27,-5.56,label box,0.3552,0.5858,0.0055,0.0114,,
ri,rhinal incisure,8,0,5.35,0.15,0.15,-4.79,label box,0.4804,0.5231,0.004,0.0114,,
ri,rhinal incisure,8,1,5.35,-0.04,0.04,-5.29,leader tip,0.4695,0.5279,0.004,0.0119,0.4709,0.5634
AOD,"anterior olfactory nucleus, dorsal part",9,0,5,1.49,1.49,-5.69,label box,0.5498,0.5957,0.016,0.0119,,
AOD,"anterior olfactory nucleus, dorsal part",9,1,5,-1.57,1.57,-5.86,label box,0.3913,0.6097,0.016,0.0119,,
AOE,"anterior olfactory nucleus, external part",9,0,5,1.99,1.99,-5.66,leader tip,0.5997,0.5938,0.0152,0.0119,0.5757,0.5935
AOE,"anterior olfactory nucleus, external part",9,1,5,-1.5,1.5,-5.57,leader tip,0.3474,0.6171,0.0152,0.0119,0.3951,0.586
AOE,"anterior olfactory nucleus, external part",9,2,5,-1.55,1.55,-6.74,leader tip,0.3702,0.6893,0.0152,0.0119,0.3922,0.6808
AOL,"anterior olfactory nucleus, lateral part",9,0,5,-1.64,1.64,-6.19,label box,0.3875,0.6364,0.0149,0.0125,,
AOL,"anterior olfactory nucleus, lateral part",9,1,5,1.61,1.61,-6.01,label box,0.5563,0.6219,0.0156,0.0125,,
AOM,"anterior olfactory nucleus, medial part",9,0,5,-0.96,0.96,-6.02,label box,0.4231,0.6224,0.0171,0.0119,,
AOM,"anterior olfactory nucleus, medial part",9,1,5,0.92,0.92,-5.87,label box,0.5205,0.6109,0.0174,0.0119,,
AOV,"anterior olfactory nucleus, ventral part",9,0,5,1.44,1.44,-6.33,label box,0.5471,0.6474,0.0156,0.0119,,
AOV,"anterior olfactory nucleus, ventral part",9,1,5,-1.43,1.43,-6.46,label box,0.3987,0.6583,0.0156,0.0125,,
DLO,dorsolateral orbital cortex,9,0,5,2.11,2.11,-4.89,label box,0.5819,0.531,0.0142,0.0119,,
DLO,dorsolateral orbital cortex,9,1,5,-2.14,2.14,-5.31,label box,0.3619,0.5656,0.0145,0.0119,,
E,ependyma and subependymal layer,9,0,5,1.25,1.25,-6.41,leader tip,0.567,0.6785,0.0036,0.0119,0.5376,0.6543
E,ependyma and subependymal layer,9,1,5,-1.92,1.92,-7.13,label box,0.3731,0.712,0.0036,0.0119,,
EPl,external plexiform layer of the olfactory bulb,9,0,5,-0.55,0.55,-6.9,label box,0.4444,0.694,0.0153,0.0199,,
EPl,external plexiform layer of the olfactory bulb,9,1,5,0.47,0.47,-6.87,label box,0.4973,0.6915,0.0105,0.0114,,
EPlA,external plexiform layer of the accessory olfactory bulb,9,0,5,1.03,1.03,-5.31,label box,0.526,0.5653,0.0164,0.0114,,
EPlA,external plexiform layer of the accessory olfactory bulb,9,1,5,-0.99,0.99,-5.44,label box,0.4213,0.5761,0.0164,0.0114,,
FrA,frontal association cortex,9,0,5,-1.58,1.58,-3.83,label box,0.3908,0.446,0.0113,0.0114,,
FrA,frontal association cortex,9,1,5,1.75,1.75,-3.9,label box,0.5634,0.4511,0.0113,0.0114,,
Gl,glomerular layer of the olfactory bulb,9,0,5,-0.5,0.5,-7.29,label box,0.4466,0.7256,0.0065,0.0125,,
Gl,glomerular layer of the olfactory bulb,9,1,5,0.34,0.34,-7.28,label box,0.4902,0.7247,0.0065,0.0119,,
GlA,glomerular layer of the accessory olfactory bulb,9,0,5,1.14,1.14,-5.03,label box,0.5318,0.5426,0.012,0.0114,,
GlA,glomerular layer of the accessory olfactory bulb,9,1,5,-1.08,1.08,-5.27,label box,0.4168,0.5622,0.0124,0.0119,,
GrA,granule cell layer of the accessory olfactory bulb,9,0,5,-0.84,0.84,-5.66,label box,0.4291,0.5935,0.0131,0.0119,,
GrA,granule cell layer of the accessory olfactory bulb,9,1,5,0.88,0.88,-5.61,label box,0.5182,0.5898,0.0131,0.0114,,
GrO,granular cell layer of the olfactory bulb,9,0,5,0.88,0.88,-6.58,label box,0.5185,0.6676,0.0131,0.0125,,
GrO,granular cell layer of the olfactory bulb,9,1,5,-0.82,0.82,-6.54,label box,0.4301,0.6651,0.0131,0.0125,,
IPl,internal plexiform layer of the olfactory bulb,9,0,5,-1.13,1.13,-7.12,leader tip,0.4081,0.7403,0.008,0.0114,0.414,0.7116
LO,lateral orbital cortex,9,0,5,1.54,1.54,-4.73,label box,0.5527,0.5185,0.0087,0.0119,,
LO,lateral orbital cortex,9,1,5,-1.47,1.47,-5.03,label box,0.3964,0.5423,0.0087,0.0119,,
MO,medial orbital cortex,9,0,5,0.37,0.37,-4.62,label box,0.492,0.5094,0.0116,0.0119,,
MO,medial orbital cortex,9,1,5,-0.24,0.24,-4.8,label box,0.4605,0.5245,0.012,0.0119,,
Mi,mitral cell layer of the olfactory bulb,9,0,5,1.09,1.09,-7.05,leader tip,0.5465,0.7188,0.008,0.0114,0.5292,0.7056
MiA,mitral cell layer of the accessory olfactory bulb,9,0,5,1.49,1.49,-5.29,label box,0.55,0.5636,0.0134,0.0114,,
MiA,mitral cell layer of the accessory olfactory bulb,9,1,5,-1.4,1.4,-5.41,leader tip,0.3497,0.6017,0.0134,0.0114,0.4,0.5738
OV,olfactory ventricle (olfactory part of lateral ventricle),9,0,5,2.02,2.02,-6.71,label box,0.5775,0.6785,0.0102,0.0119,,
PrL,prelimbic cortex,9,0,5,-0.34,0.34,-4.24,label box,0.4549,0.479,0.0116,0.0114,,
PrL,prelimbic cortex,9,1,5,0.55,0.55,-4.22,label box,0.5013,0.4776,0.0116,0.0114,,
VO,ventral orbital cortex,9,0,5,0.8,0.8,-4.69,label box,0.5144,0.5151,0.0098,0.0119,,
VO,ventral orbital cortex,9,1,5,-0.79,0.79,-4.99,label box,0.4317,0.5395,0.0102,0.0119,,
aci,"anterior commissure, intrabulbar part",9,0,5,1.41,1.41,-6.14,leader tip,0.5885,0.6494,0.0098,0.0114,0.5459,0.6323
aci,"anterior commissure, intrabulbar part",9,1,5,-1.67,1.67,-6.4,leader tip,0.3644,0.6728,0.0102,0.0119,0.3864,0.6531
dlo,dorsal lateral olfactory tract,9,0,5,1.97,1.97,-5.43,leader tip,0.5977,0.5745,0.0105,0.0119,0.575,0.5748
lo,lateral olfactory tract,9,0,5,-1.89,1.89,-6.4,label box,0.3746,0.6534,0.0058,0.0114,,
lo,lateral olfactory tract,9,1,5,1.77,1.77,-6.47,label box,0.5643,0.6592,0.0054,0.0119,,
rf,rhinal fissure,9,0,5,2.28,2.28,-5.25,label box,0.5908,0.5608,0.0051,0.0114,,
rf,rhinal fissure,9,1,5,-2.21,2.21,-5.62,label box,0.3583,0.5903,0.0051,0.0114,,
AOD,"anterior olfactory nucleus, dorsal part",10,0,4.65,1.51,1.51,-5.92,label box,0.5508,0.6144,0.016,0.0119,,
AOD,"anterior olfactory nucleus, dorsal part",10,1,4.65,-1.51,1.51,-6.02,label box,0.3943,0.6224,0.0164,0.0119,,
AOE,"anterior olfactory nucleus, external part",10,0,4.65,1.24,1.24,-7.03,leader tip,0.5606,0.7054,0.0153,0.0119,0.5372,0.7043
AOE,"anterior olfactory nucleus, external part",10,1,4.65,-1.17,1.17,-7.14,leader tip,0.3846,0.712,0.0153,0.0125,0.4123,0.7132
AOL,"anterior olfactory nucleus, lateral part",10,0,4.65,-1.49,1.49,-6.42,label box,0.3957,0.6553,0.0149,0.0125,,
AOM,"anterior olfactory nucleus, medial part",10,0,4.65,0.77,0.77,-6.29,label box,0.5127,0.6448,0.0171,0.0119,,
AOM,"anterior olfactory nucleus, medial part",10,1,4.65,-0.72,0.72,-6.35,label box,0.4355,0.6491,0.0174,0.0119,,
AOV,"anterior olfactory nucleus, ventral part",10,0,4.65,1.18,1.18,-6.77,label box,0.534,0.6829,0.016,0.0125,,
AOV,"anterior olfactory nucleus, ventral part",10,1,4.65,-1.08,1.08,-6.9,label box,0.4166,0.6935,0.016,0.0119,,
Cg1,"cingulate cortex, area 1",10,0,4.65,-0.34,0.34,-3.86,label box,0.4549,0.4485,0.0127,0.0142,,
Cg1,"cingulate cortex, area 1",10,1,4.65,0.52,0.52,-3.88,label box,0.4996,0.4499,0.0127,0.0148,,
DLO,dorsolateral orbital cortex,10,0,4.65,2.05,2.05,-4.93,label box,0.5792,0.535,0.0142,0.0119,,
DLO,dorsolateral orbital cortex,10,1,4.65,-2,2,-5.14,label box,0.3691,0.5515,0.0142,0.0119,,
E,ependyma and subependymal layer,10,0,4.65,0.94,0.94,-6.53,leader tip,0.5664,0.6881,0.0036,0.0114,0.5214,0.6639
E,ependyma and subependymal layer,10,1,4.65,-2,2,-6.86,label box,0.369,0.6906,0.0036,0.0119,,
Gl,glomerular layer of the olfactory bulb,10,0,4.65,0.75,0.75,-7.32,label box,0.5115,0.7275,0.0065,0.0114,,
Gl,glomerular layer of the olfactory bulb,10,1,4.65,-0.83,0.83,-7.35,leader tip,0.4442,0.7284,0.0065,0.0119,0.4298,0.7299
GlA,glomerular layer of the accessory olfactory bulb,10,0,4.65,0.39,0.39,-6.04,leader tip,0.4911,0.5944,0.0138,0.0148,0.4929,0.6242
GlA,glomerular layer of the accessory olfactory bulb,10,1,4.65,0.68,0.68,-5.69,label box,0.508,0.5964,0.012,0.0119,,
GlA,glomerular layer of the accessory olfactory bulb,10,2,4.65,-0.66,0.66,-5.81,label box,0.4386,0.6061,0.012,0.0119,,
GrO,granular cell layer of the olfactory bulb,10,0,4.65,-0.64,0.64,-6.86,label box,0.4398,0.6903,0.0131,0.0119,,
GrO,granular cell layer of the olfactory bulb,10,1,4.65,0.64,0.64,-6.85,label box,0.5059,0.6901,0.0134,0.0119,,
IPl,internal plexiform layer of the olfactory bulb,10,0,4.65,0.54,0.54,-7.05,leader tip,0.467,0.7071,0.0084,0.0119,0.5009,0.706
LO,lateral orbital cortex,10,0,4.65,1.55,1.55,-5.1,label box,0.5531,0.5486,0.0084,0.0119,,
LO,lateral orbital cortex,10,1,4.65,-1.42,1.42,-5.24,label box,0.3991,0.56,0.0087,0.0119,,
M2,secondary motor cortex,10,0,4.65,-1.75,1.75,-3.8,label box,0.382,0.4437,0.0109,0.0114,,
M2,secondary motor cortex,10,1,4.65,1.76,1.76,-3.69,label box,0.5638,0.4346,0.0109,0.0114,,
MO,medial orbital cortex,10,0,4.65,-0.41,0.41,-4.9,label box,0.4515,0.5321,0.0116,0.0119,,
MO,medial orbital cortex,10,1,4.65,0.56,0.56,-4.86,label box,0.5016,0.5293,0.0116,0.0119,,
Mi,mitral cell layer of the olfactory bulb,10,0,4.65,0.37,0.37,-6.92,leader tip,0.4683,0.6946,0.008,0.0119,0.4919,0.6952
OV,olfactory ventricle (olfactory part of lateral ventricle),10,0,4.65,-0.88,0.88,-6.58,leader tip,0.3799,0.6906,0.0102,0.0119,0.4269,0.6676
PrL,prelimbic cortex,10,0,4.65,-0.39,0.39,-4.35,label box,0.4526,0.4875,0.0116,0.0114,,
PrL,prelimbic cortex,10,1,4.65,0.57,0.57,-4.33,label box,0.5024,0.4861,0.0116,0.0114,,
VO,ventral orbital cortex,10,0,4.65,0.86,0.86,-5.09,label box,0.5171,0.5475,0.0098,0.0119,,
VO,ventral orbital cortex,10,1,4.65,-0.78,0.78,-5.21,label box,0.4322,0.5572,0.0102,0.0119,,
aci,"anterior commissure, intrabulbar part",10,0,4.65,1.26,1.26,-6.25,label box,0.5379,0.6411,0.0098,0.0119,,
aci,"anterior commissure, intrabulbar part",10,1,4.65,-1.2,1.2,-6.29,label box,0.4106,0.6446,0.0098,0.0119,,
dlo,dorsal lateral olfactory tract,10,0,4.65,-1.55,1.55,-5.69,label box,0.3926,0.5961,0.0102,0.0114,,
dlo,dorsal lateral olfactory tract,10,1,4.65,1.26,1.26,-5.51,label box,0.5382,0.5817,0.0105,0.0114,,
lo,lateral olfactory tract,10,0,4.65,1.79,1.79,-6.35,label box,0.5656,0.649,0.0036,0.0307,,
rf,rhinal fissure,10,0,4.65,2.2,2.2,-5.71,label box,0.5866,0.5973,0.0055,0.0119,,
rf,rhinal fissure,10,1,4.65,-2.17,2.17,-5.82,label box,0.3601,0.6062,0.0055,0.0114,,
ri,rhinal incisure,10,0,4.65,-0.1,0.1,-5.78,label box,0.4675,0.603,0.0036,0.0119,,
2,layer 2 of cortex,11,0,4.3,1.07,1.07,-5.88,label box,0.528,0.6116,0.0029,0.0085,,
2,layer 2 of cortex,11,1,4.3,-1.05,1.05,-6.45,leader tip,0.3924,0.6787,0.0138,0.0108,0.4181,0.6576
2,layer 2 of cortex,11,2,4.3,-0.77,0.77,-6.12,label box,0.4329,0.6305,0.0033,0.0091,,
2,layer 2 of cortex,11,3,4.3,-1.7,1.7,-6.19,label box,0.3847,0.6361,0.0029,0.0091,,
2,layer 2 of cortex,11,4,4.3,0.57,0.57,-6.31,label box,0.5022,0.6464,0.0033,0.0091,,
2,layer 2 of cortex,11,5,4.3,-0.56,0.56,-6.4,label box,0.4436,0.6532,0.0029,0.0091,,
3,layer 3 of cortex,11,0,4.3,1.75,1.75,-6.8,leader tip,0.5138,0.6435,0.0029,0.0085,0.5636,0.6861
AI,agranular insular cortex,11,0,4.3,-1.89,1.89,-5.11,label box,0.3746,0.5489,0.0065,0.0114,,
AI,agranular insular cortex,11,1,4.3,2.34,2.34,-5.02,label box,0.5941,0.5415,0.0065,0.0114,,
AOD,"anterior olfactory nucleus, dorsal part",11,0,4.3,-1.47,1.47,-5.95,label box,0.3964,0.6168,0.016,0.0119,,
AOD,"anterior olfactory nucleus, dorsal part",11,1,4.3,1.49,1.49,-5.82,label box,0.5498,0.6062,0.016,0.0125,,
AOL,"anterior olfactory nucleus, lateral part",11,0,4.3,1.45,1.45,-6.28,label box,0.5481,0.6438,0.0149,0.0125,,
AOL,"anterior olfactory nucleus, lateral part",11,1,4.3,-1.39,1.39,-6.33,label box,0.4007,0.6478,0.0152,0.0119,,
AOM,"anterior olfactory nucleus, medial part",11,0,4.3,-0.65,0.65,-6.64,label box,0.4391,0.673,0.0171,0.0119,,
AOM,"anterior olfactory nucleus, medial part",11,1,4.3,0.66,0.66,-6.57,label box,0.5067,0.6671,0.0174,0.0119,,
AOV,"anterior olfactory nucleus, ventral part",11,0,4.3,-1.15,1.15,-6.78,label box,0.4131,0.6839,0.016,0.0125,,
AOVP,"anterior olfactory nucleus, ventroposterior part",11,0,4.3,0.93,0.93,-6.89,label box,0.5209,0.6929,0.0207,0.0119,,
AOVP,"anterior olfactory nucleus, ventroposterior part",11,1,4.3,-0.85,0.85,-6.93,label box,0.4287,0.6961,0.0211,0.0119,,
Cg1,"cingulate cortex, area 1",11,0,4.3,0.51,0.51,-3.45,label box,0.4991,0.4148,0.0127,0.0148,,
Cg1,"cingulate cortex, area 1",11,1,4.3,-0.54,0.54,-3.48,label box,0.4447,0.4174,0.0131,0.0148,,
DLO,dorsolateral orbital cortex,11,0,4.3,2.02,2.02,-5.01,label box,0.5772,0.541,0.0145,0.0119,,
DLO,dorsolateral orbital cortex,11,1,4.3,-2.21,2.21,-5.1,label box,0.3582,0.5484,0.0145,0.0119,,
DTT,dorsal tenia tecta,11,0,4.3,-0.46,0.46,-6.26,label box,0.4488,0.642,0.0145,0.0114,,
DTT,dorsal tenia tecta,11,1,4.3,0.46,0.46,-6.17,label box,0.4968,0.6344,0.0149,0.0114,,
Fr3,"frontal cortex, area 3",11,0,4.3,-2.39,2.39,-4.54,label box,0.349,0.5028,0.0105,0.0114,,
Fr3,"frontal cortex, area 3",11,1,4.3,2.43,2.43,-4.43,label box,0.5988,0.4946,0.0109,0.0119,,
Gl,glomerular layer of the olfactory bulb,11,0,4.3,-0.29,0.29,-6.6,leader tip,0.4727,0.6832,0.0065,0.0119,0.4578,0.6693
LO,lateral orbital cortex,11,0,4.3,1.5,1.5,-4.91,label box,0.5503,0.5327,0.0084,0.0119,,
LO,lateral orbital cortex,11,1,4.3,-1.43,1.43,-5.03,label box,0.3984,0.5429,0.0084,0.0119,,
M1,primary motor cortex,11,0,4.3,-2.43,2.43,-3.62,label box,0.347,0.4284,0.0094,0.0114,,
M1,primary motor cortex,11,1,4.3,2.37,2.37,-3.55,label box,0.5956,0.4233,0.0094,0.0114,,
M2,secondary motor cortex,11,0,4.3,1.26,1.26,-3.12,label box,0.5378,0.3884,0.0109,0.0119,,
M2,secondary motor cortex,11,1,4.3,-1.24,1.24,-3.14,label box,0.4084,0.3901,0.0109,0.0119,,
MO,medial orbital cortex,11,0,4.3,-0.43,0.43,-5,label box,0.4506,0.5406,0.0116,0.0119,,
MO,medial orbital cortex,11,1,4.3,0.6,0.6,-4.97,label box,0.504,0.5376,0.012,0.0119,,
Pir,piriform cortex,11,0,4.3,-1.82,1.82,-6.04,label box,0.3785,0.6247,0.0091,0.0119,,
Pir,piriform cortex,11,1,4.3,-0.89,0.89,-5.97,label box,0.4266,0.6188,0.0094,0.0114,,
Pir,piriform cortex,11,2,4.3,0.8,0.8,-5.82,label box,0.5144,0.6065,0.0171,0.0312,,
PrL,prelimbic cortex,11,0,4.3,0.59,0.59,-4.09,label box,0.5033,0.4665,0.0116,0.0114,,
PrL,prelimbic cortex,11,1,4.3,-0.48,0.48,-4.11,label box,0.4476,0.468,0.0116,0.0114,,
VO,ventral orbital cortex,11,0,4.3,0.75,0.75,-5.34,label box,0.5116,0.5679,0.0102,0.0119,,
VO,ventral orbital cortex,11,1,4.3,-0.67,0.67,-5.54,label box,0.4379,0.5838,0.0102,0.0119,,
VTT,ventral tenia tecta,11,0,4.3,0.67,0.67,-7.37,label box,0.5073,0.7316,0.0149,0.0114,,
VTT,ventral tenia tecta,11,1,4.3,-0.67,0.67,-7.42,label box,0.4378,0.7356,0.0145,0.0114,,
aca,"anterior commissure, anterior part",11,0,4.3,-1.15,1.15,-6.2,label box,0.4132,0.6375,0.0124,0.0091,,
aca,"anterior commissure, anterior part",11,1,4.3,1.17,1.17,-6.13,label box,0.5331,0.6312,0.0124,0.0091,,
dlo,dorsal lateral olfactory tract,11,0,4.3,2.28,2.28,-5.96,label box,0.591,0.6177,0.0102,0.0119,,
lo,lateral olfactory tract,11,0,4.3,1.75,1.75,-6.52,label box,0.5632,0.6634,0.0054,0.0114,,
lo,lateral olfactory tract,11,1,4.3,-1.67,1.67,-6.67,label box,0.3862,0.6756,0.0058,0.0119,,
rf,rhinal fissure,11,0,4.3,2.29,2.29,-5.69,label box,0.5916,0.596,0.0051,0.0114,,
rf,rhinal fissure,11,1,4.3,-2.26,2.26,-5.93,label box,0.3557,0.6153,0.0051,0.0114,,
ri,rhinal incisure,11,0,4.3,-0.2,0.2,-5.97,label box,0.4626,0.6188,0.0036,0.0114,,
ri,rhinal incisure,11,1,4.3,0.2,0.2,-5.97,label box,0.4833,0.619,0.0036,0.0085,,
2,layer 2 of cortex,12,0,3.95,-1.68,1.68,-5.88,label box,0.3857,0.6116,0.0062,0.021,,
2,layer 2 of cortex,12,1,3.95,1.57,1.57,-5.86,label box,0.5541,0.6099,0.0029,0.0085,,
2,layer 2 of cortex,12,2,3.95,0.57,0.57,-6.54,label box,0.5025,0.6645,0.0029,0.0085,,
2,layer 2 of cortex,12,3,3.95,-0.58,0.58,-6.56,label box,0.4425,0.6663,0.0029,0.0091,,
3,layer 3 of cortex,12,0,3.95,1.65,1.65,-6.7,leader tip,0.5107,0.6591,0.0033,0.0091,0.558,0.678
AI,agranular insular cortex,12,0,3.95,-1.99,1.99,-5.07,label box,0.3695,0.5457,0.0065,0.0119,,
AI,agranular insular cortex,12,1,3.95,2.33,2.33,-5.09,label box,0.5934,0.5472,0.0065,0.0114,,
AOD,"anterior olfactory nucleus, dorsal part",12,0,3.95,1.48,1.48,-6.04,label box,0.5492,0.6241,0.0156,0.0119,,
AOD,"anterior olfactory nucleus, dorsal part",12,1,3.95,-1.6,1.6,-6.14,label box,0.3899,0.6321,0.016,0.0119,,
AOL,"anterior olfactory nucleus, lateral part",12,0,3.95,1.35,1.35,-6.32,leader tip,0.5868,0.6412,0.0153,0.0119,0.5428,0.6468
AOL,"anterior olfactory nucleus, lateral part",12,1,3.95,-1.43,1.43,-6.41,leader tip,0.3715,0.6799,0.0156,0.0125,0.3984,0.6542
AOM,"anterior olfactory nucleus, medial part",12,0,3.95,-0.79,0.79,-6.77,label box,0.432,0.6832,0.0174,0.0119,,
AOM,"anterior olfactory nucleus, medial part",12,1,3.95,0.67,0.67,-6.66,label box,0.5073,0.6744,0.0174,0.0182,,
AOVP,"anterior olfactory nucleus, ventroposterior part",12,0,3.95,-1.06,1.06,-6.96,label box,0.4177,0.6986,0.0207,0.0119,,
AOVP,"anterior olfactory nucleus, ventroposterior part",12,1,3.95,0.87,0.87,-6.87,label box,0.5178,0.6915,0.0207,0.0119,,
Cg1,"cingulate cortex, area 1",12,0,3.95,-0.6,0.6,-3.55,label box,0.4414,0.4231,0.0131,0.0148,,
Cg1,"cingulate cortex, area 1",12,1,3.95,0.66,0.66,-3.56,label box,0.5067,0.4237,0.0131,0.0148,,
Cl,claustrum,12,0,3.95,1.45,1.45,-4.37,label box,0.548,0.4895,0.0065,0.0119,,
Cl,claustrum,12,1,3.95,-1.53,1.53,-4.55,label box,0.3937,0.5037,0.0062,0.0119,,
DEn,dorsal endopiriform nucleus,12,0,3.95,-1.08,1.08,-6.26,label box,0.4169,0.6421,0.0142,0.0119,,
DLO,dorsolateral orbital cortex,12,0,3.95,-2.31,2.31,-5.06,label box,0.3532,0.5452,0.0145,0.0125,,
DLO,dorsolateral orbital cortex,12,1,3.95,2,2,-5.08,label box,0.5765,0.5467,0.0145,0.0119,,
DP,dorsal peduncular cortex,12,0,3.95,-0.5,0.5,-5.99,label box,0.4468,0.6202,0.0098,0.0119,,
DP,dorsal peduncular cortex,12,1,3.95,0.4,0.4,-5.99,label box,0.4933,0.6205,0.0098,0.0114,,
DTT,dorsal tenia tecta,12,0,3.95,0.48,0.48,-6.39,label box,0.4975,0.6528,0.0145,0.0114,,
DTT,dorsal tenia tecta,12,1,3.95,-0.51,0.51,-6.4,label box,0.4465,0.6532,0.0145,0.0114,,
Dtr,dorsal transition zone,12,0,3.95,-1,1,-6.06,label box,0.4208,0.6259,0.0102,0.0119,,
Dtr,dorsal transition zone,12,1,3.95,0.77,0.77,-6.1,label box,0.5124,0.6293,0.0105,0.0114,,
E,ependyma and subependymal layer,12,0,3.95,0.89,0.89,-6.47,leader tip,0.5641,0.6827,0.0036,0.0114,0.519,0.659
E,ependyma and subependymal layer,12,1,3.95,-1.95,1.95,-7.05,label box,0.3717,0.7063,0.0036,0.0119,,
Fr3,"frontal cortex, area 3",12,0,3.95,2.32,2.32,-4.52,label box,0.5932,0.5014,0.0105,0.0119,,
Fr3,"frontal cortex, area 3",12,1,3.95,-2.41,2.41,-4.52,label box,0.3481,0.5018,0.0109,0.0119,,
LO,lateral orbital cortex,12,0,3.95,1.32,1.32,-5.05,label box,0.5411,0.544,0.0087,0.0119,,
LO,lateral orbital cortex,12,1,3.95,-1.41,1.41,-5.15,label box,0.3995,0.552,0.0084,0.0119,,
M1,primary motor cortex,12,0,3.95,-2.46,2.46,-3.52,label box,0.345,0.4205,0.0098,0.0114,,
M1,primary motor cortex,12,1,3.95,2.47,2.47,-3.54,label box,0.6007,0.4227,0.0094,0.0114,,
M2,secondary motor cortex,12,0,3.95,1.69,1.69,-3.02,label box,0.5603,0.3804,0.0109,0.0119,,
M2,secondary motor cortex,12,1,3.95,-1.43,1.43,-3.19,label box,0.3984,0.3938,0.0113,0.0119,,
MO,medial orbital cortex,12,0,3.95,-0.46,0.46,-5.4,label box,0.4488,0.5724,0.0116,0.0119,,
MO,medial orbital cortex,12,1,3.95,0.42,0.42,-5.42,label box,0.4945,0.5739,0.0116,0.0114,,
OV,olfactory ventricle (olfactory part of lateral ventricle),12,0,3.95,1.97,1.97,-6.77,label box,0.5746,0.683,0.0102,0.0119,,
OV,olfactory ventricle (olfactory part of lateral ventricle),12,1,3.95,-0.98,0.98,-6.48,leader tip,0.3822,0.7063,0.0102,0.0119,0.4217,0.6599
Pir,piriform cortex,12,0,3.95,-1.92,1.92,-5.93,label box,0.373,0.6151,0.0164,0.0324,,
Pir,piriform cortex,12,1,3.95,1.78,1.78,-5.92,label box,0.565,0.6148,0.0094,0.0114,,
PrL,prelimbic cortex,12,0,3.95,0.59,0.59,-4.33,label box,0.5033,0.4858,0.0116,0.0114,,
PrL,prelimbic cortex,12,1,3.95,-0.54,0.54,-4.3,label box,0.4448,0.4839,0.012,0.0114,,
VO,ventral orbital cortex,12,0,3.95,-0.98,0.98,-5.56,label box,0.4219,0.5855,0.0102,0.0119,,
VO,ventral orbital cortex,12,1,3.95,0.79,0.79,-5.55,label box,0.5138,0.5849,0.0102,0.0119,,
VTT,ventral tenia tecta,12,0,3.95,0.66,0.66,-7.14,label box,0.5071,0.7131,0.0145,0.0119,,
VTT,ventral tenia tecta,12,1,3.95,-0.8,0.8,-7.16,label box,0.4312,0.7151,0.0145,0.0114,,
aca,"anterior commissure, anterior part",12,0,3.95,-1.2,1.2,-6.45,label box,0.4103,0.6572,0.0127,0.0091,,
dlo,dorsal lateral olfactory tract,12,0,3.95,2,2,-5.81,leader tip,0.5885,0.6233,0.0105,0.0114,0.5766,0.6061
dlo,dorsal lateral olfactory tract,12,1,3.95,-2.27,2.27,-6.11,label box,0.3552,0.6298,0.0105,0.0119,,
lo,lateral olfactory tract,12,0,3.95,-2,2,-6.49,label box,0.3691,0.6609,0.0058,0.0119,,
rf,rhinal fissure,12,0,3.95,2.12,2.12,-5.8,label box,0.5828,0.6051,0.0094,0.0114,,
rf,rhinal fissure,12,1,3.95,-2.23,2.23,-5.9,label box,0.357,0.6126,0.0054,0.0119,,
ri,rhinal incisure,12,0,3.95,0.1,0.1,-6.2,label box,0.478,0.6369,0.004,0.0114,,
ri,rhinal incisure,12,1,3.95,-0.18,0.18,-6.19,label box,0.4632,0.6367,0.0036,0.0114,,
2,layer 2 of cortex,13,0,3.6,-0.55,0.55,-6.59,label box,0.4441,0.6691,0.0033,0.0091,,
2,layer 2 of cortex,13,1,3.6,0.65,0.65,-7.07,label box,0.5066,0.7077,0.0033,0.0091,,
2,layer 2 of cortex,13,2,3.6,-0.74,0.74,-7.1,label box,0.4345,0.71,0.0029,0.0091,,
3,layer 3 of cortex,13,0,3.6,0.76,0.76,-6.47,label box,0.512,0.6594,0.0033,0.0091,,
AI,agranular insular cortex,13,0,3.6,-2.1,2.1,-5.59,label box,0.3641,0.5881,0.0065,0.0114,,
AI,agranular insular cortex,13,1,3.6,2.01,2.01,-5.39,label box,0.577,0.5714,0.0069,0.0114,,
AOM,"anterior olfactory nucleus, medial part",13,0,3.6,0.71,0.71,-6.65,label box,0.5096,0.6739,0.0174,0.0119,,
AOVP,"anterior olfactory nucleus, ventroposterior part",13,0,3.6,-1.16,1.16,-6.98,label box,0.4127,0.7001,0.0211,0.0119,,
Cg1,"cingulate cortex, area 1",13,0,3.6,-0.64,0.64,-3.51,label box,0.4395,0.4199,0.0127,0.0148,,
Cg1,"cingulate cortex, area 1",13,1,3.6,0.6,0.6,-3.51,label box,0.5038,0.4202,0.0127,0.0142,,
Cl,claustrum,13,0,3.6,1.63,1.63,-4.53,label box,0.557,0.5026,0.0065,0.0119,,
Cl,claustrum,13,1,3.6,-1.59,1.59,-4.79,label box,0.3903,0.523,0.0065,0.0119,,
DEn,dorsal endopiriform nucleus,13,0,3.6,-1.07,1.07,-6.36,label box,0.4172,0.65,0.0138,0.0114,,
DEn,dorsal endopiriform nucleus,13,1,3.6,1.11,1.11,-6.25,label box,0.5305,0.6415,0.0138,0.0114,,
DI,dysgranular insular cortex,13,0,3.6,2.16,2.16,-5.07,label box,0.5847,0.546,0.0065,0.0114,,
DI,dysgranular insular cortex,13,1,3.6,-2.28,2.28,-5.28,label box,0.3547,0.5625,0.0065,0.0114,,
DP,dorsal peduncular cortex,13,0,3.6,0.53,0.53,-6.04,label box,0.5002,0.6244,0.0098,0.0114,,
DP,dorsal peduncular cortex,13,1,3.6,-0.57,0.57,-6.04,label box,0.4434,0.6245,0.0098,0.0119,,
DTT,dorsal tenia tecta,13,0,3.6,0.35,0.35,-6.76,label box,0.4911,0.6824,0.0145,0.0119,,
Dtr,dorsal transition zone,13,0,3.6,-1.1,1.1,-6.16,label box,0.4157,0.6341,0.0102,0.0114,,
Dtr,dorsal transition zone,13,1,3.6,0.86,0.86,-6.13,label box,0.5173,0.6312,0.0105,0.0114,,
E,ependyma and subependymal layer,13,0,3.6,1.6,1.6,-7.1,label box,0.5558,0.71,0.0036,0.0114,,
E,ependyma and subependymal layer,13,1,3.6,-1.97,1.97,-7.17,label box,0.3708,0.716,0.004,0.0119,,
Fr3,"frontal cortex, area 3",13,0,3.6,-2.8,2.8,-3.66,label box,0.3276,0.4321,0.0105,0.0119,,
Fr3,"frontal cortex, area 3",13,1,3.6,2.91,2.91,-3.74,label box,0.6234,0.4386,0.0105,0.0114,,
GI,granular insular cortex,13,0,3.6,2.37,2.37,-4.8,label box,0.5954,0.5241,0.0069,0.0119,,
GI,granular insular cortex,13,1,3.6,-2.45,2.45,-5.08,label box,0.3456,0.5469,0.0065,0.0119,,
IEn,intermediate endopiriform nucleus,13,0,3.6,1.3,1.3,-6.45,leader tip,0.5752,0.6771,0.0105,0.0114,0.5399,0.6571
IEn,intermediate endopiriform nucleus,13,1,3.6,-1.39,1.39,-6.63,leader tip,0.3675,0.6913,0.0105,0.0114,0.4005,0.6721
LO,lateral orbital cortex,13,0,3.6,1.61,1.61,-5.33,label box,0.556,0.5673,0.0087,0.0119,,
LO,lateral orbital cortex,13,1,3.6,-1.7,1.7,-5.57,label box,0.3844,0.5866,0.0087,0.0119,,
M1,primary motor cortex,13,0,3.6,-2.33,2.33,-3.12,label box,0.3519,0.3881,0.0098,0.0114,,
M1,primary motor cortex,13,1,3.6,2.54,2.54,-3.15,label box,0.6043,0.3909,0.0094,0.0114,,
M2,secondary motor cortex,13,0,3.6,-1.46,1.46,-2.88,label box,0.3972,0.369,0.0109,0.0119,,
M2,secondary motor cortex,13,1,3.6,1.69,1.69,-2.85,label box,0.5603,0.3662,0.0109,0.0119,,
MO,medial orbital cortex,13,0,3.6,-0.55,0.55,-5.48,label box,0.4442,0.5787,0.012,0.0119,,
MO,medial orbital cortex,13,1,3.6,0.55,0.55,-5.46,label box,0.5011,0.5776,0.0116,0.0119,,
OV,olfactory ventricle (olfactory part of lateral ventricle),13,0,3.6,1.81,1.81,-7.1,label box,0.5667,0.71,0.0102,0.0125,,
OV,olfactory ventricle (olfactory part of lateral ventricle),13,1,3.6,-1.76,1.76,-7.17,label box,0.3815,0.716,0.0102,0.0119,,
Pir,piriform cortex,13,0,3.6,1.8,1.8,-6.09,label box,0.5658,0.6281,0.0094,0.0119,,
Pir,piriform cortex,13,1,3.6,-1.85,1.85,-6.3,label box,0.3768,0.6457,0.0094,0.0108,,
PrL,prelimbic cortex,13,0,3.6,-0.63,0.63,-4.4,label box,0.44,0.492,0.0116,0.0114,,
PrL,prelimbic cortex,13,1,3.6,0.69,0.69,-4.4,label box,0.5087,0.4915,0.0116,0.0114,,
S1J,"primary somatosensory cortex, jaw region",13,0,3.6,2.72,2.72,-4.31,label box,0.6137,0.4844,0.0131,0.0119,,
S1J,"primary somatosensory cortex, jaw region",13,1,3.6,-2.68,2.68,-4.4,label box,0.3336,0.492,0.0131,0.0125,,
VO,ventral orbital cortex,13,0,3.6,1.18,1.18,-5.4,label box,0.5338,0.5724,0.0102,0.0119,,
VO,ventral orbital cortex,13,1,3.6,-1.19,1.19,-5.5,label box,0.4112,0.581,0.0098,0.0119,,
VTT,ventral tenia tecta,13,0,3.6,0.73,0.73,-7.23,label box,0.5106,0.7208,0.0149,0.0114,,
fmi,forceps minor of the corpus callosum,13,0,3.6,1.65,1.65,-4.2,label box,0.5581,0.4756,0.0109,0.0114,,
fmi,forceps minor of the corpus callosum,13,1,3.6,-1.63,1.63,-4.35,label box,0.3884,0.4881,0.0109,0.0114,,
lo,lateral olfactory tract,13,0,3.6,-2.07,2.07,-6.68,label box,0.3654,0.6761,0.0105,0.0114,,
rf,rhinal fissure,13,0,3.6,-2.21,2.21,-6.22,label box,0.3583,0.6389,0.0051,0.0119,,
rf,rhinal fissure,13,1,3.6,2.22,2.22,-5.92,label box,0.5879,0.6146,0.0054,0.0114,,
2,layer 2 of cortex,14,0,3.25,-0.55,0.55,-6.66,label box,0.4444,0.6744,0.0029,0.0091,,
2,layer 2 of cortex,14,1,3.25,-0.73,0.73,-7.14,label box,0.435,0.7131,0.0029,0.0091,,
2,layer 2 of cortex,14,2,3.25,1.79,1.79,-6.36,label box,0.5656,0.6503,0.0029,0.0091,,
2,layer 2 of cortex,14,3,3.25,0.78,0.78,-7.15,label box,0.5133,0.714,0.0029,0.0091,,
3,layer 3 of cortex,14,0,3.25,1.67,1.67,-6.24,label box,0.5594,0.6403,0.0033,0.0091,,
3,layer 3 of cortex,14,1,3.25,-1.71,1.71,-6.3,label box,0.3841,0.6455,0.0029,0.0091,,
3,layer 3 of cortex,14,2,3.25,-0.8,0.8,-6.99,label box,0.4313,0.7011,0.0029,0.0091,,
4,layer 4 of cortex,14,0,3.25,-0.94,0.94,-6.47,label box,0.4238,0.6592,0.0033,0.0085,,
AI,agranular insular cortex,14,0,3.25,-2.26,2.26,-5.35,label box,0.3554,0.5687,0.0065,0.0114,,
AI,agranular insular cortex,14,1,3.25,2.14,2.14,-5.34,label box,0.5836,0.5676,0.0065,0.0114,,
AI,agranular insular cortex,14,2,3.25,-1.11,1.11,-6.77,label box,0.4152,0.6835,0.0047,0.0114,,
AOP,"anterior olfactory nucleus, posterior part",14,0,3.25,1.07,1.07,-7,label box,0.5283,0.7015,0.0156,0.0125,,
AOP,"anterior olfactory nucleus, posterior part",14,1,3.25,-1.32,1.32,-7.01,label box,0.4042,0.7026,0.0156,0.0125,,
AOVP,"anterior olfactory nucleus, ventroposterior part",14,0,3.25,0.75,0.75,-6.75,label box,0.5118,0.6816,0.0211,0.0125,,
AOVP,"anterior olfactory nucleus, ventroposterior part",14,1,3.25,-0.96,0.96,-6.77,label box,0.4229,0.683,0.0211,0.0119,,
Cg1,"cingulate cortex, area 1",14,0,3.25,0.64,0.64,-3.34,label box,0.5057,0.406,0.0131,0.0148,,
Cg1,"cingulate cortex, area 1",14,1,3.25,-0.6,0.6,-3.37,label box,0.4418,0.4089,0.0131,0.0148,,
Cl,claustrum,14,0,3.25,1.67,1.67,-4.75,label box,0.5594,0.5202,0.0062,0.0119,,
Cl,claustrum,14,1,3.25,-1.57,1.57,-4.79,label box,0.3914,0.523,0.0065,0.0119,,
DEn,dorsal endopiriform nucleus,14,0,3.25,-1.33,1.33,-6.23,label box,0.4037,0.6398,0.0138,0.0114,,
DEn,dorsal endopiriform nucleus,14,1,3.25,1.23,1.23,-6.25,label box,0.5367,0.6409,0.0138,0.0114,,
DI,dysgranular insular cortex,14,0,3.25,-2.43,2.43,-5.02,label box,0.3467,0.5415,0.0065,0.0114,,
DI,dysgranular insular cortex,14,1,3.25,2.35,2.35,-5.02,label box,0.5945,0.5415,0.0065,0.0114,,
DP,dorsal peduncular cortex,14,0,3.25,0.45,0.45,-6.18,label box,0.4962,0.6358,0.0098,0.0114,,
DP,dorsal peduncular cortex,14,1,3.25,-0.59,0.59,-6.19,label box,0.4419,0.6367,0.0098,0.0114,,
DTT,dorsal tenia tecta,14,0,3.25,0.27,0.27,-6.88,label box,0.4867,0.692,0.0142,0.0114,,
DTT,dorsal tenia tecta,14,1,3.25,-0.45,0.45,-6.87,label box,0.4492,0.691,0.0149,0.0119,,
Dtr,dorsal transition zone,14,0,3.25,-1.01,1.01,-6.17,label box,0.4202,0.6349,0.0105,0.0119,,
Dtr,dorsal transition zone,14,1,3.25,0.91,0.91,-6.14,label box,0.52,0.6327,0.0102,0.0119,,
E,ependyma and subependymal layer,14,0,3.25,1.41,1.41,-6.59,leader tip,0.5766,0.685,0.004,0.0114,0.5456,0.6687
E,ependyma and subependymal layer,14,1,3.25,-2.38,2.38,-6.83,label box,0.3495,0.6881,0.0036,0.0119,,
Fr3,"frontal cortex, area 3",14,0,3.25,-2.73,2.73,-3.02,label box,0.3312,0.3804,0.0105,0.0119,,
Fr3,"frontal cortex, area 3",14,1,3.25,2.84,2.84,-2.99,label box,0.6197,0.3776,0.0105,0.0119,,
GI,granular insular cortex,14,0,3.25,-2.61,2.61,-4.73,label box,0.3374,0.5188,0.0069,0.0114,,
GI,granular insular cortex,14,1,3.25,2.57,2.57,-4.76,label box,0.6057,0.5207,0.0065,0.0119,,
IEn,intermediate endopiriform nucleus,14,0,3.25,-1.49,1.49,-6.42,label box,0.3953,0.6554,0.0102,0.0119,,
IEn,intermediate endopiriform nucleus,14,1,3.25,1.38,1.38,-6.42,label box,0.5441,0.6546,0.0102,0.0119,,
IL,infralimbic cortex,14,0,3.25,-0.63,0.63,-5.39,label box,0.4399,0.5719,0.0058,0.0114,,
IL,infralimbic cortex,14,1,3.25,0.49,0.49,-5.39,label box,0.498,0.5714,0.0058,0.0114,,
LO,lateral orbital cortex,14,0,3.25,-1.83,1.83,-5.47,label box,0.3779,0.5781,0.0087,0.0119,,
LO,lateral orbital cortex,14,1,3.25,1.82,1.82,-5.47,label box,0.567,0.5781,0.0084,0.0119,,
M1,primary motor cortex,14,0,3.25,2.33,2.33,-2.76,label box,0.5934,0.3591,0.0094,0.0114,,
M1,primary motor cortex,14,1,3.25,-2.1,2.1,-2.82,label box,0.3641,0.3642,0.0094,0.0114,,
M2,secondary motor cortex,14,0,3.25,-1.32,1.32,-2.84,label box,0.4041,0.3656,0.0109,0.0119,,
M2,secondary motor cortex,14,1,3.25,1.49,1.49,-2.77,label box,0.5498,0.3599,0.0109,0.0119,,
MO,medial orbital cortex,14,0,3.25,-0.57,0.57,-5.62,label box,0.4431,0.5906,0.012,0.0119,,
MO,medial orbital cortex,14,1,3.25,0.56,0.56,-5.62,label box,0.5015,0.5906,0.0116,0.0119,,
OV,olfactory ventricle (olfactory part of lateral ventricle),14,0,3.25,2.21,2.21,-6.79,label box,0.5873,0.6847,0.0102,0.0119,,
OV,olfactory ventricle (olfactory part of lateral ventricle),14,1,3.25,-1.4,1.4,-6.58,leader tip,0.3602,0.6881,0.0105,0.0119,0.4002,0.668
Pir,piriform cortex,14,0,3.25,1.89,1.89,-6.21,label box,0.5705,0.6381,0.0094,0.0114,,
PrL,prelimbic cortex,14,0,3.25,-0.62,0.62,-4.33,label box,0.4404,0.4858,0.0116,0.0114,,
PrL,prelimbic cortex,14,1,3.25,0.65,0.65,-4.33,label box,0.5064,0.4864,0.0116,0.0119,,
S1J,"primary somatosensory cortex, jaw region",14,0,3.25,-2.99,2.99,-3.85,label box,0.3176,0.4472,0.0131,0.0125,,
S1J,"primary somatosensory cortex, jaw region",14,1,3.25,3.1,3.1,-3.8,label box,0.6336,0.4435,0.0134,0.0125,,
VO,ventral orbital cortex,14,0,3.25,-1.29,1.29,-5.57,label box,0.4059,0.5866,0.0102,0.0119,,
VO,ventral orbital cortex,14,1,3.25,1.2,1.2,-5.58,label box,0.5349,0.5872,0.0102,0.0119,,
VTT,ventral tenia tecta,14,0,3.25,-0.87,0.87,-7.35,label box,0.4278,0.7305,0.0149,0.0114,,
VTT,ventral tenia tecta,14,1,3.25,0.66,0.66,-7.32,label box,0.5069,0.7276,0.0149,0.0114,,
aca,"anterior commissure, anterior part",14,0,3.25,1.06,1.06,-6.6,label box,0.5276,0.6697,0.0127,0.0091,,
aca,"anterior commissure, anterior part",14,1,3.25,-1.25,1.25,-6.63,label box,0.4078,0.6719,0.0127,0.0091,,
fmi,forceps minor of the corpus callosum,14,0,3.25,-1.61,1.61,-4.35,label box,0.3894,0.4881,0.0113,0.0114,,
fmi,forceps minor of the corpus callosum,14,1,3.25,1.54,1.54,-4.34,label box,0.5525,0.4869,0.0113,0.0114,,
lo,lateral olfactory tract,14,0,3.25,-1.91,1.91,-6.98,label box,0.3737,0.7003,0.0149,0.0119,,
rf,rhinal fissure,14,0,3.25,2.29,2.29,-6,label box,0.5912,0.6213,0.0058,0.0108,,
rf,rhinal fissure,14,1,3.25,-2.46,2.46,-5.98,label box,0.3452,0.6194,0.0058,0.0108,,
2,layer 2 of cortex,15,0,2.9,1.82,1.82,-6.38,label box,0.5669,0.652,0.0029,0.0085,,
2,layer 2 of cortex,15,1,2.9,-0.73,0.73,-7.25,label box,0.4351,0.7224,0.0062,0.0222,,
3,layer 3 of cortex,15,0,2.9,-0.81,0.81,-7.02,label box,0.431,0.7037,0.0029,0.0085,,
3,layer 3 of cortex,15,1,2.9,0.71,0.71,-6.99,label box,0.5096,0.7014,0.0033,0.0085,,
3,layer 3 of cortex,15,2,2.9,-1.81,1.81,-6.34,label box,0.3788,0.6486,0.0033,0.0091,,
3,layer 3 of cortex,15,3,2.9,0.44,0.44,-6.56,label box,0.4955,0.6663,0.0029,0.0091,,
4,layer 4 of cortex,15,0,2.9,0.62,0.62,-6.43,label box,0.5051,0.656,0.0029,0.0085,,
AI,agranular insular cortex,15,0,2.9,2.29,2.29,-5.33,label box,0.5916,0.567,0.0065,0.0114,,
AI,agranular insular cortex,15,1,2.9,-2.5,2.5,-5.44,label box,0.343,0.5762,0.0065,0.0119,,
AOP,"anterior olfactory nucleus, posterior part",15,0,2.9,1.13,1.13,-6.98,label box,0.5311,0.7006,0.016,0.0119,,
AOP,"anterior olfactory nucleus, posterior part",15,1,2.9,-1.27,1.27,-7.03,label box,0.4069,0.7043,0.016,0.0125,,
AOVP,"anterior olfactory nucleus, ventroposterior part",15,0,2.9,-0.88,0.88,-6.74,label box,0.427,0.6807,0.0207,0.0119,,
AOVP,"anterior olfactory nucleus, ventroposterior part",15,1,2.9,0.78,0.78,-6.74,label box,0.5133,0.6807,0.0211,0.0119,,
Cg1,"cingulate cortex, area 1",15,0,2.9,-0.6,0.6,-3.26,label box,0.4417,0.4,0.0127,0.0148,,
Cg1,"cingulate cortex, area 1",15,1,2.9,0.75,0.75,-3.26,label box,0.5118,0.3998,0.0131,0.0148,,
Cl,claustrum,15,0,2.9,1.57,1.57,-4.9,label box,0.5541,0.5318,0.0065,0.0125,,
Cl,claustrum,15,1,2.9,-1.65,1.65,-4.98,label box,0.3872,0.5389,0.0062,0.0119,,
DEn,dorsal endopiriform nucleus,15,0,2.9,-1.3,1.3,-6.17,label box,0.4055,0.6349,0.0138,0.0119,,
DEn,dorsal endopiriform nucleus,15,1,2.9,1.25,1.25,-6.15,label box,0.5376,0.6335,0.0142,0.0114,,
DI,dysgranular insular cortex,15,0,2.9,2.51,2.51,-5.04,label box,0.6028,0.5432,0.0065,0.0114,,
DI,dysgranular insular cortex,15,1,2.9,-2.77,2.77,-5.15,label box,0.3292,0.5521,0.0065,0.0114,,
DP,dorsal peduncular cortex,15,0,2.9,-0.47,0.47,-6.17,label box,0.4486,0.6352,0.0098,0.0114,,
DP,dorsal peduncular cortex,15,1,2.9,0.44,0.44,-6.2,label box,0.4953,0.6376,0.0098,0.0119,,
Dtr,dorsal transition zone,15,0,2.9,0.93,0.93,-6.13,label box,0.5209,0.6312,0.0105,0.0114,,
Dtr,dorsal transition zone,15,1,2.9,-0.79,0.79,-6.21,label box,0.4318,0.6381,0.0105,0.0119,,
E,ependyma and subependymal layer,15,0,2.9,1.35,1.35,-6.49,leader tip,0.5852,0.683,0.0036,0.0119,0.5425,0.6606
E,ependyma and subependymal layer,15,1,2.9,-2.53,2.53,-6.81,label box,0.3417,0.6864,0.004,0.0119,,
Fr3,"frontal cortex, area 3",15,0,2.9,2.84,2.84,-2.88,label box,0.6199,0.3688,0.0109,0.0114,,
Fr3,"frontal cortex, area 3",15,1,2.9,-2.66,2.66,-2.91,label box,0.335,0.3714,0.0109,0.0114,,
GI,granular insular cortex,15,0,2.9,-2.91,2.91,-4.91,label box,0.3218,0.5332,0.0069,0.0119,,
GI,granular insular cortex,15,1,2.9,2.7,2.7,-4.84,label box,0.6128,0.527,0.0069,0.0119,,
IEn,intermediate endopiriform nucleus,15,0,2.9,1.42,1.42,-6.39,label box,0.5461,0.6523,0.0105,0.0119,,
IL,infralimbic cortex,15,0,2.9,-0.55,0.55,-5.45,label box,0.444,0.5767,0.0058,0.0114,,
IL,infralimbic cortex,15,1,2.9,0.63,0.63,-5.46,label box,0.5055,0.5778,0.0058,0.0114,,
LO,lateral orbital cortex,15,0,2.9,-2.11,2.11,-5.62,label box,0.3636,0.5906,0.0084,0.0119,,
LO,lateral orbital cortex,15,1,2.9,1.96,1.96,-5.53,label box,0.5743,0.5827,0.0084,0.0119,,
M1,primary motor cortex,15,0,2.9,2.12,2.12,-2.62,label box,0.5827,0.3483,0.0098,0.0114,,
M1,primary motor cortex,15,1,2.9,-1.9,1.9,-2.72,label box,0.3744,0.356,0.0098,0.0114,,
M2,secondary motor cortex,15,0,2.9,-0.83,0.83,-2.56,label box,0.4295,0.3432,0.0109,0.0114,,
M2,secondary motor cortex,15,1,2.9,1.33,1.33,-2.55,label box,0.5418,0.3426,0.0109,0.0114,,
OV,olfactory ventricle (olfactory part of lateral ventricle),15,0,2.9,-1.38,1.38,-6.46,leader tip,0.3524,0.6864,0.0102,0.0119,0.4013,0.6586
OV,olfactory ventricle (olfactory part of lateral ventricle),15,1,2.9,2.37,2.37,-6.77,label box,0.5957,0.683,0.0102,0.0119,,
Pir,piriform cortex,15,0,2.9,1.99,1.99,-6.19,label box,0.5759,0.6364,0.0094,0.0114,,
Pir,piriform cortex,15,1,2.9,-2.09,2.09,-6.25,label box,0.3643,0.6415,0.0091,0.0114,,
PrL,prelimbic cortex,15,0,2.9,-0.61,0.61,-4.29,label box,0.4411,0.483,0.0116,0.0114,,
PrL,prelimbic cortex,15,1,2.9,0.72,0.72,-4.29,label box,0.5102,0.483,0.0116,0.0114,,
S1FL,"primary somatosensory cortex, forelimb region",15,0,2.9,3.23,3.23,-3.58,label box,0.6403,0.4256,0.0182,0.0125,,
S1FL,"primary somatosensory cortex, forelimb region",15,1,2.9,-3.33,3.33,-3.55,label box,0.3001,0.4234,0.0182,0.0119,,
S1J,"primary somatosensory cortex, jaw region",15,0,2.9,2.93,2.93,-4.36,label box,0.6246,0.4884,0.0131,0.0119,,
S1J,"primary somatosensory cortex, jaw region",15,1,2.9,-3.23,3.23,-4.38,label box,0.3052,0.4898,0.0131,0.0119,,
VO,ventral orbital cortex,15,0,2.9,1.29,1.29,-5.63,label box,0.5396,0.5912,0.0102,0.0119,,
VO,ventral orbital cortex,15,1,2.9,-1.37,1.37,-5.64,label box,0.4015,0.5921,0.0102,0.0119,,
VTT,ventral tenia tecta,15,0,2.9,-0.48,0.48,-7.24,label box,0.4477,0.7211,0.0149,0.0119,,
VTT,ventral tenia tecta,15,1,2.9,0.46,0.46,-7.26,label box,0.4966,0.7225,0.0145,0.0114,,
aca,"anterior commissure, anterior part",15,0,2.9,-1.22,1.22,-6.57,label box,0.4094,0.6668,0.0123,0.0091,,
aca,"anterior commissure, anterior part",15,1,2.9,1.17,1.17,-6.59,label box,0.5331,0.6691,0.0127,0.0091,,
fmi,forceps minor of the corpus callosum,15,0,2.9,1.53,1.53,-4.38,label box,0.552,0.4898,0.0109,0.0114,,
fmi,forceps minor of the corpus callosum,15,1,2.9,-1.43,1.43,-4.45,label box,0.3984,0.496,0.0113,0.0114,,
lo,lateral olfactory tract,15,0,2.9,1.86,1.86,-6.79,label box,0.569,0.6847,0.0054,0.0119,,
lo,lateral olfactory tract,15,1,2.9,-1.91,1.91,-6.82,label box,0.3739,0.687,0.0058,0.0119,,
rf,rhinal fissure,15,0,2.9,-2.56,2.56,-6.17,label box,0.3401,0.6344,0.0058,0.0108,,
rf,rhinal fissure,15,1,2.9,2.42,2.42,-6.02,label box,0.5979,0.6228,0.0058,0.0108,,
1,layer 1 of cortex,16,0,2.55,1.96,1.96,-5.66,label box,0.5741,0.5932,0.0036,0.0114,,
2,layer 2 of cortex,16,0,2.55,1.99,1.99,-6.45,label box,0.5757,0.6577,0.0029,0.0091,,
2,layer 2 of cortex,16,1,2.55,0.16,0.16,-6.49,label box,0.4811,0.6606,0.0033,0.0091,,
2,layer 2 of cortex,16,2,2.55,-0.27,0.27,-6.5,label box,0.4585,0.6611,0.0029,0.0091,,
3,layer 3 of cortex,16,0,2.55,-2.04,2.04,-6.4,label box,0.367,0.6531,0.0029,0.0085,,
3,layer 3 of cortex,16,1,2.55,-0.44,0.44,-6.46,label box,0.4497,0.6583,0.0029,0.0091,,
AI,agranular insular cortex,16,0,2.55,2.44,2.44,-5.49,label box,0.5992,0.5799,0.0069,0.0114,,
AI,agranular insular cortex,16,1,2.55,-2.73,2.73,-5.63,label box,0.3312,0.5913,0.0069,0.0114,,
AOP,"anterior olfactory nucleus, posterior part",16,0,2.55,-0.77,0.77,-7.09,label box,0.433,0.7092,0.016,0.0119,,
AOP,"anterior olfactory nucleus, posterior part",16,1,2.55,0.66,0.66,-7.13,label box,0.5069,0.712,0.0156,0.0119,,
AcbC,"accumbens nucleus, core",16,0,2.55,1.05,1.05,-5.87,label box,0.5273,0.6105,0.0189,0.0119,,
AcbC,"accumbens nucleus, core",16,1,2.55,-1.21,1.21,-5.98,label box,0.41,0.6197,0.0192,0.0125,,
AcbSh,"accumbens nucleus, shell",16,0,2.55,-0.99,0.99,-6.53,label box,0.4215,0.6639,0.0233,0.0119,,
AcbSh,"accumbens nucleus, shell",16,1,2.55,0.84,0.84,-6.52,label box,0.5165,0.6628,0.0236,0.0119,,
Cg1,"cingulate cortex, area 1",16,0,2.55,0.63,0.63,-2.89,label box,0.5053,0.3696,0.0127,0.0142,,
Cg1,"cingulate cortex, area 1",16,1,2.55,-0.56,0.56,-2.87,label box,0.4439,0.368,0.0131,0.0148,,
DCl,dorsal part of claustrum,16,0,2.55,1.81,1.81,-4.87,label box,0.5665,0.5296,0.012,0.0119,,
DCl,dorsal part of claustrum,16,1,2.55,-1.95,1.95,-4.99,label box,0.3717,0.5398,0.0123,0.0119,,
DEn,dorsal endopiriform nucleus,16,0,2.55,-1.62,1.62,-6.26,label box,0.3888,0.642,0.0138,0.0114,,
DEn,dorsal endopiriform nucleus,16,1,2.55,1.44,1.44,-6.25,label box,0.5476,0.6409,0.0138,0.0114,,
DI,dysgranular insular cortex,16,0,2.55,2.65,2.65,-5.13,label box,0.6102,0.5506,0.0065,0.0119,,
DI,dysgranular insular cortex,16,1,2.55,-2.94,2.94,-5.32,label box,0.3205,0.5663,0.0065,0.0114,,
DP,dorsal peduncular cortex,16,0,2.55,-0.52,0.52,-6.05,label box,0.446,0.625,0.0098,0.0114,,
DP,dorsal peduncular cortex,16,1,2.55,0.37,0.37,-6.05,label box,0.4919,0.6251,0.0102,0.0119,,
DTT,dorsal tenia tecta,16,0,2.55,0.17,0.17,-6.63,label box,0.4815,0.6722,0.0149,0.0119,,
DTT,dorsal tenia tecta,16,1,2.55,-0.3,0.3,-6.64,label box,0.457,0.6731,0.0145,0.0114,,
E,ependyma and subependymal layer,16,0,2.55,0.71,0.71,-6.01,label box,0.5093,0.6222,0.0036,0.0119,,
E,ependyma and subependymal layer,16,1,2.55,-1.03,1.03,-6.14,label box,0.4196,0.6325,0.0036,0.0119,,
Fr3,"frontal cortex, area 3",16,0,2.55,-2.65,2.65,-2.74,label box,0.3354,0.3577,0.0109,0.0119,,
Fr3,"frontal cortex, area 3",16,1,2.55,2.64,2.64,-2.66,label box,0.6094,0.3514,0.0109,0.0119,,
GI,granular insular cortex,16,0,2.55,-3.08,3.08,-5.07,label box,0.313,0.5457,0.0069,0.0119,,
GI,granular insular cortex,16,1,2.55,2.79,2.79,-4.9,label box,0.6173,0.5325,0.0069,0.0119,,
IEn,intermediate endopiriform nucleus,16,0,2.55,-1.72,1.72,-6.56,label box,0.3837,0.6665,0.0102,0.0114,,
IEn,intermediate endopiriform nucleus,16,1,2.55,1.5,1.5,-6.55,label box,0.5505,0.6657,0.0105,0.0114,,
IL,infralimbic cortex,16,0,2.55,-0.59,0.59,-5.3,label box,0.4422,0.5642,0.0058,0.0114,,
IL,infralimbic cortex,16,1,2.55,0.47,0.47,-5.29,label box,0.4973,0.5636,0.0062,0.0114,,
LO,lateral orbital cortex,16,0,2.55,-2.08,2.08,-5.7,label box,0.3652,0.5966,0.0087,0.0125,,
LO,lateral orbital cortex,16,1,2.55,1.99,1.99,-5.65,label box,0.5761,0.5924,0.0087,0.0125,,
M1,primary motor cortex,16,0,2.55,2.14,2.14,-2.53,label box,0.5838,0.3409,0.0098,0.0114,,
M1,primary motor cortex,16,1,2.55,-2.1,2.1,-2.62,label box,0.3639,0.348,0.0098,0.0119,,
M2,secondary motor cortex,16,0,2.55,-1.27,1.27,-2.53,label box,0.4068,0.3403,0.0105,0.0114,,
M2,secondary motor cortex,16,1,2.55,1.33,1.33,-2.45,label box,0.5418,0.3344,0.0109,0.0119,,
OV,olfactory ventricle (olfactory part of lateral ventricle),16,0,2.55,-0.81,0.81,-6.14,label box,0.4305,0.6322,0.0102,0.0125,,
Pir,piriform cortex,16,0,2.55,2.09,2.09,-6.32,label box,0.581,0.6466,0.0094,0.0114,,
Pir,piriform cortex,16,1,2.55,-2.27,2.27,-6.35,label box,0.355,0.6495,0.0094,0.0119,,
PrL,prelimbic cortex,16,0,2.55,-0.71,0.71,-4.25,label box,0.4359,0.4799,0.0116,0.0114,,
PrL,prelimbic cortex,16,1,2.55,0.61,0.61,-4.25,label box,0.5042,0.4799,0.0116,0.0114,,
S1DZ,"primary somatosensory cortex, dysgranular zone",16,0,2.55,-3.73,3.73,-4.02,label box,0.2793,0.4614,0.0193,0.0125,,
S1DZ,"primary somatosensory cortex, dysgranular zone",16,1,2.55,3.46,3.46,-4.14,label box,0.6518,0.4711,0.0192,0.0119,,
S1FL,"primary somatosensory cortex, forelimb region",16,0,2.55,3.42,3.42,-3.41,label box,0.6501,0.4116,0.0182,0.0119,,
S1FL,"primary somatosensory cortex, forelimb region",16,1,2.55,-3.56,3.56,-3.45,label box,0.2885,0.4154,0.0182,0.0119,,
S1J,"primary somatosensory cortex, jaw region",16,0,2.55,-3.3,3.3,-4.53,label box,0.3016,0.5021,0.0131,0.0125,,
Tu,olfactory tubercle,16,0,2.55,1.14,1.14,-7.08,leader tip,0.53,0.7262,0.008,0.0119,0.5318,0.7083
VCl,ventral part of claustrum,16,0,2.55,-1.56,1.56,-5.41,label box,0.3917,0.573,0.0116,0.0119,,
VCl,ventral part of claustrum,16,1,2.55,1.32,1.32,-5.35,label box,0.5411,0.5682,0.012,0.0119,,
VO,ventral orbital cortex,16,0,2.55,-1.76,1.76,-5.95,label box,0.3817,0.6173,0.0098,0.0119,,
VO,ventral orbital cortex,16,1,2.55,1.58,1.58,-5.84,label box,0.5545,0.6085,0.0102,0.0114,,
VP,ventral pallidum,16,0,2.55,0.98,0.98,-6.95,label box,0.5236,0.6981,0.0098,0.0114,,
VTT,ventral tenia tecta,16,0,2.55,-0.31,0.31,-7.18,label box,0.4568,0.7163,0.0149,0.0114,,
VTT,ventral tenia tecta,16,1,2.55,0.17,0.17,-7.18,label box,0.4817,0.7165,0.0145,0.0119,,
aca,"anterior commissure, anterior part",16,0,2.55,-1.42,1.42,-6.63,label box,0.3992,0.6716,0.0127,0.0091,,
aca,"anterior commissure, anterior part",16,1,2.55,1.19,1.19,-6.59,label box,0.5343,0.6687,0.0171,0.0205,,
fmi,forceps minor of the corpus callosum,16,0,2.55,-1.43,1.43,-4.45,label box,0.3984,0.496,0.0113,0.0114,,
fmi,forceps minor of the corpus callosum,16,1,2.55,1.34,1.34,-4.51,label box,0.5422,0.5006,0.0109,0.0114,,
lo,lateral olfactory tract,16,0,2.55,1.87,1.87,-6.97,label box,0.5698,0.6994,0.0058,0.0114,,
lo,lateral olfactory tract,16,1,2.55,-2.01,2.01,-6.98,label box,0.3684,0.7006,0.0058,0.0119,,
rf,rhinal fissure,16,0,2.55,2.63,2.63,-6.22,label box,0.6092,0.6392,0.0055,0.0102,,
rf,rhinal fissure,16,1,2.55,-2.79,2.79,-6.24,label box,0.3281,0.6401,0.0058,0.0102,,
2,layer 2 of cortex,17,0,2.2,2.35,2.35,-6.42,label box,0.5943,0.6551,0.0025,0.0091,,
2,layer 2 of cortex,17,1,2.2,0.48,0.48,-7.33,label box,0.4976,0.7284,0.0025,0.0091,,
2,layer 2 of cortex,17,2,2.2,-1.67,1.67,-7.43,label box,0.3863,0.7366,0.0029,0.0085,,
2,layer 2 of cortex,17,3,2.2,-2.47,2.47,-6.5,label box,0.3446,0.6617,0.0033,0.0091,,
3,layer 3 of cortex,17,0,2.2,2.16,2.16,-6.34,label box,0.5848,0.6486,0.0033,0.0085,,
3,layer 3 of cortex,17,1,2.2,1.49,1.49,-7.11,label box,0.5501,0.7108,0.0029,0.0091,,
AI,agranular insular cortex,17,0,2.2,-2.63,2.63,-5.91,label box,0.3363,0.6139,0.0069,0.0119,,
AI,agranular insular cortex,17,1,2.2,2.44,2.44,-5.74,label box,0.5992,0.5998,0.0069,0.0114,,
AcbC,"accumbens nucleus, core",17,0,2.2,-1.16,1.16,-6.31,label box,0.4126,0.6463,0.0193,0.0119,,
AcbC,"accumbens nucleus, core",17,1,2.2,1.05,1.05,-6.24,label box,0.5273,0.6404,0.0192,0.0119,,
AcbSh,"accumbens nucleus, shell",17,0,2.2,-0.91,0.91,-6.9,label box,0.4255,0.694,0.0233,0.0119,,
AcbSh,"accumbens nucleus, shell",17,1,2.2,0.75,0.75,-6.87,label box,0.5114,0.6915,0.0236,0.0125,,
CPu,caudate putamen (striatum),17,0,2.2,-1.64,1.64,-5,label box,0.3879,0.5403,0.0142,0.0114,,
CPu,caudate putamen (striatum),17,1,2.2,1.46,1.46,-4.99,label box,0.5485,0.5395,0.0142,0.0119,,
Cg1,"cingulate cortex, area 1",17,0,2.2,-0.62,0.62,-3.03,label box,0.4407,0.3813,0.0138,0.0119,,
Cg1,"cingulate cortex, area 1",17,1,2.2,0.44,0.44,-3.04,label box,0.4957,0.3819,0.0142,0.0119,,
DCl,dorsal part of claustrum,17,0,2.2,1.98,1.98,-5.24,label box,0.5755,0.5597,0.012,0.0119,,
DCl,dorsal part of claustrum,17,1,2.2,-2.17,2.17,-5.37,label box,0.3602,0.5705,0.012,0.0119,,
DEn,dorsal endopiriform nucleus,17,0,2.2,1.84,1.84,-6.09,label box,0.568,0.6281,0.0138,0.0119,,
DEn,dorsal endopiriform nucleus,17,1,2.2,-1.95,1.95,-6.15,label box,0.3717,0.6333,0.0138,0.0114,,
DI,dysgranular insular cortex,17,0,2.2,2.84,2.84,-5.47,label box,0.6197,0.5785,0.0065,0.0119,,
DI,dysgranular insular cortex,17,1,2.2,-2.92,2.92,-5.61,label box,0.3216,0.5893,0.0065,0.0119,,
DP,dorsal peduncular cortex,17,0,2.2,0.29,0.29,-5.94,label box,0.4878,0.6159,0.0098,0.0114,,
DP,dorsal peduncular cortex,17,1,2.2,-0.44,0.44,-5.94,label box,0.4499,0.616,0.0098,0.0119,,
DTT,dorsal tenia tecta,17,0,2.2,-0.32,0.32,-6.22,label box,0.456,0.6386,0.0145,0.0114,,
DTT,dorsal tenia tecta,17,1,2.2,0.12,0.12,-6.22,label box,0.4791,0.6392,0.0149,0.0114,,
E,ependyma and subependymal layer,17,0,2.2,0.8,0.8,-5.3,label box,0.514,0.5648,0.0036,0.0119,,
Fr3,"frontal cortex, area 3",17,0,2.2,2.6,2.6,-2.55,label box,0.6074,0.3423,0.0105,0.0119,,
Fr3,"frontal cortex, area 3",17,1,2.2,-2.88,2.88,-2.85,label box,0.3236,0.3662,0.0105,0.0119,,
GI,granular insular cortex,17,0,2.2,3.08,3.08,-5.24,label box,0.6324,0.5594,0.0069,0.0119,,
GI,granular insular cortex,17,1,2.2,-3.11,3.11,-5.41,label box,0.3116,0.573,0.0069,0.0119,,
ICj,islands of Calleja,17,0,2.2,-0.47,0.47,-7.32,label box,0.4485,0.7276,0.0084,0.0148,,
IEn,intermediate endopiriform nucleus,17,0,2.2,1.88,1.88,-6.41,label box,0.5699,0.654,0.0105,0.0114,,
IEn,intermediate endopiriform nucleus,17,1,2.2,-1.95,1.95,-6.49,label box,0.3719,0.6603,0.0105,0.0119,,
IL,infralimbic cortex,17,0,2.2,-0.48,0.48,-5.18,label box,0.4479,0.5545,0.0062,0.0114,,
IL,infralimbic cortex,17,1,2.2,0.37,0.37,-5.17,label box,0.4917,0.5538,0.0062,0.0114,,
M1,primary motor cortex,17,0,2.2,1.96,1.96,-2.37,label box,0.5743,0.3276,0.0098,0.0119,,
M1,primary motor cortex,17,1,2.2,-2.28,2.28,-2.55,label box,0.3547,0.3426,0.0094,0.0114,,
M2,secondary motor cortex,17,0,2.2,1.01,1.01,-2.35,label box,0.5251,0.3261,0.0109,0.0114,,
M2,secondary motor cortex,17,1,2.2,-1.19,1.19,-2.4,label box,0.4112,0.3304,0.0113,0.0119,,
Nv,navicular nucleus of the basal forebrain,17,0,2.2,-0.35,0.35,-6.79,label box,0.4546,0.6847,0.0087,0.0114,,
Nv,navicular nucleus of the basal forebrain,17,1,2.2,0.17,0.17,-6.79,label box,0.4815,0.6849,0.0087,0.0119,,
Pir,piriform cortex,17,0,2.2,2.17,2.17,-6.54,label box,0.5852,0.6648,0.0091,0.0114,,
Pir,piriform cortex,17,1,2.2,-2.17,2.17,-6.68,label box,0.3605,0.6759,0.0094,0.0119,,
PrL,prelimbic cortex,17,0,2.2,-0.55,0.55,-4.07,label box,0.444,0.4648,0.0116,0.0114,,
PrL,prelimbic cortex,17,1,2.2,0.49,0.49,-4.03,label box,0.498,0.4617,0.0116,0.0114,,
S1DZ,"primary somatosensory cortex, dysgranular zone",17,0,2.2,-4.25,4.25,-4.11,label box,0.2524,0.4685,0.0193,0.0119,,
S1DZ,"primary somatosensory cortex, dysgranular zone",17,1,2.2,3.8,3.8,-3.91,label box,0.6698,0.4521,0.0196,0.0125,,
S1FL,"primary somatosensory cortex, forelimb region",17,0,2.2,3.33,3.33,-3.09,label box,0.6451,0.3862,0.0182,0.0125,,
S1FL,"primary somatosensory cortex, forelimb region",17,1,2.2,-3.63,3.63,-3.31,label box,0.2844,0.4041,0.0185,0.0119,,
S1J,"primary somatosensory cortex, jaw region",17,0,2.2,3.38,3.38,-4.48,label box,0.648,0.4981,0.0131,0.0125,,
S1J,"primary somatosensory cortex, jaw region",17,1,2.2,-3.62,3.62,-4.73,label box,0.2849,0.5188,0.0131,0.0119,,
Tu,olfactory tubercle,17,0,2.2,1.36,1.36,-7.29,label box,0.5431,0.725,0.0076,0.0114,,
Tu,olfactory tubercle,17,1,2.2,-1.42,1.42,-7.49,label box,0.3991,0.7418,0.0076,0.0114,,
VCl,ventral part of claustrum,17,0,2.2,1.8,1.8,-5.58,label box,0.5661,0.5872,0.0116,0.0119,,
VCl,ventral part of claustrum,17,1,2.2,-1.98,1.98,-5.67,label box,0.3702,0.5941,0.0116,0.0125,,
VP,ventral pallidum,17,0,2.2,0.68,0.68,-7.13,leader tip,0.5314,0.7148,0.0102,0.0119,0.5082,0.7122
aca,"anterior commissure, anterior part",17,0,2.2,1.51,1.51,-6.55,label box,0.5511,0.6656,0.0127,0.0085,,
aca,"anterior commissure, anterior part",17,1,2.2,-1.67,1.67,-6.65,label box,0.386,0.6736,0.0127,0.0091,,
cg,cingulum,17,0,2.2,-1.42,1.42,-3.85,label box,0.3993,0.4477,0.008,0.0114,,
cg,cingulum,17,1,2.2,1.29,1.29,-3.76,label box,0.5398,0.4403,0.0084,0.0114,,
fmi,forceps minor of the corpus callosum,17,0,2.2,1.9,1.9,-3.95,label box,0.5714,0.4551,0.0113,0.0114,,
fmi,forceps minor of the corpus callosum,17,1,2.2,-2.02,2.02,-4.06,label box,0.3683,0.4642,0.0113,0.0114,,
lo,lateral olfactory tract,17,0,2.2,-2.41,2.41,-6.93,label box,0.3481,0.696,0.0058,0.0114,,
lo,lateral olfactory tract,17,1,2.2,2.22,2.22,-6.92,label box,0.5876,0.6952,0.0058,0.0119,,
rf,rhinal fissure,17,0,2.2,-3.25,3.25,-6.18,label box,0.3045,0.6358,0.0051,0.0114,,
rf,rhinal fissure,17,1,2.2,3.1,3.1,-6.15,label box,0.6332,0.633,0.0055,0.0114,,
1,layer 1 of cortex,18,0,1.85,-2.88,2.88,-6.73,label box,0.3234,0.6801,0.0022,0.0114,,
1,layer 1 of cortex,18,1,1.85,2.7,2.7,-6.71,label box,0.6125,0.6784,0.0025,0.0114,,
2,layer 2 of cortex,18,0,1.85,2.54,2.54,-6.61,label box,0.6041,0.6702,0.004,0.0119,,
2,layer 2 of cortex,18,1,1.85,0.06,0.06,-7.32,label box,0.476,0.7276,0.0029,0.0085,,
2,layer 2 of cortex,18,2,1.85,-2.7,2.7,-6.64,label box,0.3326,0.6728,0.004,0.0119,,
2,layer 2 of cortex,18,3,1.85,-0.34,0.34,-7.32,label box,0.4552,0.7276,0.0029,0.0091,,
3,layer 3 of cortex,18,0,1.85,2.38,2.38,-6.52,label box,0.5961,0.6631,0.0044,0.0119,,
3,layer 3 of cortex,18,1,1.85,-2.51,2.51,-6.57,label box,0.3426,0.6671,0.0044,0.0119,,
3,layer 3 of cortex,18,2,1.85,1.43,1.43,-7.37,label box,0.5467,0.7319,0.0044,0.0119,,
AI,agranular insular cortex,18,0,1.85,2.69,2.69,-5.88,label box,0.6122,0.6111,0.0069,0.0114,,
AI,agranular insular cortex,18,1,1.85,-2.92,2.92,-6.09,label box,0.3214,0.6285,0.0069,0.0119,,
AcbC,"accumbens nucleus, core",18,0,1.85,-1.26,1.26,-6.45,label box,0.4073,0.6571,0.0189,0.0119,,
AcbC,"accumbens nucleus, core",18,1,1.85,0.92,0.92,-6.45,label box,0.5203,0.6577,0.0189,0.0119,,
AcbSh,"accumbens nucleus, shell",18,0,1.85,-0.67,0.67,-6.87,label box,0.4379,0.6912,0.0233,0.0119,,
AcbSh,"accumbens nucleus, shell",18,1,1.85,0.47,0.47,-6.88,label box,0.4973,0.6923,0.0236,0.0119,,
CPu,caudate putamen (striatum),18,0,1.85,-1.9,1.9,-4.67,label box,0.3741,0.5139,0.0142,0.0119,,
CPu,caudate putamen (striatum),18,1,1.85,1.59,1.59,-4.68,label box,0.5552,0.5145,0.0138,0.0119,,
Cg1,"cingulate cortex, area 1",18,0,1.85,0.55,0.55,-2.77,label box,0.5011,0.3603,0.0142,0.0119,,
Cg1,"cingulate cortex, area 1",18,1,1.85,-0.51,0.51,-2.83,label box,0.4461,0.3651,0.0138,0.0125,,
DCl,dorsal part of claustrum,18,0,1.85,2.29,2.29,-5.48,label box,0.5912,0.5793,0.012,0.0125,,
DCl,dorsal part of claustrum,18,1,1.85,-2.5,2.5,-5.5,label box,0.3434,0.5807,0.0123,0.0119,,
DEn,dorsal endopiriform nucleus,18,0,1.85,-2.23,2.23,-6.37,label box,0.3572,0.6511,0.0138,0.0114,,
DEn,dorsal endopiriform nucleus,18,1,1.85,2.1,2.1,-6.26,label box,0.5818,0.6423,0.0138,0.0119,,
DI,dysgranular insular cortex,18,0,1.85,-3.14,3.14,-5.82,label box,0.3098,0.6065,0.0047,0.0119,,
DI,dysgranular insular cortex,18,1,1.85,3.05,3.05,-5.63,label box,0.6309,0.591,0.0065,0.0119,,
DP,dorsal peduncular cortex,18,0,1.85,0.29,0.29,-4.81,label box,0.488,0.525,0.0094,0.0114,,
DP,dorsal peduncular cortex,18,1,1.85,-0.33,0.33,-4.81,label box,0.4554,0.5248,0.0098,0.0114,,
DTT,dorsal tenia tecta,18,0,1.85,0.28,0.28,-5.55,label box,0.4873,0.5847,0.0149,0.0119,,
DTT,dorsal tenia tecta,18,1,1.85,-0.37,0.37,-5.56,label box,0.4537,0.5853,0.0145,0.0119,,
E,ependyma and subependymal layer,18,0,1.85,-0.76,0.76,-5.32,label box,0.4334,0.566,0.0036,0.0119,,
GI,granular insular cortex,18,0,1.85,3.26,3.26,-5.41,label box,0.6415,0.5736,0.0069,0.0119,,
GI,granular insular cortex,18,1,1.85,-3.32,3.32,-5.65,label box,0.3007,0.5927,0.0069,0.0119,,
ICj,islands of Calleja,18,0,1.85,-0.55,0.55,-7.65,label box,0.4442,0.754,0.0084,0.0148,,
ICj,islands of Calleja,18,1,1.85,0.25,0.25,-7.53,label box,0.4855,0.7449,0.0087,0.0148,,
ICj,islands of Calleja,18,2,1.85,1.18,1.18,-7.73,label box,0.5338,0.7606,0.0084,0.0148,,
ICj,islands of Calleja,18,3,1.85,-0.95,0.95,-7.77,label box,0.4234,0.764,0.0084,0.0148,,
IEn,intermediate endopiriform nucleus,18,0,1.85,1.96,1.96,-6.6,label box,0.5745,0.6693,0.0102,0.0114,,
IEn,intermediate endopiriform nucleus,18,1,1.85,-2.03,2.03,-6.73,label box,0.3674,0.6801,0.0102,0.0114,,
IG,indusium griseum,18,0,1.85,-0.2,0.2,-5.2,label box,0.4622,0.5563,0.0065,0.0125,,
IL,infralimbic cortex,18,0,1.85,-0.47,0.47,-4.28,label box,0.4484,0.4818,0.0058,0.0114,,
IL,infralimbic cortex,18,1,1.85,0.48,0.48,-4.26,label box,0.4975,0.4807,0.0058,0.0114,,
LSI,"lateral septal nucleus, intermediate part",18,0,1.85,-0.35,0.35,-6.4,label box,0.4544,0.6537,0.0105,0.0119,,
LSI,"lateral septal nucleus, intermediate part",18,1,1.85,0.18,0.18,-6.39,label box,0.4822,0.6523,0.0109,0.0114,,
LV,lateral ventricle,18,0,1.85,-0.57,0.57,-5.32,label box,0.443,0.566,0.0084,0.0119,,
M1,primary motor cortex,18,0,1.85,-2.27,2.27,-2.5,label box,0.3552,0.3386,0.0098,0.0114,,
M1,primary motor cortex,18,1,1.85,2.32,2.32,-2.43,label box,0.5927,0.3324,0.0094,0.0114,,
M2,secondary motor cortex,18,0,1.85,-1.21,1.21,-2.31,label box,0.4102,0.3227,0.0109,0.0114,,
M2,secondary motor cortex,18,1,1.85,1.28,1.28,-2.22,label box,0.5392,0.3159,0.0109,0.0114,,
Nv,navicular nucleus of the basal forebrain,18,0,1.85,0.02,0.02,-6.91,label box,0.474,0.6943,0.0091,0.0114,,
Nv,navicular nucleus of the basal forebrain,18,1,1.85,-0.27,0.27,-6.9,label box,0.4585,0.6935,0.0087,0.0114,,
Pir,piriform cortex,18,0,1.85,-2.48,2.48,-6.77,label box,0.3441,0.6835,0.0094,0.0114,,
PrL,prelimbic cortex,18,0,1.85,0.47,0.47,-3.65,label box,0.4973,0.4308,0.0116,0.0119,,
PrL,prelimbic cortex,18,1,1.85,-0.52,0.52,-3.66,label box,0.4457,0.4319,0.0116,0.0119,,
S1DZ,"primary somatosensory cortex, dysgranular zone",18,0,1.85,-3.13,3.13,-3.6,label box,0.3105,0.427,0.0193,0.0119,,
S1DZ,"primary somatosensory cortex, dysgranular zone",18,1,1.85,3.48,3.48,-3.51,label box,0.6528,0.4202,0.0193,0.0119,,
S1DZO,"primary somatosensory cortex, oral dysgranular zone",18,0,1.85,4.51,4.51,-3.93,label box,0.7066,0.4538,0.0251,0.0125,,
S1DZO,"primary somatosensory cortex, oral dysgranular zone",18,1,1.85,-4.49,4.49,-4.08,label box,0.2401,0.466,0.0251,0.0119,,
S1FL,"primary somatosensory cortex, forelimb region",18,0,1.85,-3.11,3.11,-2.83,label box,0.3114,0.3651,0.0182,0.0119,,
S1FL,"primary somatosensory cortex, forelimb region",18,1,1.85,3.47,3.47,-2.89,label box,0.6523,0.3696,0.0182,0.0119,,
S1J,"primary somatosensory cortex, jaw region",18,0,1.85,-4.02,4.02,-3.59,label box,0.2645,0.4261,0.0131,0.0125,,
S1J,"primary somatosensory cortex, jaw region",18,1,1.85,4.29,4.29,-3.55,label box,0.6952,0.4234,0.0131,0.0119,,
S1ULp,"primary somatosensory cortex, upper lip region",18,0,1.85,3.86,3.86,-4.36,label box,0.6726,0.4886,0.024,0.0148,,
S1ULp,"primary somatosensory cortex, upper lip region",18,1,1.85,-3.87,3.87,-4.55,label box,0.2722,0.504,0.024,0.0148,,
S2,secondary somatosensory cortex,18,0,1.85,3.47,3.47,-5.02,label box,0.6524,0.5418,0.0091,0.0119,,
S2,secondary somatosensory cortex,18,1,1.85,-3.37,3.37,-5.19,label box,0.2981,0.556,0.0091,0.0119,,
SHi,septohippocampal nucleus,18,0,1.85,-0.22,0.22,-6.01,label box,0.4614,0.6222,0.0116,0.0119,,
Tu,olfactory tubercle,18,0,1.85,-1.78,1.78,-7.61,label box,0.3803,0.7511,0.0076,0.0114,,
Tu,olfactory tubercle,18,1,1.85,1.37,1.37,-7.58,label box,0.5438,0.7489,0.008,0.0119,,
VCl,ventral part of claustrum,18,0,1.85,-2.28,2.28,-5.83,label box,0.3547,0.6077,0.0116,0.0119,,
VCl,ventral part of claustrum,18,1,1.85,2.06,2.06,-5.78,label box,0.5795,0.6032,0.012,0.0125,,
VP,ventral pallidum,18,0,1.85,1.6,1.6,-6.95,label box,0.5554,0.6977,0.0098,0.0114,,
VP,ventral pallidum,18,1,1.85,-1.88,1.88,-7.05,label box,0.3754,0.7057,0.0094,0.0114,,
VP,ventral pallidum,18,2,1.85,-0.48,0.48,-7.29,label box,0.4479,0.725,0.0185,0.0148,,
VP,ventral pallidum,18,3,1.85,0.2,0.2,-7.11,label box,0.4831,0.7108,0.0098,0.0114,,
VP,ventral pallidum,18,4,1.85,-1.72,1.72,-7.35,label box,0.3835,0.7301,0.0098,0.0114,,
VP,ventral pallidum,18,5,1.85,1.13,1.13,-7.4,label box,0.5314,0.7341,0.0098,0.0114,,
VP,ventral pallidum,18,6,1.85,-1.31,1.31,-7.49,label box,0.4047,0.7413,0.0102,0.0114,,
aca,"anterior commissure, anterior part",18,0,1.85,-1.69,1.69,-6.75,label box,0.3852,0.6818,0.0124,0.0091,,
aca,"anterior commissure, anterior part",18,1,1.85,1.53,1.53,-6.67,label box,0.552,0.675,0.0124,0.0091,,
cg,cingulum,18,0,1.85,-1.11,1.11,-3.88,label box,0.415,0.4494,0.008,0.0114,,
cg,cingulum,18,1,1.85,1.19,1.19,-3.78,label box,0.5342,0.4413,0.0084,0.0114,,
fmi,forceps minor of the corpus callosum,18,0,1.85,-2.25,2.25,-3.78,label box,0.3563,0.442,0.0113,0.0114,,
fmi,forceps minor of the corpus callosum,18,1,1.85,2.33,2.33,-3.7,label box,0.5934,0.4352,0.0109,0.0114,,
lo,lateral olfactory tract,18,0,1.85,-2.53,2.53,-7.09,label box,0.3414,0.7094,0.0055,0.0119,,
lo,lateral olfactory tract,18,1,1.85,2.41,2.41,-7.04,label box,0.5976,0.7051,0.0055,0.0114,,
rf,rhinal fissure,18,0,1.85,3.23,3.23,-6.39,label box,0.6403,0.6528,0.0051,0.0114,,
rf,rhinal fissure,18,1,1.85,-3.44,3.44,-6.46,label box,0.2943,0.6585,0.0051,0.0114,,
1,layer 1 of cortex,19,0,1.5,-3,3,-6.54,label box,0.3172,0.6648,0.0022,0.0114,,
1,layer 1 of cortex,19,1,1.5,-0.88,0.88,-7.77,label box,0.427,0.7639,0.0022,0.0108,,
1,layer 1 of cortex,19,2,1.5,2.98,2.98,-6.51,label box,0.6273,0.662,0.0022,0.0119,,
1,layer 1 of cortex,19,3,1.5,1.09,1.09,-7.78,label box,0.5291,0.7648,0.0025,0.0119,,
2,layer 2 of cortex,19,0,1.5,-2.81,2.81,-6.43,label box,0.3272,0.6562,0.004,0.0114,,
2,layer 2 of cortex,19,1,1.5,-0.96,0.96,-7.63,label box,0.4228,0.7528,0.004,0.0114,,
2,layer 2 of cortex,19,2,1.5,2.84,2.84,-6.4,label box,0.6198,0.6535,0.004,0.0119,,
2,layer 2 of cortex,19,3,1.5,1.07,1.07,-7.62,label box,0.528,0.7523,0.004,0.0119,,
3,layer 3 of cortex,19,0,1.5,-2.6,2.6,-6.33,label box,0.3381,0.6477,0.004,0.0114,,
3,layer 3 of cortex,19,1,1.5,2.67,2.67,-6.31,label box,0.611,0.6464,0.0044,0.0114,,
3,layer 3 of cortex,19,2,1.5,1.04,1.04,-7.46,label box,0.5264,0.7387,0.0044,0.0119,,
3,layer 3 of cortex,19,3,1.5,-1.07,1.07,-7.49,label box,0.4174,0.7415,0.0044,0.0119,,
AI,agranular insular cortex,19,0,1.5,-2.83,2.83,-5.95,label box,0.3259,0.6174,0.0065,0.0114,,
AI,agranular insular cortex,19,1,1.5,2.98,2.98,-5.96,label box,0.6271,0.6177,0.0069,0.0119,,
AcbC,"accumbens nucleus, core",19,0,1.5,-1.14,1.14,-6.09,label box,0.4137,0.6287,0.0193,0.0119,,
AcbC,"accumbens nucleus, core",19,1,1.5,1.19,1.19,-6.05,label box,0.5342,0.6251,0.0192,0.0119,,
AcbSh,"accumbens nucleus, shell",19,0,1.5,-0.56,0.56,-6.35,label box,0.4439,0.6497,0.0236,0.0119,,
AcbSh,"accumbens nucleus, shell",19,1,1.5,0.62,0.62,-6.26,label box,0.5047,0.6423,0.0233,0.0119,,
CPu,caudate putamen (striatum),19,0,1.5,-1.9,1.9,-4.7,label box,0.3741,0.5162,0.0142,0.0119,,
CPu,caudate putamen (striatum),19,1,1.5,1.69,1.69,-4.68,label box,0.5601,0.5145,0.0142,0.0119,,
Cg1,"cingulate cortex, area 1",19,0,1.5,-0.57,0.57,-2.66,label box,0.4433,0.3511,0.0138,0.0125,,
Cg1,"cingulate cortex, area 1",19,1,1.5,0.52,0.52,-2.69,label box,0.4995,0.3537,0.0142,0.0119,,
Cg2,"cingulate cortex, area 2",19,0,1.5,0.59,0.59,-3.47,label box,0.5035,0.4168,0.0149,0.0119,,
Cg2,"cingulate cortex, area 2",19,1,1.5,-0.56,0.56,-3.49,label box,0.4439,0.4185,0.0149,0.0119,,
DCl,dorsal part of claustrum,19,0,1.5,2.69,2.69,-5.31,label box,0.6122,0.5651,0.012,0.0125,,
DCl,dorsal part of claustrum,19,1,1.5,-2.68,2.68,-5.4,label box,0.3341,0.5728,0.012,0.0119,,
DEn,dorsal endopiriform nucleus,19,0,1.5,-2.4,2.4,-6.18,label box,0.3485,0.6358,0.0138,0.0114,,
DEn,dorsal endopiriform nucleus,19,1,1.5,2.39,2.39,-6.21,label box,0.5967,0.6378,0.0138,0.0119,,
DI,dysgranular insular cortex,19,0,1.5,3.19,3.19,-5.73,label box,0.6381,0.5989,0.0044,0.0114,,
DI,dysgranular insular cortex,19,1,1.5,-3.16,3.16,-5.82,label box,0.3092,0.6066,0.0065,0.0114,,
E,ependyma and subependymal layer,19,0,1.5,0.55,0.55,-4.66,label box,0.5013,0.5129,0.0036,0.0114,,
GI,granular insular cortex,19,0,1.5,3.31,3.31,-5.52,label box,0.6445,0.5825,0.0069,0.0119,,
GI,granular insular cortex,19,1,1.5,-3.52,3.52,-5.73,label box,0.2902,0.5989,0.0069,0.0119,,
ICj,islands of Calleja,19,0,1.5,1.3,1.3,-7.41,leader tip,0.5587,0.7293,0.0113,0.0142,0.5401,0.7348
IEn,intermediate endopiriform nucleus,19,0,1.5,-2.13,2.13,-6.4,label box,0.3621,0.6537,0.0105,0.0119,,
IEn,intermediate endopiriform nucleus,19,1,1.5,2.24,2.24,-6.41,label box,0.5887,0.6545,0.0102,0.0114,,
IG,indusium griseum,19,0,1.5,-0.11,0.11,-4.4,label box,0.4668,0.4915,0.0069,0.0125,,
LAcbSh,lateral accumbens shell,19,0,1.5,-1.19,1.19,-7.02,label box,0.4113,0.7031,0.0276,0.0119,,
LAcbSh,lateral accumbens shell,19,1,1.5,1.26,1.26,-6.99,label box,0.538,0.7009,0.028,0.0119,,
LSD,"lateral septal nucleus, dorsal part",19,0,1.5,-0.48,0.48,-4.61,leader tip,0.4566,0.5429,0.0142,0.0119,0.4479,0.5089
LSD,"lateral septal nucleus, dorsal part",19,1,1.5,0.64,0.64,-4.58,leader tip,0.4962,0.5403,0.0142,0.0114,0.5061,0.5066
LSI,"lateral septal nucleus, intermediate part",19,0,1.5,-0.13,0.13,-5.79,label box,0.466,0.6037,0.0243,0.0187,,
LSI,"lateral septal nucleus, intermediate part",19,1,1.5,0.36,0.36,-5.74,label box,0.4916,0.5997,0.0109,0.0119,,
LSV,"lateral septal nucleus, ventral part",19,0,1.5,-0.45,0.45,-5.36,label box,0.4493,0.5696,0.0142,0.0119,,
LSV,"lateral septal nucleus, ventral part",19,1,1.5,0.59,0.59,-5.37,label box,0.5031,0.5702,0.0142,0.0119,,
M1,primary motor cortex,19,0,1.5,2.1,2.1,-2.08,label box,0.5814,0.304,0.0094,0.0114,,
M1,primary motor cortex,19,1,1.5,-2.22,2.22,-2.33,label box,0.3577,0.3244,0.0098,0.0114,,
M2,secondary motor cortex,19,0,1.5,-1.22,1.22,-2.14,label box,0.4095,0.3094,0.0109,0.0119,,
M2,secondary motor cortex,19,1,1.5,0.98,0.98,-2.05,label box,0.5233,0.3023,0.0109,0.0114,,
MS,medial septal nucleus,19,0,1.5,-0.14,0.14,-6.16,label box,0.4655,0.6338,0.0116,0.0119,,
MS,medial septal nucleus,19,1,1.5,0.2,0.2,-6.15,label box,0.4831,0.6332,0.0113,0.0119,,
Pir,piriform cortex,19,0,1.5,2.41,2.41,-6.63,label box,0.5977,0.6722,0.0094,0.0114,,
Pir,piriform cortex,19,1,1.5,-2.5,2.5,-6.58,label box,0.343,0.668,0.0094,0.0114,,
S1DZ,"primary somatosensory cortex, dysgranular zone",19,0,1.5,-3.22,3.22,-3.65,label box,0.3058,0.4315,0.0193,0.0119,,
S1DZ,"primary somatosensory cortex, dysgranular zone",19,1,1.5,3.24,3.24,-3.4,label box,0.6407,0.4109,0.0196,0.0119,,
S1DZO,"primary somatosensory cortex, oral dysgranular zone",19,0,1.5,-4.66,4.66,-3.97,label box,0.2311,0.4568,0.0247,0.0125,,
S1DZO,"primary somatosensory cortex, oral dysgranular zone",19,1,1.5,4.74,4.74,-3.94,label box,0.7182,0.4546,0.0251,0.0119,,
S1FL,"primary somatosensory cortex, forelimb region",19,0,1.5,3.21,3.21,-2.56,label box,0.6393,0.3433,0.0182,0.0119,,
S1FL,"primary somatosensory cortex, forelimb region",19,1,1.5,-3.34,3.34,-2.84,label box,0.2998,0.3654,0.0182,0.0119,,
S1J,"primary somatosensory cortex, jaw region",19,0,1.5,-4.3,4.3,-3.46,label box,0.25,0.416,0.0131,0.0119,,
S1ULp,"primary somatosensory cortex, upper lip region",19,0,1.5,-4.22,4.22,-4.39,label box,0.2538,0.4906,0.0243,0.0142,,
S1ULp,"primary somatosensory cortex, upper lip region",19,1,1.5,4.06,4.06,-4.25,label box,0.6831,0.4795,0.024,0.0148,,
S2,secondary somatosensory cortex,19,0,1.5,3.53,3.53,-5.04,label box,0.6556,0.5435,0.0094,0.0125,,
S2,secondary somatosensory cortex,19,1,1.5,-3.54,3.54,-5.26,label box,0.2891,0.5611,0.0091,0.0125,,
SHi,septohippocampal nucleus,19,0,1.5,0.05,0.05,-5.1,label box,0.4753,0.5481,0.012,0.0125,,
Tu,olfactory tubercle,19,0,1.5,-1.24,1.24,-7.68,label box,0.4086,0.7568,0.0076,0.0114,,
Tu,olfactory tubercle,19,1,1.5,0.87,0.87,-7.62,label box,0.5176,0.752,0.008,0.0114,,
VCl,ventral part of claustrum,19,0,1.5,-2.49,2.49,-5.74,label box,0.3435,0.6001,0.012,0.0119,,
VCl,ventral part of claustrum,19,1,1.5,2.45,2.45,-5.79,label box,0.5995,0.604,0.012,0.0119,,
VDB,nucleus of the vertical limb of the diagonal band,19,0,1.5,-0.17,0.17,-6.91,label box,0.4638,0.6943,0.0149,0.0114,,
VDB,nucleus of the vertical limb of the diagonal band,19,1,1.5,0.18,0.18,-6.91,label box,0.4818,0.6949,0.0153,0.0114,,
VP,ventral pallidum,19,0,1.5,-1.79,1.79,-7.03,label box,0.3799,0.7045,0.0098,0.0114,,
VP,ventral pallidum,19,1,1.5,1.24,1.24,-7.24,label box,0.5369,0.7216,0.0098,0.0114,,
VP,ventral pallidum,19,2,1.5,1.8,1.8,-7,label box,0.5659,0.7015,0.0102,0.0114,,
VP,ventral pallidum,19,3,1.5,-0.5,0.5,-7.08,label box,0.4467,0.7086,0.0098,0.0119,,
VP,ventral pallidum,19,4,1.5,0.6,0.6,-7.11,label box,0.5037,0.7109,0.0098,0.0119,,
aca,"anterior commissure, anterior part",19,0,1.5,-1.51,1.51,-6.48,label box,0.3946,0.6597,0.0124,0.0091,,
aca,"anterior commissure, anterior part",19,1,1.5,1.53,1.53,-6.45,label box,0.552,0.6574,0.0124,0.0091,,
cg,cingulum,19,0,1.5,1.4,1.4,-3.26,label box,0.5451,0.4,0.008,0.0114,,
cg,cingulum,19,1,1.5,-1.25,1.25,-3.44,label box,0.4079,0.4139,0.0084,0.0119,,
ec,external capsule,19,0,1.5,2.81,2.81,-3.71,label box,0.6181,0.4361,0.008,0.0085,,
ec,external capsule,19,1,1.5,-2.66,2.66,-3.82,label box,0.335,0.4452,0.008,0.0091,,
gcc,genu of the corpus callosum,19,0,1.5,0.01,0.01,-4.62,label box,0.4733,0.5092,0.0131,0.0119,,
lo,lateral olfactory tract,19,0,1.5,-2.52,2.52,-7.01,label box,0.3423,0.7023,0.0044,0.0114,,
lo,lateral olfactory tract,19,1,1.5,2.54,2.54,-6.99,label box,0.6043,0.7011,0.0044,0.0114,,
mfb,medial forebrain bundle,19,0,1.5,-0.63,0.63,-7.38,label box,0.4399,0.7324,0.0134,0.0114,,
mfb,medial forebrain bundle,19,1,1.5,0.77,0.77,-7.37,label box,0.5127,0.7316,0.0134,0.0114,,
rf,rhinal fissure,19,0,1.5,-3.46,3.46,-6.37,label box,0.2936,0.6506,0.0051,0.0114,,
rf,rhinal fissure,19,1,1.5,3.51,3.51,-6.31,label box,0.6544,0.646,0.0051,0.0114,,
1,layer 1 of cortex,20,0,1.15,3.4,3.4,-6.7,label box,0.649,0.6773,0.0022,0.0114,,
1,layer 1 of cortex,20,1,1.15,2.08,2.08,-7.77,label box,0.5807,0.7642,0.0022,0.0114,,
1,layer 1 of cortex,20,2,1.15,-3.34,3.34,-6.68,label box,0.2994,0.6762,0.0022,0.0119,,
1,layer 1 of cortex,20,3,1.15,-1.52,1.52,-8.11,label box,0.394,0.7915,0.0025,0.0119,,
2,layer 2 of cortex,20,0,1.15,1.67,1.67,-7.65,label box,0.5594,0.754,0.004,0.0114,,
2,layer 2 of cortex,20,1,1.15,3.2,3.2,-6.56,label box,0.6384,0.666,0.004,0.0119,,
2,layer 2 of cortex,20,2,1.15,-3.15,3.15,-6.57,label box,0.3094,0.6671,0.004,0.0119,,
2,layer 2 of cortex,20,3,1.15,-1.5,1.5,-7.93,label box,0.3949,0.7773,0.0044,0.0119,,
3,layer 3 of cortex,20,0,1.15,-2.96,2.96,-6.48,label box,0.3192,0.6599,0.004,0.0119,,
3,layer 3 of cortex,20,1,1.15,-1.49,1.49,-7.77,label box,0.3953,0.7642,0.0044,0.0114,,
3,layer 3 of cortex,20,2,1.15,3,3,-6.46,label box,0.6284,0.658,0.0044,0.0119,,
3,layer 3 of cortex,20,3,1.15,1.38,1.38,-7.6,label box,0.5441,0.7506,0.0044,0.0119,,
AI,agranular insular cortex,20,0,1.15,3.43,3.43,-6.09,label box,0.6505,0.6282,0.0065,0.0114,,
AI,agranular insular cortex,20,1,1.15,-3.41,3.41,-6.12,label box,0.2962,0.6305,0.0065,0.0114,,
AcbC,"accumbens nucleus, core",20,0,1.15,1.4,1.4,-6.7,label box,0.5452,0.6776,0.0193,0.0119,,
AcbC,"accumbens nucleus, core",20,1,1.15,-1.6,1.6,-6.79,label box,0.3897,0.6849,0.0193,0.0119,,
AcbSh,"accumbens nucleus, shell",20,0,1.15,-0.68,0.68,-6.19,label box,0.4373,0.6364,0.0236,0.0125,,
AcbSh,"accumbens nucleus, shell",20,1,1.15,0.78,0.78,-6.19,label box,0.5134,0.6366,0.0233,0.0119,,
CB,cell bridges of the ventral striatum,20,0,1.15,-1.34,1.34,-7.5,label box,0.4033,0.742,0.0094,0.0114,,
CB,cell bridges of the ventral striatum,20,1,1.15,1.29,1.29,-7.41,label box,0.5396,0.7347,0.0098,0.0119,,
CPu,caudate putamen (striatum),20,0,1.15,1.99,1.99,-4.74,label box,0.5761,0.519,0.0142,0.0119,,
CPu,caudate putamen (striatum),20,1,1.15,-1.96,1.96,-4.77,label box,0.3712,0.5216,0.0142,0.0125,,
Cg1,"cingulate cortex, area 1",20,0,1.15,-0.43,0.43,-2.67,label box,0.4502,0.352,0.0138,0.0119,,
Cg1,"cingulate cortex, area 1",20,1,1.15,0.52,0.52,-2.67,label box,0.4997,0.3523,0.0142,0.0119,,
Cg2,"cingulate cortex, area 2",20,0,1.15,-0.41,0.41,-3.45,label box,0.4517,0.4153,0.0153,0.0125,,
Cg2,"cingulate cortex, area 2",20,1,1.15,0.51,0.51,-3.41,label box,0.4989,0.4122,0.0153,0.0119,,
DCl,dorsal part of claustrum,20,0,1.15,3.13,3.13,-5.29,label box,0.6351,0.5637,0.012,0.0119,,
DCl,dorsal part of claustrum,20,1,1.15,-3.1,3.1,-5.36,label box,0.3123,0.5694,0.012,0.0119,,
DEn,dorsal endopiriform nucleus,20,0,1.15,2.74,2.74,-6.29,label box,0.6145,0.6446,0.0138,0.0119,,
DEn,dorsal endopiriform nucleus,20,1,1.15,-2.67,2.67,-6.4,label box,0.3343,0.6534,0.0138,0.0114,,
DI,dysgranular insular cortex,20,0,1.15,3.71,3.71,-5.85,label box,0.6649,0.6086,0.0069,0.0119,,
DI,dysgranular insular cortex,20,1,1.15,-3.62,3.62,-5.87,label box,0.2853,0.6109,0.0065,0.0119,,
E,ependyma and subependymal layer,20,0,1.15,0.51,0.51,-4.44,label box,0.4991,0.4947,0.0036,0.0114,,
E,ependyma and subependymal layer,20,1,1.15,-0.61,0.61,-4.46,label box,0.441,0.4964,0.0036,0.0114,,
GI,granular insular cortex,20,0,1.15,3.86,3.86,-5.63,label box,0.6729,0.5915,0.0069,0.0119,,
GI,granular insular cortex,20,1,1.15,-3.83,3.83,-5.66,label box,0.2742,0.5938,0.0069,0.0119,,
HDB,nucleus of the horizontal limb of the diagonal band,20,0,1.15,-0.37,0.37,-7.41,label box,0.4535,0.7352,0.0153,0.0114,,
HDB,nucleus of the horizontal limb of the diagonal band,20,1,1.15,0.4,0.4,-7.41,label box,0.4936,0.7347,0.0156,0.0114,,
ICj,islands of Calleja,20,0,1.15,-2.02,2.02,-7.46,label box,0.3683,0.7392,0.0084,0.0148,,
ICj,islands of Calleja,20,1,1.15,1.8,1.8,-7.43,label box,0.566,0.7364,0.0134,0.0227,,
ICj,islands of Calleja,20,2,1.15,-1.71,1.71,-7.64,label box,0.3843,0.7534,0.0084,0.0148,,
ICj,islands of Calleja,20,3,1.15,2.12,2.12,-7.4,label box,0.5826,0.7339,0.0087,0.0148,,
ICj,islands of Calleja,20,4,1.15,0.79,0.79,-7.57,label box,0.5135,0.7481,0.0084,0.0148,,
ICj,islands of Calleja,20,5,1.15,-1.27,1.27,-7.74,label box,0.4069,0.7617,0.0087,0.0148,,
ICjM,"islands of Calleja, major island",20,0,1.15,0.51,0.51,-6.72,label box,0.4991,0.679,0.0156,0.0148,,
ICjM,"islands of Calleja, major island",20,1,1.15,-0.44,0.44,-6.69,label box,0.4499,0.6771,0.0156,0.0148,,
IEn,intermediate endopiriform nucleus,20,0,1.15,2.48,2.48,-6.55,label box,0.6014,0.6659,0.0102,0.0114,,
IEn,intermediate endopiriform nucleus,20,1,1.15,-2.42,2.42,-6.66,label box,0.3472,0.6742,0.0105,0.0114,,
IG,indusium griseum,20,0,1.15,-0.08,0.08,-4.14,label box,0.4688,0.4707,0.0065,0.0119,,
LAcbSh,lateral accumbens shell,20,0,1.15,1.76,1.76,-7.04,label box,0.5638,0.7048,0.028,0.0119,,
LAcbSh,lateral accumbens shell,20,1,1.15,-1.56,1.56,-7.17,label box,0.3917,0.7153,0.0276,0.0125,,
LSD,"lateral septal nucleus, dorsal part",20,0,1.15,0.48,0.48,-4.73,label box,0.4975,0.5185,0.0145,0.0119,,
LSD,"lateral septal nucleus, dorsal part",20,1,1.15,-0.41,0.41,-4.73,label box,0.4516,0.5188,0.0145,0.0119,,
LSI,"lateral septal nucleus, intermediate part",20,0,1.15,0.32,0.32,-6.16,label box,0.4891,0.6338,0.0109,0.0119,,
LSI,"lateral septal nucleus, intermediate part",20,1,1.15,-0.24,0.24,-6.16,label box,0.4603,0.6339,0.0109,0.0125,,
LSV,"lateral septal nucleus, ventral part",20,0,1.15,-0.56,0.56,-5.44,label box,0.4439,0.5759,0.0142,0.0119,,
LSV,"lateral septal nucleus, ventral part",20,1,1.15,0.68,0.68,-5.45,label box,0.5082,0.577,0.0142,0.0119,,
LV,lateral ventricle,20,0,1.15,0.7,0.7,-4.44,label box,0.5089,0.4947,0.008,0.0114,,
LV,lateral ventricle,20,1,1.15,-0.42,0.42,-4.46,label box,0.4508,0.4964,0.008,0.0114,,
Ld,lambdoid septal zone,20,0,1.15,0.03,0.03,-5.55,label box,0.4744,0.5849,0.0084,0.0119,,
M1,primary motor cortex,20,0,1.15,-1.87,1.87,-2.15,label box,0.3759,0.3099,0.0098,0.0119,,
M1,primary motor cortex,20,1,1.15,1.9,1.9,-2.01,label box,0.5712,0.2984,0.0098,0.0119,,
M2,secondary motor cortex,20,0,1.15,-0.93,0.93,-2.08,label box,0.4246,0.304,0.0113,0.0114,,
M2,secondary motor cortex,20,1,1.15,1.06,1.06,-2.05,label box,0.5276,0.302,0.0109,0.0119,,
MS,medial septal nucleus,20,0,1.15,0.03,0.03,-5.97,label box,0.4744,0.6185,0.0116,0.0125,,
Pir,piriform cortex,20,0,1.15,2.95,2.95,-6.7,label box,0.6254,0.6778,0.0094,0.0114,,
Pir,piriform cortex,20,1,1.15,-2.95,2.95,-6.83,label box,0.3198,0.6884,0.0094,0.0114,,
S1BF,"primary somatosensory cortex, barrel field",20,0,1.15,-4.25,4.25,-3.35,label box,0.2524,0.4066,0.0258,0.0125,,
S1BF,"primary somatosensory cortex, barrel field",20,1,1.15,4.58,4.58,-3.25,label box,0.7101,0.3987,0.0254,0.0125,,
S1DZ,"primary somatosensory cortex, dysgranular zone",20,0,1.15,-3.37,3.37,-3.48,label box,0.2981,0.4173,0.0193,0.0119,,
S1DZ,"primary somatosensory cortex, dysgranular zone",20,1,1.15,3.53,3.53,-3.42,label box,0.6558,0.4129,0.0192,0.0125,,
S1FL,"primary somatosensory cortex, forelimb region",20,0,1.15,3.78,3.78,-2.57,label box,0.6686,0.344,0.0182,0.0119,,
S1FL,"primary somatosensory cortex, forelimb region",20,1,1.15,-3.5,3.5,-2.66,label box,0.2916,0.3514,0.0178,0.0119,,
S1HL,"primary somatosensory cortex, hindlimb region",20,0,1.15,2.87,2.87,-2.18,label box,0.6217,0.3126,0.02,0.0119,,
S1HL,"primary somatosensory cortex, hindlimb region",20,1,1.15,-2.82,2.82,-2.37,label box,0.3268,0.3279,0.02,0.0119,,
S1J,"primary somatosensory cortex, jaw region",20,0,1.15,4.46,4.46,-3.24,label box,0.7037,0.3984,0.0134,0.0119,,
S1J,"primary somatosensory cortex, jaw region",20,1,1.15,-4.38,4.38,-3.34,label box,0.246,0.406,0.0131,0.0125,,
S1J,"primary somatosensory cortex, jaw region",20,2,1.15,-4.25,4.25,-3.35,label box,0.2524,0.4066,0.0258,0.0125,,
S1J,"primary somatosensory cortex, jaw region",20,3,1.15,4.58,4.58,-3.25,label box,0.7101,0.3987,0.0254,0.0125,,
S1ULp,"primary somatosensory cortex, upper lip region",20,0,1.15,4.47,4.47,-4.1,label box,0.7042,0.4679,0.024,0.0142,,
S1ULp,"primary somatosensory cortex, upper lip region",20,1,1.15,-4.35,4.35,-4.28,label box,0.2475,0.4818,0.024,0.0148,,
S2,secondary somatosensory cortex,20,0,1.15,3.93,3.93,-5,label box,0.6764,0.5401,0.0091,0.0119,,
S2,secondary somatosensory cortex,20,1,1.15,-4.01,4.01,-5.18,label box,0.2647,0.5548,0.0091,0.0119,,
SHi,septohippocampal nucleus,20,0,1.15,-0.01,0.01,-4.68,label box,0.4722,0.5145,0.012,0.0119,,
Tu,olfactory tubercle,20,0,1.15,1.5,1.5,-7.76,label box,0.5507,0.7631,0.008,0.0119,,
Tu,olfactory tubercle,20,1,1.15,-1.71,1.71,-7.88,label box,0.384,0.7728,0.008,0.0119,,
VCl,ventral part of claustrum,20,0,1.15,2.85,2.85,-5.82,label box,0.6206,0.6065,0.0116,0.0119,,
VCl,ventral part of claustrum,20,1,1.15,-2.85,2.85,-5.87,label box,0.325,0.6106,0.012,0.0125,,
VDB,nucleus of the vertical limb of the diagonal band,20,0,1.15,0.02,0.02,-6.84,label box,0.4739,0.6893,0.0156,0.0119,,
VP,ventral pallidum,20,0,1.15,-0.68,0.68,-7.35,label box,0.4373,0.7301,0.0091,0.0114,,
VP,ventral pallidum,20,1,1.15,-2.13,2.13,-7,label box,0.3624,0.7018,0.0098,0.0119,,
VP,ventral pallidum,20,2,1.15,0.84,0.84,-7.25,label box,0.5164,0.7222,0.0098,0.0119,,
aca,"anterior commissure, anterior part",20,0,1.15,-1.41,1.41,-6.46,label box,0.3995,0.6585,0.0127,0.0091,,
aca,"anterior commissure, anterior part",20,1,1.15,1.35,1.35,-6.36,label box,0.5425,0.6503,0.0127,0.0091,,
cc,corpus callosum,20,0,1.15,0.05,0.05,-4.37,label box,0.4753,0.489,0.0084,0.0091,,
cg,cingulum,20,0,1.15,-1.19,1.19,-3.28,label box,0.4113,0.4017,0.008,0.0114,,
cg,cingulum,20,1,1.15,1.48,1.48,-3.13,label box,0.5494,0.3889,0.008,0.0119,,
ec,external capsule,20,0,1.15,-2.83,2.83,-3.6,label box,0.3261,0.4273,0.0076,0.0091,,
ec,external capsule,20,1,1.15,3.05,3.05,-3.59,label box,0.6306,0.4265,0.008,0.0091,,
lo,lateral olfactory tract,20,0,1.15,-2.72,2.72,-7.26,label box,0.3316,0.7227,0.0055,0.0114,,
lo,lateral olfactory tract,20,1,1.15,2.82,2.82,-7.16,label box,0.619,0.7148,0.0055,0.0114,,
mfb,medial forebrain bundle,20,0,1.15,-0.84,0.84,-7.58,label box,0.429,0.7491,0.0134,0.0119,,
mfb,medial forebrain bundle,20,1,1.15,1.13,1.13,-7.61,label box,0.5311,0.7512,0.0138,0.0119,,
rf,rhinal fissure,20,0,1.15,4.09,4.09,-6.08,label box,0.6846,0.6278,0.0051,0.0114,,
1,layer 1 of cortex,21,0,0.8,-3.42,3.42,-6.57,label box,0.2956,0.6674,0.0025,0.0114,,
1,layer 1 of cortex,21,1,0.8,3.34,3.34,-6.81,label box,0.6456,0.6867,0.0025,0.0114,,
1,layer 1 of cortex,21,2,0.8,-1.97,1.97,-8.07,label box,0.3704,0.7887,0.0025,0.0119,,
1,layer 1 of cortex,21,3,0.8,1.91,1.91,-8.12,label box,0.5719,0.7924,0.0025,0.0114,,
2,layer 2 of cortex,21,0,0.8,3.27,3.27,-6.61,label box,0.6421,0.6705,0.0036,0.0114,,
2,layer 2 of cortex,21,1,0.8,1.85,1.85,-7.97,label box,0.5687,0.7804,0.0036,0.0119,,
2,layer 2 of cortex,21,2,0.8,-3.16,3.16,-6.43,label box,0.309,0.6557,0.004,0.0119,,
2,layer 2 of cortex,21,3,0.8,-1.88,1.88,-7.91,label box,0.3751,0.7756,0.004,0.0119,,
3,layer 3 of cortex,21,0,0.8,1.74,1.74,-7.81,label box,0.5627,0.7676,0.004,0.0114,,
3,layer 3 of cortex,21,1,0.8,3.16,3.16,-6.43,label box,0.6367,0.6557,0.0044,0.0119,,
3,layer 3 of cortex,21,2,0.8,-1.73,1.73,-7.76,label box,0.3829,0.7631,0.0044,0.0119,,
AI,agranular insular cortex,21,0,0.8,-3.59,3.59,-6.11,label box,0.2867,0.6302,0.0065,0.0119,,
AI,agranular insular cortex,21,1,0.8,3.55,3.55,-6.22,label box,0.6567,0.639,0.0065,0.0114,,
AcbC,"accumbens nucleus, core",21,0,0.8,-1.38,1.38,-6.65,label box,0.4013,0.6736,0.0193,0.0119,,
AcbC,"accumbens nucleus, core",21,1,0.8,1.42,1.42,-6.57,label box,0.5461,0.6668,0.0192,0.0125,,
AcbSh,"accumbens nucleus, shell",21,0,0.8,0.76,0.76,-6.52,label box,0.512,0.6631,0.0236,0.0119,,
BV,blood vessel,21,0,0.8,3.35,3.35,-7.1,label box,0.6465,0.7103,0.0094,0.0119,,
CB,cell bridges of the ventral striatum,21,0,0.8,-1.58,1.58,-7.39,label box,0.3908,0.7332,0.0098,0.0119,,
CB,cell bridges of the ventral striatum,21,1,0.8,1.44,1.44,-7.26,label box,0.5472,0.7228,0.0098,0.0119,,
CPu,caudate putamen (striatum),21,0,0.8,2.09,2.09,-4.72,label box,0.5809,0.5179,0.0142,0.0119,,
CPu,caudate putamen (striatum),21,1,0.8,-2.1,2.1,-4.77,label box,0.3641,0.5216,0.0138,0.0125,,
Cg1,"cingulate cortex, area 1",21,0,0.8,-0.48,0.48,-2.56,label box,0.4479,0.3433,0.0138,0.0119,,
Cg1,"cingulate cortex, area 1",21,1,0.8,0.56,0.56,-2.61,label box,0.5018,0.347,0.0142,0.0125,,
Cg2,"cingulate cortex, area 2",21,0,0.8,-0.49,0.49,-3.23,label box,0.4473,0.3969,0.0153,0.0119,,
Cg2,"cingulate cortex, area 2",21,1,0.8,0.52,0.52,-3.2,label box,0.4996,0.3946,0.0153,0.0119,,
DCl,dorsal part of claustrum,21,0,0.8,3.26,3.26,-5.67,label box,0.6415,0.5946,0.012,0.0119,,
DCl,dorsal part of claustrum,21,1,0.8,-3.16,3.16,-5.44,label box,0.3092,0.5762,0.0123,0.0119,,
DEn,dorsal endopiriform nucleus,21,0,0.8,2.85,2.85,-6.48,label box,0.6203,0.6597,0.0138,0.0114,,
DEn,dorsal endopiriform nucleus,21,1,0.8,-2.78,2.78,-6.36,label box,0.3288,0.6501,0.0138,0.0119,,
DI,dysgranular insular cortex,21,0,0.8,-3.79,3.79,-5.79,label box,0.2762,0.6043,0.0065,0.0114,,
DI,dysgranular insular cortex,21,1,0.8,3.92,3.92,-5.9,label box,0.6759,0.6128,0.0065,0.0114,,
E,ependyma and subependymal layer,21,0,0.8,-0.79,0.79,-3.99,label box,0.4319,0.4589,0.0036,0.0114,,
E,ependyma and subependymal layer,21,1,0.8,0.74,0.74,-4.01,label box,0.5111,0.4603,0.0036,0.0119,,
GI,granular insular cortex,21,0,0.8,-4.01,4.01,-5.54,label box,0.2651,0.5836,0.0069,0.0119,,
GI,granular insular cortex,21,1,0.8,4.1,4.1,-5.6,label box,0.6852,0.5887,0.0069,0.0119,,
HDB,nucleus of the horizontal limb of the diagonal band,21,0,0.8,-0.58,0.58,-7.42,label box,0.4428,0.7355,0.0156,0.0119,,
HDB,nucleus of the horizontal limb of the diagonal band,21,1,0.8,0.43,0.43,-7.37,label box,0.4949,0.7318,0.0153,0.0114,,
ICj,islands of Calleja,21,0,0.8,-1.14,1.14,-7.16,label box,0.4138,0.7151,0.0087,0.0148,,
ICj,islands of Calleja,21,1,0.8,1.66,1.66,-7.48,label box,0.5587,0.7407,0.0087,0.0148,,
ICj,islands of Calleja,21,2,0.8,-1.37,1.37,-7.59,label box,0.4018,0.7498,0.0087,0.0148,,
ICj,islands of Calleja,21,3,0.8,-1.14,1.14,-7.72,label box,0.4138,0.76,0.0087,0.0148,,
ICjM,"islands of Calleja, major island",21,0,0.8,-0.54,0.54,-6.55,label box,0.4449,0.6656,0.0156,0.0142,,
IEn,intermediate endopiriform nucleus,21,0,0.8,-2.51,2.51,-6.56,label box,0.3427,0.6665,0.0102,0.0114,,
IEn,intermediate endopiriform nucleus,21,1,0.8,2.57,2.57,-6.62,label box,0.6059,0.6711,0.0102,0.0119,,
IG,indusium griseum,21,0,0.8,-0.12,0.12,-3.86,label box,0.4666,0.4478,0.0069,0.0119,,
LAcbSh,lateral accumbens shell,21,0,0.8,-1.71,1.71,-7,label box,0.3839,0.702,0.028,0.0119,,
LAcbSh,lateral accumbens shell,21,1,0.8,1.72,1.72,-6.99,label box,0.562,0.7009,0.028,0.0119,,
LSD,"lateral septal nucleus, dorsal part",21,0,0.8,-0.47,0.47,-4.25,label box,0.4486,0.4793,0.0142,0.0119,,
LSD,"lateral septal nucleus, dorsal part",21,1,0.8,0.57,0.57,-4.24,label box,0.5025,0.479,0.0145,0.0114,,
LSI,"lateral septal nucleus, intermediate part",21,0,0.8,-0.34,0.34,-4.67,label box,0.4549,0.5134,0.0109,0.0119,,
LSI,"lateral septal nucleus, intermediate part",21,1,0.8,0.47,0.47,-4.67,label box,0.4973,0.5139,0.0105,0.0119,,
LSS,lateral stripe of the striatum,21,0,0.8,-2.21,2.21,-6.8,label box,0.3581,0.6858,0.0142,0.0125,,
LSS,lateral stripe of the striatum,21,1,0.8,2.29,2.29,-6.92,label box,0.5914,0.6955,0.0142,0.0125,,
LSV,"lateral septal nucleus, ventral part",21,0,0.8,-0.67,0.67,-5.4,label box,0.438,0.5724,0.0142,0.0119,,
LSV,"lateral septal nucleus, ventral part",21,1,0.8,0.75,0.75,-5.4,label box,0.5118,0.5724,0.0142,0.0119,,
LV,lateral ventricle,21,0,0.8,-0.6,0.6,-3.99,label box,0.4418,0.4589,0.008,0.0114,,
LV,lateral ventricle,21,1,0.8,0.93,0.93,-4.01,label box,0.5209,0.4603,0.008,0.0119,,
Ld,lambdoid septal zone,21,0,0.8,0.06,0.06,-4.84,label box,0.4757,0.5273,0.0084,0.0119,,
M1,primary motor cortex,21,0,0.8,1.88,1.88,-1.96,label box,0.5699,0.2943,0.0098,0.0114,,
M1,primary motor cortex,21,1,0.8,-1.91,1.91,-2.12,label box,0.374,0.3077,0.0098,0.0114,,
M2,secondary motor cortex,21,0,0.8,1.06,1.06,-1.97,label box,0.5274,0.2955,0.0113,0.0114,,
M2,secondary motor cortex,21,1,0.8,-1.05,1.05,-2.07,label box,0.4182,0.3034,0.0109,0.0114,,
MS,medial septal nucleus,21,0,0.8,0,0,-5.76,label box,0.4729,0.602,0.0113,0.0119,,
Pir,piriform cortex,21,0,0.8,-2.87,2.87,-6.81,label box,0.3241,0.6869,0.0094,0.0114,,
Pir,piriform cortex,21,1,0.8,2.92,2.92,-6.89,label box,0.6239,0.6932,0.0094,0.0114,,
S1BF,"primary somatosensory cortex, barrel field",21,0,0.8,-4.13,4.13,-2.92,label box,0.2589,0.3719,0.0185,0.0119,,
S1BF,"primary somatosensory cortex, barrel field",21,1,0.8,4.45,4.45,-2.92,label box,0.7035,0.3724,0.0189,0.0119,,
S1DZ,"primary somatosensory cortex, dysgranular zone",21,0,0.8,-3.45,3.45,-3.12,label box,0.294,0.3884,0.0189,0.0119,,
S1DZ,"primary somatosensory cortex, dysgranular zone",21,1,0.8,3.68,3.68,-3.14,label box,0.6636,0.3901,0.0196,0.0125,,
S1FL,"primary somatosensory cortex, forelimb region",21,0,0.8,3.73,3.73,-2.51,label box,0.666,0.339,0.0185,0.0125,,
S1FL,"primary somatosensory cortex, forelimb region",21,1,0.8,-3.46,3.46,-2.51,label box,0.2934,0.339,0.0185,0.0125,,
S1HL,"primary somatosensory cortex, hindlimb region",21,0,0.8,2.98,2.98,-2.19,label box,0.6271,0.3131,0.02,0.0119,,
S1HL,"primary somatosensory cortex, hindlimb region",21,1,0.8,-2.74,2.74,-2.29,label box,0.3308,0.3211,0.02,0.0119,,
S1ULp,"primary somatosensory cortex, upper lip region",21,0,0.8,-4.59,4.59,-3.87,label box,0.2347,0.4486,0.024,0.0142,,
S1ULp,"primary somatosensory cortex, upper lip region",21,1,0.8,4.8,4.8,-3.88,label box,0.7213,0.45,0.024,0.0148,,
S2,secondary somatosensory cortex,21,0,0.8,-4.23,4.23,-4.89,label box,0.2535,0.5312,0.0091,0.0125,,
S2,secondary somatosensory cortex,21,1,0.8,4.32,4.32,-4.84,label box,0.6968,0.5276,0.0091,0.0119,,
SHi,septohippocampal nucleus,21,0,0.8,0.03,0.03,-4.3,label box,0.4744,0.4836,0.0123,0.0119,,
SIB,"substantia innominata, basal part",21,0,0.8,-0.64,0.64,-7.04,label box,0.4397,0.7048,0.0116,0.0119,,
SIB,"substantia innominata, basal part",21,1,0.8,0.61,0.61,-7.02,label box,0.5044,0.7034,0.0116,0.0114,,
Tu,olfactory tubercle,21,0,0.8,-1.71,1.71,-8.04,label box,0.3843,0.7855,0.0076,0.0119,,
Tu,olfactory tubercle,21,1,0.8,1.57,1.57,-8.07,label box,0.554,0.7881,0.0076,0.0114,,
VCl,ventral part of claustrum,21,0,0.8,-2.92,2.92,-5.93,label box,0.3216,0.6151,0.0116,0.0119,,
VCl,ventral part of claustrum,21,1,0.8,3.02,3.02,-6.11,label box,0.6294,0.6298,0.0116,0.0119,,
VDB,nucleus of the vertical limb of the diagonal band,21,0,0.8,0,0,-6.89,label box,0.4727,0.6926,0.0153,0.0114,,
VP,ventral pallidum,21,0,0.8,-0.91,0.91,-7.28,label box,0.4256,0.7248,0.0098,0.0114,,
aca,"anterior commissure, anterior part",21,0,0.8,-1.22,1.22,-6.33,label box,0.4095,0.6477,0.0124,0.0091,,
aca,"anterior commissure, anterior part",21,1,0.8,1.28,1.28,-6.31,label box,0.5392,0.646,0.0124,0.0091,,
cc,corpus callosum,21,0,0.8,0.05,0.05,-4.03,label box,0.4755,0.4616,0.0084,0.0085,,
cg,cingulum,21,0,0.8,-1.09,1.09,-3.12,label box,0.4161,0.3886,0.008,0.0114,,
cg,cingulum,21,1,0.8,1.33,1.33,-3.07,label box,0.5418,0.3847,0.0084,0.0119,,
ec,external capsule,21,0,0.8,3.23,3.23,-3.47,label box,0.6403,0.4165,0.008,0.0091,,
ec,external capsule,21,1,0.8,-3.04,3.04,-3.54,label box,0.315,0.4227,0.008,0.0091,,
lo,lateral olfactory tract,21,0,0.8,-2.7,2.7,-7.29,label box,0.3328,0.7256,0.0044,0.0114,,
lo,lateral olfactory tract,21,1,0.8,2.81,2.81,-7.43,label box,0.6181,0.7369,0.0058,0.0114,,
mfb,medial forebrain bundle,21,0,0.8,-1.14,1.14,-7.4,label box,0.4136,0.7344,0.0134,0.0114,,
och,optic chiasm,21,0,0.8,-0.56,0.56,-8.3,label box,0.4439,0.8068,0.0127,0.0114,,
rf,rhinal fissure,21,0,0.8,-4.1,4.1,-6.42,label box,0.2602,0.6551,0.0051,0.0114,,
rf,rhinal fissure,21,1,0.8,4.17,4.17,-6.49,label box,0.6886,0.6608,0.0051,0.0114,,
1,layer 1 of cortex,22,0,0.45,3.97,3.97,-7.04,label box,0.6784,0.7051,0.0022,0.0114,,
1,layer 1 of cortex,22,1,0.45,2.09,2.09,-8.18,label box,0.581,0.7972,0.0022,0.0114,,
1,layer 1 of cortex,22,2,0.45,-4.07,4.07,-7.05,label box,0.2618,0.7063,0.0025,0.0119,,
2,layer 2 of cortex,22,0,0.45,3.67,3.67,-6.78,label box,0.663,0.6838,0.004,0.0119,,
2,layer 2 of cortex,22,1,0.45,-3.87,3.87,-6.81,label box,0.272,0.6864,0.004,0.0119,,
2,layer 2 of cortex,22,2,0.45,1.98,1.98,-8,label box,0.5754,0.783,0.0044,0.0119,,
3,layer 3 of cortex,22,0,0.45,9.54,9.54,-6.02,label box,0.9673,0.6227,0.0065,0.0159,,
3,layer 3 of cortex,22,1,0.45,3.5,3.5,-6.56,label box,0.654,0.666,0.004,0.0119,,
3,layer 3 of cortex,22,2,0.45,-3.75,3.75,-6.61,label box,0.2784,0.6705,0.0044,0.0119,,
AI,agranular insular cortex,22,0,0.45,-4.19,4.19,-6.29,label box,0.2557,0.6441,0.0069,0.0114,,
AI,agranular insular cortex,22,1,0.45,3.95,3.95,-6.29,label box,0.6772,0.6447,0.0069,0.0114,,
CB,cell bridges of the ventral striatum,22,0,0.45,-1.86,1.86,-7.19,label box,0.3762,0.7171,0.0098,0.0119,,
CB,cell bridges of the ventral striatum,22,1,0.45,1.95,1.95,-7.27,label box,0.5736,0.7234,0.0102,0.0119,,
CPu,caudate putamen (striatum),22,0,0.45,-2.57,2.57,-4.9,label box,0.3396,0.5324,0.0142,0.0125,,
CPu,caudate putamen (striatum),22,1,0.45,2.33,2.33,-4.89,label box,0.5936,0.5315,0.0142,0.0119,,
Cg1,"cingulate cortex, area 1",22,0,0.45,0.5,0.5,-2.6,label box,0.4988,0.3467,0.0138,0.0119,,
Cg1,"cingulate cortex, area 1",22,1,0.45,-0.54,0.54,-2.61,label box,0.4448,0.3472,0.0142,0.0119,,
Cg2,"cingulate cortex, area 2",22,0,0.45,-0.55,0.55,-3.23,label box,0.444,0.3969,0.0153,0.0119,,
Cg2,"cingulate cortex, area 2",22,1,0.45,0.52,0.52,-3.22,label box,0.4998,0.3963,0.0149,0.0119,,
DCl,dorsal part of claustrum,22,0,0.45,-3.8,3.8,-5.57,label box,0.2758,0.5861,0.0116,0.0119,,
DCl,dorsal part of claustrum,22,1,0.45,3.55,3.55,-5.9,label box,0.6569,0.6131,0.012,0.0119,,
DEn,dorsal endopiriform nucleus,22,0,0.45,-3.29,3.29,-6.63,label box,0.302,0.6722,0.0138,0.0114,,
DEn,dorsal endopiriform nucleus,22,1,0.45,3.11,3.11,-6.63,label box,0.6337,0.6716,0.0138,0.0114,,
DI,dysgranular insular cortex,22,0,0.45,-4.47,4.47,-5.86,label box,0.2413,0.6094,0.0065,0.0114,,
DI,dysgranular insular cortex,22,1,0.45,4.34,4.34,-5.96,label box,0.6977,0.618,0.0065,0.0114,,
E,ependyma and subependymal layer,22,0,0.45,0.97,0.97,-5.01,label box,0.5231,0.5413,0.0036,0.0114,,
E,ependyma and subependymal layer,22,1,0.45,-0.85,0.85,-4.16,leader tip,0.412,0.5415,0.0036,0.0119,0.4288,0.4725
GI,granular insular cortex,22,0,0.45,-4.71,4.71,-5.52,label box,0.2288,0.5825,0.0069,0.0119,,
GI,granular insular cortex,22,1,0.45,4.53,4.53,-5.67,label box,0.7077,0.5941,0.0069,0.0125,,
HDB,nucleus of the horizontal limb of the diagonal band,22,0,0.45,-1.15,1.15,-7.67,label box,0.4133,0.7562,0.0156,0.0114,,
HDB,nucleus of the horizontal limb of the diagonal band,22,1,0.45,0.9,0.9,-7.63,label box,0.5195,0.7529,0.0152,0.0119,,
ICj,islands of Calleja,22,0,0.45,1.98,1.98,-7.71,leader tip,0.555,0.7674,0.0087,0.0148,0.5755,0.7591
IEn,intermediate endopiriform nucleus,22,0,0.45,2.84,2.84,-6.75,label box,0.6198,0.6813,0.0105,0.0119,,
IEn,intermediate endopiriform nucleus,22,1,0.45,-3.05,3.05,-6.79,label box,0.3149,0.6847,0.0105,0.0119,,
IG,indusium griseum,22,0,0.45,-0.17,0.17,-3.86,label box,0.4638,0.448,0.0069,0.0119,,
IPAC,interstitial nucleus of the posterior limb of the anterior commissure,22,0,0.45,1.77,1.77,-6.9,label box,0.5645,0.694,0.0164,0.0119,,
IPAC,interstitial nucleus of the posterior limb of the anterior commissure,22,1,0.45,-2.34,2.34,-7.06,label box,0.3514,0.7071,0.0218,0.0233,,
LPO,lateral preoptic area,22,0,0.45,-0.57,0.57,-6.9,label box,0.4431,0.694,0.0142,0.0119,,
LPO,lateral preoptic area,22,1,0.45,0.35,0.35,-6.89,label box,0.4909,0.6929,0.0145,0.0119,,
LSD,"lateral septal nucleus, dorsal part",22,0,0.45,-0.62,0.62,-4.19,label box,0.4404,0.4747,0.0145,0.0119,,
LSD,"lateral septal nucleus, dorsal part",22,1,0.45,0.63,0.63,-4.15,label box,0.5053,0.4713,0.0142,0.0119,,
LSI,"lateral septal nucleus, intermediate part",22,0,0.45,-0.7,0.7,-4.79,label box,0.4366,0.523,0.0105,0.0119,,
LSI,"lateral septal nucleus, intermediate part",22,1,0.45,0.62,0.62,-4.72,label box,0.5046,0.5177,0.0109,0.0119,,
LSS,lateral stripe of the striatum,22,0,0.45,-2.69,2.69,-7.06,label box,0.3332,0.7071,0.0124,0.0233,,
LSS,lateral stripe of the striatum,22,1,0.45,2.44,2.44,-7.02,label box,0.599,0.7031,0.0142,0.0119,,
LSV,"lateral septal nucleus, ventral part",22,0,0.45,-0.89,0.89,-5.56,label box,0.4264,0.5855,0.0142,0.0119,,
LSV,"lateral septal nucleus, ventral part",22,1,0.45,0.84,0.84,-5.56,label box,0.516,0.5858,0.0145,0.0125,,
M1,primary motor cortex,22,0,0.45,-1.7,1.7,-1.99,label box,0.3848,0.2972,0.0094,0.0114,,
M1,primary motor cortex,22,1,0.45,1.82,1.82,-1.87,label box,0.5668,0.287,0.0098,0.0119,,
M2,secondary motor cortex,22,0,0.45,-0.8,0.8,-1.95,label box,0.4313,0.2938,0.0109,0.0114,,
M2,secondary motor cortex,22,1,0.45,1.02,1.02,-1.93,label box,0.5254,0.292,0.0109,0.0114,,
MPA,medial preoptic area,22,0,0.45,-0.59,0.59,-7.55,label box,0.4424,0.746,0.0164,0.0114,,
MPA,medial preoptic area,22,1,0.45,0.42,0.42,-7.55,label box,0.4945,0.746,0.016,0.0114,,
MS,medial septal nucleus,22,0,0.45,-0.06,0.06,-5.76,label box,0.4695,0.6018,0.0113,0.0119,,
MnPO,median preoptic nucleus,22,0,0.45,-0.06,0.06,-7.25,label box,0.4697,0.7224,0.0214,0.0119,,
Pir,piriform cortex,22,0,0.45,-3.72,3.72,-7.05,label box,0.2802,0.7063,0.0094,0.0114,,
Pir,piriform cortex,22,1,0.45,3.52,3.52,-7.05,label box,0.6552,0.706,0.0094,0.0119,,
S1BF,"primary somatosensory cortex, barrel field",22,0,0.45,-4.52,4.52,-2.95,label box,0.2384,0.3747,0.0189,0.0119,,
S1BF,"primary somatosensory cortex, barrel field",22,1,0.45,4.99,4.99,-3.07,label box,0.7311,0.3844,0.0189,0.0119,,
S1DZ,"primary somatosensory cortex, dysgranular zone",22,0,0.45,4.04,4.04,-3.14,label box,0.6823,0.3898,0.0192,0.0119,,
S1DZ,"primary somatosensory cortex, dysgranular zone",22,1,0.45,-3.65,3.65,-3.28,label box,0.2838,0.4012,0.0196,0.0119,,
S1FL,"primary somatosensory cortex, forelimb region",22,0,0.45,3.98,3.98,-2.45,label box,0.6792,0.3342,0.0182,0.0119,,
S1FL,"primary somatosensory cortex, forelimb region",22,1,0.45,-3.59,3.59,-2.46,label box,0.2865,0.3353,0.0185,0.0119,,
S1HL,"primary somatosensory cortex, hindlimb region",22,0,0.45,2.79,2.79,-2.07,label box,0.6175,0.3035,0.0196,0.0119,,
S1HL,"primary somatosensory cortex, hindlimb region",22,1,0.45,-2.64,2.64,-2.16,label box,0.3357,0.3106,0.0196,0.0125,,
S1ULp,"primary somatosensory cortex, upper lip region",22,0,0.45,-5.13,5.13,-3.97,label box,0.2068,0.4574,0.024,0.0148,,
S1ULp,"primary somatosensory cortex, upper lip region",22,1,0.45,5.39,5.39,-4.01,label box,0.7518,0.4599,0.024,0.0142,,
S2,secondary somatosensory cortex,22,0,0.45,4.97,4.97,-5.08,label box,0.7302,0.5469,0.0091,0.0119,,
S2,secondary somatosensory cortex,22,1,0.45,-5.22,5.22,-4.89,label box,0.2023,0.5316,0.0091,0.0125,,
SFi,septofimbrial nucleus,22,0,0.45,0.15,0.15,-4.89,label box,0.4807,0.531,0.0102,0.0119,,
SHi,septohippocampal nucleus,22,0,0.45,-0.01,0.01,-4.3,label box,0.4724,0.4836,0.012,0.0119,,
SIB,"substantia innominata, basal part",22,0,0.45,-1.23,1.23,-7.26,label box,0.4092,0.723,0.0116,0.0119,,
SIB,"substantia innominata, basal part",22,1,0.45,1.06,1.06,-7.23,label box,0.5276,0.7202,0.0116,0.0119,,
ST,bed nucleus of the stria terminalis,22,0,0.45,0.81,0.81,-6.29,label box,0.5147,0.6446,0.0091,0.0119,,
ST,bed nucleus of the stria terminalis,22,1,0.45,-0.98,0.98,-6.37,label box,0.4219,0.6511,0.0109,0.025,,
Tu,olfactory tubercle,22,0,0.45,2.26,2.26,-7.96,label box,0.5899,0.7795,0.0076,0.0114,,
Tu,olfactory tubercle,22,1,0.45,-2.34,2.34,-8.05,label box,0.3517,0.7867,0.008,0.0114,,
VCl,ventral part of claustrum,22,0,0.45,-3.63,3.63,-6.14,label box,0.2845,0.6327,0.0116,0.0119,,
VCl,ventral part of claustrum,22,1,0.45,3.3,3.3,-6.23,label box,0.6438,0.6393,0.012,0.0119,,
VP,ventral pallidum,22,0,0.45,-1.36,1.36,-6.94,label box,0.4021,0.6972,0.0098,0.0114,,
VP,ventral pallidum,22,1,0.45,1.13,1.13,-6.87,label box,0.5311,0.6912,0.0098,0.0119,,
VP,ventral pallidum,22,2,0.45,-2.2,2.2,-7.44,label box,0.3585,0.7372,0.0098,0.0119,,
VP,ventral pallidum,22,3,0.45,1.72,1.72,-7.32,label box,0.5616,0.7278,0.0098,0.0114,,
aca,"anterior commissure, anterior part",22,0,0.45,1.13,1.13,-6.32,label box,0.5312,0.6472,0.0124,0.0091,,
aca,"anterior commissure, anterior part",22,1,0.45,-1.22,1.22,-6.36,label box,0.4095,0.65,0.0124,0.0091,,
cc,corpus callosum,22,0,0.45,-0.02,0.02,-4.02,label box,0.4719,0.4612,0.008,0.0091,,
cg,cingulum,22,0,0.45,-1.23,1.23,-3.28,label box,0.4092,0.4014,0.008,0.0119,,
cg,cingulum,22,1,0.45,1.29,1.29,-3.18,label box,0.5394,0.3932,0.0084,0.0114,,
ec,external capsule,22,0,0.45,3.23,3.23,-3.46,label box,0.6401,0.4159,0.0076,0.0091,,
ec,external capsule,22,1,0.45,-3.14,3.14,-3.55,label box,0.3101,0.423,0.0076,0.0085,,
fi,fimbria of the hippocampus,22,0,0.45,-0.22,0.22,-4.88,label box,0.4611,0.5307,0.0036,0.0114,,
lo,lateral olfactory tract,22,0,0.45,-3.22,3.22,-7.62,label box,0.306,0.7523,0.0058,0.0114,,
lo,lateral olfactory tract,22,1,0.45,3.09,3.09,-7.61,label box,0.6326,0.7509,0.0058,0.0119,,
mfb,medial forebrain bundle,22,0,0.45,-1.65,1.65,-7.43,label box,0.3874,0.7369,0.0124,0.0114,,
mfb,medial forebrain bundle,22,1,0.45,1.37,1.37,-7.43,label box,0.5436,0.7364,0.0134,0.0119,,
och,optic chiasm,22,0,0.45,-0.12,0.12,-8.41,label box,0.4664,0.8159,0.0127,0.0114,,
rf,rhinal fissure,22,0,0.45,-4.79,4.79,-6.77,label box,0.2246,0.683,0.0051,0.0114,,
rf,rhinal fissure,22,1,0.45,4.54,4.54,-6.72,label box,0.7078,0.6795,0.0051,0.0114,,
1,layer 1 of cortex,23,0,0.1,4.66,4.66,-7.14,label box,0.7142,0.7131,0.0025,0.0119,,
1,layer 1 of cortex,23,1,0.1,-4.76,4.76,-7.35,label box,0.2263,0.7305,0.0025,0.0114,,
2,layer 2 of cortex,23,0,0.1,4.28,4.28,-7.05,label box,0.6946,0.7055,0.004,0.0114,,
2,layer 2 of cortex,23,1,0.1,-4.41,4.41,-7.25,label box,0.2441,0.7219,0.004,0.0114,,
3,layer 3 of cortex,23,0,0.1,-4.08,4.08,-7.13,label box,0.2611,0.7122,0.004,0.0119,,
3,layer 3 of cortex,23,1,0.1,2.22,2.22,-8.01,label box,0.5878,0.7835,0.004,0.0114,,
3,layer 3 of cortex,23,2,0.1,4.01,4.01,-6.93,label box,0.6807,0.6961,0.0044,0.0119,,
3,layer 3 of cortex,23,3,0.1,-2.19,2.19,-8.18,label box,0.3593,0.7972,0.0044,0.0119,,
3V,3rd ventricle,23,0,0.1,-0.01,0.01,-7.76,label box,0.4724,0.7631,0.0098,0.0119,,
AI,agranular insular cortex,23,0,0.1,4.38,4.38,-6.52,label box,0.6999,0.6631,0.0065,0.0114,,
AI,agranular insular cortex,23,1,0.1,-4.59,4.59,-6.63,label box,0.2351,0.6716,0.0065,0.0114,,
AVPe,anteroventral periventricular nucleus,23,0,0.1,-0.41,0.41,-7.64,label box,0.4516,0.7532,0.0196,0.0114,,
CPu,caudate putamen (striatum),23,0,0.1,-2.74,2.74,-4.54,label box,0.3309,0.5031,0.0142,0.0119,,
CPu,caudate putamen (striatum),23,1,0.1,2.76,2.76,-4.52,label box,0.6156,0.5014,0.0138,0.0119,,
Cg1,"cingulate cortex, area 1",23,0,0.1,-0.44,0.44,-2.33,label box,0.4497,0.3242,0.0138,0.0125,,
Cg1,"cingulate cortex, area 1",23,1,0.1,0.45,0.45,-2.32,label box,0.4959,0.3239,0.0138,0.0119,,
Cg2,"cingulate cortex, area 2",23,0,0.1,0.49,0.49,-3.11,label box,0.4982,0.3875,0.0153,0.0125,,
Cg2,"cingulate cortex, area 2",23,1,0.1,-0.44,0.44,-3.13,label box,0.45,0.3889,0.0149,0.0119,,
DCl,dorsal part of claustrum,23,0,0.1,-4.01,4.01,-6.06,label box,0.2651,0.6259,0.012,0.0119,,
DCl,dorsal part of claustrum,23,1,0.1,3.98,3.98,-5.86,label box,0.6792,0.6094,0.0123,0.0125,,
DEn,dorsal endopiriform nucleus,23,0,0.1,3.49,3.49,-6.77,label box,0.6537,0.683,0.0138,0.0114,,
DEn,dorsal endopiriform nucleus,23,1,0.1,-3.62,3.62,-7.07,label box,0.2854,0.7074,0.0134,0.0114,,
DI,dysgranular insular cortex,23,0,0.1,4.79,4.79,-6.07,label box,0.7211,0.627,0.0062,0.0108,,
DI,dysgranular insular cortex,23,1,0.1,-4.94,4.94,-6.23,label box,0.2166,0.6393,0.0065,0.0119,,
E,ependyma and subependymal layer,23,0,0.1,-1.31,1.31,-4.98,label box,0.4051,0.5384,0.0036,0.0114,,
E,ependyma and subependymal layer,23,1,0.1,1.08,1.08,-5.01,label box,0.5285,0.541,0.0036,0.0119,,
Fu,"bed nucleus of stria terminalis, fusiform part",23,0,0.1,1.24,1.24,-6.67,label box,0.5372,0.675,0.0076,0.0114,,
Fu,"bed nucleus of stria terminalis, fusiform part",23,1,0.1,-1.47,1.47,-6.83,label box,0.3966,0.6881,0.0076,0.0114,,
GI,granular insular cortex,23,0,0.1,4.98,4.98,-5.62,label box,0.7306,0.5906,0.0069,0.0119,,
GI,granular insular cortex,23,1,0.1,-5.15,5.15,-5.94,label box,0.2057,0.6165,0.0065,0.0125,,
HDB,nucleus of the horizontal limb of the diagonal band,23,0,0.1,-1.35,1.35,-7.88,label box,0.4028,0.7727,0.0156,0.0114,,
HDB,nucleus of the horizontal limb of the diagonal band,23,1,0.1,1.27,1.27,-7.74,label box,0.5387,0.7616,0.0156,0.0119,,
I,intercalated nuclei of the amygdala,23,0,0.1,2.11,2.11,-7.12,leader tip,0.5699,0.7219,0.0007,0.0114,0.582,0.7115
IEn,intermediate endopiriform nucleus,23,0,0.1,3.18,3.18,-7.05,label box,0.6374,0.7057,0.0102,0.0114,,
IEn,intermediate endopiriform nucleus,23,1,0.1,-3.19,3.19,-7.2,label box,0.3072,0.7177,0.0105,0.0119,,
IG,indusium griseum,23,0,0.1,0.18,0.18,-3.61,label box,0.4822,0.4276,0.0065,0.0119,,
IPAC,interstitial nucleus of the posterior limb of the anterior commissure,23,0,0.1,2.42,2.42,-6.47,label box,0.5983,0.6594,0.0164,0.0119,,
IPAC,interstitial nucleus of the posterior limb of the anterior commissure,23,1,0.1,-2.67,2.67,-6.77,label box,0.3343,0.6832,0.016,0.0119,,
IPAC,interstitial nucleus of the posterior limb of the anterior commissure,23,2,0.1,2.39,2.39,-6.92,label box,0.5968,0.6957,0.0164,0.0119,,
IPAC,interstitial nucleus of the posterior limb of the anterior commissure,23,3,0.1,-2.46,2.46,-7.06,label box,0.345,0.7065,0.0164,0.0119,,
LPO,lateral preoptic area,23,0,0.1,-0.77,0.77,-7.1,label box,0.433,0.7099,0.0142,0.0119,,
LPO,lateral preoptic area,23,1,0.1,0.59,0.59,-7.06,label box,0.5033,0.7071,0.0145,0.0119,,
LSD,"lateral septal nucleus, dorsal part",23,0,0.1,-0.63,0.63,-3.88,label box,0.4402,0.4497,0.0142,0.0119,,
LSD,"lateral septal nucleus, dorsal part",23,1,0.1,0.63,0.63,-3.88,label box,0.5056,0.4497,0.0142,0.0119,,
LSI,"lateral septal nucleus, intermediate part",23,0,0.1,-0.74,0.74,-4.46,label box,0.4342,0.4963,0.0109,0.0119,,
LSI,"lateral septal nucleus, intermediate part",23,1,0.1,0.71,0.71,-4.44,label box,0.5093,0.4952,0.0105,0.0119,,
LSS,lateral stripe of the striatum,23,0,0.1,2.87,2.87,-7.04,label box,0.6215,0.7048,0.0142,0.0119,,
LSV,"lateral septal nucleus, ventral part",23,0,0.1,-0.82,0.82,-5.29,label box,0.4301,0.5634,0.0142,0.0119,,
LSV,"lateral septal nucleus, ventral part",23,1,0.1,0.78,0.78,-5.16,label box,0.5133,0.5529,0.0145,0.0119,,
LV,lateral ventricle,23,0,0.1,-1.12,1.12,-4.98,label box,0.4149,0.5384,0.008,0.0114,,
M1,primary motor cortex,23,0,0.1,-1.69,1.69,-1.85,label box,0.3854,0.2858,0.0098,0.0114,,
M1,primary motor cortex,23,1,0.1,1.75,1.75,-1.86,label box,0.5636,0.2864,0.0094,0.0114,,
M2,secondary motor cortex,23,0,0.1,-0.91,0.91,-1.84,label box,0.4255,0.2847,0.0109,0.0114,,
M2,secondary motor cortex,23,1,0.1,1.02,1.02,-1.84,label box,0.5256,0.2847,0.0113,0.0114,,
MCPO,magnocellular preoptic nucleus,23,0,0.1,-1.88,1.88,-8.01,label box,0.3754,0.7838,0.0225,0.0119,,
MCPO,magnocellular preoptic nucleus,23,1,0.1,1.86,1.86,-7.74,label box,0.5689,0.7616,0.0222,0.0119,,
MPA,medial preoptic area,23,0,0.1,0.28,0.28,-7.39,label box,0.4873,0.7335,0.016,0.0114,,
MS,medial septal nucleus,23,0,0.1,0.01,0.01,-5.45,label box,0.4735,0.5764,0.0116,0.0119,,
MnPO,median preoptic nucleus,23,0,0.1,-0.14,0.14,-6.29,leader tip,0.4697,0.6725,0.0218,0.0125,0.4654,0.6441
PS,parastrial nucleus,23,0,0.1,0.84,0.84,-6.69,label box,0.5162,0.677,0.0091,0.0119,,
PS,parastrial nucleus,23,1,0.1,-1.08,1.08,-6.77,label box,0.4167,0.6836,0.0094,0.0119,,
Pir,piriform cortex,23,0,0.1,-4.23,4.23,-7.68,label box,0.2536,0.7568,0.0094,0.0114,,
Pir,piriform cortex,23,1,0.1,4.22,4.22,-7.53,label box,0.6915,0.7446,0.0094,0.0119,,
S1BF,"primary somatosensory cortex, barrel field",23,0,0.1,-4.49,4.49,-2.85,label box,0.2402,0.3668,0.0189,0.0119,,
S1BF,"primary somatosensory cortex, barrel field",23,1,0.1,4.71,4.71,-2.79,label box,0.7166,0.3616,0.0189,0.0119,,
S1DZ,"primary somatosensory cortex, dysgranular zone",23,0,0.1,-3.38,3.38,-3.04,label box,0.2976,0.3821,0.0189,0.0119,,
S1DZ,"primary somatosensory cortex, dysgranular zone",23,1,0.1,3.81,3.81,-3.13,label box,0.6702,0.3889,0.0193,0.0119,,
S1FL,"primary somatosensory cortex, forelimb region",23,0,0.1,-3.23,3.23,-2.23,label box,0.3052,0.3162,0.0182,0.0119,,
S1FL,"primary somatosensory cortex, forelimb region",23,1,0.1,3.72,3.72,-2.27,label box,0.6657,0.3196,0.0182,0.0119,,
S1HL,"primary somatosensory cortex, hindlimb region",23,0,0.1,2.62,2.62,-1.98,label box,0.6084,0.2961,0.0196,0.0119,,
S1HL,"primary somatosensory cortex, hindlimb region",23,1,0.1,-2.46,2.46,-2,label box,0.3455,0.2978,0.0196,0.0119,,
S1ULp,"primary somatosensory cortex, upper lip region",23,0,0.1,-5.37,5.37,-3.99,label box,0.1944,0.4585,0.024,0.0148,,
S1ULp,"primary somatosensory cortex, upper lip region",23,1,0.1,5.41,5.41,-3.85,label box,0.7529,0.4474,0.024,0.0142,,
S2,secondary somatosensory cortex,23,0,0.1,5.2,5.2,-4.95,label box,0.7422,0.5364,0.0091,0.0125,,
S2,secondary somatosensory cortex,23,1,0.1,-5.25,5.25,-5.12,label box,0.2008,0.5498,0.0091,0.0125,,
SFi,septofimbrial nucleus,23,0,0.1,-0.38,0.38,-4.95,label box,0.4528,0.5361,0.0102,0.0119,,
SFi,septofimbrial nucleus,23,1,0.1,0.32,0.32,-4.94,label box,0.4891,0.5355,0.0102,0.0119,,
SHi,septohippocampal nucleus,23,0,0.1,-0.02,0.02,-3.99,label box,0.4718,0.4588,0.012,0.0119,,
SIB,"substantia innominata, basal part",23,0,0.1,-1.56,1.56,-7.47,label box,0.3921,0.7395,0.0116,0.0119,,
SIB,"substantia innominata, basal part",23,1,0.1,1.35,1.35,-7.33,label box,0.5429,0.7287,0.0116,0.0119,,
SO,supraoptic nucleus,23,0,0.1,-0.83,0.83,-8.13,label box,0.4298,0.7932,0.0102,0.0119,,
STLV,"bed nucleus of the stria terminalis, lateral division, ventral part",23,0,0.1,1.3,1.3,-6.47,label box,0.54,0.6594,0.0182,0.0119,,
STLV,"bed nucleus of the stria terminalis, lateral division, ventral part",23,1,0.1,-1.52,1.52,-6.59,label box,0.3942,0.6685,0.0182,0.0125,,
STMA,"bed nucleus of the stria terminalis, medial division, anterior part",23,0,0.1,0.79,0.79,-5.89,label box,0.5138,0.612,0.0221,0.0119,,
STMA,"bed nucleus of the stria terminalis, medial division, anterior part",23,1,0.1,-0.86,0.86,-5.94,label box,0.4283,0.616,0.0218,0.0119,,
STMV,"bed nucleus of the stria terminalis, medial division, ventral part",23,0,0.1,-0.96,0.96,-6.49,label box,0.4228,0.6605,0.0214,0.0119,,
STMV,"bed nucleus of the stria terminalis, medial division, ventral part",23,1,0.1,0.77,0.77,-6.47,label box,0.5125,0.6588,0.0214,0.0119,,
StA,strial part of the preoptic area,23,0,0.1,0.74,0.74,-5.88,label box,0.5109,0.6111,0.032,0.0415,,
StA,strial part of the preoptic area,23,1,0.1,-0.61,0.61,-6.24,label box,0.4411,0.6403,0.0124,0.0114,,
StA,strial part of the preoptic area,23,2,0.1,0.57,0.57,-6.25,label box,0.5022,0.6412,0.0124,0.0119,,
Tu,olfactory tubercle,23,0,0.1,1.93,1.93,-8.17,label box,0.5725,0.7966,0.008,0.0119,,
Tu,olfactory tubercle,23,1,0.1,-2.46,2.46,-8.38,label box,0.3452,0.8137,0.008,0.0119,,
VCl,ventral part of claustrum,23,0,0.1,3.68,3.68,-6.34,label box,0.6635,0.6486,0.0116,0.0119,,
VCl,ventral part of claustrum,23,1,0.1,-3.77,3.77,-6.54,label box,0.2776,0.6645,0.0116,0.0119,,
VLPO,ventrolateral preoptic nucleus,23,0,0.1,-0.73,0.73,-7.95,label box,0.435,0.7785,0.02,0.0119,,
VP,ventral pallidum,23,0,0.1,-1.88,1.88,-7.14,label box,0.3755,0.7131,0.0098,0.0114,,
VP,ventral pallidum,23,1,0.1,1.65,1.65,-7.01,label box,0.558,0.7028,0.0098,0.0114,,
aca,"anterior commissure, anterior part",23,0,0.1,-1,1,-6.23,label box,0.4208,0.6398,0.0124,0.0091,,
aca,"anterior commissure, anterior part",23,1,0.1,0.91,0.91,-6.2,label box,0.52,0.6375,0.0124,0.017,,
acer,anterior cerebral artery,23,0,0.1,-1.08,1.08,-8.32,label box,0.4168,0.8085,0.0153,0.0091,,
acer,anterior cerebral artery,23,1,0.1,1.13,1.13,-8.27,label box,0.5314,0.8043,0.0156,0.0085,,
acp,"anterior commissure, posterior part",23,0,0.1,-1.6,1.6,-6.39,label box,0.3897,0.6523,0.0127,0.0114,,
acp,"anterior commissure, posterior part",23,1,0.1,1.46,1.46,-6.33,label box,0.5483,0.6475,0.0127,0.0114,,
cc,corpus callosum,23,0,0.1,-0.01,0.01,-3.74,label box,0.4724,0.4384,0.0084,0.0091,,
cg,cingulum,23,0,0.1,-1.06,1.06,-3.13,label box,0.4179,0.3892,0.008,0.0114,,
cg,cingulum,23,1,0.1,1.14,1.14,-3.07,label box,0.532,0.3847,0.0084,0.0119,,
ec,external capsule,23,0,0.1,-2.98,2.98,-3.29,label box,0.3185,0.4023,0.0076,0.0091,,
ec,external capsule,23,1,0.1,3.27,3.27,-3.29,label box,0.6424,0.4021,0.0076,0.0091,,
f,fornix,23,0,0.1,-0.22,0.22,-4.82,label box,0.4615,0.5254,0.0025,0.0114,,
f,fornix,23,1,0.1,0.13,0.13,-4.83,label box,0.4793,0.5265,0.0025,0.0114,,
fi,fimbria of the hippocampus,23,0,0.1,-0.39,0.39,-4.76,label box,0.4524,0.5205,0.0036,0.0114,,
fi,fimbria of the hippocampus,23,1,0.1,0.33,0.33,-4.76,label box,0.4896,0.5205,0.004,0.0114,,
ic,internal capsule,23,0,0.1,-1.51,1.51,-5.82,label box,0.3946,0.6063,0.0051,0.0119,,
ic,internal capsule,23,1,0.1,1.51,1.51,-5.82,label box,0.551,0.6063,0.0051,0.0119,,
lo,lateral olfactory tract,23,0,0.1,-3.56,3.56,-8.31,label box,0.288,0.8077,0.0055,0.0119,,
lo,lateral olfactory tract,23,1,0.1,3.47,3.47,-8.21,label box,0.6523,0.7995,0.0058,0.0119,,
mcer,middle cerebral artery,23,0,0.1,2.76,2.76,-8.38,label box,0.6159,0.8134,0.0185,0.0091,,
mcer,middle cerebral artery,23,1,0.1,-2.84,2.84,-8.49,label box,0.3257,0.8219,0.0185,0.0091,,
mfb,medial forebrain bundle,23,0,0.1,-1.76,1.76,-7.73,label box,0.3814,0.7608,0.0134,0.0114,,
mfb,medial forebrain bundle,23,1,0.1,1.63,1.63,-7.55,label box,0.557,0.7467,0.0134,0.0119,,
och,optic chiasm,23,0,0.1,0.05,0.05,-8.23,label box,0.4751,0.8009,0.0127,0.0119,,
rf,rhinal fissure,23,0,0.1,5.01,5.01,-6.93,label box,0.7322,0.696,0.0051,0.0114,,
rf,rhinal fissure,23,1,0.1,-5.32,5.32,-6.98,label box,0.1973,0.7,0.0051,0.0114,,
1,layer 1 of cortex,24,0,-0.25,-5.05,5.05,-7.6,label box,0.2111,0.7506,0.0022,0.0114,,
1,layer 1 of cortex,24,1,-0.25,5.09,5.09,-7.55,label box,0.7364,0.7464,0.0025,0.0114,,
1,layer 1 of cortex,24,2,-0.25,-3.75,3.75,-8.27,label box,0.2785,0.8043,0.0025,0.0114,,
1,layer 1 of cortex,24,3,-0.25,4.04,4.04,-8.35,label box,0.6823,0.8109,0.0025,0.0119,,
2,layer 2 of cortex,24,0,-0.25,-4.74,4.74,-7.48,label box,0.2273,0.7409,0.004,0.0114,,
2,layer 2 of cortex,24,1,-0.25,3.95,3.95,-8.17,label box,0.6775,0.7966,0.004,0.0114,,
2,layer 2 of cortex,24,2,-0.25,4.84,4.84,-7.43,label box,0.7237,0.7364,0.004,0.0119,,
2,layer 2 of cortex,24,3,-0.25,-3.71,3.71,-8.05,label box,0.2807,0.7864,0.004,0.0119,,
3,layer 3 of cortex,24,0,-0.25,-4.47,4.47,-7.44,label box,0.2409,0.7372,0.0044,0.0119,,
3,layer 3 of cortex,24,1,-0.25,-3.66,3.66,-7.78,label box,0.2829,0.7645,0.004,0.0119,,
3,layer 3 of cortex,24,2,-0.25,3.87,3.87,-7.93,label box,0.6735,0.7767,0.004,0.0114,,
3,layer 3 of cortex,24,3,-0.25,4.54,4.54,-7.32,label box,0.7081,0.7279,0.004,0.0119,,
3V,3rd ventricle,24,0,-0.25,-0.04,0.04,-5.68,label box,0.4706,0.5949,0.0094,0.0114,,
3V,3rd ventricle,24,1,-0.25,0.01,0.01,-7.85,label box,0.473,0.7705,0.0094,0.0119,,
AA,anterior amygdaloid area,24,0,-0.25,3.06,3.06,-7.7,label box,0.6315,0.7586,0.0134,0.0131,,
AA,anterior amygdaloid area,24,1,-0.25,-3.05,3.05,-7.73,label box,0.3145,0.7609,0.0134,0.0131,,
ACo,anterior cortical amygdaloid nucleus,24,0,-0.25,3.05,3.05,-7.93,label box,0.6306,0.777,0.0149,0.0119,,
ACo,anterior cortical amygdaloid nucleus,24,1,-0.25,-3.04,3.04,-7.95,label box,0.3152,0.7785,0.0149,0.0119,,
AI,agranular insular cortex,24,0,-0.25,-5.02,5.02,-6.46,label box,0.2126,0.658,0.0065,0.0114,,
AI,agranular insular cortex,24,1,-0.25,4.77,4.77,-6.45,label box,0.7197,0.6574,0.0069,0.0114,,
B,basal nucleus (Meynert),24,0,-0.25,-0.8,0.8,-5.98,label box,0.4315,0.6193,0.004,0.0114,,
B,basal nucleus (Meynert),24,1,-0.25,1.99,1.99,-6.52,label box,0.5761,0.6631,0.004,0.0114,,
B,basal nucleus (Meynert),24,2,-0.25,-1.95,1.95,-6.64,label box,0.3715,0.6727,0.004,0.0114,,
BAC,bed nucleus of the anterior commissure,24,0,-0.25,0.64,0.64,-5.91,label box,0.506,0.6139,0.0149,0.0119,,
BAC,bed nucleus of the anterior commissure,24,1,-0.25,-0.7,0.7,-5.97,label box,0.4367,0.6188,0.0152,0.0119,,
CPu,caudate putamen (striatum),24,0,-0.25,3.01,3.01,-4.34,label box,0.6285,0.4869,0.0142,0.0125,,
CPu,caudate putamen (striatum),24,1,-0.25,-3.08,3.08,-4.53,label box,0.313,0.5026,0.0142,0.0119,,
Cg1,"cingulate cortex, area 1",24,0,-0.25,-0.43,0.43,-2.21,label box,0.4506,0.3145,0.0138,0.0119,,
Cg1,"cingulate cortex, area 1",24,1,-0.25,0.38,0.38,-2.19,label box,0.4922,0.3131,0.0138,0.0119,,
Cg2,"cingulate cortex, area 2",24,0,-0.25,-0.46,0.46,-2.89,label box,0.4488,0.3696,0.0153,0.0119,,
Cg2,"cingulate cortex, area 2",24,1,-0.25,0.47,0.47,-2.87,label box,0.4973,0.3685,0.0149,0.0119,,
CxA,cortex-amygdala transition zone,24,0,-0.25,3.54,3.54,-8.13,label box,0.6564,0.7929,0.0142,0.0199,,
CxA,cortex-amygdala transition zone,24,1,-0.25,-3.43,3.43,-8.11,label box,0.2952,0.7918,0.0134,0.0119,,
DCl,dorsal part of claustrum,24,0,-0.25,4.24,4.24,-5.98,label box,0.6924,0.6193,0.012,0.0114,,
DCl,dorsal part of claustrum,24,1,-0.25,-4.26,4.26,-6.21,label box,0.252,0.6384,0.012,0.0119,,
DEn,dorsal endopiriform nucleus,24,0,-0.25,3.82,3.82,-6.75,label box,0.6708,0.6813,0.0138,0.0114,,
DEn,dorsal endopiriform nucleus,24,1,-0.25,-3.87,3.87,-6.86,label box,0.2722,0.6903,0.0138,0.0114,,
DI,dysgranular insular cortex,24,0,-0.25,5.08,5.08,-5.83,label box,0.7362,0.6071,0.0065,0.0119,,
DI,dysgranular insular cortex,24,1,-0.25,-5.29,5.29,-5.96,label box,0.1988,0.6176,0.0065,0.0114,,
GI,granular insular cortex,24,0,-0.25,5.26,5.26,-5.38,label box,0.7453,0.5707,0.0065,0.0119,,
GI,granular insular cortex,24,1,-0.25,-5.4,5.4,-5.64,label box,0.1928,0.5918,0.0069,0.0119,,
GP,globus pallidus,24,0,-0.25,-2.05,2.05,-5.65,label box,0.3663,0.5926,0.0102,0.0125,,
GP,globus pallidus,24,1,-0.25,1.88,1.88,-5.66,label box,0.5701,0.5935,0.0102,0.0119,,
HDB,nucleus of the horizontal limb of the diagonal band,24,0,-0.25,1.77,1.77,-7.7,label box,0.5643,0.7585,0.0153,0.0114,,
HDB,nucleus of the horizontal limb of the diagonal band,24,1,-0.25,-1.77,1.77,-7.92,label box,0.381,0.7761,0.0156,0.0114,,
I,intercalated nuclei of the amygdala,24,0,-0.25,3.37,3.37,-6.56,label box,0.6471,0.6665,0.0011,0.0108,,
I,intercalated nuclei of the amygdala,24,1,-0.25,-3.29,3.29,-6.69,label box,0.3021,0.6771,0.0011,0.0114,,
I,intercalated nuclei of the amygdala,24,2,-0.25,2.58,2.58,-6.89,label box,0.6062,0.6932,0.0007,0.0119,,
I,intercalated nuclei of the amygdala,24,3,-0.25,2.79,2.79,-6.98,label box,0.6173,0.7001,0.0011,0.0119,,
I,intercalated nuclei of the amygdala,24,4,-0.25,3.23,3.23,-7.13,label box,0.6402,0.7123,0.0011,0.0114,,
I,intercalated nuclei of the amygdala,24,5,-0.25,-3.17,3.17,-7.25,label box,0.3083,0.7222,0.0011,0.0119,,
IEn,intermediate endopiriform nucleus,24,0,-0.25,3.52,3.52,-6.97,label box,0.6552,0.6994,0.0102,0.0114,,
IEn,intermediate endopiriform nucleus,24,1,-0.25,-3.56,3.56,-7.17,label box,0.288,0.7154,0.0105,0.0119,,
IG,indusium griseum,24,0,-0.25,-0.18,0.18,-3.33,label box,0.4634,0.4052,0.0069,0.0119,,
IPAC,interstitial nucleus of the posterior limb of the anterior commissure,24,0,-0.25,-2.95,2.95,-6.58,label box,0.3199,0.6679,0.0164,0.0119,,
IPAC,interstitial nucleus of the posterior limb of the anterior commissure,24,1,-0.25,2.55,2.55,-6.61,label box,0.6048,0.6707,0.0164,0.0119,,
IPAC,interstitial nucleus of the posterior limb of the anterior commissure,24,2,-0.25,-2.77,2.77,-6.91,label box,0.3292,0.6946,0.016,0.0119,,
IPAC,interstitial nucleus of the posterior limb of the anterior commissure,24,3,-0.25,2.88,2.88,-6.43,label box,0.6222,0.6557,0.016,0.0119,,
LPO,lateral preoptic area,24,0,-0.25,-1.34,1.34,-7.09,label box,0.4033,0.7088,0.0145,0.0119,,
LPO,lateral preoptic area,24,1,-0.25,1.14,1.14,-7.09,label box,0.532,0.7094,0.0145,0.0119,,
LSD,"lateral septal nucleus, dorsal part",24,0,-0.25,-0.79,0.79,-3.71,label box,0.432,0.4361,0.0145,0.0119,,
LSD,"lateral septal nucleus, dorsal part",24,1,-0.25,0.63,0.63,-3.7,label box,0.5056,0.4355,0.0142,0.0119,,
LTer,lemina terminalis,24,0,-0.25,-0.06,0.06,-5.36,label box,0.4695,0.569,0.0138,0.0119,,
LV,lateral ventricle,24,0,-0.25,0.98,0.98,-5.01,label box,0.5236,0.5409,0.008,0.0114,,
M1,primary motor cortex,24,0,-0.25,-1.52,1.52,-1.71,label box,0.3941,0.2744,0.0098,0.0114,,
M1,primary motor cortex,24,1,-0.25,1.48,1.48,-1.74,label box,0.5496,0.2767,0.0098,0.0114,,
M2,secondary motor cortex,24,0,-0.25,-0.84,0.84,-1.71,label box,0.4293,0.2747,0.0105,0.0119,,
M2,secondary motor cortex,24,1,-0.25,0.96,0.96,-1.72,label box,0.5225,0.2756,0.0109,0.0114,,
MCPO,magnocellular preoptic nucleus,24,0,-0.25,2.37,2.37,-7.54,label box,0.5957,0.7452,0.0225,0.0125,,
MCPO,magnocellular preoptic nucleus,24,1,-0.25,-2.38,2.38,-7.8,label box,0.3495,0.7663,0.0225,0.0125,,
MPA,medial preoptic area,24,0,-0.25,-0.61,0.61,-7.12,label box,0.4411,0.7114,0.016,0.0114,,
MPA,medial preoptic area,24,1,-0.25,0.52,0.52,-7.07,label box,0.4996,0.7077,0.016,0.0244,,
MPO,medial preoptic nucleus,24,0,-0.25,-0.31,0.31,-7.32,label box,0.4569,0.7281,0.0171,0.0119,,
MPO,medial preoptic nucleus,24,1,-0.25,0.22,0.22,-7.34,label box,0.4842,0.7293,0.0171,0.0119,,
MnPO,median preoptic nucleus,24,0,-0.25,-0.02,0.02,-6.35,label box,0.4715,0.6491,0.0214,0.0119,,
PS,parastrial nucleus,24,0,-0.25,-0.63,0.63,-6.54,label box,0.4399,0.6645,0.0091,0.0119,,
PS,parastrial nucleus,24,1,-0.25,0.57,0.57,-6.52,label box,0.5024,0.6628,0.0094,0.0125,,
Pe,periventricular hypothalamic nucleus,24,0,-0.25,0.12,0.12,-7.02,label box,0.4789,0.7037,0.0124,0.0119,,
Pir,piriform cortex,24,0,-0.25,4.67,4.67,-7.67,label box,0.7148,0.7562,0.0094,0.0114,,
Pir,piriform cortex,24,1,-0.25,-4.5,4.5,-7.76,label box,0.2396,0.7636,0.0091,0.0114,,
S1,primary somatosensory cortex,24,0,-0.25,5.65,5.65,-4.26,label box,0.7656,0.4807,0.008,0.0114,,
S1BF,"primary somatosensory cortex, barrel field",24,0,-0.25,-4.41,4.41,-2.57,label box,0.244,0.3443,0.0185,0.0114,,
S1BF,"primary somatosensory cortex, barrel field",24,1,-0.25,4.34,4.34,-2.59,label box,0.6977,0.3452,0.0189,0.0119,,
S1DZ,"primary somatosensory cortex, dysgranular zone",24,0,-0.25,-3.35,3.35,-2.61,label box,0.2992,0.3469,0.0193,0.0119,,
S1DZ,"primary somatosensory cortex, dysgranular zone",24,1,-0.25,3.48,3.48,-2.65,label box,0.6532,0.3503,0.0193,0.0119,,
S1FL,"primary somatosensory cortex, forelimb region",24,0,-0.25,3.14,3.14,-2,label box,0.6355,0.2977,0.0182,0.0125,,
S1FL,"primary somatosensory cortex, forelimb region",24,1,-0.25,-3,3,-2.03,label box,0.3172,0.3003,0.0182,0.0119,,
S1HL,"primary somatosensory cortex, hindlimb region",24,0,-0.25,2.36,2.36,-1.8,label box,0.5948,0.2815,0.0196,0.0119,,
S1HL,"primary somatosensory cortex, hindlimb region",24,1,-0.25,-2.28,2.28,-1.82,label box,0.3544,0.283,0.02,0.0119,,
S1ULp,"primary somatosensory cortex, upper lip region",24,0,-0.25,5.34,5.34,-3.45,label box,0.7496,0.4151,0.024,0.0142,,
S1ULp,"primary somatosensory cortex, upper lip region",24,1,-0.25,-5.64,5.64,-3.58,label box,0.1804,0.4259,0.0243,0.0142,,
S2,secondary somatosensory cortex,24,0,-0.25,5.55,5.55,-4.74,label box,0.7604,0.519,0.0091,0.0119,,
S2,secondary somatosensory cortex,24,1,-0.25,-5.58,5.58,-4.88,label box,0.1837,0.5304,0.0091,0.0119,,
SFi,septofimbrial nucleus,24,0,-0.25,-0.95,0.95,-4.3,label box,0.4233,0.4838,0.0102,0.0119,,
SFi,septofimbrial nucleus,24,1,-0.25,0.69,0.69,-4.28,label box,0.5084,0.4821,0.0102,0.0119,,
SHi,septohippocampal nucleus,24,0,-0.25,-0.07,0.07,-4,label box,0.4693,0.4594,0.012,0.0119,,
SIB,"substantia innominata, basal part",24,0,-0.25,1.87,1.87,-7.13,label box,0.5694,0.7122,0.0116,0.0119,,
SIB,"substantia innominata, basal part",24,1,-0.25,-2,2,-7.26,label box,0.369,0.723,0.0113,0.0119,,
SO,supraoptic nucleus,24,0,-0.25,1.14,1.14,-7.97,label box,0.5318,0.7804,0.0098,0.0119,,
SO,supraoptic nucleus,24,1,-0.25,-1.18,1.18,-8.08,label box,0.4114,0.789,0.0098,0.0125,,
STLI,"bed nucleus of the stria terminalis, lateral division, intermediate part",24,0,-0.25,1.04,1.04,-6.03,label box,0.5267,0.6236,0.0156,0.0119,,
STLI,"bed nucleus of the stria terminalis, lateral division, intermediate part",24,1,-0.25,-1.23,1.23,-6.06,label box,0.409,0.6259,0.0156,0.0119,,
STLP,"bed nucleus of the stria terminalis, lateral division, posterior part",24,0,-0.25,1.35,1.35,-5.77,label box,0.5427,0.6026,0.0185,0.0119,,
STLP,"bed nucleus of the stria terminalis, lateral division, posterior part",24,1,-0.25,-1.52,1.52,-5.82,label box,0.3942,0.6069,0.0189,0.0119,,
STLV,"bed nucleus of the stria terminalis, lateral division, ventral part",24,0,-0.25,1.11,1.11,-6.29,label box,0.5302,0.6446,0.0182,0.0119,,
STLV,"bed nucleus of the stria terminalis, lateral division, ventral part",24,1,-0.25,-1.21,1.21,-6.38,label box,0.4102,0.6518,0.0182,0.0119,,
STMA,"bed nucleus of the stria terminalis, medial division, anterior part",24,0,-0.25,-0.98,0.98,-5.67,label box,0.4217,0.594,0.0214,0.0119,,
STMA,"bed nucleus of the stria terminalis, medial division, anterior part",24,1,-0.25,0.81,0.81,-5.65,label box,0.5149,0.5929,0.0218,0.0119,,
STMV,"bed nucleus of the stria terminalis, medial division, ventral part",24,0,-0.25,0.49,0.49,-6.3,label box,0.4982,0.6452,0.0218,0.0119,,
STMV,"bed nucleus of the stria terminalis, medial division, ventral part",24,1,-0.25,-0.56,0.56,-6.3,label box,0.4439,0.6455,0.0218,0.0119,,
TS,triangular septal nucleus,24,0,-0.25,-0.07,0.07,-4.66,label box,0.4689,0.5128,0.0091,0.0119,,
VCl,ventral part of claustrum,24,0,-0.25,4.01,4.01,-6.3,label box,0.6804,0.6457,0.012,0.0119,,
VCl,ventral part of claustrum,24,1,-0.25,-4.05,4.05,-6.47,label box,0.2627,0.6594,0.0116,0.0119,,
VEn,ventral endopiriform nucleus,24,0,-0.25,-3.97,3.97,-7.15,label box,0.2671,0.7142,0.0138,0.0114,,
VEn,ventral endopiriform nucleus,24,1,-0.25,3.99,3.99,-7.19,label box,0.6795,0.717,0.0138,0.0114,,
VLPO,ventrolateral preoptic nucleus,24,0,-0.25,0.79,0.79,-7.93,label box,0.5136,0.777,0.02,0.0119,,
VLPO,ventrolateral preoptic nucleus,24,1,-0.25,-0.77,0.77,-7.98,label box,0.433,0.7807,0.02,0.0125,,
VMPO,ventromedial preoptic nucleus,24,0,-0.25,0.33,0.33,-7.72,label box,0.4898,0.7599,0.0225,0.0119,,
VMPO,ventromedial preoptic nucleus,24,1,-0.25,-0.32,0.32,-7.72,label box,0.4563,0.7597,0.0225,0.0119,,
VP,ventral pallidum,24,0,-0.25,2.14,2.14,-6.91,label box,0.5834,0.6943,0.0098,0.0114,,
VP,ventral pallidum,24,1,-0.25,-2.23,2.23,-7,label box,0.3574,0.7017,0.0098,0.0114,,
aca,"anterior commissure, anterior part",24,0,-0.25,-0.02,0.02,-6.1,label box,0.4717,0.6288,0.0127,0.0091,,
acp,"anterior commissure, posterior part",24,0,-0.25,3.2,3.2,-6.76,label box,0.6388,0.6824,0.0124,0.0114,,
acp,"anterior commissure, posterior part",24,1,-0.25,-3.27,3.27,-6.87,label box,0.3031,0.6912,0.0124,0.0119,,
acp,"anterior commissure, posterior part",24,2,-0.25,-0.02,0.02,-5.87,label box,0.4717,0.6109,0.0127,0.0119,,
cc,corpus callosum,24,0,-0.25,-0.03,0.03,-3.48,label box,0.4712,0.4174,0.008,0.0091,,
cg,cingulum,24,0,-0.25,-1.1,1.1,-2.97,label box,0.4157,0.3761,0.008,0.0114,,
cg,cingulum,24,1,-0.25,1.08,1.08,-2.97,label box,0.5289,0.3759,0.008,0.0114,,
chp,choroid plexus,24,0,-0.25,-1.32,1.32,-4.11,label box,0.4041,0.4685,0.0131,0.0142,,
ec,external capsule,24,0,-0.25,-3.99,3.99,-3.65,label box,0.2658,0.4313,0.0076,0.0091,,
ec,external capsule,24,1,-0.25,4.01,4.01,-3.6,label box,0.6806,0.4273,0.008,0.0091,,
f,fornix,24,0,-0.25,-0.43,0.43,-5.68,label box,0.4504,0.5955,0.0025,0.0114,,
f,fornix,24,1,-0.25,0.34,0.34,-5.67,label box,0.4906,0.594,0.0022,0.0119,,
fi,fimbria of the hippocampus,24,0,-0.25,1.08,1.08,-4.4,label box,0.5289,0.4918,0.0033,0.0108,,
fi,fimbria of the hippocampus,24,1,-0.25,-1.25,1.25,-4.49,label box,0.408,0.4987,0.0036,0.0114,,
ic,internal capsule,24,0,-0.25,1.62,1.62,-5.03,label box,0.5565,0.5426,0.0055,0.0091,,
ic,internal capsule,24,1,-0.25,-1.64,1.64,-5.27,label box,0.3875,0.5622,0.0055,0.0119,,
lo,lateral olfactory tract,24,0,-0.25,3.39,3.39,-8.39,label box,0.6483,0.8145,0.0058,0.0119,,
lo,lateral olfactory tract,24,1,-0.25,-3.38,3.38,-8.43,label box,0.2974,0.8176,0.0055,0.0114,,
mfb,medial forebrain bundle,24,0,-0.25,-2.09,2.09,-7.53,label box,0.3646,0.7443,0.0134,0.0114,,
mfb,medial forebrain bundle,24,1,-0.25,2.1,2.1,-7.36,label box,0.5817,0.7313,0.0134,0.0119,,
och,optic chiasm,24,0,-0.25,0.03,0.03,-8.21,label box,0.4744,0.7997,0.0127,0.0119,,
rf,rhinal fissure,24,0,-0.25,-5.72,5.72,-6.76,label box,0.1761,0.6824,0.0055,0.0114,,
rf,rhinal fissure,24,1,-0.25,5.57,5.57,-6.65,label box,0.7613,0.6733,0.0051,0.0114,,
st,stria terminalis,24,0,-0.25,-5.83,5.83,-4.31,label box,0.1704,0.4849,0.008,0.0108,,
st,stria terminalis,24,1,-0.25,1.33,1.33,-5.07,label box,0.5418,0.5463,0.0102,0.021,,
st,stria terminalis,24,2,-0.25,-1.38,1.38,-5.29,label box,0.401,0.5634,0.0062,0.0108,,
1,layer 1 of cortex,25,0,-0.6,2.59,2.59,-8.21,label box,0.607,0.8,0.0025,0.0114,,
1,layer 1 of cortex,25,1,-0.6,-3.91,3.91,-8.64,label box,0.27,0.8341,0.0022,0.0114,,
1,layer 1 of cortex,25,2,-0.6,-5.4,5.4,-7.54,label box,0.1927,0.7455,0.0022,0.0119,,
1,layer 1 of cortex,25,3,-0.6,5.34,5.34,-7.56,label box,0.7493,0.7469,0.0022,0.0114,,
1,layer 1 of cortex,25,4,-0.6,-2.46,2.46,-8.36,label box,0.3454,0.8114,0.0025,0.0119,,
1,layer 1 of cortex,25,5,-0.6,4.27,4.27,-8.5,label box,0.6939,0.8231,0.0025,0.0114,,
2,layer 2 of cortex,25,0,-0.6,-5.14,5.14,-7.46,label box,0.2066,0.7389,0.004,0.0119,,
2,layer 2 of cortex,25,1,-0.6,-3.9,3.9,-8.36,label box,0.2705,0.8119,0.004,0.0114,,
2,layer 2 of cortex,25,2,-0.6,5.17,5.17,-7.43,label box,0.7404,0.7364,0.004,0.0119,,
2,layer 2 of cortex,25,3,-0.6,2.66,2.66,-7.99,label box,0.6104,0.7822,0.004,0.0114,,
2,layer 2 of cortex,25,4,-0.6,-2.59,2.59,-8.19,label box,0.3385,0.7978,0.004,0.0119,,
2,layer 2 of cortex,25,5,-0.6,4.23,4.23,-8.3,label box,0.6917,0.8072,0.004,0.0114,,
3,layer 3 of cortex,25,0,-0.6,-4.82,4.82,-7.39,label box,0.2229,0.7332,0.004,0.0119,,
3,layer 3 of cortex,25,1,-0.6,4.98,4.98,-7.37,label box,0.7308,0.7319,0.0044,0.0119,,
3,layer 3 of cortex,25,2,-0.6,-2.59,2.59,-7.84,label box,0.3386,0.7699,0.0044,0.0119,,
3,layer 3 of cortex,25,3,-0.6,-3.9,3.9,-8.15,label box,0.2706,0.7944,0.004,0.0119,,
3,layer 3 of cortex,25,4,-0.6,4.18,4.18,-8.15,label box,0.6892,0.7944,0.004,0.0119,,
3V,3rd ventricle,25,0,-0.6,0.01,0.01,-6.1,label box,0.4735,0.629,0.0094,0.0114,,
AA,anterior amygdaloid area,25,0,-0.6,-2.54,2.54,-7.66,label box,0.341,0.7551,0.0098,0.0114,,
ACo,anterior cortical amygdaloid nucleus,25,0,-0.6,-3.3,3.3,-8.23,label box,0.3018,0.8014,0.0149,0.0119,,
ACo,anterior cortical amygdaloid nucleus,25,1,-0.6,3.13,3.13,-8.15,label box,0.635,0.7946,0.0149,0.0119,,
AHA,"anterior hypothalamic area, anterior part",25,0,-0.6,0.71,0.71,-7.6,label box,0.5096,0.7501,0.0189,0.0131,,
AHA,"anterior hypothalamic area, anterior part",25,1,-0.6,-0.72,0.72,-7.63,label box,0.4352,0.7529,0.0189,0.0131,,
AI,agranular insular cortex,25,0,-0.6,-5.19,5.19,-6.44,label box,0.2039,0.6568,0.0065,0.0114,,
AI,agranular insular cortex,25,1,-0.6,5.06,5.06,-6.55,label box,0.7351,0.6653,0.0065,0.0114,,
AM,anteromedial thalamic nucleus,25,0,-0.6,-0.7,0.7,-5.69,label box,0.4366,0.596,0.0113,0.0114,,
AM,anteromedial thalamic nucleus,25,1,-0.6,0.7,0.7,-5.72,label box,0.5091,0.5983,0.0116,0.0114,,
AV,anteroventral thalamic nucleus,25,0,-0.6,-1.27,1.27,-4.77,label box,0.4068,0.5216,0.0098,0.0114,,
AV,anteroventral thalamic nucleus,25,1,-0.6,1.39,1.39,-4.76,label box,0.5445,0.521,0.0098,0.0114,,
B,basal nucleus (Meynert),25,0,-0.6,-1.57,1.57,-6.13,label box,0.3914,0.6318,0.0044,0.0114,,
B,basal nucleus (Meynert),25,1,-0.6,1.62,1.62,-6.1,label box,0.5565,0.6293,0.0044,0.0114,,
B,basal nucleus (Meynert),25,2,-0.6,2.38,2.38,-6.53,label box,0.5961,0.6637,0.0044,0.0119,,
B,basal nucleus (Meynert),25,3,-0.6,-2.45,2.45,-6.61,label box,0.3459,0.6702,0.0044,0.0114,,
BLA,"basolateral amygdaloid nucleus, anterior part",25,0,-0.6,-3.84,3.84,-7.14,label box,0.2736,0.7131,0.0145,0.0114,,
BLA,"basolateral amygdaloid nucleus, anterior part",25,1,-0.6,3.94,3.94,-6.99,label box,0.6768,0.7009,0.0142,0.0108,,
BLV,"basolateral amygdaloid nucleus, ventral part",25,0,-0.6,4.08,4.08,-7.53,label box,0.684,0.7449,0.0134,0.0114,,
BLV,"basolateral amygdaloid nucleus, ventral part",25,1,-0.6,-3.97,3.97,-7.71,label box,0.2669,0.7591,0.0134,0.0114,,
BMA,"basomedial amygdaloid nucleus, anterior part",25,0,-0.6,3.36,3.36,-7.61,label box,0.6468,0.7514,0.0167,0.0119,,
BMA,"basomedial amygdaloid nucleus, anterior part",25,1,-0.6,-3.25,3.25,-7.76,label box,0.3045,0.7631,0.0167,0.0114,,
CPu,caudate putamen (striatum),25,0,-0.6,-3.42,3.42,-4.34,label box,0.2956,0.4866,0.0142,0.0119,,
CPu,caudate putamen (striatum),25,1,-0.6,3.37,3.37,-4.29,label box,0.6473,0.4827,0.0142,0.0119,,
CeM,"central amygdaloid nucleus, medial division",25,0,-0.6,3.4,3.4,-6.99,label box,0.6488,0.7009,0.0156,0.0119,,
CeM,"central amygdaloid nucleus, medial division",25,1,-0.6,-3.26,3.26,-7.15,label box,0.3036,0.7139,0.0156,0.0119,,
Cg1,"cingulate cortex, area 1",25,0,-0.6,-0.41,0.41,-2.1,label box,0.4513,0.306,0.0138,0.0119,,
Cg1,"cingulate cortex, area 1",25,1,-0.6,0.33,0.33,-2.07,label box,0.4899,0.3035,0.0142,0.0119,,
Cg2,"cingulate cortex, area 2",25,0,-0.6,-0.39,0.39,-2.76,label box,0.4524,0.3594,0.0153,0.0119,,
Cg2,"cingulate cortex, area 2",25,1,-0.6,0.47,0.47,-2.78,label box,0.4971,0.3605,0.0153,0.0119,,
CxA,cortex-amygdala transition zone,25,0,-0.6,-4.28,4.28,-8.33,label box,0.2511,0.8094,0.0138,0.0119,,
CxA,cortex-amygdala transition zone,25,1,-0.6,3.9,3.9,-8.36,label box,0.675,0.8116,0.0142,0.0119,,
DCl,dorsal part of claustrum,25,0,-0.6,-4.5,4.5,-6.13,label box,0.2396,0.6312,0.012,0.0114,,
DCl,dorsal part of claustrum,25,1,-0.6,4.63,4.63,-5.87,label box,0.7126,0.6103,0.0123,0.0119,,
DEn,dorsal endopiriform nucleus,25,0,-0.6,-4.32,4.32,-6.91,label box,0.2489,0.6949,0.0138,0.0114,,
DEn,dorsal endopiriform nucleus,25,1,-0.6,4.36,4.36,-6.83,label box,0.6985,0.6884,0.0138,0.0114,,
DI,dysgranular insular cortex,25,0,-0.6,-5.5,5.5,-5.87,label box,0.1875,0.6108,0.0065,0.0114,,
DI,dysgranular insular cortex,25,1,-0.6,5.29,5.29,-6.06,label box,0.7471,0.6256,0.0065,0.0114,,
EAC,"sublenticular extended amygdala, central part",25,0,-0.6,-1.87,1.87,-6.78,label box,0.3759,0.6838,0.0142,0.0119,,
EAC,"sublenticular extended amygdala, central part",25,1,-0.6,1.66,1.66,-6.68,label box,0.5589,0.6761,0.0145,0.0125,,
GI,granular insular cortex,25,0,-0.6,-5.67,5.67,-5.44,label box,0.179,0.5759,0.0069,0.0119,,
GI,granular insular cortex,25,1,-0.6,5.44,5.44,-5.67,label box,0.7547,0.594,0.0065,0.0119,,
GP,globus pallidus,25,0,-0.6,2.4,2.4,-5.56,label box,0.5972,0.5855,0.0098,0.0119,,
GP,globus pallidus,25,1,-0.6,-2.29,2.29,-5.7,label box,0.3543,0.5972,0.0102,0.0114,,
HDB,nucleus of the horizontal limb of the diagonal band,25,0,-0.6,1.93,1.93,-7.52,label box,0.5726,0.7435,0.0156,0.0114,,
HDB,nucleus of the horizontal limb of the diagonal band,25,1,-0.6,-1.79,1.79,-7.64,label box,0.3798,0.7538,0.0156,0.0114,,
I,intercalated nuclei of the amygdala,25,0,-0.6,3.95,3.95,-6.54,label box,0.6772,0.6646,0.0011,0.0114,,
I,intercalated nuclei of the amygdala,25,1,-0.6,3,3,-6.54,label box,0.6282,0.6648,0.0011,0.0119,,
I,intercalated nuclei of the amygdala,25,2,-0.6,-3.86,3.86,-6.63,label box,0.2727,0.6719,0.0011,0.0114,,
I,intercalated nuclei of the amygdala,25,3,-0.6,-2.94,2.94,-6.69,label box,0.3205,0.6771,0.0007,0.0114,,
I,intercalated nuclei of the amygdala,25,4,-0.6,-3.72,3.72,-7.35,label box,0.2802,0.7299,0.0007,0.0114,,
I,intercalated nuclei of the amygdala,25,5,-0.6,3.79,3.79,-7.35,label box,0.669,0.7299,0.0007,0.0114,,
IG,indusium griseum,25,0,-0.6,0.19,0.19,-3.27,label box,0.4828,0.4006,0.0065,0.0119,,
IPAC,interstitial nucleus of the posterior limb of the anterior commissure,25,0,-0.6,3.54,3.54,-6.6,label box,0.6561,0.6696,0.0164,0.0119,,
IPAC,interstitial nucleus of the posterior limb of the anterior commissure,25,1,-0.6,-3.43,3.43,-6.78,label box,0.2951,0.6844,0.016,0.0119,,
IVF,interventricular foramen,25,0,-0.6,0.09,0.09,-4.68,label box,0.4773,0.5148,0.0105,0.0114,,
LA,lateroanterior hypothalamic nucleus,25,0,-0.6,-0.8,0.8,-7.86,label box,0.4311,0.771,0.0091,0.0114,,
LA,lateroanterior hypothalamic nucleus,25,1,-0.6,0.63,0.63,-7.81,label box,0.5053,0.7674,0.0094,0.0114,,
LOT,nucleus of the lateral olfactory tract,25,0,-0.6,2.63,2.63,-7.85,label box,0.609,0.7707,0.0138,0.0119,,
LOT,nucleus of the lateral olfactory tract,25,1,-0.6,-2.56,2.56,-8.04,label box,0.3401,0.7861,0.0138,0.0119,,
LPO,lateral preoptic area,25,0,-0.6,1.26,1.26,-7.47,label box,0.538,0.7401,0.0142,0.0119,,
LPO,lateral preoptic area,25,1,-0.6,-1.24,1.24,-7.47,label box,0.4085,0.7398,0.0142,0.0119,,
LSD,"lateral septal nucleus, dorsal part",25,0,-0.6,-0.57,0.57,-3.46,label box,0.4431,0.4156,0.0142,0.0119,,
LSD,"lateral septal nucleus, dorsal part",25,1,-0.6,0.54,0.54,-3.5,label box,0.5009,0.4188,0.0145,0.0119,,
LV,lateral ventricle,25,0,-0.6,-0.9,0.9,-3.36,label box,0.4262,0.4074,0.008,0.0114,,
LV,lateral ventricle,25,1,-0.6,0.86,0.86,-3.42,label box,0.5175,0.4129,0.0084,0.0114,,
M1,primary motor cortex,25,0,-0.6,1.26,1.26,-1.57,label box,0.5378,0.2631,0.0094,0.0114,,
M1,primary motor cortex,25,1,-0.6,-1.37,1.37,-1.71,label box,0.4015,0.2744,0.0094,0.0114,,
M2,secondary motor cortex,25,0,-0.6,-0.83,0.83,-1.73,label box,0.4295,0.2764,0.0109,0.0119,,
M2,secondary motor cortex,25,1,-0.6,0.78,0.78,-1.67,label box,0.5133,0.2713,0.0105,0.0119,,
MCPO,magnocellular preoptic nucleus,25,0,-0.6,2.01,2.01,-7.75,label box,0.5767,0.7625,0.0225,0.0114,,
MCPO,magnocellular preoptic nucleus,25,1,-0.6,-1.73,1.73,-7.87,label box,0.3833,0.7722,0.0225,0.0119,,
MPA,medial preoptic area,25,0,-0.6,-0.92,0.92,-7.06,label box,0.4251,0.7068,0.016,0.0114,,
MPA,medial preoptic area,25,1,-0.6,0.89,0.89,-7.03,label box,0.5187,0.704,0.0164,0.0114,,
MPO,medial preoptic nucleus,25,0,-0.6,0.29,0.29,-7.4,label box,0.488,0.7338,0.0167,0.0119,,
MPO,medial preoptic nucleus,25,1,-0.6,-0.29,0.29,-7.39,label box,0.4575,0.733,0.0171,0.0119,,
PT,paratenial thalamic nucleus,25,0,-0.6,0.42,0.42,-5.49,label box,0.4947,0.5795,0.0091,0.0114,,
PT,paratenial thalamic nucleus,25,1,-0.6,-0.42,0.42,-5.5,label box,0.4512,0.5805,0.0094,0.0114,,
PVA,"paraventricular thalamic nucleus, anterior part",25,0,-0.6,-0.16,0.16,-5.24,label box,0.4646,0.5599,0.0149,0.0119,,
PVA,"paraventricular thalamic nucleus, anterior part",25,1,-0.6,0.2,0.2,-5.71,label box,0.4829,0.598,0.0145,0.0119,,
PaAP,"paraventricular hypothalamic nucleus, anterior parvicellular part",25,0,-0.6,-0.28,0.28,-6.32,label box,0.458,0.6472,0.0185,0.0114,,
PaAP,"paraventricular hypothalamic nucleus, anterior parvicellular part",25,1,-0.6,0.3,0.3,-6.33,label box,0.4884,0.6474,0.0189,0.0119,,
Pe,periventricular hypothalamic nucleus,25,0,-0.6,0,0,-7.33,leader tip,0.4733,0.696,0.0084,0.0114,0.4726,0.7282
Pir,piriform cortex,25,0,-0.6,-4.92,4.92,-7.79,label box,0.2177,0.7653,0.0094,0.0114,,
Pir,piriform cortex,25,1,-0.6,4.95,4.95,-7.78,label box,0.7293,0.7648,0.0094,0.0114,,
S1,primary somatosensory cortex,25,0,-0.6,-5.83,5.83,-4.16,label box,0.1706,0.4724,0.0076,0.0119,,
S1,primary somatosensory cortex,25,1,-0.6,5.81,5.81,-4.04,label box,0.7736,0.4628,0.008,0.0119,,
S1BF,"primary somatosensory cortex, barrel field",25,0,-0.6,3.93,3.93,-2.24,label box,0.6762,0.3173,0.0189,0.0119,,
S1BF,"primary somatosensory cortex, barrel field",25,1,-0.6,-3.97,3.97,-2.44,label box,0.2671,0.3338,0.0189,0.0119,,
S1DZ,"primary somatosensory cortex, dysgranular zone",25,0,-0.6,-3.09,3.09,-2.51,label box,0.3125,0.3389,0.0196,0.0119,,
S1DZ,"primary somatosensory cortex, dysgranular zone",25,1,-0.6,3.04,3.04,-2.44,label box,0.6303,0.3332,0.0193,0.0119,,
S1HL,"primary somatosensory cortex, hindlimb region",25,0,-0.6,-1.98,1.98,-1.8,label box,0.3699,0.2815,0.0196,0.0119,,
S1HL,"primary somatosensory cortex, hindlimb region",25,1,-0.6,1.89,1.89,-1.69,label box,0.5705,0.273,0.0196,0.0119,,
S1Sh,"primary somatosensory cortex, shoulder region",25,0,-0.6,2.7,2.7,-1.86,label box,0.6128,0.2869,0.0185,0.0125,,
S1Sh,"primary somatosensory cortex, shoulder region",25,1,-0.6,-2.79,2.79,-1.96,label box,0.3281,0.2947,0.0189,0.0125,,
S1ULp,"primary somatosensory cortex, upper lip region",25,0,-0.6,-5.4,5.4,-3.3,label box,0.1928,0.4028,0.0243,0.0148,,
S1ULp,"primary somatosensory cortex, upper lip region",25,1,-0.6,5.46,5.46,-3.36,label box,0.7555,0.4077,0.024,0.0142,,
S2,secondary somatosensory cortex,25,0,-0.6,-5.86,5.86,-4.81,label box,0.1691,0.5253,0.0091,0.0119,,
S2,secondary somatosensory cortex,25,1,-0.6,5.66,5.66,-4.81,label box,0.7662,0.5253,0.0091,0.0119,,
SCh,suprachiasmatic nucleus,25,0,-0.6,-0.44,0.44,-8.04,label box,0.45,0.7861,0.0142,0.0119,,
SCh,suprachiasmatic nucleus,25,1,-0.6,0.45,0.45,-8.07,label box,0.4959,0.7881,0.0145,0.0119,,
SFO,subfornical organ,25,0,-0.6,0.01,0.01,-4.38,label box,0.4733,0.4901,0.0142,0.0119,,
SFi,septofimbrial nucleus,25,0,-0.6,0.5,0.5,-3.67,label box,0.4984,0.4327,0.0105,0.0119,,
SO,supraoptic nucleus,25,0,-0.6,1.27,1.27,-7.97,label box,0.5383,0.7801,0.0098,0.0125,,
SO,supraoptic nucleus,25,1,-0.6,-1.06,1.06,-8.1,label box,0.4179,0.7906,0.0102,0.0119,,
STMP,"bed nucleus of the stria terminalis, medial division, posterior part",25,0,-0.6,-1.05,1.05,-5.99,label box,0.4181,0.6202,0.0214,0.0119,,
STMP,"bed nucleus of the stria terminalis, medial division, posterior part",25,1,-0.6,1.08,1.08,-5.95,label box,0.5285,0.6168,0.0214,0.0119,,
TS,triangular septal nucleus,25,0,-0.6,-0.01,0.01,-3.79,label box,0.4724,0.4429,0.0094,0.0119,,
VCl,ventral part of claustrum,25,0,-0.6,-4.29,4.29,-6.46,label box,0.2502,0.6585,0.012,0.0114,,
VCl,ventral part of claustrum,25,1,-0.6,4.44,4.44,-6.25,label box,0.7026,0.6413,0.012,0.0125,,
VEn,ventral endopiriform nucleus,25,0,-0.6,4.5,4.5,-7.29,label box,0.7057,0.7256,0.0138,0.0114,,
VEn,ventral endopiriform nucleus,25,1,-0.6,-4.51,4.51,-7.37,label box,0.2391,0.7321,0.0138,0.0199,,
VP,ventral pallidum,25,0,-0.6,2.49,2.49,-6.83,label box,0.6015,0.6881,0.0102,0.0119,,
VP,ventral pallidum,25,1,-0.6,-2.56,2.56,-6.95,label box,0.3401,0.6975,0.0102,0.0114,,
acp,"anterior commissure, posterior part",25,0,-0.6,-3.77,3.77,-6.94,label box,0.2773,0.6972,0.0124,0.0114,,
acp,"anterior commissure, posterior part",25,1,-0.6,3.92,3.92,-6.79,label box,0.6757,0.6852,0.0127,0.0114,,
cc,corpus callosum,25,0,-0.6,0.05,0.05,-3.43,label box,0.4755,0.4131,0.0084,0.0091,,
cg,cingulum,25,0,-0.6,-0.93,0.93,-2.92,label box,0.4244,0.3724,0.008,0.0119,,
cg,cingulum,25,1,-0.6,1.04,1.04,-2.95,label box,0.5265,0.3744,0.008,0.0114,,
chp,choroid plexus,25,0,-0.6,-1.2,1.2,-3.2,label box,0.4108,0.3946,0.0127,0.0142,,
chp,choroid plexus,25,1,-0.6,0.87,0.87,-4.55,label box,0.518,0.5037,0.0127,0.0142,,
ec,external capsule,25,0,-0.6,3.44,3.44,-3.14,label box,0.6508,0.3903,0.008,0.0091,,
ec,external capsule,25,1,-0.6,-3.7,3.7,-3.36,label box,0.2811,0.408,0.0076,0.0091,,
f,fornix,25,0,-0.6,0.67,0.67,-6.05,label box,0.5073,0.625,0.0022,0.0114,,
f,fornix,25,1,-0.6,-0.59,0.59,-6.12,label box,0.4422,0.6307,0.0022,0.0114,,
fi,fimbria of the hippocampus,25,0,-0.6,-1.43,1.43,-4.18,label box,0.3986,0.4739,0.0036,0.0114,,
fi,fimbria of the hippocampus,25,1,-0.6,1.12,1.12,-4.12,label box,0.5307,0.4688,0.004,0.0114,,
ic,internal capsule,25,0,-0.6,2.12,2.12,-4.67,label box,0.5827,0.5136,0.0055,0.0091,,
ic,internal capsule,25,1,-0.6,-1.93,1.93,-5,label box,0.3725,0.5401,0.0051,0.0085,,
lo,lateral olfactory tract,25,0,-0.6,3.08,3.08,-8.52,label box,0.6324,0.825,0.0055,0.0114,,
lo,lateral olfactory tract,25,1,-0.6,-3.39,3.39,-8.67,label box,0.2969,0.8369,0.0058,0.0114,,
mch,medial corticohypothalamic tract,25,0,-0.6,0.21,0.21,-5.94,label box,0.4837,0.616,0.0156,0.0119,,
mch,medial corticohypothalamic tract,25,1,-0.6,-0.25,0.25,-5.98,label box,0.4599,0.6194,0.0152,0.0119,,
mfb,medial forebrain bundle,25,0,-0.6,1.18,1.18,-7.71,label box,0.534,0.7594,0.0134,0.0119,,
mfb,medial forebrain bundle,25,1,-0.6,-1.18,1.18,-7.78,label box,0.4114,0.7648,0.0134,0.0119,,
och,optic chiasm,25,0,-0.6,0.07,0.07,-8.33,label box,0.4766,0.8091,0.0127,0.0114,,
rf,rhinal fissure,25,0,-0.6,5.99,5.99,-6.6,label box,0.7831,0.6693,0.0051,0.0114,,
rf,rhinal fissure,25,1,-0.6,-5.97,5.97,-6.6,label box,0.1635,0.6696,0.0051,0.0119,,
sm,stria medullaris of the thalamus,25,0,-0.6,0.8,0.8,-5.14,label box,0.5144,0.5517,0.0105,0.0091,,
sm,stria medullaris of the thalamus,25,1,-0.6,-0.76,0.76,-5.08,label box,0.4336,0.5467,0.0105,0.0097,,
st,stria terminalis,25,0,-0.6,1.71,1.71,-4.77,label box,0.5612,0.5219,0.0062,0.0108,,
st,stria terminalis,25,1,-0.6,-1.63,1.63,-4.85,label box,0.3883,0.5281,0.0062,0.0108,,
vhc,ventral hippocampal commissure,25,0,-0.6,0.02,0.02,-4.12,label box,0.474,0.4688,0.0127,0.0114,,
1,layer 1 of cortex,26,0,-0.95,-2.4,2.4,-8.19,label box,0.3485,0.7983,0.0022,0.0114,,
1,layer 1 of cortex,26,1,-0.95,5.37,5.37,-7.81,label box,0.7509,0.7671,0.0025,0.0119,,
1,layer 1 of cortex,26,2,-0.95,-5.41,5.41,-7.94,label box,0.1925,0.7779,0.0025,0.0119,,
1,layer 1 of cortex,26,3,-0.95,2.35,2.35,-8.11,label box,0.5944,0.7913,0.0025,0.0114,,
2,layer 2 of cortex,26,0,-0.95,5.18,5.18,-7.73,label box,0.7411,0.7609,0.004,0.0119,,
2,layer 2 of cortex,26,1,-0.95,-5.29,5.29,-7.74,label box,0.1988,0.7614,0.0044,0.0119,,
2,layer 2 of cortex,26,2,-0.95,-2.51,2.51,-8.01,label box,0.3428,0.7833,0.004,0.0114,,
3,layer 3 of cortex,26,0,-0.95,-2.68,2.68,-7.87,label box,0.3341,0.7724,0.004,0.0119,,
3,layer 3 of cortex,26,1,-0.95,2.74,2.74,-7.72,label box,0.6146,0.7599,0.004,0.0119,,
3,layer 3 of cortex,26,2,-0.95,4.94,4.94,-7.65,label box,0.7287,0.754,0.004,0.0114,,
3,layer 3 of cortex,26,3,-0.95,-5.06,5.06,-7.48,label box,0.2106,0.741,0.004,0.0119,,
3V,3rd ventricle,26,0,-0.95,0.04,0.04,-4.27,label box,0.4749,0.481,0.0094,0.0119,,
3V,3rd ventricle,26,1,-0.95,-0.05,0.05,-6.76,label box,0.4702,0.6827,0.0094,0.0119,,
AA,anterior amygdaloid area,26,0,-0.95,2.6,2.6,-7.27,label box,0.6072,0.7233,0.0102,0.0114,,
AA,anterior amygdaloid area,26,1,-0.95,-2.6,2.6,-7.36,label box,0.3379,0.7312,0.0102,0.0114,,
ACo,anterior cortical amygdaloid nucleus,26,0,-0.95,-3.65,3.65,-8.38,label box,0.2834,0.8131,0.0145,0.0114,,
ACo,anterior cortical amygdaloid nucleus,26,1,-0.95,3.24,3.24,-8.27,label box,0.6404,0.8043,0.0149,0.0119,,
AD,anterodorsal thalamic nucleus,26,0,-0.95,-1.02,1.02,-4.02,label box,0.4201,0.4608,0.0102,0.0114,,
AD,anterodorsal thalamic nucleus,26,1,-0.95,1.13,1.13,-4.02,label box,0.5314,0.4614,0.0102,0.0119,,
AHA,"anterior hypothalamic area, anterior part",26,0,-0.95,-0.8,0.8,-6.96,label box,0.4315,0.6983,0.0156,0.0114,,
AHA,"anterior hypothalamic area, anterior part",26,1,-0.95,0.73,0.73,-6.93,label box,0.5107,0.6966,0.0156,0.0114,,
AI,agranular insular cortex,26,0,-0.95,-5.6,5.6,-6.31,label box,0.1828,0.646,0.0065,0.0114,,
AI,agranular insular cortex,26,1,-0.95,5.34,5.34,-6.27,label box,0.7496,0.6432,0.0065,0.0114,,
AM,anteromedial thalamic nucleus,26,0,-0.95,-0.96,0.96,-5.22,label box,0.423,0.558,0.0116,0.0114,,
AM,anteromedial thalamic nucleus,26,1,-0.95,0.9,0.9,-5.21,label box,0.5195,0.5572,0.0116,0.0114,,
ASt,amygdalostriatal transition area,26,0,-0.95,3.98,3.98,-6.18,label box,0.6791,0.6355,0.0124,0.0119,,
ASt,amygdalostriatal transition area,26,1,-0.95,-3.73,3.73,-6.29,label box,0.2793,0.6446,0.0127,0.0119,,
AVDM,"anterovent thalamic nucleus, dorsomedial part",26,0,-0.95,-1.13,1.13,-4.31,label box,0.4141,0.4847,0.0222,0.0114,,
AVDM,"anterovent thalamic nucleus, dorsomedial part",26,1,-0.95,1.2,1.2,-4.39,label box,0.5347,0.4909,0.0222,0.0114,,
AVVL,"anteroventral thalamic nucleus, ventrolateral part",26,0,-0.95,-1.4,1.4,-4.56,label box,0.4004,0.5046,0.0196,0.0119,,
B,basal nucleus (Meynert),26,0,-0.95,2.25,2.25,-6.34,label box,0.5892,0.6484,0.0044,0.0119,,
BLA,"basolateral amygdaloid nucleus, anterior part",26,0,-0.95,-4.1,4.1,-6.88,label box,0.2605,0.692,0.0145,0.0114,,
BLA,"basolateral amygdaloid nucleus, anterior part",26,1,-0.95,4,4,-6.95,label box,0.6801,0.6977,0.0142,0.0114,,
BLV,"basolateral amygdaloid nucleus, ventral part",26,0,-0.95,-4.25,4.25,-7.8,label box,0.2524,0.7665,0.0134,0.0114,,
BLV,"basolateral amygdaloid nucleus, ventral part",26,1,-0.95,4.08,4.08,-7.86,label box,0.684,0.771,0.0134,0.0114,,
BMA,"basomedial amygdaloid nucleus, anterior part",26,0,-0.95,-3.46,3.46,-7.82,label box,0.2936,0.7682,0.0167,0.0114,,
BMA,"basomedial amygdaloid nucleus, anterior part",26,1,-0.95,3.39,3.39,-7.76,label box,0.6486,0.7631,0.0167,0.0114,,
CM,central medial thalamic nucleus,26,0,-0.95,-0.01,0.01,-5.42,label box,0.4724,0.5739,0.012,0.0119,,
CPu,caudate putamen (striatum),26,0,-0.95,4.17,4.17,-4.75,label box,0.6888,0.5202,0.0142,0.0119,,
CPu,caudate putamen (striatum),26,1,-0.95,-4.2,4.2,-4.81,label box,0.2553,0.5247,0.0142,0.0119,,
CeC,"central amygdaloid nucleus, capsular part",26,0,-0.95,3.44,3.44,-6.96,label box,0.651,0.6986,0.0142,0.0119,,
CeC,"central amygdaloid nucleus, capsular part",26,1,-0.95,-3.5,3.5,-6.99,label box,0.2914,0.7014,0.0138,0.0119,,
CeM,"central amygdaloid nucleus, medial division",26,0,-0.95,3.06,3.06,-6.7,label box,0.6315,0.6776,0.016,0.0119,,
CeM,"central amygdaloid nucleus, medial division",26,1,-0.95,-3.07,3.07,-6.82,label box,0.3136,0.6872,0.016,0.0119,,
Cg1,"cingulate cortex, area 1",26,0,-0.95,-0.43,0.43,-1.78,label box,0.4502,0.2798,0.0138,0.0119,,
Cg1,"cingulate cortex, area 1",26,1,-0.95,0.49,0.49,-1.77,label box,0.4982,0.2793,0.0138,0.0119,,
Cg2,"cingulate cortex, area 2",26,0,-0.95,-0.43,0.43,-2.65,label box,0.4502,0.3503,0.0153,0.0119,,
Cg2,"cingulate cortex, area 2",26,1,-0.95,0.5,0.5,-2.64,label box,0.4987,0.3497,0.0149,0.0119,,
CxA,cortex-amygdala transition zone,26,0,-0.95,4.09,4.09,-8.44,label box,0.6846,0.8179,0.0138,0.0119,,
CxA,cortex-amygdala transition zone,26,1,-0.95,-4.36,4.36,-8.47,label box,0.2466,0.8208,0.0142,0.0125,,
DCl,dorsal part of claustrum,26,0,-0.95,-4.75,4.75,-6.13,label box,0.2267,0.6318,0.0116,0.0125,,
DCl,dorsal part of claustrum,26,1,-0.95,4.82,4.82,-6.14,label box,0.7226,0.6321,0.012,0.0119,,
DEn,dorsal endopiriform nucleus,26,0,-0.95,-4.8,4.8,-7.07,label box,0.2242,0.7074,0.0138,0.0114,,
DEn,dorsal endopiriform nucleus,26,1,-0.95,4.7,4.7,-7,label box,0.7162,0.7017,0.0138,0.0114,,
DI,dysgranular insular cortex,26,0,-0.95,5.77,5.77,-5.66,label box,0.7718,0.5932,0.0065,0.0114,,
DI,dysgranular insular cortex,26,1,-0.95,-5.83,5.83,-5.7,label box,0.1708,0.5972,0.0065,0.0114,,
EA,sublenticular extended amygdala,26,0,-0.95,2.09,2.09,-6.67,label box,0.5809,0.6756,0.0091,0.0114,,
EA,sublenticular extended amygdala,26,1,-0.95,-2.09,2.09,-6.81,label box,0.3646,0.6864,0.0091,0.0114,,
GI,granular insular cortex,26,0,-0.95,-5.99,5.99,-5.27,label box,0.1624,0.5622,0.0065,0.0119,,
GI,granular insular cortex,26,1,-0.95,5.93,5.93,-5.26,label box,0.7798,0.5616,0.0065,0.0119,,
GP,globus pallidus,26,0,-0.95,-3.11,3.11,-5.25,label box,0.3118,0.5605,0.0102,0.0119,,
GP,globus pallidus,26,1,-0.95,2.97,2.97,-5.17,label box,0.6268,0.5537,0.0102,0.0119,,
I,intercalated nuclei of the amygdala,26,0,-0.95,4.21,4.21,-6.37,label box,0.691,0.6509,0.0011,0.0114,,
I,intercalated nuclei of the amygdala,26,1,-0.95,-4.25,4.25,-6.42,label box,0.2524,0.6549,0.0011,0.0114,,
I,intercalated nuclei of the amygdala,26,2,-0.95,4.38,4.38,-7.26,label box,0.6995,0.7231,0.0007,0.0114,,
I,intercalated nuclei of the amygdala,26,3,-0.95,-4.36,4.36,-7.36,label box,0.2466,0.731,0.0011,0.0114,,
IAD,interanterodorsal thalamic nucleus,26,0,-0.95,-0.7,0.7,-4.88,label box,0.4362,0.5307,0.012,0.0114,,
IAD,interanterodorsal thalamic nucleus,26,1,-0.95,0.75,0.75,-4.89,label box,0.5116,0.531,0.012,0.0114,,
IG,indusium griseum,26,0,-0.95,-0.11,0.11,-2.97,label box,0.4669,0.3764,0.0065,0.0119,,
IM,"intercalated amygdaloid nucleus, main part",26,0,-0.95,-3.71,3.71,-7.5,label box,0.2805,0.742,0.008,0.0114,,
IM,"intercalated amygdaloid nucleus, main part",26,1,-0.95,3.55,3.55,-7.4,label box,0.6566,0.7341,0.008,0.0114,,
LA,lateroanterior hypothalamic nucleus,26,0,-0.95,-0.8,0.8,-7.62,label box,0.4313,0.7517,0.0094,0.0114,,
LA,lateroanterior hypothalamic nucleus,26,1,-0.95,0.68,0.68,-7.59,label box,0.5078,0.7494,0.0091,0.0114,,
LOT,nucleus of the lateral olfactory tract,26,0,-0.95,-2.81,2.81,-8.13,label box,0.327,0.7929,0.0138,0.0119,,
LOT,nucleus of the lateral olfactory tract,26,1,-0.95,2.58,2.58,-7.97,label box,0.6066,0.7799,0.0138,0.0125,,
LV,lateral ventricle,26,0,-0.95,1.33,1.33,-3.04,label box,0.5418,0.3818,0.008,0.0114,,
La,lateral amygdaloid nucleus,26,0,-0.95,-4.45,4.45,-6.6,label box,0.2422,0.6697,0.0084,0.0114,,
M1,primary motor cortex,26,0,-0.95,1.4,1.4,-1.46,label box,0.5451,0.2545,0.0094,0.0114,,
M1,primary motor cortex,26,1,-0.95,-1.38,1.38,-1.54,label box,0.4013,0.2608,0.0098,0.0114,,
M2,secondary motor cortex,26,0,-0.95,-0.93,0.93,-1.59,label box,0.4244,0.2648,0.0109,0.0114,,
M2,secondary motor cortex,26,1,-0.95,0.98,0.98,-1.57,label box,0.5236,0.2628,0.0109,0.0119,,
MeAD,"medial amygdaloid nucleus, anterodorsal part",26,0,-0.95,-2.26,2.26,-7.78,label box,0.3557,0.7648,0.0211,0.0114,,
MeAD,"medial amygdaloid nucleus, anterodorsal part",26,1,-0.95,2.29,2.29,-7.69,label box,0.5912,0.758,0.0211,0.0114,,
PLH,peduncular part of lateral hypothalamus,26,0,-0.95,-1.56,1.56,-7.31,label box,0.3921,0.7273,0.0138,0.0114,,
PLH,peduncular part of lateral hypothalamus,26,1,-0.95,1.48,1.48,-7.24,label box,0.5492,0.7216,0.0142,0.0114,,
PT,paratenial thalamic nucleus,26,0,-0.95,0.36,0.36,-5.08,label box,0.4915,0.5464,0.0094,0.0114,,
PT,paratenial thalamic nucleus,26,1,-0.95,-0.33,0.33,-5.08,label box,0.4556,0.5469,0.0094,0.0114,,
PVA,"paraventricular thalamic nucleus, anterior part",26,0,-0.95,0,0,-4.92,label box,0.4729,0.5338,0.0149,0.0119,,
PaAP,"paraventricular hypothalamic nucleus, anterior parvicellular part",26,0,-0.95,-0.02,0.02,-6.43,label box,0.4717,0.6557,0.0189,0.0114,,
Pe,periventricular hypothalamic nucleus,26,0,-0.95,-0.06,0.06,-7.28,label box,0.4698,0.7247,0.008,0.0119,,
Pir,piriform cortex,26,0,-0.95,-5.01,5.01,-8.07,label box,0.2129,0.7881,0.0094,0.0114,,
Pir,piriform cortex,26,1,-0.95,4.9,4.9,-8.02,label box,0.7264,0.7841,0.0094,0.0119,,
Re,reuniens thalamic nucleus,26,0,-0.95,-0.32,0.32,-5.79,label box,0.4564,0.6043,0.0087,0.0119,,
Re,reuniens thalamic nucleus,26,1,-0.95,0.27,0.27,-5.8,label box,0.4869,0.6048,0.0087,0.0119,,
Rt,reticular thalamic nucleus,26,0,-0.95,-1.92,1.92,-4.92,label box,0.3732,0.5341,0.0073,0.0114,,
Rt,reticular thalamic nucleus,26,1,-0.95,1.84,1.84,-5.02,label box,0.568,0.542,0.0073,0.0114,,
RtSt,reticluostrial nucleus,26,0,-0.95,-1.66,1.66,-3.98,label box,0.3868,0.458,0.0171,0.0114,,
RtSt,reticluostrial nucleus,26,1,-0.95,1.69,1.69,-4.08,label box,0.5605,0.4659,0.0171,0.0114,,
S1,primary somatosensory cortex,26,0,-0.95,-5.77,5.77,-3.81,label box,0.1739,0.444,0.0076,0.0119,,
S1,primary somatosensory cortex,26,1,-0.95,5.88,5.88,-3.9,label box,0.7773,0.4511,0.008,0.0125,,
S1BF,"primary somatosensory cortex, barrel field",26,0,-0.95,3.95,3.95,-2.15,label box,0.6775,0.3102,0.0185,0.0114,,
S1BF,"primary somatosensory cortex, barrel field",26,1,-0.95,-4.09,4.09,-2.34,label box,0.2609,0.3253,0.0189,0.0119,,
S1DZ,"primary somatosensory cortex, dysgranular zone",26,0,-0.95,-3.09,3.09,-2.28,label box,0.3127,0.3207,0.0193,0.0119,,
S1DZ,"primary somatosensory cortex, dysgranular zone",26,1,-0.95,3.04,3.04,-2.03,label box,0.63,0.3004,0.0192,0.0125,,
S1HL,"primary somatosensory cortex, hindlimb region",26,0,-0.95,1.88,1.88,-1.55,label box,0.5703,0.2612,0.0196,0.0125,,
S1HL,"primary somatosensory cortex, hindlimb region",26,1,-0.95,-1.93,1.93,-1.63,label box,0.3729,0.2677,0.02,0.0119,,
S1Sh,"primary somatosensory cortex, shoulder region",26,0,-0.95,2.63,2.63,-1.66,label box,0.609,0.2707,0.0189,0.0119,,
S1Sh,"primary somatosensory cortex, shoulder region",26,1,-0.95,-2.74,2.74,-1.86,label box,0.3306,0.2862,0.0189,0.0125,,
S1ULp,"primary somatosensory cortex, upper lip region",26,0,-0.95,5.29,5.29,-3.09,label box,0.7467,0.3861,0.024,0.0142,,
S1ULp,"primary somatosensory cortex, upper lip region",26,1,-0.95,-5.26,5.26,-3.16,label box,0.2002,0.392,0.024,0.0148,,
S2,secondary somatosensory cortex,26,0,-0.95,6.04,6.04,-4.64,label box,0.7858,0.5114,0.0091,0.0125,,
S2,secondary somatosensory cortex,26,1,-0.95,-6.01,6.01,-4.58,label box,0.1613,0.5066,0.0091,0.0125,,
SChDL,"suprachiasmatic nucleus, dorsolateral part",26,0,-0.95,-0.01,0.01,-7.98,label box,0.472,0.7807,0.0254,0.0114,,
SChVM,"suprachiasmatic nucleus, ventromedial part",26,0,-0.95,-0.02,0.02,-8.19,label box,0.4719,0.7978,0.0269,0.0119,,
SO,supraoptic nucleus,26,0,-0.95,-1.8,1.8,-7.91,label box,0.3795,0.7756,0.0098,0.0125,,
SO,supraoptic nucleus,26,1,-0.95,1.79,1.79,-7.81,label box,0.5657,0.7671,0.0098,0.0119,,
STMP,"bed nucleus of the stria terminalis, medial division, posterior part",26,0,-0.95,-0.67,0.67,-6.21,label box,0.438,0.6378,0.0214,0.0119,,
STMP,"bed nucleus of the stria terminalis, medial division, posterior part",26,1,-0.95,0.56,0.56,-6.2,label box,0.5016,0.6372,0.0214,0.0119,,
VCl,ventral part of claustrum,26,0,-0.95,-4.66,4.66,-6.46,label box,0.2313,0.658,0.012,0.0119,,
VCl,ventral part of claustrum,26,1,-0.95,4.65,4.65,-6.46,label box,0.7139,0.658,0.012,0.0119,,
VEn,ventral endopiriform nucleus,26,0,-0.95,-4.64,4.64,-7.6,label box,0.2322,0.75,0.0138,0.0114,,
VEn,ventral endopiriform nucleus,26,1,-0.95,4.51,4.51,-7.6,label box,0.7066,0.75,0.0134,0.0114,,
ZIR,"zona incerta, rostral part",26,0,-0.95,-1.09,1.09,-5.79,label box,0.4162,0.6045,0.0113,0.0114,,
ZIR,"zona incerta, rostral part",26,1,-0.95,1.13,1.13,-5.83,label box,0.5311,0.6074,0.0113,0.0114,,
cc,corpus callosum,26,0,-0.95,0.04,0.04,-3.14,label box,0.4747,0.3901,0.0084,0.0085,,
cg,cingulum,26,0,-0.95,-1,1,-2.62,label box,0.4208,0.3483,0.008,0.0114,,
cg,cingulum,26,1,-0.95,1.03,1.03,-2.63,label box,0.5263,0.3491,0.0084,0.0119,,
chp,choroid plexus,26,0,-0.95,-1.93,1.93,-3.02,label box,0.3726,0.3804,0.0127,0.0142,,
chp,choroid plexus,26,1,-0.95,0.04,0.04,-3.97,label box,0.4746,0.4574,0.0131,0.0136,,
cst,commissural stria terminalis,26,0,-0.95,2.84,2.84,-7.47,label box,0.6197,0.7401,0.0105,0.0108,,
cst,commissural stria terminalis,26,1,-0.95,-2.86,2.86,-7.58,label box,0.3243,0.7486,0.0105,0.0108,,
df,dorsal fornix,26,0,-0.95,0.32,0.32,-3.22,label box,0.4891,0.3961,0.0069,0.0119,,
ec,external capsule,26,0,-0.95,4.39,4.39,-3.48,label box,0.7,0.4176,0.0076,0.0091,,
ec,external capsule,26,1,-0.95,-4.41,4.41,-3.62,label box,0.2444,0.429,0.0076,0.0091,,
f,fornix,26,0,-0.95,-0.9,0.9,-6.53,label box,0.4259,0.6636,0.0022,0.0114,,
f,fornix,26,1,-0.95,0.88,0.88,-6.48,label box,0.5184,0.6597,0.0025,0.0114,,
fi,fimbria of the hippocampus,26,0,-0.95,-1.76,1.76,-3.62,label box,0.3817,0.4284,0.004,0.0114,,
fi,fimbria of the hippocampus,26,1,-0.95,1.51,1.51,-3.58,label box,0.5509,0.4253,0.0036,0.0119,,
ic,internal capsule,26,0,-0.95,2.41,2.41,-5.08,label box,0.5977,0.5466,0.0051,0.0091,,
ic,internal capsule,26,1,-0.95,-2.5,2.5,-5.16,label box,0.343,0.5531,0.0051,0.0119,,
iml,internal medullary lamina,26,0,-0.95,-1.38,1.38,-5.12,label box,0.401,0.55,0.0098,0.0114,,
iml,internal medullary lamina,26,1,-0.95,1.41,1.41,-5.01,label box,0.5458,0.5409,0.0102,0.0114,,
opt,optic tract,26,0,-0.95,-1.2,1.2,-8.16,label box,0.4104,0.7952,0.0113,0.0142,,
opt,optic tract,26,1,-0.95,1.2,1.2,-8.05,label box,0.5351,0.7869,0.0113,0.0136,,
rf,rhinal fissure,26,0,-0.95,-6.27,6.27,-6.54,label box,0.1477,0.6651,0.0055,0.0119,,
rf,rhinal fissure,26,1,-0.95,6.15,6.15,-6.6,label box,0.7914,0.6696,0.0051,0.0119,,
sm,stria medullaris of the thalamus,26,0,-0.95,-0.56,0.56,-4.47,label box,0.4435,0.4972,0.0105,0.0091,,
sm,stria medullaris of the thalamus,26,1,-0.95,0.6,0.6,-4.47,label box,0.5038,0.4972,0.0105,0.0091,,
sox,supraoptic decussation,26,0,-0.95,0.02,0.02,-8.4,label box,0.4737,0.8148,0.0127,0.0091,,
st,stria terminalis,26,0,-0.95,2.28,2.28,-4.17,label box,0.591,0.4736,0.0062,0.0108,,
st,stria terminalis,26,1,-0.95,-2.27,2.27,-4.13,label box,0.3552,0.4697,0.0062,0.0114,,
vhc,ventral hippocampal commissure,26,0,-0.95,-0.03,0.03,-3.32,label box,0.4713,0.4046,0.0127,0.0119,,
1,layer 1 of cortex,27,0,-1.3,-5.56,5.56,-7.82,label box,0.1846,0.7685,0.0022,0.0119,,
1,layer 1 of cortex,27,1,-1.3,4.09,4.09,-8.62,label box,0.6848,0.8324,0.0025,0.0114,,
1,layer 1 of cortex,27,2,-1.3,-3.76,3.76,-8.51,label box,0.278,0.8242,0.0022,0.0114,,
2,layer 2 of cortex,27,0,-1.3,4.06,4.06,-8.41,label box,0.6833,0.8159,0.004,0.0114,,
2,layer 2 of cortex,27,1,-1.3,-5.41,5.41,-7.66,label box,0.1925,0.7552,0.004,0.0119,,
2,layer 2 of cortex,27,2,-1.3,5.33,5.33,-7.67,label box,0.7491,0.756,0.004,0.0114,,
2,layer 2 of cortex,27,3,-1.3,-3.81,3.81,-8.35,label box,0.2753,0.8109,0.004,0.0119,,
3,layer 3 of cortex,27,0,-1.3,-5.13,5.13,-7.62,label box,0.2069,0.7517,0.004,0.0114,,
3,layer 3 of cortex,27,1,-1.3,-3.89,3.89,-8.2,label box,0.2713,0.7986,0.004,0.0119,,
3,layer 3 of cortex,27,2,-1.3,4.01,4.01,-8.2,label box,0.6806,0.7989,0.0044,0.0114,,
3,layer 3 of cortex,27,3,-1.3,5.15,5.15,-7.58,label box,0.7395,0.7486,0.0044,0.0114,,
3V,3rd ventricle,27,0,-1.3,-0.04,0.04,-3.9,label box,0.4708,0.4512,0.0094,0.0119,,
3V,3rd ventricle,27,1,-1.3,-0.03,0.03,-6.85,label box,0.471,0.6901,0.0098,0.0114,,
ACo,anterior cortical amygdaloid nucleus,27,0,-1.3,3.01,3.01,-7.89,label box,0.6288,0.7741,0.0149,0.0119,,
ACo,anterior cortical amygdaloid nucleus,27,1,-1.3,-3.3,3.3,-8.12,label box,0.3018,0.7923,0.0149,0.0119,,
AD,anterodorsal thalamic nucleus,27,0,-1.3,-1.3,1.3,-3.97,label box,0.4055,0.4568,0.0102,0.0114,,
AD,anterodorsal thalamic nucleus,27,1,-1.3,1.2,1.2,-3.93,label box,0.5351,0.454,0.0105,0.0114,,
AHC,"anterior hypothalamic area, central part",27,0,-1.3,-0.88,0.88,-7.31,label box,0.4272,0.7268,0.016,0.0119,,
AHC,"anterior hypothalamic area, central part",27,1,-1.3,0.51,0.51,-7.31,label box,0.4991,0.7268,0.016,0.0119,,
AI,agranular insular cortex,27,0,-1.3,5.69,5.69,-6.2,label box,0.7678,0.6369,0.0065,0.0114,,
AI,agranular insular cortex,27,1,-1.3,-5.76,5.76,-6.37,label box,0.1742,0.6511,0.0069,0.0114,,
AM,anteromedial thalamic nucleus,27,0,-1.3,-0.67,0.67,-5.36,label box,0.438,0.5693,0.0113,0.0114,,
AM,anteromedial thalamic nucleus,27,1,-1.3,0.75,0.75,-5.24,label box,0.5118,0.5594,0.012,0.0119,,
AMV,"anteromedial thalamic nucleus, ventral part",27,0,-1.3,-0.55,0.55,-5.58,label box,0.4442,0.5869,0.0171,0.0114,,
AMV,"anteromedial thalamic nucleus, ventral part",27,1,-1.3,0.69,0.69,-5.51,label box,0.5085,0.5818,0.0171,0.0114,,
ANS,accessory neurosecretory nuclei,27,0,-1.3,-1,1,-6.58,label box,0.4211,0.6679,0.0153,0.0119,,
ANS,accessory neurosecretory nuclei,27,1,-1.3,0.96,0.96,-6.53,label box,0.5223,0.6642,0.0156,0.0114,,
ASt,amygdalostriatal transition area,27,0,-1.3,-3.95,3.95,-6.22,label box,0.2682,0.6386,0.0124,0.0114,,
ASt,amygdalostriatal transition area,27,1,-1.3,3.87,3.87,-6.12,label box,0.6733,0.631,0.0124,0.0119,,
AVDM,"anterovent thalamic nucleus, dorsomedial part",27,0,-1.3,-1.42,1.42,-4.36,label box,0.399,0.4886,0.0225,0.0114,,
AVDM,"anterovent thalamic nucleus, dorsomedial part",27,1,-1.3,1.39,1.39,-4.3,label box,0.5449,0.4836,0.0225,0.0119,,
AVVL,"anteroventral thalamic nucleus, ventrolateral part",27,0,-1.3,-1.3,1.3,-4.84,label box,0.4054,0.5273,0.0196,0.0119,,
Arc,arcuate hypothalamic nucleus,27,0,-1.3,-0.01,0.01,-7.85,label box,0.472,0.7702,0.0124,0.0119,,
B,basal nucleus (Meynert),27,0,-1.3,-3.23,3.23,-6.38,label box,0.3051,0.6517,0.004,0.0114,,
B,basal nucleus (Meynert),27,1,-1.3,2.86,2.86,-6.34,label box,0.6208,0.6486,0.004,0.0119,,
B,basal nucleus (Meynert),27,2,-1.3,-4.69,4.69,-7.35,label box,0.2298,0.7301,0.004,0.0114,,
BAOT,bed nucleus of the accessory olfactory tract,27,0,-1.3,2.48,2.48,-7.87,label box,0.6014,0.7724,0.0203,0.0119,,
BAOT,bed nucleus of the accessory olfactory tract,27,1,-1.3,-2.56,2.56,-8.07,label box,0.3401,0.7881,0.0203,0.0119,,
BLA,"basolateral amygdaloid nucleus, anterior part",27,0,-1.3,4.17,4.17,-6.96,label box,0.6886,0.6983,0.0145,0.0114,,
BLA,"basolateral amygdaloid nucleus, anterior part",27,1,-1.3,-4.1,4.1,-7.02,label box,0.2602,0.7034,0.0145,0.0114,,
BLP,"basolateral amygdaloid nucleus, posterior part",27,0,-1.3,4.54,4.54,-7.38,label box,0.7082,0.7327,0.0138,0.0119,,
BLP,"basolateral amygdaloid nucleus, posterior part",27,1,-1.3,-4.6,4.6,-7.34,label box,0.2344,0.7296,0.0145,0.0119,,
BLV,"basolateral amygdaloid nucleus, ventral part",27,0,-1.3,-4.25,4.25,-7.85,label box,0.2525,0.7702,0.0131,0.0119,,
BLV,"basolateral amygdaloid nucleus, ventral part",27,1,-1.3,4.1,4.1,-7.72,label box,0.6852,0.76,0.0134,0.0114,,
BMA,"basomedial amygdaloid nucleus, anterior part",27,0,-1.3,3.52,3.52,-7.35,label box,0.655,0.7301,0.0171,0.0114,,
BMA,"basomedial amygdaloid nucleus, anterior part",27,1,-1.3,-3.63,3.63,-7.54,label box,0.2847,0.7455,0.0164,0.0114,,
CA3,field CA3 of the hippocampus,27,0,-1.3,1.01,1.01,-2.97,label box,0.5251,0.3764,0.0145,0.0119,,
CA3,field CA3 of the hippocampus,27,1,-1.3,-1.23,1.23,-2.79,label box,0.4089,0.3617,0.0149,0.0125,,
CM,central medial thalamic nucleus,27,0,-1.3,-0.03,0.03,-5.1,label box,0.4713,0.5484,0.012,0.0119,,
CPu,caudate putamen (striatum),27,0,-1.3,4.63,4.63,-4.71,label box,0.7126,0.5168,0.0138,0.0119,,
CPu,caudate putamen (striatum),27,1,-1.3,-4.56,4.56,-4.84,label box,0.2364,0.5276,0.0142,0.0119,,
CeC,"central amygdaloid nucleus, capsular part",27,0,-1.3,3.66,3.66,-6.62,label box,0.6625,0.6711,0.0145,0.0119,,
CeC,"central amygdaloid nucleus, capsular part",27,1,-1.3,-3.66,3.66,-6.69,label box,0.2833,0.6768,0.0142,0.0119,,
CeL,"central amygdaloid nucleus, lateral division",27,0,-1.3,3.22,3.22,-6.57,label box,0.6397,0.6673,0.0134,0.0119,,
CeL,"central amygdaloid nucleus, lateral division",27,1,-1.3,-3.18,3.18,-6.74,label box,0.3081,0.6807,0.0138,0.0119,,
CeM,"central amygdaloid nucleus, medial division",27,0,-1.3,3.37,3.37,-6.94,label box,0.6475,0.6974,0.016,0.0119,,
CeM,"central amygdaloid nucleus, medial division",27,1,-1.3,-3.43,3.43,-7.02,label box,0.2951,0.7037,0.0153,0.0119,,
Cg1,"cingulate cortex, area 1",27,0,-1.3,-0.48,0.48,-1.53,label box,0.4479,0.2603,0.0138,0.0119,,
Cg1,"cingulate cortex, area 1",27,1,-1.3,0.36,0.36,-1.55,label box,0.4915,0.2612,0.0138,0.0125,,
Cg2,"cingulate cortex, area 2",27,0,-1.3,0.45,0.45,-2.3,label box,0.4959,0.3222,0.0152,0.0119,,
Cg2,"cingulate cortex, area 2",27,1,-1.3,-0.44,0.44,-2.32,label box,0.4497,0.3234,0.0152,0.0119,,
Cl,claustrum,27,0,-1.3,-5.06,5.06,-6.19,label box,0.2106,0.6366,0.0062,0.0119,,
Cl,claustrum,27,1,-1.3,5.13,5.13,-6.11,label box,0.7384,0.6298,0.0065,0.0119,,
DEn,dorsal endopiriform nucleus,27,0,-1.3,-4.96,4.96,-7.08,label box,0.2158,0.708,0.0138,0.0114,,
DEn,dorsal endopiriform nucleus,27,1,-1.3,4.89,4.89,-7.19,label box,0.726,0.717,0.0138,0.0114,,
DI,dysgranular insular cortex,27,0,-1.3,6.21,6.21,-5.58,label box,0.7947,0.5875,0.0065,0.0114,,
DI,dysgranular insular cortex,27,1,-1.3,-6.07,6.07,-5.82,label box,0.1584,0.6062,0.0065,0.0114,,
EP,entopeduncular nucleus,27,0,-1.3,-2.49,2.49,-6.26,label box,0.3436,0.642,0.0091,0.0114,,
EP,entopeduncular nucleus,27,1,-1.3,2.34,2.34,-6.26,label box,0.5941,0.642,0.0087,0.0114,,
GI,granular insular cortex,27,0,-1.3,6.33,6.33,-5.26,label box,0.8007,0.5611,0.0069,0.0119,,
GI,granular insular cortex,27,1,-1.3,-6.29,6.29,-5.5,label box,0.147,0.581,0.0069,0.0119,,
GP,globus pallidus,27,0,-1.3,3.56,3.56,-5.34,label box,0.6573,0.5676,0.0102,0.0125,,
GP,globus pallidus,27,1,-1.3,-3.65,3.65,-5.6,label box,0.2836,0.5884,0.0098,0.0119,,
GrDG,granular layer of the dentate gyrus,27,0,-1.3,-0.72,0.72,-3.31,label box,0.4353,0.4037,0.0189,0.0119,,
GrDG,granular layer of the dentate gyrus,27,1,-1.3,0.63,0.63,-3.31,label box,0.5053,0.4038,0.0189,0.0125,,
I,intercalated nuclei of the amygdala,27,0,-1.3,3.8,3.8,-6.78,label box,0.6696,0.6844,0.0011,0.0114,,
IAD,interanterodorsal thalamic nucleus,27,0,-1.3,-0.87,0.87,-4.97,label box,0.4279,0.5375,0.012,0.0114,,
IAD,interanterodorsal thalamic nucleus,27,1,-1.3,0.84,0.84,-4.9,label box,0.516,0.5325,0.012,0.0119,,
IAM,interanteromedial thalamic nucleus,27,0,-1.3,0.23,0.23,-5.24,label box,0.4846,0.56,0.0138,0.0114,,
IAM,interanteromedial thalamic nucleus,27,1,-1.3,-0.3,0.3,-5.28,label box,0.4574,0.5629,0.0138,0.0114,,
IG,indusium griseum,27,0,-1.3,-0.11,0.11,-2.91,label box,0.4668,0.3717,0.0065,0.0119,,
IMG,amygdaloid intramedullary gray,27,0,-1.3,-4.29,4.29,-6.35,label box,0.2504,0.6497,0.0138,0.0119,,
IMG,amygdaloid intramedullary gray,27,1,-1.3,4.33,4.33,-6.27,label box,0.6973,0.6429,0.0138,0.0119,,
LDDM,"laterodorsal thalamic nucleus, dorsomedial part",27,0,-1.3,1.77,1.77,-3.68,label box,0.5647,0.4335,0.0218,0.0114,,
LDDM,"laterodorsal thalamic nucleus, dorsomedial part",27,1,-1.3,-1.86,1.86,-3.68,label box,0.3762,0.4339,0.0221,0.0114,,
LDVL,"laterodorsal thalamic nucleus, ventrolateral part",27,0,-1.3,-2.07,2.07,-3.92,label box,0.3654,0.4528,0.0193,0.0114,,
LDVL,"laterodorsal thalamic nucleus, ventrolateral part",27,1,-1.3,2.02,2.02,-3.84,label box,0.5774,0.4469,0.0192,0.0114,,
LV,lateral ventricle,27,0,-1.3,-2.32,2.32,-2.79,label box,0.3523,0.3614,0.0084,0.0119,,
La,lateral amygdaloid nucleus,27,0,-1.3,4.65,4.65,-6.43,label box,0.7137,0.656,0.008,0.0119,,
LaD,"lateral amygdaloid nucleus, dorsal part",27,0,-1.3,-4.69,4.69,-6.33,label box,0.2295,0.6477,0.0134,0.0114,,
LaV,"lateral amygdaloid nucleus, ventral part",27,0,-1.3,-4.63,4.63,-6.61,label box,0.2329,0.6707,0.0131,0.0119,,
M1,primary motor cortex,27,0,-1.3,1.49,1.49,-1.55,label box,0.5501,0.2614,0.0094,0.0114,,
M2,secondary motor cortex,27,0,-1.3,-1.13,1.13,-1.51,label box,0.4142,0.2585,0.0109,0.0114,,
M2,secondary motor cortex,27,1,-1.3,1.11,1.11,-1.55,label box,0.53,0.2616,0.0113,0.0119,,
MD,mediodorsal thalamic nucleus,27,0,-1.3,-0.39,0.39,-4.51,label box,0.4524,0.5006,0.0116,0.0114,,
MD,mediodorsal thalamic nucleus,27,1,-1.3,0.37,0.37,-4.54,label box,0.4919,0.5032,0.0116,0.0114,,
MHb,medial habenular nucleus,27,0,-1.3,-0.39,0.39,-3.96,label box,0.4525,0.4563,0.0163,0.0119,,
MHb,medial habenular nucleus,27,1,-1.3,0.31,0.31,-4,label box,0.489,0.4592,0.0167,0.0119,,
MeAD,"medial amygdaloid nucleus, anterodorsal part",27,0,-1.3,-2.77,2.77,-7.14,label box,0.3292,0.7134,0.0211,0.0119,,
MeAD,"medial amygdaloid nucleus, anterodorsal part",27,1,-1.3,2.67,2.67,-7.1,label box,0.6112,0.7099,0.0211,0.0119,,
MeAV,"medial amygdaloid nucleus, anteroventral part",27,0,-1.3,2.67,2.67,-7.49,label box,0.611,0.7418,0.0207,0.0119,,
MeAV,"medial amygdaloid nucleus, anteroventral part",27,1,-1.3,-2.77,2.77,-7.65,label box,0.329,0.754,0.0207,0.0114,,
MePD,"medial amygdaloid nucleus, posterodorsal part",27,0,-1.3,-2.64,2.64,-6.82,label box,0.3361,0.6875,0.0211,0.0114,,
MePD,"medial amygdaloid nucleus, posterodorsal part",27,1,-1.3,2.71,2.71,-6.64,label box,0.6129,0.6731,0.0214,0.0114,,
MoDG,molecular layer of the dentate gyrus,27,0,-1.3,-0.88,0.88,-3.53,label box,0.4271,0.4219,0.0222,0.0119,,
MoDG,molecular layer of the dentate gyrus,27,1,-1.3,0.7,0.7,-3.53,label box,0.5091,0.4213,0.0218,0.0119,,
Or,oriens layer of the hippocampus,27,0,-1.3,-2.05,2.05,-2.99,label box,0.3666,0.3776,0.008,0.0119,,
Or,oriens layer of the hippocampus,27,1,-1.3,1.47,1.47,-3.08,label box,0.5491,0.3855,0.008,0.0119,,
PC,paracentral thalamic nucleus,27,0,-1.3,-0.83,0.83,-4.55,label box,0.4297,0.5043,0.0091,0.0119,,
PC,paracentral thalamic nucleus,27,1,-1.3,0.83,0.83,-4.49,label box,0.5158,0.4991,0.0091,0.0119,,
PLCo,posterolateral cortical amygdaloid nucleus,27,0,-1.3,3.63,3.63,-8.19,label box,0.661,0.798,0.0189,0.0119,,
PLCo,posterolateral cortical amygdaloid nucleus,27,1,-1.3,-4.12,4.12,-8.49,label box,0.2591,0.8224,0.0189,0.0119,,
PLH,peduncular part of lateral hypothalamus,27,0,-1.3,-1.57,1.57,-6.81,label box,0.3915,0.6864,0.0142,0.0114,,
PT,paratenial thalamic nucleus,27,0,-1.3,-0.29,0.29,-4.87,label box,0.4577,0.5295,0.0091,0.0114,,
PT,paratenial thalamic nucleus,27,1,-1.3,0.29,0.29,-4.87,label box,0.4875,0.5295,0.0091,0.0114,,
PV,paraventricular thalamic nucleus,27,0,-1.3,-0.01,0.01,-4.44,label box,0.4724,0.4952,0.0094,0.0119,,
PaMM,"paraventricular hypothalamic nucleus, medial magnocellular part",27,0,-1.3,-0.31,0.31,-6.63,label box,0.4566,0.6722,0.0222,0.0114,,
PaMM,"paraventricular hypothalamic nucleus, medial magnocellular part",27,1,-1.3,0.26,0.26,-6.63,label box,0.4862,0.6722,0.0225,0.0114,,
PaMP,"paraventricular hypothalamic nucleus, medial parvicellular part",27,0,-1.3,-0.07,0.07,-6.41,label box,0.4693,0.654,0.0207,0.0114,,
PaV,"paraventricular hypothalamic nucleus, ventral part",27,0,-1.3,-0.35,0.35,-7.09,label box,0.4548,0.7089,0.0138,0.0114,,
PaXi,paraxiphoid nucleus of thalamus,27,0,-1.3,-0.01,0.01,-6.23,label box,0.4722,0.6395,0.0149,0.0119,,
Pe,periventricular hypothalamic nucleus,27,0,-1.3,-0.29,0.29,-7.55,label box,0.4575,0.7461,0.0084,0.0119,,
Pir,piriform cortex,27,0,-1.3,-5.23,5.23,-7.87,label box,0.2017,0.7724,0.0094,0.0119,,
Pir,piriform cortex,27,1,-1.3,5.09,5.09,-7.89,label box,0.7366,0.7736,0.0094,0.0114,,
Py,pyramidal cell layer of the hippocampus,27,0,-1.3,-1.25,1.25,-3.05,label box,0.4079,0.3827,0.0084,0.0142,,
RCh,retrochiasmatic area,27,0,-1.3,-0.02,0.02,-8.05,label box,0.4719,0.787,0.0145,0.0119,,
RChL,"retrochiasmatic area, lateral part",27,0,-1.3,-0.49,0.49,-8.1,label box,0.4471,0.7909,0.0193,0.0216,,
RChL,"retrochiasmatic area, lateral part",27,1,-1.3,0.5,0.5,-8.08,label box,0.4984,0.7895,0.0193,0.0119,,
RSD,retrosplenial dysgranular cortex,27,0,-1.3,-0.46,0.46,-1.77,label box,0.4491,0.2793,0.0153,0.0119,,
RSD,retrosplenial dysgranular cortex,27,1,-1.3,0.39,0.39,-1.78,label box,0.4927,0.2798,0.0153,0.0119,,
RSGc,"retrosplenial granular cortex, c region",27,0,-1.3,0.5,0.5,-2.53,label box,0.4987,0.3406,0.02,0.0119,,
RSGc,"retrosplenial granular cortex, c region",27,1,-1.3,-0.39,0.39,-2.54,label box,0.4525,0.3416,0.02,0.0119,,
Re,reuniens thalamic nucleus,27,0,-1.3,-0.25,0.25,-5.83,label box,0.4597,0.6071,0.0087,0.0119,,
Re,reuniens thalamic nucleus,27,1,-1.3,0.26,0.26,-5.84,label box,0.4862,0.608,0.0087,0.0114,,
Rh,rhomboid thalamic nucleus,27,0,-1.3,-0.01,0.01,-5.35,label box,0.4723,0.5685,0.0094,0.0114,,
Rt,reticular thalamic nucleus,27,0,-1.3,-2.97,2.97,-4.73,label box,0.3187,0.5188,0.0073,0.0114,,
Rt,reticular thalamic nucleus,27,1,-1.3,2.93,2.93,-4.67,label box,0.6246,0.5134,0.0073,0.0119,,
S1,primary somatosensory cortex,27,0,-1.3,-5.84,5.84,-3.96,label box,0.1702,0.4565,0.0076,0.0119,,
S1,primary somatosensory cortex,27,1,-1.3,5.96,5.96,-3.88,label box,0.7818,0.4495,0.0076,0.0119,,
S1BF,"primary somatosensory cortex, barrel field",27,0,-1.3,4.03,4.03,-2.21,label box,0.6817,0.3145,0.0189,0.0119,,
S1BF,"primary somatosensory cortex, barrel field",27,1,-1.3,-4.27,4.27,-2.47,label box,0.2515,0.3361,0.0189,0.0119,,
S1DZ,"primary somatosensory cortex, dysgranular zone",27,0,-1.3,3.09,3.09,-2.08,label box,0.6328,0.3043,0.0193,0.0119,,
S1DZ,"primary somatosensory cortex, dysgranular zone",27,1,-1.3,-3.09,3.09,-2.06,label box,0.3125,0.3024,0.0196,0.0119,,
S1Tr,"primary somatosensory cortex, trunk region",27,0,-1.3,2.34,2.34,-1.74,label box,0.5939,0.2768,0.0167,0.0119,,
S1Tr,"primary somatosensory cortex, trunk region",27,1,-1.3,-2.43,2.43,-1.77,label box,0.347,0.2791,0.0167,0.0119,,
S1ULp,"primary somatosensory cortex, upper lip region",27,0,-1.3,-5.3,5.3,-3.21,label box,0.198,0.3955,0.024,0.0148,,
S1ULp,"primary somatosensory cortex, upper lip region",27,1,-1.3,5.57,5.57,-3.19,label box,0.7613,0.394,0.024,0.0142,,
S2,secondary somatosensory cortex,27,0,-1.3,-6.2,6.2,-4.75,label box,0.1513,0.5199,0.0091,0.0114,,
S2,secondary somatosensory cortex,27,1,-1.3,6.35,6.35,-4.5,label box,0.8019,0.4995,0.0094,0.0119,,
SO,supraoptic nucleus,27,0,-1.3,2.13,2.13,-7.18,label box,0.583,0.7168,0.0098,0.0119,,
SPa,subparaventricular zone of the hypothalamus,27,0,-1.3,-0.37,0.37,-7.31,label box,0.4534,0.7273,0.0138,0.0119,,
TuLH,tuberal region of lateral hypothalamus,27,0,-1.3,-0.51,0.51,-7.87,label box,0.4462,0.7724,0.0182,0.0119,,
TuLH,tuberal region of lateral hypothalamus,27,1,-1.3,0.47,0.47,-7.86,label box,0.4973,0.7713,0.0178,0.0119,,
VA,ventral anterior thalamic nucleus,27,0,-1.3,-1.64,1.64,-4.97,label box,0.3875,0.5375,0.0098,0.0114,,
VA,ventral anterior thalamic nucleus,27,1,-1.3,1.62,1.62,-5.01,label box,0.5569,0.5409,0.0098,0.0114,,
VEn,ventral endopiriform nucleus,27,0,-1.3,-4.88,4.88,-7.62,label box,0.2198,0.7517,0.0189,0.0114,,
VEn,ventral endopiriform nucleus,27,1,-1.3,4.72,4.72,-7.66,label box,0.7171,0.7548,0.0134,0.0119,,
VL,ventrolateral thalamic nucleus,27,0,-1.3,2.19,2.19,-5.1,label box,0.5863,0.5483,0.0091,0.0114,,
VL,ventrolateral thalamic nucleus,27,1,-1.3,-2.15,2.15,-5.23,label box,0.3612,0.5585,0.0094,0.0114,,
VL,ventrolateral thalamic nucleus,27,2,-1.3,-1.23,1.23,-5.67,label box,0.409,0.5943,0.0047,0.0114,,
VLH,ventrolateral hypothalamic nucleus,27,0,-1.3,-2.12,2.12,-7.35,leader tip,0.3657,0.7063,0.0149,0.0114,0.363,0.7305
VLH,ventrolateral hypothalamic nucleus,27,1,-1.3,1.94,1.94,-6.95,label box,0.573,0.6981,0.0149,0.0114,,
VM,ventromedial thalamic nucleus,27,0,-1.3,1.03,1.03,-5.65,label box,0.5263,0.5926,0.0113,0.0114,,
VM,ventromedial thalamic nucleus,27,1,-1.3,-1.17,1.17,-5.66,label box,0.412,0.5938,0.0116,0.0119,,
VRe,ventral reuniens thalamic nucleus,27,0,-1.3,-0.41,0.41,-6.13,label box,0.4513,0.6312,0.0145,0.0114,,
VRe,ventral reuniens thalamic nucleus,27,1,-1.3,0.37,0.37,-6.13,label box,0.492,0.6315,0.0145,0.0119,,
Xi,xiphoid thalamic nucleus,27,0,-1.3,-0.02,0.02,-5.86,label box,0.4717,0.61,0.0062,0.0114,,
ZIR,"zona incerta, rostral part",27,0,-1.3,-1.18,1.18,-6.22,label box,0.4115,0.6386,0.0113,0.0114,,
ZIR,"zona incerta, rostral part",27,1,-1.3,1.29,1.29,-6.1,label box,0.5394,0.629,0.0113,0.0114,,
alv,alveus of the hippocampus,27,0,-1.3,-1.63,1.63,-2.66,label box,0.3882,0.3509,0.0098,0.0114,,
alv,alveus of the hippocampus,27,1,-1.3,1.33,1.33,-2.7,label box,0.5418,0.3541,0.0098,0.0119,,
cc,corpus callosum,27,0,-1.3,0.02,0.02,-3.07,label box,0.4738,0.3847,0.008,0.0091,,
cg,cingulum,27,0,-1.3,0.94,0.94,-2.48,label box,0.5216,0.3364,0.0084,0.0114,,
cg,cingulum,27,1,-1.3,-0.87,0.87,-2.49,label box,0.4276,0.3376,0.008,0.0119,,
chp,choroid plexus,27,0,-1.3,2.51,2.51,-3.06,label box,0.603,0.3832,0.0127,0.0142,,
chp,choroid plexus,27,1,-1.3,0.01,0.01,-3.47,label box,0.4735,0.4168,0.0131,0.0142,,
cst,commissural stria terminalis,27,0,-1.3,3.05,3.05,-7.06,label box,0.6306,0.7066,0.0109,0.0114,,
df,dorsal fornix,27,0,-1.3,0.31,0.31,-3.08,label box,0.4887,0.3849,0.0065,0.0108,,
ec,external capsule,27,0,-1.3,4.44,4.44,-3.5,label box,0.7026,0.4193,0.0076,0.0091,,
ec,external capsule,27,1,-1.3,-4.46,4.46,-3.64,label box,0.2418,0.4301,0.0076,0.0091,,
f,fornix,27,0,-1.3,-1.02,1.02,-6.84,label box,0.4197,0.6892,0.0022,0.0114,,
f,fornix,27,1,-1.3,0.98,0.98,-6.83,label box,0.5233,0.6878,0.0022,0.0119,,
fi,fimbria of the hippocampus,27,0,-1.3,2.4,2.4,-3.63,label box,0.597,0.4295,0.0036,0.0114,,
fi,fimbria of the hippocampus,27,1,-1.3,-2.47,2.47,-3.51,label box,0.3446,0.42,0.004,0.0119,,
fr,fasciculus retroflexus,27,0,-1.3,-0.31,0.31,-4.26,label box,0.4568,0.4807,0.0051,0.0114,,
fr,fasciculus retroflexus,27,1,-1.3,0.27,0.27,-4.26,label box,0.4869,0.4807,0.0051,0.0114,,
ic,internal capsule,27,0,-1.3,-3.24,3.24,-5.16,label box,0.3049,0.5534,0.0051,0.0091,,
ic,internal capsule,27,1,-1.3,3.12,3.12,-5.16,label box,0.6346,0.5528,0.0055,0.0091,,
mt,mammillothalamic tract,27,0,-1.3,-1.51,1.51,-1.52,label box,0.3944,0.2591,0.0098,0.0114,,
mt,mammillothalamic tract,27,1,-1.3,-0.81,0.81,-5.79,label box,0.4308,0.6037,0.0091,0.0108,,
mt,mammillothalamic tract,27,2,-1.3,0.55,0.55,-5.69,label box,0.5011,0.596,0.0087,0.0114,,
ns,nigrostriatal bundle,27,0,-1.3,1.66,1.66,-6.38,label box,0.5589,0.6517,0.008,0.0091,,
opt,optic tract,27,0,-1.3,1.68,1.68,-7.63,label box,0.5598,0.7531,0.0113,0.0131,,
opt,optic tract,27,1,-1.3,-1.72,1.72,-7.76,label box,0.3835,0.7631,0.0113,0.0136,,
rf,rhinal fissure,27,0,-1.3,-6.36,6.36,-6.75,label box,0.1432,0.6818,0.0051,0.0114,,
rf,rhinal fissure,27,1,-1.3,6.25,6.25,-6.72,label box,0.7965,0.679,0.0051,0.0114,,
sm,stria medullaris of the thalamus,27,0,-1.3,0.68,0.68,-4.05,label box,0.5078,0.4636,0.0105,0.0091,,
sm,stria medullaris of the thalamus,27,1,-1.3,-0.68,0.68,-4.06,label box,0.4374,0.464,0.0109,0.0091,,
sox,supraoptic decussation,27,0,-1.3,-0.02,0.02,-8.26,label box,0.4717,0.8038,0.0127,0.0091,,
st,stria terminalis,27,0,-1.3,-2.81,2.81,-4.15,label box,0.3269,0.4713,0.0062,0.0108,,
st,stria terminalis,27,1,-1.3,2.92,2.92,-4.06,label box,0.6241,0.4645,0.0062,0.0108,,
st,stria terminalis,27,2,-1.3,2.33,2.33,-7.18,label box,0.5936,0.7168,0.0062,0.0108,,
vhc,ventral hippocampal commissure,27,0,-1.3,-0.03,0.03,-3.2,label box,0.4712,0.3952,0.0123,0.0114,,
vlh,ventrolateral hypothalamic tract,27,0,-1.3,-1.15,1.15,-7.53,label box,0.4133,0.7444,0.0098,0.0119,,
vlh,ventrolateral hypothalamic tract,27,1,-1.3,0.81,0.81,-7.55,label box,0.5149,0.7467,0.0098,0.0119,,
1,layer 1 of cortex,28,0,-1.65,3.83,3.83,-8.42,label box,0.6713,0.8165,0.0025,0.0114,,
1,layer 1 of cortex,28,1,-1.65,-5.82,5.82,-7.75,label box,0.1711,0.7626,0.0025,0.0119,,
2,layer 2 of cortex,28,0,-1.65,-0.78,0.78,-1.25,label box,0.4324,0.2369,0.0036,0.0114,,
2,layer 2 of cortex,28,1,-1.65,3.85,3.85,-8.23,label box,0.6724,0.8011,0.004,0.0114,,
2,layer 2 of cortex,28,2,-1.65,5.76,5.76,-7.3,label box,0.7713,0.7259,0.004,0.0114,,
2,layer 2 of cortex,28,3,-1.65,-5.65,5.65,-7.62,label box,0.1798,0.7518,0.004,0.0119,,
3,layer 3 of cortex,28,0,-1.65,3.86,3.86,-7.99,label box,0.673,0.7818,0.0044,0.0114,,
3,layer 3 of cortex,28,1,-1.65,-3.85,3.85,-8.18,label box,0.2734,0.7972,0.004,0.0114,,
3,layer 3 of cortex,28,2,-1.65,5.57,5.57,-7.21,label box,0.7616,0.7185,0.0044,0.0114,,
3,layer 3 of cortex,28,3,-1.65,-5.47,5.47,-7.48,label box,0.1894,0.7404,0.0044,0.0119,,
3V,3rd ventricle,28,0,-1.65,-0.04,0.04,-7.48,label box,0.4707,0.7406,0.0091,0.0119,,
3V,3rd ventricle,28,1,-1.65,0.02,0.02,-3.86,label box,0.4737,0.4484,0.0094,0.0119,,
AAF,anterior auditory field,28,0,-1.65,6.17,6.17,-4.32,label box,0.7927,0.485,0.0149,0.0114,,
AAF,anterior auditory field,28,1,-1.65,-6.19,6.19,-4.37,label box,0.152,0.4896,0.0145,0.0114,,
ACo,anterior cortical amygdaloid nucleus,28,0,-1.65,-3.36,3.36,-8.13,label box,0.2985,0.7935,0.0149,0.0119,,
AHC,"anterior hypothalamic area, central part",28,0,-1.65,0.86,0.86,-7.22,label box,0.5173,0.7194,0.016,0.0119,,
AHP,"anterior hypothalamic area, posterior part",28,0,-1.65,0.6,0.6,-6.85,label box,0.5038,0.6901,0.0156,0.0119,,
AM,anteromedial thalamic nucleus,28,0,-1.65,1.03,1.03,-4.93,label box,0.5263,0.5347,0.0113,0.0114,,
AM,anteromedial thalamic nucleus,28,1,-1.65,-0.98,0.98,-5.01,label box,0.4222,0.5409,0.0116,0.0114,,
ANS,accessory neurosecretory nuclei,28,0,-1.65,-0.42,0.42,-6.33,label box,0.4509,0.6477,0.0145,0.0216,,
ANS,accessory neurosecretory nuclei,28,1,-1.65,-1.19,1.19,-6.5,label box,0.4112,0.6616,0.0156,0.0119,,
ANS,accessory neurosecretory nuclei,28,2,-1.65,1.23,1.23,-6.38,label box,0.5365,0.6517,0.0156,0.0114,,
ASt,amygdalostriatal transition area,28,0,-1.65,-4.22,4.22,-6.22,label box,0.2538,0.6389,0.0127,0.0119,,
ASt,amygdalostriatal transition area,28,1,-1.65,4.23,4.23,-5.92,label box,0.6921,0.6148,0.0127,0.0119,,
AVDM,"anterovent thalamic nucleus, dorsomedial part",28,0,-1.65,-1.78,1.78,-4.28,label box,0.3803,0.4824,0.0222,0.0114,,
AVDM,"anterovent thalamic nucleus, dorsomedial part",28,1,-1.65,1.57,1.57,-4.15,label box,0.5543,0.4713,0.0222,0.0108,,
AngT,angular thalamic nucleus,28,0,-1.65,-1.55,1.55,-4.67,label box,0.3924,0.5139,0.0189,0.0142,,
AngT,angular thalamic nucleus,28,1,-1.65,1.58,1.58,-4.46,label box,0.5545,0.4969,0.0192,0.0148,,
Arc,arcuate hypothalamic nucleus,28,0,-1.65,0.01,0.01,-7.91,label box,0.4731,0.7756,0.0124,0.0114,,
Au1,primary auditory cortex,28,0,-1.65,6.16,6.16,-4.09,label box,0.7919,0.4668,0.0127,0.0114,,
Au1,primary auditory cortex,28,1,-1.65,-6.2,6.2,-4.14,label box,0.1513,0.4711,0.0131,0.0119,,
AuD,"secondary auditory cortex, dorsal area",28,0,-1.65,-5.41,5.41,-3.2,label box,0.1925,0.3947,0.0149,0.0114,,
AuD,"secondary auditory cortex, dorsal area",28,1,-1.65,5.81,5.81,-3.22,label box,0.7736,0.3967,0.0152,0.0119,,
AuV,"secondary auditory cortex, ventral area",28,0,-1.65,-6.39,6.39,-5.45,label box,0.1417,0.5764,0.0145,0.0119,,
AuV,"secondary auditory cortex, ventral area",28,1,-1.65,6.35,6.35,-5.37,label box,0.802,0.5702,0.0145,0.0119,,
B,basal nucleus (Meynert),28,0,-1.65,3.83,3.83,-5.7,label box,0.6712,0.5967,0.0044,0.0119,,
B,basal nucleus (Meynert),28,1,-1.65,-3.68,3.68,-5.81,label box,0.2822,0.6057,0.004,0.0119,,
BLA,"basolateral amygdaloid nucleus, anterior part",28,0,-1.65,4.14,4.14,-7.15,label box,0.6875,0.7136,0.0145,0.0114,,
BLA,"basolateral amygdaloid nucleus, anterior part",28,1,-1.65,-4.09,4.09,-7.3,label box,0.2609,0.7261,0.0145,0.0114,,
BLP,"basolateral amygdaloid nucleus, posterior part",28,0,-1.65,-4.73,4.73,-7.41,label box,0.2278,0.7352,0.0138,0.0114,,
BLP,"basolateral amygdaloid nucleus, posterior part",28,1,-1.65,4.6,4.6,-7.39,label box,0.711,0.733,0.0142,0.0119,,
BMP,"basomedial amygdaloid nucleus, posterior part",28,0,-1.65,4.15,4.15,-7.67,label box,0.6879,0.7562,0.0167,0.0114,,
BMP,"basomedial amygdaloid nucleus, posterior part",28,1,-1.65,-3.99,3.99,-7.72,label box,0.266,0.7597,0.0167,0.0114,,
CA1,field CA1 of the hippocampus,28,0,-1.65,-1.47,1.47,-2.49,label box,0.3963,0.3372,0.0134,0.0119,,
CA1,field CA1 of the hippocampus,28,1,-1.65,1.19,1.19,-2.51,label box,0.5342,0.3393,0.0134,0.0119,,
CA2,field CA2 of the hippocampus,28,0,-1.65,1.7,1.7,-2.42,label box,0.5609,0.3321,0.0149,0.0119,,
CA2,field CA2 of the hippocampus,28,1,-1.65,-2.2,2.2,-2.59,label box,0.3588,0.3457,0.0149,0.0119,,
CA2,field CA2 of the hippocampus,28,2,-1.65,-0.74,0.74,-2.7,label box,0.4342,0.3548,0.0145,0.0119,,
CA2,field CA2 of the hippocampus,28,3,-1.65,0.62,0.62,-2.74,label box,0.5051,0.3577,0.0203,0.0244,,
CA3,field CA3 of the hippocampus,28,0,-1.65,1.55,1.55,-3.05,label box,0.5531,0.3827,0.0145,0.0119,,
CA3,field CA3 of the hippocampus,28,1,-1.65,-1.69,1.69,-3.1,label box,0.3853,0.387,0.0149,0.0119,,
CL,centrolateral thalamic nucleus,28,0,-1.65,-1.16,1.16,-3.83,label box,0.4125,0.4461,0.0098,0.0119,,
CL,centrolateral thalamic nucleus,28,1,-1.65,1.19,1.19,-3.85,label box,0.5343,0.4472,0.0094,0.0119,,
CM,central medial thalamic nucleus,28,0,-1.65,-0.04,0.04,-5.04,label box,0.4709,0.5437,0.0116,0.0114,,
CPu,caudate putamen (striatum),28,0,-1.65,-4.97,4.97,-4.92,label box,0.2153,0.5338,0.0142,0.0119,,
CPu,caudate putamen (striatum),28,1,-1.65,4.82,4.82,-4.84,label box,0.7224,0.5276,0.0138,0.0119,,
CeC,"central amygdaloid nucleus, capsular part",28,0,-1.65,-3.83,3.83,-6.57,label box,0.2742,0.6671,0.0142,0.0119,,
CeL,"central amygdaloid nucleus, lateral division",28,0,-1.65,3.6,3.6,-6.22,label box,0.6592,0.6389,0.0138,0.0119,,
CeL,"central amygdaloid nucleus, lateral division",28,1,-1.65,-3.5,3.5,-6.42,label box,0.2916,0.6554,0.0134,0.0119,,
CeM,"central amygdaloid nucleus, medial division",28,0,-1.65,-3.35,3.35,-6.77,label box,0.2991,0.683,0.016,0.0114,,
CeM,"central amygdaloid nucleus, medial division",28,1,-1.65,3.44,3.44,-6.65,label box,0.6512,0.6733,0.016,0.0114,,
DEn,dorsal endopiriform nucleus,28,0,-1.65,-5.13,5.13,-7.12,label box,0.2068,0.7114,0.0138,0.0114,,
DEn,dorsal endopiriform nucleus,28,1,-1.65,5.08,5.08,-7.05,label box,0.7362,0.7063,0.0138,0.0114,,
EP,entopeduncular nucleus,28,0,-1.65,2.5,2.5,-6.16,label box,0.6021,0.6338,0.0087,0.0119,,
EP,entopeduncular nucleus,28,1,-1.65,-2.53,2.53,-6.38,label box,0.3414,0.6517,0.0091,0.0114,,
Ect,ectorhinal cortex,28,0,-1.65,6.16,6.16,-5.86,label box,0.792,0.6097,0.0113,0.0114,,
Ect,ectorhinal cortex,28,1,-1.65,-6.19,6.19,-5.9,label box,0.1521,0.6131,0.0113,0.0114,,
GP,globus pallidus,28,0,-1.65,4.05,4.05,-5.21,label box,0.6824,0.5571,0.0102,0.0119,,
GP,globus pallidus,28,1,-1.65,-4.01,4.01,-5.37,label box,0.2651,0.5702,0.0098,0.0119,,
GrDG,granular layer of the dentate gyrus,28,0,-1.65,0.39,0.39,-2.94,label box,0.4929,0.3739,0.0189,0.0119,,
IG,indusium griseum,28,0,-1.65,-0.01,0.01,-2.55,label box,0.4724,0.3427,0.0069,0.0119,,
IMD,intermediodorsal thalamic nucleus,28,0,-1.65,0,0,-4.75,label box,0.4728,0.5202,0.0142,0.0114,,
IMG,amygdaloid intramedullary gray,28,0,-1.65,4.58,4.58,-6.14,label box,0.71,0.6321,0.0138,0.0119,,
IMG,amygdaloid intramedullary gray,28,1,-1.65,-4.29,4.29,-6.47,label box,0.2502,0.6588,0.0134,0.0119,,
LDDM,"laterodorsal thalamic nucleus, dorsomedial part",28,0,-1.65,1.67,1.67,-3.66,label box,0.5592,0.4321,0.0218,0.0108,,
LDDM,"laterodorsal thalamic nucleus, dorsomedial part",28,1,-1.65,-1.76,1.76,-3.71,label box,0.3815,0.4364,0.0218,0.0114,,
LDVL,"laterodorsal thalamic nucleus, ventrolateral part",28,0,-1.65,-2.47,2.47,-3.67,label box,0.3448,0.433,0.0189,0.0114,,
LDVL,"laterodorsal thalamic nucleus, ventrolateral part",28,1,-1.65,2.45,2.45,-3.61,label box,0.5997,0.4278,0.0193,0.0114,,
LHb,lateral habenular nucleus,28,0,-1.65,0.63,0.63,-3.83,label box,0.5055,0.4455,0.0127,0.0119,,
LHb,lateral habenular nucleus,28,1,-1.65,-0.58,0.58,-3.86,label box,0.4427,0.4484,0.0127,0.0119,,
LPtA,lateral parietal association cortex,28,0,-1.65,2.48,2.48,-1.58,label box,0.6014,0.2642,0.0167,0.0114,,
LPtA,lateral parietal association cortex,28,1,-1.65,-2.42,2.42,-1.74,label box,0.3472,0.2767,0.0164,0.0114,,
LV,lateral ventricle,28,0,-1.65,3.19,3.19,-2.61,label box,0.638,0.3472,0.0084,0.0119,,
LV,lateral ventricle,28,1,-1.65,-3.24,3.24,-2.8,label box,0.3047,0.3626,0.0084,0.0119,,
LaD,"lateral amygdaloid nucleus, dorsal part",28,0,-1.65,-4.95,4.95,-6.34,label box,0.216,0.6486,0.0134,0.0119,,
LaD,"lateral amygdaloid nucleus, dorsal part",28,1,-1.65,4.97,4.97,-6.07,label box,0.7302,0.6265,0.0134,0.0114,,
LaV,"lateral amygdaloid nucleus, ventral part",28,0,-1.65,4.72,4.72,-6.51,label box,0.7175,0.6619,0.0134,0.0114,,
LaV,"lateral amygdaloid nucleus, ventral part",28,1,-1.65,-4.59,4.59,-6.78,label box,0.2349,0.6841,0.0134,0.0114,,
M1,primary motor cortex,28,0,-1.65,-1.17,1.17,-1.27,label box,0.4122,0.2392,0.0098,0.0114,,
M1,primary motor cortex,28,1,-1.65,1.26,1.26,-1.19,label box,0.5382,0.2327,0.0094,0.0108,,
M2,secondary motor cortex,28,0,-1.65,0.93,0.93,-1.16,label box,0.5207,0.2304,0.0109,0.0108,,
M2,secondary motor cortex,28,1,-1.65,-0.85,0.85,-1.25,label box,0.4285,0.237,0.0113,0.0119,,
MDC,"mediodorsal thalamic nucleus, central part",28,0,-1.65,-0.6,0.6,-4.48,label box,0.4417,0.498,0.0171,0.0119,,
MDC,"mediodorsal thalamic nucleus, central part",28,1,-1.65,0.59,0.59,-4.48,label box,0.5035,0.4986,0.0171,0.0119,,
MDL,"mediodorsal thalamic nucleus, lateral part",28,0,-1.65,-0.99,0.99,-4.22,label box,0.4215,0.4773,0.0167,0.0114,,
MDL,"mediodorsal thalamic nucleus, lateral part",28,1,-1.65,1.05,1.05,-4.23,label box,0.5271,0.4779,0.0167,0.0119,,
MDM,"mediodorsal thalamic nucleus, medial part",28,0,-1.65,-0.39,0.39,-4.18,label box,0.4524,0.4744,0.0189,0.0114,,
MDM,"mediodorsal thalamic nucleus, medial part",28,1,-1.65,0.41,0.41,-4.18,label box,0.494,0.4737,0.0189,0.0114,,
MHb,medial habenular nucleus,28,0,-1.65,-0.27,0.27,-3.65,label box,0.4588,0.4313,0.0152,0.0119,,
MHb,medial habenular nucleus,28,1,-1.65,0.24,0.24,-3.66,label box,0.4851,0.4319,0.0156,0.0119,,
MPtA,medial parietal association cortex,28,0,-1.65,-1.6,1.6,-1.4,label box,0.3899,0.2491,0.0189,0.0119,,
MePD,"medial amygdaloid nucleus, posterodorsal part",28,0,-1.65,-3.01,3.01,-7.12,label box,0.3169,0.7114,0.0211,0.0114,,
MePD,"medial amygdaloid nucleus, posterodorsal part",28,1,-1.65,2.97,2.97,-6.98,label box,0.6268,0.7,0.0211,0.0114,,
MePV,"medial amygdaloid nucleus, posteroventral part",28,0,-1.65,2.69,2.69,-7.63,label box,0.6123,0.7528,0.0211,0.0114,,
MePV,"medial amygdaloid nucleus, posteroventral part",28,1,-1.65,-2.89,2.89,-7.74,label box,0.323,0.7619,0.0211,0.0114,,
MoDG,molecular layer of the dentate gyrus,28,0,-1.65,-1.22,1.22,-2.89,label box,0.4096,0.3697,0.0221,0.0125,,
MoDG,molecular layer of the dentate gyrus,28,1,-1.65,0.9,0.9,-3.45,label box,0.5193,0.4154,0.0221,0.0119,,
MoDG,molecular layer of the dentate gyrus,28,2,-1.65,-1.21,1.21,-3.49,label box,0.41,0.4183,0.0221,0.0119,,
Or,oriens layer of the hippocampus,28,0,-1.65,2.66,2.66,-2.77,label box,0.6108,0.3597,0.0084,0.0119,,
Or,oriens layer of the hippocampus,28,1,-1.65,-2.96,2.96,-2.93,label box,0.3196,0.3734,0.0084,0.0119,,
PC,paracentral thalamic nucleus,28,0,-1.65,-1.29,1.29,-4.43,label box,0.4059,0.4946,0.0094,0.0119,,
PC,paracentral thalamic nucleus,28,1,-1.65,1.21,1.21,-4.52,label box,0.5352,0.5017,0.0094,0.0125,,
PLCo,posterolateral cortical amygdaloid nucleus,28,0,-1.65,3.47,3.47,-7.97,label box,0.6526,0.7804,0.0189,0.0119,,
PLCo,posterolateral cortical amygdaloid nucleus,28,1,-1.65,-4.11,4.11,-8.54,label box,0.2598,0.8259,0.0189,0.0119,,
PLH,peduncular part of lateral hypothalamus,28,0,-1.65,-1.56,1.56,-7.05,label box,0.3919,0.7063,0.0142,0.0114,,
PRh,perirhinal cortex,28,0,-1.65,-5.82,5.82,-6.44,label box,0.171,0.6568,0.0142,0.0114,,
PRh,perirhinal cortex,28,1,-1.65,5.68,5.68,-6.3,label box,0.7669,0.645,0.0142,0.0119,,
PV,paraventricular thalamic nucleus,28,0,-1.65,0.01,0.01,-4.4,label box,0.4735,0.492,0.0094,0.0114,,
PaMM,"paraventricular hypothalamic nucleus, medial magnocellular part",28,0,-1.65,-0.2,0.2,-6.62,leader tip,0.4446,0.6855,0.0222,0.0119,0.4623,0.6715
PaPo,"paraventricular hypothalamic nucleus, posterior part",28,0,-1.65,-0.62,0.62,-6.61,label box,0.4406,0.6702,0.0178,0.0119,,
Pe,periventricular hypothalamic nucleus,28,0,-1.65,-0.39,0.39,-7.17,label box,0.4526,0.7154,0.008,0.0119,,
Pir,piriform cortex,28,0,-1.65,-5.43,5.43,-8,label box,0.1915,0.783,0.0094,0.0114,,
Pir,piriform cortex,28,1,-1.65,5.49,5.49,-7.54,label box,0.7573,0.7452,0.0094,0.0114,,
Po,posterior thalamic nuclear group,28,0,-1.65,-2.44,2.44,-4.15,label box,0.3465,0.4713,0.0084,0.0119,,
Po,posterior thalamic nuclear group,28,1,-1.65,2.54,2.54,-3.99,label box,0.6046,0.4589,0.0084,0.0114,,
PoDG,polymorph layer of the dentate gyrus,28,0,-1.65,-0.86,0.86,-3.27,leader tip,0.4495,0.3776,0.0196,0.0119,0.4283,0.4002
PtP,"parietal cortex, posterior area",28,0,-1.65,-3.59,3.59,-1.89,label box,0.2865,0.2892,0.0113,0.0114,,
Py,pyramidal cell layer of the hippocampus,28,0,-1.65,-2.59,2.59,-2.91,label box,0.3385,0.3713,0.0084,0.0142,,
Py,pyramidal cell layer of the hippocampus,28,1,-1.65,2.32,2.32,-2.65,label box,0.593,0.35,0.0087,0.0148,,
RAPir,rostral amygdalopiriform area,28,0,-1.65,-4.61,4.61,-8.5,label box,0.234,0.8233,0.0203,0.0114,,
RAPir,rostral amygdalopiriform area,28,1,-1.65,4.41,4.41,-8.38,label box,0.7014,0.8131,0.0203,0.0119,,
RCh,retrochiasmatic area,28,0,-1.65,-0.03,0.03,-8.22,label box,0.4713,0.8001,0.0149,0.0119,,
RSD,retrosplenial dysgranular cortex,28,0,-1.65,-0.44,0.44,-1.47,label box,0.45,0.2548,0.0156,0.0119,,
RSD,retrosplenial dysgranular cortex,28,1,-1.65,0.52,0.52,-1.45,label box,0.4996,0.2537,0.0153,0.0119,,
RSGc,"retrosplenial granular cortex, c region",28,0,-1.65,-0.35,0.35,-2.03,label box,0.4548,0.3006,0.02,0.0114,,
RSGc,"retrosplenial granular cortex, c region",28,1,-1.65,0.55,0.55,-2.04,label box,0.5013,0.3009,0.02,0.0119,,
Rad,radiatum layer of the hippocampus,28,0,-1.65,1.34,1.34,-2.77,label box,0.542,0.3602,0.0134,0.0114,,
Rad,radiatum layer of the hippocampus,28,1,-1.65,-1.68,1.68,-2.73,label box,0.3857,0.3566,0.0134,0.0114,,
Re,reuniens thalamic nucleus,28,0,-1.65,-0.18,0.18,-5.97,label box,0.4633,0.619,0.0087,0.0119,,
Re,reuniens thalamic nucleus,28,1,-1.65,4.31,4.31,-8.39,label box,0.6959,0.8139,0.008,0.0119,,
Rh,rhomboid thalamic nucleus,28,0,-1.65,0.04,0.04,-5.41,label box,0.4749,0.5733,0.0094,0.0114,,
Rt,reticular thalamic nucleus,28,0,-1.65,-3.45,3.45,-4.69,label box,0.2941,0.5153,0.0076,0.0114,,
Rt,reticular thalamic nucleus,28,1,-1.65,3.32,3.32,-4.78,label box,0.6449,0.5222,0.0076,0.0119,,
S1,primary somatosensory cortex,28,0,-1.65,-4.16,4.16,-2.15,label box,0.2574,0.3099,0.0076,0.0119,,
S1BF,"primary somatosensory cortex, barrel field",28,0,-1.65,4.26,4.26,-2.11,label box,0.6937,0.3065,0.0189,0.0119,,
S1BF,"primary somatosensory cortex, barrel field",28,1,-1.65,-4.92,4.92,-2.54,label box,0.2177,0.3412,0.0189,0.0119,,
S1DZ,"primary somatosensory cortex, dysgranular zone",28,0,-1.65,3.26,3.26,-1.71,label box,0.6415,0.2741,0.0193,0.0119,,
S1DZ,"primary somatosensory cortex, dysgranular zone",28,1,-1.65,-3.16,3.16,-1.88,label box,0.309,0.2878,0.0193,0.0119,,
S1Tr,"primary somatosensory cortex, trunk region",28,0,-1.65,2.47,2.47,-1.35,label box,0.6006,0.2455,0.0163,0.0119,,
S1Tr,"primary somatosensory cortex, trunk region",28,1,-1.65,-2.43,2.43,-1.51,label box,0.3468,0.258,0.0163,0.0119,,
S1ULp,"primary somatosensory cortex, upper lip region",28,0,-1.65,-5.25,5.25,-2.9,label box,0.2009,0.3702,0.024,0.0142,,
S1ULp,"primary somatosensory cortex, upper lip region",28,1,-1.65,5.3,5.3,-2.81,label box,0.7475,0.3636,0.024,0.0148,,
S2,secondary somatosensory cortex,28,0,-1.65,-5.71,5.71,-3.19,label box,0.1769,0.3944,0.0091,0.0119,,
S2,secondary somatosensory cortex,28,1,-1.65,5.51,5.51,-3.22,label box,0.7582,0.3967,0.0091,0.0119,,
SLu,stratum lucidum of the hippocampus,28,0,-1.65,-2.28,2.28,-2.89,label box,0.3548,0.3699,0.0134,0.0114,,
SLu,stratum lucidum of the hippocampus,28,1,-1.65,1.98,1.98,-2.71,label box,0.5752,0.3555,0.0134,0.0125,,
SPa,subparaventricular zone of the hypothalamus,28,0,-1.65,-0.4,0.4,-6.99,label box,0.4519,0.7009,0.0207,0.0119,,
STIA,"bed nucleus of the stria terminalis, intraamygdaloid division",28,0,-1.65,3.64,3.64,-7,label box,0.6614,0.7021,0.0196,0.0136,,
STIA,"bed nucleus of the stria terminalis, intraamygdaloid division",28,1,-1.65,-3.63,3.63,-7.23,label box,0.2845,0.7208,0.0196,0.0136,,
SubD,"submedius thalamic nucleus, dorsal part",28,0,-1.65,-0.45,0.45,-5.4,label box,0.4493,0.5724,0.0193,0.0119,,
SubD,"submedius thalamic nucleus, dorsal part",28,1,-1.65,0.59,0.59,-5.33,label box,0.5033,0.5673,0.0189,0.0119,,
SubV,"submedius thalamic nucleus, ventral part",28,0,-1.65,0.57,0.57,-5.65,label box,0.5025,0.5929,0.0189,0.0119,,
SubV,"submedius thalamic nucleus, ventral part",28,1,-1.65,-0.49,0.49,-5.73,label box,0.4473,0.5991,0.0189,0.0119,,
TuLH,tuberal region of lateral hypothalamus,28,0,-1.65,0.6,0.6,-8.03,label box,0.5036,0.7852,0.0182,0.0114,,
VEn,ventral endopiriform nucleus,28,0,-1.65,4.88,4.88,-7.51,label box,0.7257,0.7432,0.0138,0.0114,,
VEn,ventral endopiriform nucleus,28,1,-1.65,-5.01,5.01,-7.69,label box,0.2133,0.758,0.0138,0.0114,,
VL,ventrolateral thalamic nucleus,28,0,-1.65,1.48,1.48,-5.09,label box,0.5494,0.5477,0.0094,0.0114,,
VL,ventrolateral thalamic nucleus,28,1,-1.65,-1.44,1.44,-5.2,label box,0.3981,0.5568,0.0091,0.0114,,
VM,ventromedial thalamic nucleus,28,0,-1.65,-0.98,0.98,-5.73,label box,0.4222,0.5989,0.0116,0.0114,,
VM,ventromedial thalamic nucleus,28,1,-1.65,1.09,1.09,-5.68,label box,0.5293,0.595,0.0116,0.0119,,
VMH,ventromedial hypothalamic nucleus,28,0,-1.65,-0.62,0.62,-7.62,leader tip,0.4243,0.7515,0.0174,0.0114,0.4407,0.752
VMHSh,ventromedial nucleus of the hypothalamus shell,28,0,-1.65,-0.81,0.81,-7.88,label box,0.4308,0.773,0.0273,0.0165,,
VPL,ventral posterolateral thalamic nucleus,28,0,-1.65,2.64,2.64,-5.22,label box,0.6097,0.5577,0.0145,0.0119,,
VPL,ventral posterolateral thalamic nucleus,28,1,-1.65,-2.59,2.59,-5.4,label box,0.3383,0.5727,0.0145,0.0114,,
VPM,ventral posteromedial thalamic nucleus,28,0,-1.65,-2.34,2.34,-4.97,label box,0.3517,0.5375,0.0167,0.0114,,
VPM,ventral posteromedial thalamic nucleus,28,1,-1.65,2.17,2.17,-4.97,label box,0.585,0.5375,0.0167,0.0114,,
VRe,ventral reuniens thalamic nucleus,28,0,-1.65,0.33,0.33,-5.96,label box,0.4898,0.6182,0.016,0.025,,
Xi,xiphoid thalamic nucleus,28,0,-1.65,0.04,0.04,-6,label box,0.4747,0.621,0.0062,0.0114,,
ZI,zona incerta,28,0,-1.65,-1.1,1.1,-6.22,label box,0.4159,0.6386,0.0055,0.0114,,
ZI,zona incerta,28,1,-1.65,1.14,1.14,-6.14,label box,0.5318,0.6324,0.0055,0.0114,,
alv,alveus of the hippocampus,28,0,-1.65,2.03,2.03,-2.26,label box,0.5781,0.3188,0.0098,0.0119,,
alv,alveus of the hippocampus,28,1,-1.65,-2.76,2.76,-2.55,label box,0.3297,0.3427,0.0098,0.0119,,
cg,cingulum,28,0,-1.65,-0.83,0.83,-2.17,label box,0.4299,0.3119,0.008,0.0114,,
cg,cingulum,28,1,-1.65,0.98,0.98,-2.1,label box,0.5233,0.3057,0.008,0.0114,,
chp,choroid plexus,28,0,-1.65,-3.8,3.8,-3.38,label box,0.2758,0.4094,0.0131,0.0142,,
chp,choroid plexus,28,1,-1.65,0.06,0.06,-3.4,label box,0.4757,0.4111,0.0131,0.0142,,
chp,choroid plexus,28,2,-1.65,3.74,3.74,-3.48,label box,0.6664,0.4176,0.0131,0.0136,,
cp,cerebral peduncle,28,0,-1.65,2.17,2.17,-6.46,label box,0.5854,0.6585,0.008,0.0114,,
cp,cerebral peduncle,28,1,-1.65,-2.13,2.13,-6.68,label box,0.3626,0.6761,0.008,0.0114,,
dhc,dorsal hippocampal commissure,28,0,-1.65,0.03,0.03,-2.8,label box,0.4744,0.3626,0.0131,0.0119,,
ec,external capsule,28,0,-1.65,4.61,4.61,-3.37,label box,0.7118,0.4085,0.008,0.0091,,
ec,external capsule,28,1,-1.65,-4.61,4.61,-3.57,label box,0.2338,0.4244,0.0076,0.0091,,
eml,external medullary lamina,28,0,-1.65,3.09,3.09,-4.99,leader tip,0.6186,0.5316,0.0123,0.0114,0.633,0.5398
eml,external medullary lamina,28,1,-1.65,-3.1,3.1,-5.18,leader tip,0.3265,0.5427,0.0127,0.0119,0.312,0.5546
f,fornix,28,0,-1.65,1.11,1.11,-7.07,label box,0.5305,0.7074,0.0025,0.0119,,
f,fornix,28,1,-1.65,-1.12,1.12,-7.13,label box,0.4147,0.712,0.0025,0.0119,,
fi,fimbria of the hippocampus,28,0,-1.65,3.05,3.05,-3.2,label box,0.6306,0.3949,0.004,0.0114,,
fi,fimbria of the hippocampus,28,1,-1.65,-3.31,3.31,-3.43,label box,0.3014,0.4136,0.004,0.0114,,
fr,fasciculus retroflexus,28,0,-1.65,0.46,0.46,-3.97,label box,0.4964,0.4569,0.0054,0.0119,,
fr,fasciculus retroflexus,28,1,-1.65,-0.35,0.35,-3.98,label box,0.4546,0.4577,0.0054,0.0114,,
ic,internal capsule,28,0,-1.65,3.74,3.74,-4.59,label box,0.6666,0.5074,0.0055,0.0091,,
ic,internal capsule,28,1,-1.65,-3.7,3.7,-4.99,label box,0.2812,0.5395,0.0051,0.0085,,
ml,medial lemniscus,28,0,-1.65,1.89,1.89,-5.8,label box,0.5705,0.6049,0.0084,0.0114,,
ml,medial lemniscus,28,1,-1.65,-1.64,1.64,-6,label box,0.3877,0.6211,0.008,0.0119,,
mt,mammillothalamic tract,28,0,-1.65,-0.66,0.66,-6.05,label box,0.4384,0.6253,0.0091,0.0108,,
mt,mammillothalamic tract,28,1,-1.65,0.67,0.67,-5.93,label box,0.5074,0.6156,0.0091,0.0108,,
ns,nigrostriatal bundle,28,0,-1.65,-1.68,1.68,-6.57,label box,0.3859,0.6668,0.008,0.0085,,
ns,nigrostriatal bundle,28,1,-1.65,1.63,1.63,-6.44,label box,0.5572,0.6566,0.008,0.0091,,
opt,optic tract,28,0,-1.65,2.37,2.37,-6.95,label box,0.5954,0.6977,0.0113,0.0136,,
opt,optic tract,28,1,-1.65,-2.38,2.38,-7.1,label box,0.3494,0.7097,0.0113,0.0136,,
rf,rhinal fissure,28,0,-1.65,6.47,6.47,-6.75,label box,0.8081,0.6813,0.0051,0.0114,,
rf,rhinal fissure,28,1,-1.65,-6.54,6.54,-6.86,label box,0.1337,0.6909,0.0051,0.0114,,
sm,stria medullaris of the thalamus,28,0,-1.65,0.75,0.75,-3.68,label box,0.5118,0.4338,0.0105,0.0085,,
sm,stria medullaris of the thalamus,28,1,-1.65,-0.72,0.72,-3.74,label box,0.4355,0.4381,0.0105,0.0091,,
sox,supraoptic decussation,28,0,-1.65,-1.3,1.3,-8,label box,0.4052,0.783,0.0124,0.0091,,
sox,supraoptic decussation,28,1,-1.65,1.26,1.26,-7.98,label box,0.5378,0.7807,0.0124,0.0091,,
st,stria terminalis,28,0,-1.65,3.56,3.56,-3.91,label box,0.6573,0.4526,0.0051,0.0108,,
st,stria terminalis,28,1,-1.65,-3.57,3.57,-4.09,label box,0.2878,0.467,0.0058,0.0114,,
st,stria terminalis,28,2,-1.65,3.46,3.46,-6,label box,0.6519,0.6213,0.0051,0.0108,,
st,stria terminalis,28,3,-1.65,-3.4,3.4,-6.18,label box,0.2963,0.6355,0.0062,0.0108,,
1,layer 1 of cortex,29,0,-2,-5.83,5.83,-7.64,label box,0.1708,0.7534,0.0022,0.0114,,
1,layer 1 of cortex,29,1,-2,4.07,4.07,-8.46,label box,0.6835,0.8199,0.0022,0.0114,,
1,layer 1 of cortex,29,2,-2,5.7,5.7,-7.55,label box,0.768,0.7464,0.0025,0.0114,,
1,layer 1 of cortex,29,3,-2,-4.06,4.06,-8.61,label box,0.2622,0.8316,0.0025,0.0114,,
2,layer 2 of cortex,29,0,-2,-5.74,5.74,-7.48,label box,0.1755,0.7403,0.0036,0.0114,,
2,layer 2 of cortex,29,1,-2,4.08,4.08,-8.29,label box,0.684,0.806,0.004,0.0119,,
2,layer 2 of cortex,29,2,-2,-4.12,4.12,-8.45,label box,0.2593,0.8193,0.004,0.0114,,
2,layer 2 of cortex,29,3,-2,5.53,5.53,-7.47,label box,0.7593,0.7398,0.004,0.0119,,
3,layer 3 of cortex,29,0,-2,-5.52,5.52,-7.37,label box,0.1866,0.7318,0.004,0.0114,,
3,layer 3 of cortex,29,1,-2,5.36,5.36,-7.36,label box,0.7505,0.731,0.004,0.0119,,
3,layer 3 of cortex,29,2,-2,-4.21,4.21,-8.24,label box,0.2545,0.8017,0.004,0.0114,,
3,layer 3 of cortex,29,3,-2,4.1,4.1,-8.08,label box,0.685,0.7889,0.0044,0.0119,,
3V,3rd ventricle,29,0,-2,-0.04,0.04,-3.73,label box,0.4708,0.4376,0.0094,0.0119,,
A1,primary auditory field,29,0,-2,6.26,6.26,-4.29,label box,0.7969,0.4827,0.008,0.0114,,
A1,primary auditory field,29,1,-2,-6.33,6.33,-4.49,label box,0.1446,0.4987,0.0084,0.0114,,
A13,A13 dopamine cells,29,0,-2,-0.88,0.88,-6.49,label box,0.4271,0.6605,0.0142,0.0119,,
A13,A13 dopamine cells,29,1,-2,0.84,0.84,-6.4,label box,0.5162,0.6535,0.0145,0.0119,,
AAF,anterior auditory field,29,0,-2,6.57,6.57,-4.29,label box,0.813,0.4827,0.0149,0.0114,,
AAF,anterior auditory field,29,1,-2,-6.02,6.02,-4.49,label box,0.1607,0.4987,0.0145,0.0114,,
AHi,amygdalohippocampal area,29,0,-2,3.22,3.22,-7.4,label box,0.6394,0.7341,0.012,0.0114,,
AHi,amygdalohippocampal area,29,1,-2,-3.25,3.25,-7.55,label box,0.3041,0.7466,0.0124,0.0114,,
ASt,amygdalostriatal transition area,29,0,-2,4.62,4.62,-5.95,label box,0.7122,0.6168,0.0124,0.0119,,
ASt,amygdalostriatal transition area,29,1,-2,-4.6,4.6,-6.16,label box,0.2342,0.6341,0.0127,0.0205,,
AngT,angular thalamic nucleus,29,0,-2,-1.65,1.65,-4.38,label box,0.3871,0.4901,0.0192,0.0148,,
AngT,angular thalamic nucleus,29,1,-2,1.57,1.57,-4.3,label box,0.5541,0.4839,0.0192,0.0148,,
Arc,arcuate hypothalamic nucleus,29,0,-2,-0.02,0.02,-8.28,label box,0.4715,0.8054,0.012,0.0119,,
Au1,primary auditory cortex,29,0,-2,6.44,6.44,-4.07,label box,0.8065,0.4648,0.0127,0.0114,,
Au1,primary auditory cortex,29,1,-2,-6.15,6.15,-4.26,label box,0.1539,0.4807,0.0127,0.0114,,
AuD,"secondary auditory cortex, dorsal area",29,0,-2,-5.42,5.42,-2.94,label box,0.1917,0.3739,0.0149,0.0114,,
AuD,"secondary auditory cortex, dorsal area",29,1,-2,5.46,5.46,-2.9,label box,0.7558,0.3702,0.0145,0.0119,,
AuV,"secondary auditory cortex, ventral area",29,0,-2,6.59,6.59,-5.41,label box,0.814,0.5733,0.0145,0.0114,,
AuV,"secondary auditory cortex, ventral area",29,1,-2,-6.5,6.5,-5.66,label box,0.1359,0.5938,0.0145,0.0114,,
B,basal nucleus (Meynert),29,0,-2,4.18,4.18,-5.7,label box,0.6891,0.5972,0.004,0.0114,,
B,basal nucleus (Meynert),29,1,-2,-4.27,4.27,-5.72,label box,0.2513,0.5986,0.004,0.0114,,
BLA,"basolateral amygdaloid nucleus, anterior part",29,0,-2,4.13,4.13,-7.05,label box,0.6866,0.7063,0.0142,0.0114,,
BLA,"basolateral amygdaloid nucleus, anterior part",29,1,-2,-4.07,4.07,-7.24,label box,0.262,0.7216,0.0145,0.0114,,
BLP,"basolateral amygdaloid nucleus, posterior part",29,0,-2,4.56,4.56,-7.49,label box,0.7091,0.7415,0.0142,0.0114,,
BLP,"basolateral amygdaloid nucleus, posterior part",29,1,-2,-4.66,4.66,-7.48,label box,0.231,0.7404,0.0142,0.0119,,
BMP,"basomedial amygdaloid nucleus, posterior part",29,0,-2,-4,4,-7.67,label box,0.2653,0.7557,0.0167,0.0114,,
BMP,"basomedial amygdaloid nucleus, posterior part",29,1,-2,4.08,4.08,-7.49,label box,0.6842,0.7415,0.0167,0.0114,,
CA1,field CA1 of the hippocampus,29,0,-2,-1.53,1.53,-2.16,label box,0.3935,0.3111,0.0138,0.0119,,
CA1,field CA1 of the hippocampus,29,1,-2,1.48,1.48,-2.1,label box,0.5492,0.306,0.0138,0.0125,,
CA2,field CA2 of the hippocampus,29,0,-2,-2.78,2.78,-2.34,label box,0.3289,0.3253,0.0145,0.0119,,
CA2,field CA2 of the hippocampus,29,1,-2,2.82,2.82,-2.36,label box,0.6186,0.327,0.0149,0.0119,,
CA3,field CA3 of the hippocampus,29,0,-2,-2.57,2.57,-3.08,label box,0.3396,0.3849,0.0149,0.0119,,
CA3,field CA3 of the hippocampus,29,1,-2,2.45,2.45,-2.97,label box,0.5997,0.3764,0.0149,0.0119,,
CL,centrolateral thalamic nucleus,29,0,-2,1.32,1.32,-4.03,label box,0.5411,0.4616,0.0094,0.0119,,
CL,centrolateral thalamic nucleus,29,1,-2,-1.32,1.32,-4.26,label box,0.4044,0.4801,0.0094,0.0114,,
CM,central medial thalamic nucleus,29,0,-2,-0.01,0.01,-5.12,label box,0.4721,0.5501,0.012,0.0119,,
CPu,caudate putamen (striatum),29,0,-2,-5.2,5.2,-4.91,label box,0.2033,0.5332,0.0142,0.0119,,
CPu,caudate putamen (striatum),29,1,-2,5.15,5.15,-4.84,label box,0.7396,0.5276,0.0142,0.0119,,
CeC,"central amygdaloid nucleus, capsular part",29,0,-2,4.2,4.2,-6.05,label box,0.6902,0.6253,0.0142,0.0119,,
CeC,"central amygdaloid nucleus, capsular part",29,1,-2,-4.11,4.11,-6.25,label box,0.2596,0.6412,0.0142,0.0119,,
CeM,"central amygdaloid nucleus, medial division",29,0,-2,3.94,3.94,-6.32,label box,0.6768,0.6469,0.0156,0.0119,,
CeM,"central amygdaloid nucleus, medial division",29,1,-2,-3.68,3.68,-6.54,label box,0.2818,0.6645,0.0156,0.0119,,
DA,dorsal hypothalamic area,29,0,-2,-0.37,0.37,-6.46,label box,0.4535,0.658,0.0102,0.0114,,
DA,dorsal hypothalamic area,29,1,-2,0.44,0.44,-6.46,label box,0.4953,0.658,0.0102,0.0114,,
DEn,dorsal endopiriform nucleus,29,0,-2,5.03,5.03,-6.92,label box,0.7336,0.6955,0.0138,0.0114,,
DEn,dorsal endopiriform nucleus,29,1,-2,-5.11,5.11,-7.18,label box,0.2078,0.7165,0.0138,0.0114,,
DLG,dorsal lateral geniculate nucleus,29,0,-2,3.33,3.33,-3.57,label box,0.6454,0.4245,0.0152,0.0119,,
DLG,dorsal lateral geniculate nucleus,29,1,-2,-3.48,3.48,-3.61,label box,0.2923,0.4276,0.0149,0.0125,,
DM,dorsomedial hypothalamic nucleus,29,0,-2,-0.3,0.3,-6.95,label box,0.4571,0.6977,0.0116,0.0114,,
DM,dorsomedial hypothalamic nucleus,29,1,-2,0.35,0.35,-6.94,label box,0.4909,0.6972,0.0116,0.0114,,
Ect,ectorhinal cortex,29,0,-2,6.3,6.3,-5.85,label box,0.7991,0.6091,0.0109,0.0114,,
Ect,ectorhinal cortex,29,1,-2,-6.29,6.29,-6.2,label box,0.147,0.6369,0.0113,0.0114,,
FC,fasciola cinereum,29,0,-2,-0.2,0.2,-2.74,label box,0.4624,0.3577,0.0084,0.0119,,
GP,globus pallidus,29,0,-2,-4.63,4.63,-5.22,label box,0.2327,0.5582,0.0098,0.0119,,
GP,globus pallidus,29,1,-2,4.54,4.54,-5.27,label box,0.708,0.5622,0.0098,0.0119,,
GrDG,granular layer of the dentate gyrus,29,0,-2,-0.7,0.7,-3.11,label box,0.4364,0.3878,0.0189,0.0119,,
GrDG,granular layer of the dentate gyrus,29,1,-2,0.59,0.59,-3.15,label box,0.5033,0.3906,0.0189,0.0119,,
IG,indusium griseum,29,0,-2,0.17,0.17,-2.25,label box,0.4817,0.3177,0.0065,0.0119,,
IMD,intermediodorsal thalamic nucleus,29,0,-2,-0.01,0.01,-4.87,label box,0.472,0.5301,0.0138,0.0114,,
LDVL,"laterodorsal thalamic nucleus, ventrolateral part",29,0,-2,1.59,1.59,-3.69,label box,0.5549,0.4344,0.0192,0.0114,,
LDVL,"laterodorsal thalamic nucleus, ventrolateral part",29,1,-2,-1.61,1.61,-3.76,label box,0.3893,0.4404,0.0192,0.0119,,
LEnt,lateral entorhinal cortex,29,0,-2,5.69,5.69,-6.91,label box,0.7676,0.6943,0.0156,0.0114,,
LMol,lacunosum moleculare layer of the hippocampus,29,0,-2,1.7,1.7,-2.5,label box,0.5607,0.3386,0.0174,0.0114,,
LMol,lacunosum moleculare layer of the hippocampus,29,1,-2,-1.77,1.77,-2.55,label box,0.3811,0.3421,0.0174,0.0119,,
LPLR,"lateral posterior thalamic nucleus, laterorostral part",29,0,-2,-2.87,2.87,-3.76,label box,0.3238,0.4403,0.0189,0.0114,,
LPLR,"lateral posterior thalamic nucleus, laterorostral part",29,1,-2,2.81,2.81,-3.63,label box,0.6185,0.4298,0.0189,0.0119,,
LPMR,"lateral posterior thalamic nucleus, mediorostral part",29,0,-2,2.22,2.22,-3.7,label box,0.5879,0.4356,0.0214,0.0114,,
LPMR,"lateral posterior thalamic nucleus, mediorostral part",29,1,-2,-2.2,2.2,-3.92,label box,0.3588,0.4532,0.0214,0.0114,,
LPtA,lateral parietal association cortex,29,0,-2,-3.42,3.42,-1.69,label box,0.2956,0.2727,0.0164,0.0114,,
LV,lateral ventricle,29,0,-2,4.08,4.08,-3.17,label box,0.6842,0.3926,0.008,0.0114,,
LV,lateral ventricle,29,1,-2,-4.23,4.23,-3.25,label box,0.2533,0.3992,0.008,0.0114,,
LaD,"lateral amygdaloid nucleus, dorsal part",29,0,-2,5.23,5.23,-5.94,label box,0.7436,0.6162,0.0134,0.0119,,
LaD,"lateral amygdaloid nucleus, dorsal part",29,1,-2,-5.05,5.05,-6.23,label box,0.2113,0.6398,0.0134,0.0114,,
LaV,"lateral amygdaloid nucleus, ventral part",29,0,-2,4.67,4.67,-6.52,label box,0.7146,0.6628,0.0134,0.0119,,
LaV,"lateral amygdaloid nucleus, ventral part",29,1,-2,-4.71,4.71,-6.77,label box,0.2288,0.6836,0.0134,0.0119,,
MCLH,magnocellular nucleus of the lateral hypothalamus,29,0,-2,-1.65,1.65,-7,label box,0.3873,0.7018,0.0218,0.0119,,
MDC,"mediodorsal thalamic nucleus, central part",29,0,-2,-0.7,0.7,-4.5,label box,0.4364,0.4997,0.0174,0.0119,,
MDC,"mediodorsal thalamic nucleus, central part",29,1,-2,0.62,0.62,-4.49,label box,0.5051,0.4987,0.0171,0.0125,,
MDL,"mediodorsal thalamic nucleus, lateral part",29,0,-2,1.03,1.03,-4.64,label box,0.526,0.5108,0.0164,0.0114,,
MDL,"mediodorsal thalamic nucleus, lateral part",29,1,-2,-1.02,1.02,-4.69,label box,0.42,0.5154,0.0167,0.0119,,
MDM,"mediodorsal thalamic nucleus, medial part",29,0,-2,-0.43,0.43,-4.26,label box,0.4506,0.4801,0.0189,0.0114,,
MDM,"mediodorsal thalamic nucleus, medial part",29,1,-2,0.37,0.37,-4.25,label box,0.492,0.4793,0.0189,0.0119,,
MHb,medial habenular nucleus,29,0,-2,-0.37,0.37,-3.63,label box,0.4535,0.4295,0.0153,0.0114,,
MHb,medial habenular nucleus,29,1,-2,0.29,0.29,-3.6,label box,0.4877,0.4273,0.0156,0.0119,,
MPtA,medial parietal association cortex,29,0,-2,1.96,1.96,-1.26,label box,0.5743,0.2384,0.0193,0.0119,,
MPtA,medial parietal association cortex,29,1,-2,-2.09,2.09,-1.35,label box,0.3646,0.2457,0.0193,0.0119,,
MTu,medial tuberal nucleus,29,0,-2,1.12,1.12,-7.87,label box,0.5307,0.7722,0.0142,0.0114,,
MePD,"medial amygdaloid nucleus, posterodorsal part",29,0,-2,-3.01,3.01,-6.9,label box,0.3169,0.6937,0.0211,0.0114,,
MePD,"medial amygdaloid nucleus, posterodorsal part",29,1,-2,2.95,2.95,-6.81,label box,0.6257,0.6864,0.0211,0.0114,,
MePV,"medial amygdaloid nucleus, posteroventral part",29,0,-2,2.34,2.34,-7.22,label box,0.5938,0.7193,0.0211,0.0114,,
MePV,"medial amygdaloid nucleus, posteroventral part",29,1,-2,-2.23,2.23,-7.5,label box,0.357,0.742,0.0207,0.0114,,
MoDG,molecular layer of the dentate gyrus,29,0,-2,1.61,1.61,-2.7,label box,0.5563,0.3543,0.0218,0.0119,,
MoDG,molecular layer of the dentate gyrus,29,1,-2,-1.57,1.57,-2.76,label box,0.3915,0.3594,0.0222,0.0119,,
OPC,oval paracentral thalamic nucleus,29,0,-2,-1.28,1.28,-4.93,label box,0.4062,0.5344,0.0153,0.0119,,
OPC,oval paracentral thalamic nucleus,29,1,-2,1.23,1.23,-4.9,label box,0.5363,0.5321,0.0153,0.0119,,
Or,oriens layer of the hippocampus,29,0,-2,-3.81,3.81,-3.03,label box,0.2754,0.381,0.008,0.0119,,
Or,oriens layer of the hippocampus,29,1,-2,3.5,3.5,-2.89,label box,0.654,0.3694,0.0084,0.0119,,
PC,paracentral thalamic nucleus,29,0,-2,-0.95,0.95,-5.2,label box,0.4237,0.5565,0.0094,0.0119,,
PC,paracentral thalamic nucleus,29,1,-2,0.95,0.95,-5.15,label box,0.5218,0.552,0.0094,0.0119,,
PLCo,posterolateral cortical amygdaloid nucleus,29,0,-2,3.75,3.75,-8.16,label box,0.6668,0.7957,0.0189,0.0119,,
PLCo,posterolateral cortical amygdaloid nucleus,29,1,-2,-4.5,4.5,-8.43,label box,0.2398,0.8173,0.0189,0.0119,,
PLH,peduncular part of lateral hypothalamus,29,0,-2,-1.53,1.53,-7.26,label box,0.3934,0.7227,0.0142,0.0114,,
PMCo,posteromedial cortical amygdaloid nucleus,29,0,-2,2.93,2.93,-7.68,label box,0.6248,0.7571,0.0214,0.0119,,
PMCo,posteromedial cortical amygdaloid nucleus,29,1,-2,-3.17,3.17,-8.02,label box,0.3083,0.7844,0.0214,0.0119,,
PRh,perirhinal cortex,29,0,-2,5.79,5.79,-6.28,label box,0.7727,0.6438,0.0142,0.0114,,
PRh,perirhinal cortex,29,1,-2,-5.68,5.68,-6.59,label box,0.1782,0.6685,0.0145,0.0114,,
PTe,paraterete nucleus,29,0,-2,-1.77,1.77,-7.39,label box,0.381,0.7332,0.0105,0.0119,,
PVP,"paraventricular thalamic nucleus, posterior part",29,0,-2,-0.03,0.03,-4.08,label box,0.471,0.466,0.0149,0.0119,,
PaXi,paraxiphoid nucleus of thalamus,29,0,-2,-0.01,0.01,-6.32,label box,0.4722,0.6466,0.0149,0.0114,,
PeF,perifornical nucleus,29,0,-2,1.23,1.23,-7.06,label box,0.5363,0.7069,0.0127,0.0119,,
PeF,perifornical nucleus,29,1,-2,-1.17,1.17,-7.11,label box,0.4122,0.7109,0.0127,0.0119,,
PeFLH,perifornical part of lateral hypothalamus,29,0,-2,-0.77,0.77,-7.25,label box,0.4327,0.7217,0.0225,0.0119,,
Pir,piriform cortex,29,0,-2,-5.53,5.53,-7.72,label box,0.186,0.7597,0.0094,0.0114,,
Pir,piriform cortex,29,1,-2,5.14,5.14,-7.59,label box,0.7393,0.7498,0.0098,0.0114,,
Po,posterior thalamic nuclear group,29,0,-2,2.04,2.04,-4.55,label box,0.5783,0.504,0.0084,0.0114,,
Po,posterior thalamic nuclear group,29,1,-2,-2.07,2.07,-4.64,label box,0.3657,0.5111,0.0084,0.0119,,
PoDG,polymorph layer of the dentate gyrus,29,0,-2,-1.29,1.29,-3.08,label box,0.4061,0.3852,0.02,0.0125,,
PoDG,polymorph layer of the dentate gyrus,29,1,-2,1.24,1.24,-3.04,label box,0.5372,0.3821,0.02,0.0119,,
PtP,"parietal cortex, posterior area",29,0,-2,-4.21,4.21,-1.97,label box,0.2547,0.2957,0.0116,0.0119,,
PtP,"parietal cortex, posterior area",29,1,-2,4.18,4.18,-1.99,label box,0.6893,0.2969,0.0116,0.0119,,
Py,pyramidal cell layer of the hippocampus,29,0,-2,-3.59,3.59,-2.82,label box,0.2865,0.3642,0.004,0.0114,,
Py,pyramidal cell layer of the hippocampus,29,1,-2,3.28,3.28,-2.76,label box,0.6428,0.3594,0.0087,0.0142,,
Py,pyramidal cell layer of the hippocampus,29,2,-2,-0.01,0.01,-6.54,label box,0.472,0.6645,0.008,0.0119,,
RAPir,rostral amygdalopiriform area,29,0,-2,-5.07,5.07,-8.19,label box,0.21,0.7983,0.0203,0.0114,,
RAPir,rostral amygdalopiriform area,29,1,-2,4.57,4.57,-8.15,label box,0.7093,0.7949,0.0203,0.0119,,
RSD,retrosplenial dysgranular cortex,29,0,-2,-0.75,0.75,-1.07,label box,0.434,0.223,0.0156,0.0119,,
RSD,retrosplenial dysgranular cortex,29,1,-2,0.82,0.82,-1.07,label box,0.5154,0.223,0.0156,0.0119,,
RSGc,"retrosplenial granular cortex, c region",29,0,-2,-0.37,0.37,-1.7,label box,0.4533,0.2736,0.02,0.0119,,
RSGc,"retrosplenial granular cortex, c region",29,1,-2,0.52,0.52,-1.71,label box,0.4995,0.2741,0.02,0.0119,,
Rad,radiatum layer of the hippocampus,29,0,-2,2.43,2.43,-2.48,label box,0.5985,0.3369,0.0131,0.0114,,
Rad,radiatum layer of the hippocampus,29,1,-2,-2.79,2.79,-2.72,label box,0.3283,0.356,0.0134,0.0119,,
Re,reuniens thalamic nucleus,29,0,-2,0,0,-5.87,label box,0.4727,0.6105,0.0087,0.0119,,
Rh,rhomboid thalamic nucleus,29,0,-2,-0.02,0.02,-5.46,label box,0.4719,0.5776,0.0094,0.0114,,
Rt,reticular thalamic nucleus,29,0,-2,3.66,3.66,-4.46,label box,0.6622,0.4966,0.0076,0.0114,,
Rt,reticular thalamic nucleus,29,1,-2,-3.58,3.58,-4.76,label box,0.2872,0.5207,0.0069,0.0119,,
S1,primary somatosensory cortex,29,0,-2,-4.77,4.77,-2.29,label box,0.2257,0.3213,0.008,0.0119,,
S1,primary somatosensory cortex,29,1,-2,4.69,4.69,-2.3,label box,0.7158,0.3222,0.008,0.0125,,
SLu,stratum lucidum of the hippocampus,29,0,-2,-3.25,3.25,-2.83,label box,0.3043,0.3651,0.0134,0.0119,,
SLu,stratum lucidum of the hippocampus,29,1,-2,2.99,2.99,-2.72,label box,0.6275,0.356,0.0131,0.0119,,
STIA,"bed nucleus of the stria terminalis, intraamygdaloid division",29,0,-2,3.96,3.96,-6.57,label box,0.6778,0.6671,0.0196,0.0131,,
STIA,"bed nucleus of the stria terminalis, intraamygdaloid division",29,1,-2,-3.76,3.76,-6.92,label box,0.278,0.6952,0.0196,0.0136,,
SubD,"submedius thalamic nucleus, dorsal part",29,0,-2,0.59,0.59,-5.46,label box,0.5035,0.5776,0.0193,0.0119,,
SubD,"submedius thalamic nucleus, dorsal part",29,1,-2,-0.57,0.57,-5.51,label box,0.443,0.5815,0.0189,0.0119,,
SubI,subincertal nucleus,29,0,-2,-1.47,1.47,-6.55,label box,0.3963,0.6659,0.0156,0.0125,,
SubI,subincertal nucleus,29,1,-2,1.47,1.47,-6.46,label box,0.5487,0.658,0.0156,0.0119,,
SubV,"submedius thalamic nucleus, ventral part",29,0,-2,-0.54,0.54,-5.84,label box,0.4448,0.6082,0.0189,0.0119,,
SubV,"submedius thalamic nucleus, ventral part",29,1,-2,0.51,0.51,-5.8,label box,0.4989,0.6048,0.0189,0.0119,,
TuLH,tuberal region of lateral hypothalamus,29,0,-2,-1.35,1.35,-7.69,label box,0.4028,0.7574,0.0185,0.0114,,
TuLH,tuberal region of lateral hypothalamus,29,1,-2,1.06,1.06,-7.61,label box,0.5276,0.7509,0.0182,0.0108,,
VEn,ventral endopiriform nucleus,29,0,-2,-4.91,4.91,-7.73,label box,0.2184,0.7608,0.0138,0.0114,,
VEn,ventral endopiriform nucleus,29,1,-2,4.9,4.9,-7.46,label box,0.7268,0.739,0.0138,0.0114,,
VG,ventral geniculate nucleus,29,0,-2,3.56,3.56,-3.84,label box,0.6572,0.4469,0.0098,0.0119,,
VG,ventral geniculate nucleus,29,1,-2,-3.68,3.68,-3.91,label box,0.2822,0.4523,0.0105,0.0119,,
VL,ventrolateral thalamic nucleus,29,0,-2,-0.03,0.03,-4.09,label box,0.4711,0.4665,0.0047,0.0114,,
VL,ventrolateral thalamic nucleus,29,1,-2,-1.61,1.61,-5.32,label box,0.3892,0.5659,0.0094,0.0114,,
VL,ventrolateral thalamic nucleus,29,2,-2,1.66,1.66,-5.23,label box,0.5589,0.5591,0.0094,0.0114,,
VM,ventromedial thalamic nucleus,29,0,-2,-1.13,1.13,-5.81,label box,0.4141,0.6057,0.0113,0.0114,,
VM,ventromedial thalamic nucleus,29,1,-2,1.2,1.2,-5.74,label box,0.5349,0.6,0.0116,0.0114,,
VMHC,"ventromedial hypothalamic nucleus, central part",29,0,-2,-0.47,0.47,-7.71,leader tip,0.4147,0.7734,0.0229,0.0119,0.4484,0.7592
VMHDM,"ventromedial hypothalamic nucleus, dorsomedial part",29,0,-2,0.29,0.29,-7.46,label box,0.4875,0.7393,0.0305,0.0119,,
VMHSh,ventromedial nucleus of the hypothalamus shell,29,0,-2,-0.54,0.54,-8.03,leader tip,0.4311,0.8054,0.0273,0.0119,0.4447,0.785
VMHVL,"ventromedial hypothalamic nucleus, ventrolateral part",29,0,-2,-0.98,0.98,-8.08,label box,0.4218,0.789,0.0276,0.0114,,
VPL,ventral posterolateral thalamic nucleus,29,0,-2,2.81,2.81,-5.12,label box,0.6183,0.5497,0.0142,0.0119,,
VPL,ventral posterolateral thalamic nucleus,29,1,-2,-2.87,2.87,-5.22,label box,0.3239,0.5582,0.0149,0.0119,,
VPM,ventral posteromedial thalamic nucleus,29,0,-2,-2.62,2.62,-4.85,label box,0.337,0.5284,0.0164,0.0114,,
VPM,ventral posteromedial thalamic nucleus,29,1,-2,2.45,2.45,-4.83,label box,0.5996,0.5267,0.0167,0.0114,,
VRe,ventral reuniens thalamic nucleus,29,0,-2,-0.31,0.31,-6.08,label box,0.4569,0.6278,0.0142,0.0114,,
VRe,ventral reuniens thalamic nucleus,29,1,-2,0.3,0.3,-6.1,label box,0.4882,0.6293,0.0142,0.0119,,
ZI,zona incerta,29,0,-2,-1.87,1.87,-6.2,label box,0.3759,0.6369,0.0055,0.0114,,
ZI,zona incerta,29,1,-2,1.36,1.36,-6.13,label box,0.5434,0.6316,0.0058,0.0114,,
alv,alveus of the hippocampus,29,0,-2,3.59,3.59,-2.55,label box,0.6587,0.3421,0.0098,0.0119,,
alv,alveus of the hippocampus,29,1,-2,-3.79,3.79,-2.64,label box,0.2765,0.3495,0.0102,0.0119,,
cc,corpus callosum,29,0,-2,0.05,0.05,-2.4,label box,0.4753,0.3305,0.0084,0.0091,,
cg,cingulum,29,0,-2,0.95,0.95,-1.79,label box,0.5222,0.2813,0.0084,0.0119,,
cg,cingulum,29,1,-2,-0.86,0.86,-1.86,label box,0.4281,0.2864,0.0084,0.0119,,
chp,choroid plexus,29,0,-2,4.46,4.46,-3.36,label box,0.7039,0.4074,0.0131,0.0136,,
chp,choroid plexus,29,1,-2,-4.46,4.46,-3.58,label box,0.2415,0.4259,0.0127,0.0142,,
chp,choroid plexus,29,2,-2,-0.03,0.03,-3.37,label box,0.4712,0.4086,0.0131,0.0142,,
cp,cerebral peduncle,29,0,-2,2.03,2.03,-6.43,label box,0.5781,0.6557,0.008,0.0114,,
cp,cerebral peduncle,29,1,-2,-2.33,2.33,-6.39,label box,0.3519,0.6523,0.0084,0.0119,,
dcw,deep cerebral white matter,29,0,-2,4.14,4.14,-2.61,label box,0.687,0.3472,0.0149,0.0119,,
dcw,deep cerebral white matter,29,1,-2,-4.21,4.21,-2.71,label box,0.2548,0.3555,0.0152,0.0114,,
dhc,dorsal hippocampal commissure,29,0,-2,0.03,0.03,-2.58,label box,0.4741,0.345,0.0131,0.0119,,
ec,external capsule,29,0,-2,5.66,5.66,-4.87,label box,0.7662,0.5301,0.0076,0.0091,,
ec,external capsule,29,1,-2,-5.61,5.61,-5.02,label box,0.1819,0.542,0.0076,0.0091,,
eml,external medullary lamina,29,0,-2,3.31,3.31,-4.18,label box,0.6443,0.4744,0.0124,0.0114,,
eml,external medullary lamina,29,1,-2,-3.3,3.3,-4.33,label box,0.3016,0.4864,0.0124,0.0114,,
f,fornix,29,0,-2,1.11,1.11,-7.24,label box,0.5305,0.7214,0.0025,0.0114,,
f,fornix,29,1,-2,-1.14,1.14,-7.32,label box,0.4136,0.7279,0.0025,0.0119,,
fi,fimbria of the hippocampus,29,0,-2,3.8,3.8,-3.45,label box,0.6696,0.4151,0.004,0.0114,,
fi,fimbria of the hippocampus,29,1,-2,-4.08,4.08,-3.76,label box,0.2613,0.4398,0.0044,0.0119,,
fr,fasciculus retroflexus,29,0,-2,-0.34,0.34,-4,label box,0.4553,0.4591,0.0051,0.0114,,
fr,fasciculus retroflexus,29,1,-2,0.41,0.41,-4,label box,0.494,0.4597,0.0055,0.0114,,
ic,internal capsule,29,0,-2,4.12,4.12,-4.81,label box,0.6864,0.5253,0.0051,0.0119,,
ic,internal capsule,29,1,-2,-4.13,4.13,-4.97,label box,0.2585,0.5381,0.0055,0.0091,,
imvc,intermedioventral thalamic commissure,29,0,-2,0,0,-5.27,label box,0.4726,0.562,0.0167,0.0119,,
ml,medial lemniscus,29,0,-2,1.56,1.56,-5.87,label box,0.5538,0.6108,0.008,0.0114,,
ml,medial lemniscus,29,1,-2,-1.49,1.49,-5.95,label box,0.3955,0.6174,0.0084,0.0114,,
mt,mammillothalamic tract,29,0,-2,-0.68,0.68,-6.19,label box,0.4373,0.6361,0.0091,0.0108,,
mt,mammillothalamic tract,29,1,-2,0.65,0.65,-6.08,label box,0.5062,0.6276,0.0087,0.0108,,
ns,nigrostriatal bundle,29,0,-2,1.05,1.05,-6.56,label box,0.5271,0.666,0.008,0.0097,,
opt,optic tract,29,0,-2,-3.13,3.13,-6.3,label box,0.3103,0.6455,0.0109,0.0136,,
opt,optic tract,29,1,-2,2.99,2.99,-6.32,label box,0.6277,0.6466,0.0113,0.0136,,
rf,rhinal fissure,29,0,-2,-6.49,6.49,-6.83,label box,0.1364,0.6881,0.0055,0.0114,,
rf,rhinal fissure,29,1,-2,6.36,6.36,-6.73,label box,0.8025,0.6799,0.0054,0.0114,,
sm,stria medullaris of the thalamus,29,0,-2,0.73,0.73,-3.54,label box,0.5106,0.4225,0.0105,0.0091,,
sm,stria medullaris of the thalamus,29,1,-2,-0.82,0.82,-3.59,label box,0.43,0.4265,0.0105,0.0091,,
sox,supraoptic decussation,29,0,-2,-2.02,2.02,-7.02,label box,0.3682,0.7035,0.0127,0.0097,,
st,stria terminalis,29,0,-2,4.12,4.12,-4.14,label box,0.6862,0.471,0.0062,0.0114,,
st,stria terminalis,29,1,-2,-3.94,3.94,-4.26,label box,0.2687,0.4804,0.0062,0.0108,,
st,stria terminalis,29,2,-2,-3.77,3.77,-5.98,label box,0.2773,0.6196,0.0065,0.0108,,
st,stria terminalis,29,3,-2,3.76,3.76,-5.95,label box,0.6675,0.6168,0.0051,0.0108,,
1,layer 1 of cortex,30,0,-2.35,3.25,3.25,-1.49,label box,0.6411,0.2566,0.0036,0.0114,,
1,layer 1 of cortex,30,1,-2.35,-6.1,6.1,-7.62,label box,0.1567,0.752,0.0029,0.0114,,
2,layer 2 of cortex,30,0,-2.35,5.73,5.73,-7.41,label box,0.7698,0.7349,0.004,0.0119,,
2,layer 2 of cortex,30,1,-2.35,-5.98,5.98,-7.48,label box,0.1629,0.7404,0.0044,0.0119,,
3,layer 3 of cortex,30,0,-2.35,5.52,5.52,-7.27,label box,0.7589,0.7233,0.004,0.0114,,
3,layer 3 of cortex,30,1,-2.35,-5.8,5.8,-7.31,label box,0.172,0.7268,0.0044,0.0119,,
3V,3rd ventricle,30,0,-2.35,-0.07,0.07,-3.34,label box,0.469,0.4063,0.0094,0.0119,,
3V,3rd ventricle,30,1,-2.35,0.01,0.01,-7.76,leader tip,0.4715,0.7398,0.0094,0.0119,0.4733,0.7634
A1,primary auditory field,30,0,-2.35,-6.48,6.48,-4.66,label box,0.1369,0.5126,0.0084,0.0119,,
A11,A11 dopamine cells,30,0,-2.35,-0.7,0.7,-6.55,label box,0.4364,0.6659,0.0131,0.0114,,
A11,A11 dopamine cells,30,1,-2.35,0.71,0.71,-6.51,label box,0.5096,0.6626,0.0131,0.0119,,
AHi,amygdalohippocampal area,30,0,-2.35,3.22,3.22,-7.25,label box,0.6395,0.7219,0.0124,0.0119,,
AHi,amygdalohippocampal area,30,1,-2.35,-3.44,3.44,-7.35,label box,0.2947,0.7304,0.0124,0.0119,,
ASt,amygdalostriatal transition area,30,0,-2.35,-4.92,4.92,-5.94,label box,0.2177,0.6162,0.0124,0.0119,,
ASt,amygdalostriatal transition area,30,1,-2.35,4.81,4.81,-5.95,label box,0.722,0.6173,0.0124,0.0119,,
Arc,arcuate hypothalamic nucleus,30,0,-2.35,-0.3,0.3,-8.39,label box,0.4573,0.8145,0.012,0.0119,,
Arc,arcuate hypothalamic nucleus,30,1,-2.35,0.31,0.31,-8.24,label box,0.489,0.8023,0.0123,0.0119,,
Au1,primary auditory cortex,30,0,-2.35,6.33,6.33,-4.1,label box,0.8007,0.4676,0.0127,0.0114,,
Au1,primary auditory cortex,30,1,-2.35,-6.48,6.48,-4.44,label box,0.1372,0.4949,0.0127,0.0114,,
AuD,"secondary auditory cortex, dorsal area",30,0,-2.35,5.45,5.45,-2.86,label box,0.7549,0.3676,0.0149,0.0114,,
AuD,"secondary auditory cortex, dorsal area",30,1,-2.35,-5.65,5.65,-3.06,label box,0.1801,0.3832,0.0149,0.0119,,
AuV,"secondary auditory cortex, ventral area",30,0,-2.35,-6.84,6.84,-5.59,label box,0.1185,0.5878,0.0145,0.0119,,
AuV,"secondary auditory cortex, ventral area",30,1,-2.35,6.54,6.54,-5.57,label box,0.8114,0.5866,0.0145,0.0119,,
BLP,"basolateral amygdaloid nucleus, posterior part",30,0,-2.35,-4.79,4.79,-7.29,label box,0.2247,0.7256,0.0142,0.0114,,
BLP,"basolateral amygdaloid nucleus, posterior part",30,1,-2.35,4.6,4.6,-7.15,label box,0.7113,0.7142,0.0142,0.0114,,
BMP,"basomedial amygdaloid nucleus, posterior part",30,0,-2.35,-4.26,4.26,-7.42,label box,0.2522,0.7355,0.0167,0.0119,,
BMP,"basomedial amygdaloid nucleus, posterior part",30,1,-2.35,4.33,4.33,-7.39,label box,0.6973,0.733,0.0167,0.0114,,
CA1,field CA1 of the hippocampus,30,0,-2.35,1.7,1.7,-1.98,label box,0.5609,0.296,0.0134,0.0114,,
CA1,field CA1 of the hippocampus,30,1,-2.35,-1.74,1.74,-2.01,label box,0.3826,0.2989,0.0138,0.0119,,
CA2,field CA2 of the hippocampus,30,0,-2.35,3.54,3.54,-2.61,label box,0.6561,0.3472,0.0149,0.0114,,
CA2,field CA2 of the hippocampus,30,1,-2.35,-3.89,3.89,-2.77,label box,0.2714,0.3599,0.0145,0.0119,,
CA3,field CA3 of the hippocampus,30,0,-2.35,-3.64,3.64,-6.68,label box,0.2842,0.6759,0.0145,0.0119,,
CA3,field CA3 of the hippocampus,30,1,-2.35,3.61,3.61,-6.62,label box,0.6597,0.671,0.0149,0.0125,,
CA3,field CA3 of the hippocampus,30,2,-2.35,2.73,2.73,-3.01,label box,0.6144,0.3791,0.0149,0.0119,,
CA3,field CA3 of the hippocampus,30,3,-2.35,-2.97,2.97,-3.05,label box,0.3188,0.3825,0.0149,0.0119,,
CL,centrolateral thalamic nucleus,30,0,-2.35,-1.5,1.5,-4.15,label box,0.3948,0.4713,0.0091,0.0119,,
CL,centrolateral thalamic nucleus,30,1,-2.35,1.45,1.45,-4.09,label box,0.5481,0.4665,0.0094,0.0119,,
CM,central medial thalamic nucleus,30,0,-2.35,-0.03,0.03,-5.21,label box,0.4713,0.5569,0.012,0.0119,,
CPu,caudate putamen (striatum),30,0,-2.35,5.28,5.28,-5.02,label box,0.7465,0.5418,0.0142,0.0119,,
CPu,caudate putamen (striatum),30,1,-2.35,-5.38,5.38,-5.24,label box,0.1939,0.5599,0.0142,0.0119,,
DA,dorsal hypothalamic area,30,0,-2.35,-0.36,0.36,-6.62,label box,0.4541,0.6714,0.0102,0.0114,,
DA,dorsal hypothalamic area,30,1,-2.35,0.45,0.45,-6.62,label box,0.4959,0.6714,0.0102,0.0114,,
DEn,dorsal endopiriform nucleus,30,0,-2.35,-5.37,5.37,-6.96,label box,0.1944,0.6983,0.0138,0.0114,,
DEn,dorsal endopiriform nucleus,30,1,-2.35,5.18,5.18,-6.81,label box,0.7409,0.6864,0.0138,0.0114,,
DG,dentate gyrus,30,0,-2.35,-2.24,2.24,-7.29,label box,0.3568,0.7253,0.0102,0.0119,,
DG,dentate gyrus,30,1,-2.35,2.28,2.28,-7.22,label box,0.591,0.7196,0.0105,0.0119,,
DLG,dorsal lateral geniculate nucleus,30,0,-2.35,-3.58,3.58,-3.63,label box,0.2871,0.4298,0.0145,0.0119,,
DLG,dorsal lateral geniculate nucleus,30,1,-2.35,3.36,3.36,-3.58,label box,0.647,0.4259,0.0149,0.0119,,
DM,dorsomedial hypothalamic nucleus,30,0,-2.35,-0.4,0.4,-7.08,label box,0.452,0.708,0.0116,0.0114,,
DM,dorsomedial hypothalamic nucleus,30,1,-2.35,0.39,0.39,-7.06,label box,0.4931,0.7068,0.0116,0.0114,,
Ect,ectorhinal cortex,30,0,-2.35,-6.64,6.64,-6.03,label box,0.1286,0.6233,0.0109,0.0114,,
Ect,ectorhinal cortex,30,1,-2.35,6.31,6.31,-5.94,label box,0.7998,0.6162,0.0109,0.0119,,
FC,fasciola cinereum,30,0,-2.35,-0.23,0.23,-2.67,label box,0.4606,0.352,0.0084,0.0119,,
GrDG,granular layer of the dentate gyrus,30,0,-2.35,-1.02,1.02,-3.13,label box,0.4199,0.3892,0.0193,0.0125,,
GrDG,granular layer of the dentate gyrus,30,1,-2.35,0.86,0.86,-3.19,label box,0.5175,0.3941,0.0192,0.0125,,
IG,indusium griseum,30,0,-2.35,0.18,0.18,-2.13,label box,0.4822,0.3086,0.0069,0.0119,,
IMD,intermediodorsal thalamic nucleus,30,0,-2.35,0.01,0.01,-4.89,label box,0.4731,0.5312,0.0138,0.0114,,
LEnt,lateral entorhinal cortex,30,0,-2.35,-6.13,6.13,-6.96,label box,0.155,0.6986,0.0156,0.0119,,
LEnt,lateral entorhinal cortex,30,1,-2.35,5.82,5.82,-6.94,label box,0.7742,0.6972,0.0156,0.0114,,
LHbL,"lateral habenular nucleus, lateral part",30,0,-2.35,-0.84,0.84,-3.9,label box,0.4294,0.4512,0.0174,0.0119,,
LHbM,"lateral habenular nucleus, medial part",30,0,-2.35,0.6,0.6,-3.88,label box,0.504,0.4501,0.02,0.0119,,
LMol,lacunosum moleculare layer of the hippocampus,30,0,-2.35,1.8,1.8,-2.39,label box,0.5661,0.329,0.0174,0.0114,,
LMol,lacunosum moleculare layer of the hippocampus,30,1,-2.35,-1.73,1.73,-2.43,label box,0.3832,0.3324,0.0171,0.0114,,
LPLR,"lateral posterior thalamic nucleus, laterorostral part",30,0,-2.35,2.9,2.9,-3.83,label box,0.6232,0.446,0.0189,0.0114,,
LPLR,"lateral posterior thalamic nucleus, laterorostral part",30,1,-2.35,-2.88,2.88,-3.89,label box,0.3234,0.4506,0.0189,0.0114,,
LPMR,"lateral posterior thalamic nucleus, mediorostral part",30,0,-2.35,-1.92,1.92,-3.65,label box,0.3734,0.4315,0.0214,0.0119,,
LPMR,"lateral posterior thalamic nucleus, mediorostral part",30,1,-2.35,1.86,1.86,-3.64,label box,0.5689,0.4301,0.0214,0.0114,,
LPtA,lateral parietal association cortex,30,0,-2.35,-3.69,3.69,-1.61,label box,0.2814,0.2665,0.0164,0.0114,,
LV,lateral ventricle,30,0,-2.35,4.55,4.55,-3.87,label box,0.7086,0.4489,0.008,0.0114,,
LV,lateral ventricle,30,1,-2.35,-4.63,4.63,-4.28,label box,0.233,0.4825,0.008,0.0119,,
LaD,"lateral amygdaloid nucleus, dorsal part",30,0,-2.35,-5.4,5.4,-6.04,label box,0.1928,0.6247,0.0134,0.0119,,
LaD,"lateral amygdaloid nucleus, dorsal part",30,1,-2.35,5.3,5.3,-5.93,label box,0.7476,0.6156,0.0134,0.0119,,
LaV,"lateral amygdaloid nucleus, ventral part",30,0,-2.35,4.85,4.85,-6.51,label box,0.724,0.6619,0.0134,0.0114,,
LaV,"lateral amygdaloid nucleus, ventral part",30,1,-2.35,-4.99,4.99,-6.61,label box,0.2142,0.6705,0.0134,0.0114,,
MDC,"mediodorsal thalamic nucleus, central part",30,0,-2.35,-0.77,0.77,-4.74,label box,0.4326,0.519,0.0171,0.0119,,
MDC,"mediodorsal thalamic nucleus, central part",30,1,-2.35,0.71,0.71,-4.67,label box,0.5093,0.5134,0.0171,0.0119,,
MDL,"mediodorsal thalamic nucleus, lateral part",30,0,-2.35,1.19,1.19,-4.3,label box,0.5343,0.4841,0.0164,0.0114,,
MDL,"mediodorsal thalamic nucleus, lateral part",30,1,-2.35,-1.12,1.12,-4.4,label box,0.4145,0.4921,0.0167,0.0119,,
MDM,"mediodorsal thalamic nucleus, medial part",30,0,-2.35,0.63,0.63,-4.35,label box,0.5053,0.4879,0.0189,0.0114,,
MDM,"mediodorsal thalamic nucleus, medial part",30,1,-2.35,-0.54,0.54,-4.39,label box,0.4447,0.491,0.0189,0.0119,,
ME,median eminence,30,0,-2.35,0.18,0.18,-8.61,label box,0.4818,0.8318,0.0109,0.0114,,
MHb,medial habenular nucleus,30,0,-2.35,-0.45,0.45,-3.63,label box,0.4495,0.4298,0.0153,0.0119,,
MHb,medial habenular nucleus,30,1,-2.35,0.28,0.28,-3.62,label box,0.487,0.4285,0.0156,0.0119,,
MPtA,medial parietal association cortex,30,0,-2.35,2.08,2.08,-1.09,label box,0.5803,0.2245,0.0192,0.0119,,
MPtA,medial parietal association cortex,30,1,-2.35,-2.34,2.34,-1.15,label box,0.3515,0.2291,0.0192,0.0119,,
MTu,medial tuberal nucleus,30,0,-2.35,1.24,1.24,-7.75,label box,0.5369,0.7622,0.0142,0.0119,,
MoDG,molecular layer of the dentate gyrus,30,0,-2.35,-1.97,1.97,-2.65,label box,0.3706,0.35,0.0218,0.0125,,
MoDG,molecular layer of the dentate gyrus,30,1,-2.35,1.74,1.74,-2.63,label box,0.5627,0.3486,0.0222,0.0119,,
OPC,oval paracentral thalamic nucleus,30,0,-2.35,0.95,0.95,-5.24,label box,0.5222,0.5599,0.0153,0.0119,,
OPC,oval paracentral thalamic nucleus,30,1,-2.35,-1.25,1.25,-5.23,label box,0.4082,0.5592,0.0156,0.0119,,
Or,oriens layer of the hippocampus,30,0,-2.35,4.08,4.08,-3.26,label box,0.6842,0.3994,0.008,0.0114,,
Or,oriens layer of the hippocampus,30,1,-2.35,4.1,4.1,-6.21,label box,0.6853,0.6378,0.008,0.0119,,
Or,oriens layer of the hippocampus,30,2,-2.35,-4.17,4.17,-6.33,label box,0.2569,0.6474,0.008,0.0119,,
Or,oriens layer of the hippocampus,30,3,-2.35,-4.35,4.35,-3.43,label box,0.2475,0.4134,0.008,0.0125,,
PC,paracentral thalamic nucleus,30,0,-2.35,-0.9,0.9,-5.2,label box,0.4259,0.5565,0.0094,0.0119,,
PC,paracentral thalamic nucleus,30,1,-2.35,0.5,0.5,-5.26,label box,0.4985,0.5611,0.0094,0.0119,,
PHD,"posterior hypothalamic area, dorsal part",30,0,-2.35,0.01,0.01,-6.21,label box,0.4731,0.6381,0.0153,0.0114,,
PLH,peduncular part of lateral hypothalamus,30,0,-2.35,-1.56,1.56,-6.98,label box,0.3919,0.7006,0.0142,0.0114,,
PLH,peduncular part of lateral hypothalamus,30,1,-2.35,1.47,1.47,-6.88,label box,0.5489,0.6924,0.0145,0.0114,,
PMCo,posteromedial cortical amygdaloid nucleus,30,0,-2.35,3.84,3.84,-7.87,label box,0.6717,0.7724,0.0214,0.0119,,
PMCo,posteromedial cortical amygdaloid nucleus,30,1,-2.35,-3.73,3.73,-7.92,label box,0.2796,0.7759,0.0214,0.0119,,
PRh,perirhinal cortex,30,0,-2.35,6.02,6.02,-6.4,label box,0.7847,0.6534,0.0142,0.0114,,
PRh,perirhinal cortex,30,1,-2.35,-6.05,6.05,-6.47,label box,0.1592,0.6588,0.0145,0.0119,,
PTe,paraterete nucleus,30,0,-2.35,-1.71,1.71,-7.42,label box,0.3839,0.7361,0.012,0.0119,,
PTe,paraterete nucleus,30,1,-2.35,1.74,1.74,-7.36,label box,0.5629,0.7307,0.0124,0.0114,,
PVP,"paraventricular thalamic nucleus, posterior part",30,0,-2.35,-0.01,0.01,-4.39,label box,0.472,0.4909,0.0145,0.0114,,
Pe,periventricular hypothalamic nucleus,30,0,-2.35,0,0,-6.44,label box,0.4728,0.6563,0.0084,0.0119,,
PeF,perifornical nucleus,30,0,-2.35,1.2,1.2,-7.26,label box,0.5351,0.7228,0.0123,0.0119,,
PeF,perifornical nucleus,30,1,-2.35,-1.18,1.18,-7.31,label box,0.4114,0.7273,0.0127,0.0119,,
PeFLH,perifornical part of lateral hypothalamus,30,0,-2.35,-1,1,-7.12,label box,0.421,0.7114,0.0222,0.0114,,
PeFLH,perifornical part of lateral hypothalamus,30,1,-2.35,1.06,1.06,-7.11,label box,0.5276,0.7105,0.0225,0.0119,,
Pir,piriform cortex,30,0,-2.35,5.54,5.54,-7.62,label box,0.7596,0.752,0.0091,0.0119,,
Pir,piriform cortex,30,1,-2.35,-5.72,5.72,-7.72,label box,0.1762,0.7597,0.0094,0.0114,,
Po,posterior thalamic nuclear group,30,0,-2.35,-2.03,2.03,-4.75,label box,0.3676,0.5202,0.0084,0.0119,,
Po,posterior thalamic nuclear group,30,1,-2.35,1.95,1.95,-4.67,label box,0.5739,0.5134,0.0084,0.0119,,
PoDG,polymorph layer of the dentate gyrus,30,0,-2.35,1.51,1.51,-2.94,label box,0.5509,0.3736,0.0196,0.0119,,
PoDG,polymorph layer of the dentate gyrus,30,1,-2.35,-1.69,1.69,-2.95,label box,0.385,0.3747,0.02,0.0119,,
PtP,"parietal cortex, posterior area",30,0,-2.35,4.11,4.11,-1.9,label box,0.6857,0.2901,0.0116,0.0119,,
Py,pyramidal cell layer of the hippocampus,30,0,-2.35,3.84,3.84,-3,label box,0.6717,0.3787,0.0127,0.0256,,
Py,pyramidal cell layer of the hippocampus,30,1,-2.35,-4.16,4.16,-3.14,label box,0.2571,0.3898,0.0127,0.0261,,
RAPir,rostral amygdalopiriform area,30,0,-2.35,-4.9,4.9,-7.96,label box,0.2188,0.7793,0.0203,0.0119,,
RAPir,rostral amygdalopiriform area,30,1,-2.35,4.69,4.69,-7.95,label box,0.7159,0.7788,0.0203,0.0114,,
RSD,retrosplenial dysgranular cortex,30,0,-2.35,0.8,0.8,-0.9,label box,0.514,0.2091,0.0156,0.0114,,
RSD,retrosplenial dysgranular cortex,30,1,-2.35,-1.09,1.09,-0.96,label box,0.4161,0.2139,0.0153,0.0119,,
RSGc,"retrosplenial granular cortex, c region",30,0,-2.35,-0.4,0.4,-1.54,label box,0.4522,0.2605,0.02,0.0119,,
RSGc,"retrosplenial granular cortex, c region",30,1,-2.35,0.39,0.39,-1.54,label box,0.4929,0.2611,0.02,0.0119,,
Rad,radiatum layer of the hippocampus,30,0,-2.35,3.2,3.2,-2.73,label box,0.6383,0.3568,0.0134,0.0114,,
Rad,radiatum layer of the hippocampus,30,1,-2.35,-3.43,3.43,-2.75,label box,0.2951,0.3582,0.0131,0.0119,,
Re,reuniens thalamic nucleus,30,0,-2.35,-0.01,0.01,-5.79,label box,0.4724,0.604,0.0091,0.0119,,
Rh,rhomboid thalamic nucleus,30,0,-2.35,-0.01,0.01,-5.53,label box,0.4723,0.5827,0.0094,0.0114,,
Rt,reticular thalamic nucleus,30,0,-2.35,3.64,3.64,-4.84,label box,0.6612,0.5273,0.0076,0.0119,,
Rt,reticular thalamic nucleus,30,1,-2.35,-3.63,3.63,-5.02,label box,0.2847,0.5415,0.0076,0.0119,,
S1,primary somatosensory cortex,30,0,-2.35,-5.12,5.12,-2.39,label box,0.2073,0.3293,0.0076,0.0119,,
S1,primary somatosensory cortex,30,1,-2.35,4.75,4.75,-2.27,label box,0.7191,0.3194,0.008,0.0119,,
SLu,stratum lucidum of the hippocampus,30,0,-2.35,3.6,3.6,-2.94,label box,0.6595,0.3741,0.0124,0.0119,,
SLu,stratum lucidum of the hippocampus,30,1,-2.35,-3.85,3.85,-3.08,label box,0.2733,0.3849,0.0131,0.0119,,
STh,subthalamic nucleus,30,0,-2.35,1.94,1.94,-6.49,label box,0.5732,0.6605,0.0134,0.0119,,
STh,subthalamic nucleus,30,1,-2.35,-1.98,1.98,-6.57,label box,0.37,0.6674,0.0134,0.0125,,
Sub,submedius thalamic nucleus,30,0,-2.35,-0.41,0.41,-5.67,label box,0.4513,0.5946,0.0138,0.0119,,
Sub,submedius thalamic nucleus,30,1,-2.35,0.45,0.45,-5.67,label box,0.4958,0.5946,0.0134,0.0119,,
SubI,subincertal nucleus,30,0,-2.35,-1.58,1.58,-6.6,label box,0.3906,0.6696,0.0153,0.0119,,
TuLH,tuberal region of lateral hypothalamus,30,0,-2.35,-1.32,1.32,-7.7,label box,0.4043,0.7582,0.0185,0.0108,,
TuLH,tuberal region of lateral hypothalamus,30,1,-2.35,1.02,1.02,-7.59,label box,0.5258,0.7492,0.0185,0.0114,,
VG,ventral geniculate nucleus,30,0,-2.35,3.75,3.75,-4.08,label box,0.6672,0.4656,0.0102,0.0119,,
VG,ventral geniculate nucleus,30,1,-2.35,-3.8,3.8,-4.22,label box,0.2758,0.4776,0.0102,0.0119,,
VL,ventrolateral thalamic nucleus,30,0,-2.35,-1.19,1.19,-5.6,label box,0.411,0.5884,0.0094,0.0119,,
VL,ventrolateral thalamic nucleus,30,1,-2.35,1.24,1.24,-5.46,label box,0.5372,0.5771,0.0094,0.0114,,
VM,ventromedial thalamic nucleus,30,0,-2.35,-0.97,0.97,-5.95,label box,0.4226,0.617,0.0116,0.0114,,
VM,ventromedial thalamic nucleus,30,1,-2.35,0.97,0.97,-5.88,label box,0.5231,0.6114,0.0113,0.0114,,
VMHC,"ventromedial hypothalamic nucleus, central part",30,0,-2.35,0.67,0.67,-7.71,leader tip,0.5427,0.7753,0.0229,0.0119,0.5077,0.7589
VMHC,"ventromedial hypothalamic nucleus, central part",30,1,-2.35,-0.68,0.68,-7.79,leader tip,0.4038,0.7793,0.0229,0.0125,0.4373,0.7658
VMHDM,"ventromedial hypothalamic nucleus, dorsomedial part",30,0,-2.35,0.41,0.41,-7.62,label box,0.4939,0.7523,0.0301,0.0119,,
VMHDM,"ventromedial hypothalamic nucleus, dorsomedial part",30,1,-2.35,-0.38,0.38,-7.64,label box,0.4532,0.7535,0.0301,0.0119,,
VMHSh,ventromedial nucleus of the hypothalamus shell,30,0,-2.35,0.81,0.81,-8.11,leader tip,0.5422,0.8122,0.0269,0.0119,0.5146,0.7916
VMHSh,ventromedial nucleus of the hypothalamus shell,30,1,-2.35,-0.76,0.76,-8.2,leader tip,0.4043,0.8173,0.0273,0.0119,0.4332,0.7991
VMHVL,"ventromedial hypothalamic nucleus, ventrolateral part",30,0,-2.35,0.78,0.78,-7.9,leader tip,0.5416,0.791,0.0276,0.0119,0.5133,0.7745
VMHVL,"ventromedial hypothalamic nucleus, ventrolateral part",30,1,-2.35,-0.8,0.8,-7.98,leader tip,0.4033,0.7961,0.0276,0.0119,0.4312,0.7813
VPL,ventral posterolateral thalamic nucleus,30,0,-2.35,-2.99,2.99,-5.12,label box,0.3176,0.55,0.0145,0.0114,,
VPL,ventral posterolateral thalamic nucleus,30,1,-2.35,2.94,2.94,-5.04,label box,0.6253,0.5435,0.0149,0.0114,,
VPM,ventral posteromedial thalamic nucleus,30,0,-2.35,-2.6,2.6,-4.99,label box,0.3379,0.5392,0.0167,0.0114,,
VPM,ventral posteromedial thalamic nucleus,30,1,-2.35,2.45,2.45,-4.97,label box,0.5996,0.5375,0.0167,0.0114,,
VRe,ventral reuniens thalamic nucleus,30,0,-2.35,-0.39,0.39,-5.99,label box,0.4524,0.6205,0.0145,0.0114,,
VRe,ventral reuniens thalamic nucleus,30,1,-2.35,0.4,0.4,-5.96,label box,0.4933,0.6176,0.0142,0.0114,,
ZID,"zona incerta, dorsal part",30,0,-2.35,2.02,2.02,-5.88,label box,0.5776,0.6114,0.0113,0.0114,,
ZID,"zona incerta, dorsal part",30,1,-2.35,-2.05,2.05,-5.95,label box,0.3664,0.6174,0.0113,0.0114,,
ZIV,"zona incerta, ventral part",30,0,-2.35,1.91,1.91,-6.15,label box,0.5718,0.633,0.0113,0.0114,,
ZIV,"zona incerta, ventral part",30,1,-2.35,-1.83,1.83,-6.29,label box,0.3777,0.6441,0.0113,0.0114,,
alv,alveus of the hippocampus,30,0,-2.35,-2.98,2.98,-2.03,label box,0.3185,0.3006,0.0098,0.0114,,
alv,alveus of the hippocampus,30,1,-2.35,2.93,2.93,-2.05,label box,0.6246,0.3018,0.0098,0.0119,,
alv,alveus of the hippocampus,30,2,-2.35,4.11,4.11,-5.93,label box,0.6859,0.6154,0.0098,0.0119,,
cc,corpus callosum,30,0,-2.35,0.04,0.04,-2.28,label box,0.4746,0.3202,0.0084,0.0091,,
cg,cingulum,30,0,-2.35,0.92,0.92,-1.6,label box,0.5205,0.2659,0.0084,0.0114,,
cg,cingulum,30,1,-2.35,-0.9,0.9,-1.69,label box,0.4263,0.2731,0.0084,0.0114,,
chp,choroid plexus,30,0,-2.35,0.06,0.06,-3.01,label box,0.4757,0.3795,0.0131,0.0136,,
chp,choroid plexus,30,1,-2.35,4.4,4.4,-5.3,label box,0.7008,0.5645,0.0127,0.0142,,
chp,choroid plexus,30,2,-2.35,-4.56,4.56,-5.65,label box,0.2362,0.5929,0.0131,0.0142,,
cp,cerebral peduncle,30,0,-2.35,2.14,2.14,-6.66,label box,0.5834,0.6744,0.0084,0.0114,,
cp,cerebral peduncle,30,1,-2.35,-2.38,2.38,-6.54,label box,0.3495,0.6648,0.008,0.0119,,
dcw,deep cerebral white matter,30,0,-2.35,4.18,4.18,-2.57,label box,0.6892,0.3438,0.0149,0.0119,,
dcw,deep cerebral white matter,30,1,-2.35,-4.54,4.54,-2.81,label box,0.2375,0.3637,0.0149,0.0119,,
dhc,dorsal hippocampal commissure,30,0,-2.35,-0.02,0.02,-2.45,label box,0.4715,0.3342,0.0131,0.0119,,
ec,external capsule,30,0,-2.35,5.72,5.72,-5.23,label box,0.7691,0.5585,0.0076,0.0091,,
ec,external capsule,30,1,-2.35,-5.75,5.75,-5.44,label box,0.1748,0.5761,0.008,0.0091,,
eml,external medullary lamina,30,0,-2.35,-3.38,3.38,-4.34,label box,0.2976,0.487,0.0123,0.0119,,
eml,external medullary lamina,30,1,-2.35,3.35,3.35,-4.39,label box,0.6462,0.4913,0.0123,0.0114,,
f,fornix,30,0,-2.35,1.18,1.18,-7.43,label box,0.5338,0.7369,0.0022,0.0114,,
f,fornix,30,1,-2.35,-1.18,1.18,-7.48,label box,0.4118,0.7407,0.0025,0.0114,,
fi,fimbria of the hippocampus,30,0,-2.35,-4.34,4.34,-4.22,label box,0.2478,0.4773,0.0036,0.0114,,
fi,fimbria of the hippocampus,30,1,-2.35,4.23,4.23,-4.07,label box,0.6919,0.4651,0.0036,0.0119,,
fr,fasciculus retroflexus,30,0,-2.35,0.6,0.6,-4.18,label box,0.504,0.4739,0.0054,0.0119,,
fr,fasciculus retroflexus,30,1,-2.35,-0.68,0.68,-4.22,label box,0.4376,0.4771,0.0054,0.0114,,
hif,hippocampal fissure,30,0,-2.35,-0.5,0.5,-3.04,label box,0.4468,0.3818,0.0084,0.0114,,
hif,hippocampal fissure,30,1,-2.35,0.45,0.45,-3.03,label box,0.496,0.3807,0.008,0.0114,,
ic,internal capsule,30,0,-2.35,-4.95,4.95,-4.94,label box,0.216,0.5358,0.0055,0.0091,,
ic,internal capsule,30,1,-2.35,4.78,4.78,-4.91,label box,0.7204,0.5327,0.0055,0.0085,,
ic,internal capsule,30,2,-2.35,-3.45,3.45,-5.62,label box,0.2938,0.5901,0.0055,0.0119,,
ic,internal capsule,30,3,-2.35,3.24,3.24,-5.52,label box,0.6404,0.5824,0.0055,0.0114,,
imvc,intermedioventral thalamic commissure,30,0,-2.35,-0.01,0.01,-5.36,label box,0.4724,0.5694,0.0171,0.0119,,
ml,medial lemniscus,30,0,-2.35,2.23,2.23,-5.66,label box,0.5883,0.5938,0.008,0.0114,,
ml,medial lemniscus,30,1,-2.35,-2.24,2.24,-5.7,label box,0.3568,0.5972,0.008,0.0114,,
mt,mammillothalamic tract,30,0,-2.35,-0.74,0.74,-6.35,label box,0.4344,0.6497,0.0091,0.0108,,
mt,mammillothalamic tract,30,1,-2.35,0.65,0.65,-6.28,label box,0.5062,0.6435,0.0091,0.0114,,
ns,nigrostriatal bundle,30,0,-2.35,1.58,1.58,-6.44,label box,0.5545,0.6568,0.008,0.0091,,
opt,optic tract,30,0,-2.35,-3.84,3.84,-5.64,label box,0.2738,0.592,0.0113,0.0136,,
opt,optic tract,30,1,-2.35,3.83,3.83,-5.51,label box,0.671,0.5818,0.0113,0.0136,,
rf,rhinal fissure,30,0,-2.35,6.5,6.5,-6.7,label box,0.8094,0.6779,0.0054,0.0119,,
rf,rhinal fissure,30,1,-2.35,-6.85,6.85,-6.76,label box,0.1177,0.6824,0.0054,0.0119,,
sm,stria medullaris of the thalamus,30,0,-2.35,-0.82,0.82,-3.59,label box,0.4304,0.4267,0.0105,0.0091,,
sm,stria medullaris of the thalamus,30,1,-2.35,0.69,0.69,-3.54,label box,0.5084,0.4225,0.0105,0.0091,,
sox,supraoptic decussation,30,0,-2.35,2.71,2.71,-6.11,label box,0.6134,0.6301,0.0124,0.0091,,
sox,supraoptic decussation,30,1,-2.35,-2.78,2.78,-6.32,label box,0.3289,0.6466,0.0124,0.0091,,
st,stria terminalis,30,0,-2.35,4.06,4.06,-4.89,label box,0.6833,0.5315,0.0062,0.0108,,
st,stria terminalis,30,1,-2.35,-4,4,-5.13,label box,0.2654,0.5506,0.0062,0.0114,,
st,stria terminalis,30,2,-2.35,-3.83,3.83,-7.09,label box,0.2745,0.7088,0.0062,0.0108,,
st,stria terminalis,30,3,-2.35,3.81,3.81,-7,label box,0.6702,0.702,0.0062,0.0108,,
1,layer 1 of cortex,31,0,-2.7,-6.14,6.14,-7.44,label box,0.1547,0.7373,0.0025,0.0114,,
2,layer 2 of cortex,31,0,-2.7,5.8,5.8,-7.27,label box,0.7734,0.7239,0.004,0.0119,,
2,layer 2 of cortex,31,1,-2.7,-6.03,6.03,-7.31,label box,0.1605,0.7273,0.004,0.0119,,
3,layer 3 of cortex,31,0,-2.7,5.6,5.6,-7.16,label box,0.7629,0.7145,0.004,0.0119,,
3,layer 3 of cortex,31,1,-2.7,-5.87,5.87,-7.19,label box,0.1687,0.7171,0.0044,0.0119,,
3V,3rd ventricle,31,0,-2.7,-0.09,0.09,-3.05,label box,0.4682,0.3824,0.0091,0.0114,,
3V,3rd ventricle,31,1,-2.7,0.01,0.01,-6.65,label box,0.4733,0.6734,0.0094,0.0119,,
A1,primary auditory field,31,0,-2.7,6.5,6.5,-4.52,label box,0.8094,0.5018,0.0084,0.0119,,
A1,primary auditory field,31,1,-2.7,-6.68,6.68,-4.65,label box,0.1264,0.5123,0.0084,0.0114,,
A11,A11 dopamine cells,31,0,-2.7,0.56,0.56,-6.25,label box,0.5017,0.6415,0.0131,0.0119,,
A11,A11 dopamine cells,31,1,-2.7,-0.66,0.66,-6.3,label box,0.4387,0.6455,0.0134,0.0119,,
AHi,amygdalohippocampal area,31,0,-2.7,3.55,3.55,-7.32,label box,0.6566,0.7278,0.0124,0.0114,,
AHi,amygdalohippocampal area,31,1,-2.7,-3.67,3.67,-7.41,label box,0.2827,0.7352,0.0116,0.0114,,
APTD,"anterior pretectal nucleus, dorsal part",31,0,-2.7,1.02,1.02,-3.62,label box,0.5258,0.429,0.0203,0.0114,,
APTD,"anterior pretectal nucleus, dorsal part",31,1,-2.7,-1.09,1.09,-3.64,label box,0.4162,0.4304,0.02,0.0119,,
APir,amygdalopiriform transition area,31,0,-2.7,-5.02,5.02,-7.76,label box,0.2124,0.7636,0.0149,0.0114,,
APir,amygdalopiriform transition area,31,1,-2.7,4.92,4.92,-7.74,label box,0.7275,0.7619,0.0153,0.0114,,
Arc,arcuate hypothalamic nucleus,31,0,-2.7,-0.2,0.2,-8.41,label box,0.4624,0.8159,0.012,0.0114,,
Arc,arcuate hypothalamic nucleus,31,1,-2.7,0.27,0.27,-8.3,label box,0.4866,0.8069,0.012,0.0119,,
Au1,primary auditory cortex,31,0,-2.7,6.51,6.51,-4.3,label box,0.8101,0.4841,0.0127,0.0114,,
Au1,primary auditory cortex,31,1,-2.7,-6.68,6.68,-4.43,label box,0.1266,0.4943,0.0127,0.0114,,
AuD,"secondary auditory cortex, dorsal area",31,0,-2.7,-5.82,5.82,-3.12,label box,0.1713,0.3881,0.0149,0.0114,,
AuD,"secondary auditory cortex, dorsal area",31,1,-2.7,5.87,5.87,-3.08,label box,0.7771,0.3849,0.0149,0.0119,,
AuV,"secondary auditory cortex, ventral area",31,0,-2.7,6.62,6.62,-5.37,label box,0.8158,0.5702,0.0145,0.0119,,
AuV,"secondary auditory cortex, ventral area",31,1,-2.7,-6.75,6.75,-5.51,label box,0.1232,0.5815,0.0145,0.0119,,
BLP,"basolateral amygdaloid nucleus, posterior part",31,0,-2.7,-4.72,4.72,-7.3,label box,0.228,0.7264,0.0142,0.0119,,
BLP,"basolateral amygdaloid nucleus, posterior part",31,1,-2.7,4.64,4.64,-7.21,label box,0.7131,0.7185,0.0142,0.0119,,
BMP,"basomedial amygdaloid nucleus, posterior part",31,0,-2.7,4.42,4.42,-7.43,label box,0.702,0.7364,0.0167,0.0114,,
BMP,"basomedial amygdaloid nucleus, posterior part",31,1,-2.7,-4.46,4.46,-7.52,label box,0.2418,0.7438,0.0164,0.0114,,
CA1,field CA1 of the hippocampus,31,0,-2.7,-2.11,2.11,-2.01,label box,0.3636,0.2986,0.0134,0.0119,,
CA1,field CA1 of the hippocampus,31,1,-2.7,1.74,1.74,-1.88,label box,0.563,0.2881,0.0134,0.0125,,
CA1,field CA1 of the hippocampus,31,2,-2.7,3.69,3.69,-6.93,label box,0.6641,0.696,0.0134,0.0125,,
CA1,field CA1 of the hippocampus,31,3,-2.7,-3.53,3.53,-7.13,label box,0.29,0.7122,0.0131,0.0119,,
CA2,field CA2 of the hippocampus,31,0,-2.7,-4.55,4.55,-3.15,label box,0.2367,0.3912,0.0149,0.0119,,
CA2,field CA2 of the hippocampus,31,1,-2.7,-4.65,4.65,-6.58,label box,0.2318,0.6676,0.0145,0.0114,,
CA2,field CA2 of the hippocampus,31,2,-2.7,4.48,4.48,-6.5,label box,0.7049,0.6616,0.0145,0.0119,,
CA2,field CA2 of the hippocampus,31,3,-2.7,4.14,4.14,-2.78,label box,0.687,0.3606,0.0149,0.0125,,
CA3,field CA3 of the hippocampus,31,0,-2.7,3.44,3.44,-3.1,label box,0.6508,0.3869,0.0145,0.0125,,
CA3,field CA3 of the hippocampus,31,1,-2.7,-3.75,3.75,-3.39,label box,0.2785,0.4102,0.0149,0.0114,,
CA3,field CA3 of the hippocampus,31,2,-2.7,-3.13,3.13,-6.64,label box,0.3105,0.6724,0.0149,0.0119,,
CA3,field CA3 of the hippocampus,31,3,-2.7,3.04,3.04,-6.64,label box,0.6301,0.6724,0.0145,0.0119,,
CL,centrolateral thalamic nucleus,31,0,-2.7,-0.95,0.95,-4.11,label box,0.4237,0.4685,0.0094,0.0119,,
CL,centrolateral thalamic nucleus,31,1,-2.7,0.87,0.87,-4.04,label box,0.5176,0.4629,0.0094,0.0125,,
CM,central medial thalamic nucleus,31,0,-2.7,-0.03,0.03,-5.21,label box,0.4713,0.5572,0.012,0.0125,,
DEn,dorsal endopiriform nucleus,31,0,-2.7,5.06,5.06,-6.81,label box,0.7351,0.6866,0.0138,0.0119,,
DEn,dorsal endopiriform nucleus,31,1,-2.7,-5.18,5.18,-6.92,label box,0.2045,0.6958,0.0142,0.0114,,
DLG,dorsal lateral geniculate nucleus,31,0,-2.7,3.2,3.2,-3.73,label box,0.6386,0.4378,0.0149,0.0119,,
DLG,dorsal lateral geniculate nucleus,31,1,-2.7,-3.42,3.42,-3.97,label box,0.2954,0.4571,0.0145,0.0119,,
DMC,"dorsomedial hypothalamic nucleus, compact part",31,0,-2.7,0.17,0.17,-7.48,leader tip,0.4481,0.7256,0.0171,0.0119,0.4817,0.7409
DMD,"dorsomedial hypothalamic nucleus, dorsal part",31,0,-2.7,-0.34,0.34,-7.06,label box,0.4553,0.7071,0.0174,0.0119,,
DMD,"dorsomedial hypothalamic nucleus, dorsal part",31,1,-2.7,0.35,0.35,-7.09,label box,0.4909,0.7088,0.0174,0.0119,,
DMV,"dorsomedial hypothalamic nucleus, ventral part",31,0,-2.7,-0.35,0.35,-7.72,label box,0.4544,0.7602,0.0171,0.0114,,
DMV,"dorsomedial hypothalamic nucleus, ventral part",31,1,-2.7,0.38,0.38,-7.72,label box,0.4926,0.7597,0.0174,0.0119,,
Ect,ectorhinal cortex,31,0,-2.7,-6.4,6.4,-5.83,label box,0.141,0.6071,0.0109,0.0119,,
Ect,ectorhinal cortex,31,1,-2.7,6.31,6.31,-5.8,label box,0.7998,0.6048,0.0109,0.0119,,
FC,fasciola cinereum,31,0,-2.7,-0.27,0.27,-2.69,label box,0.4588,0.3537,0.0084,0.0119,,
GrDG,granular layer of the dentate gyrus,31,0,-2.7,1.35,1.35,-2.9,label box,0.5425,0.3702,0.0189,0.0119,,
GrDG,granular layer of the dentate gyrus,31,1,-2.7,-1.46,1.46,-3.03,label box,0.3972,0.3815,0.0189,0.0119,,
GrDG,granular layer of the dentate gyrus,31,2,-2.7,-2.16,2.16,-7.28,label box,0.3608,0.7241,0.0189,0.0119,,
GrDG,granular layer of the dentate gyrus,31,3,-2.7,2.28,2.28,-7.15,label box,0.5908,0.7143,0.0192,0.0119,,
IG,indusium griseum,31,0,-2.7,0.18,0.18,-2.08,label box,0.4818,0.3045,0.0065,0.0114,,
LEnt,lateral entorhinal cortex,31,0,-2.7,-5.8,5.8,-6.76,label box,0.1721,0.6827,0.0156,0.0119,,
LEnt,lateral entorhinal cortex,31,1,-2.7,5.73,5.73,-6.77,label box,0.7698,0.6835,0.0156,0.0114,,
LHb,lateral habenular nucleus,31,0,-2.7,-0.68,0.68,-3.95,label box,0.4373,0.4551,0.0127,0.0114,,
LHb,lateral habenular nucleus,31,1,-2.7,0.51,0.51,-3.95,label box,0.4993,0.4558,0.0127,0.0119,,
LMol,lacunosum moleculare layer of the hippocampus,31,0,-2.7,3.17,3.17,-2.6,label box,0.6368,0.3466,0.0171,0.0114,,
LMol,lacunosum moleculare layer of the hippocampus,31,1,-2.7,-3.47,3.47,-2.8,label box,0.2931,0.3628,0.0171,0.0119,,
LPLR,"lateral posterior thalamic nucleus, laterorostral part",31,0,-2.7,-2.56,2.56,-3.62,label box,0.3403,0.429,0.0185,0.0114,,
LPLR,"lateral posterior thalamic nucleus, laterorostral part",31,1,-2.7,2.23,2.23,-3.45,label box,0.5881,0.4151,0.0189,0.0114,,
LPMR,"lateral posterior thalamic nucleus, mediorostral part",31,0,-2.7,1.6,1.6,-3.65,label box,0.5558,0.4313,0.0214,0.0114,,
LPMR,"lateral posterior thalamic nucleus, mediorostral part",31,1,-2.7,-1.77,1.77,-3.78,label box,0.381,0.4415,0.0214,0.0114,,
LV,lateral ventricle,31,0,-2.7,4.22,4.22,-4.07,label box,0.6912,0.4648,0.008,0.0119,,
LV,lateral ventricle,31,1,-2.7,-4.41,4.41,-4.57,label box,0.2441,0.5055,0.0084,0.0114,,
LV,lateral ventricle,31,2,-2.7,-5.33,5.33,-5.91,label box,0.1963,0.6137,0.008,0.0119,,
La,lateral amygdaloid nucleus,31,0,-2.7,5.18,5.18,-6.1,label box,0.7411,0.629,0.0076,0.0114,,
La,lateral amygdaloid nucleus,31,1,-2.7,-5.2,5.2,-6.52,label box,0.2033,0.6631,0.0084,0.0114,,
ME,median eminence,31,0,-2.7,0.17,0.17,-8.76,label box,0.4815,0.8443,0.0109,0.0114,,
MHb,medial habenular nucleus,31,0,-2.7,0.35,0.35,-3.67,label box,0.4909,0.433,0.0153,0.0114,,
MHb,medial habenular nucleus,31,1,-2.7,-0.49,0.49,-3.68,label box,0.4473,0.4335,0.0153,0.0114,,
MTu,medial tuberal nucleus,31,0,-2.7,-1.18,1.18,-7.86,label box,0.4117,0.7713,0.0145,0.0119,,
MTu,medial tuberal nucleus,31,1,-2.7,1.31,1.31,-7.73,label box,0.5407,0.7608,0.0145,0.0114,,
MoDG,molecular layer of the dentate gyrus,31,0,-2.7,2.14,2.14,-2.48,label box,0.5838,0.3366,0.0222,0.0119,,
MoDG,molecular layer of the dentate gyrus,31,1,-2.7,-2.32,2.32,-2.62,label box,0.3523,0.3483,0.0222,0.0114,,
OPC,oval paracentral thalamic nucleus,31,0,-2.7,1.26,1.26,-5.25,label box,0.5378,0.5605,0.0153,0.0119,,
OPC,oval paracentral thalamic nucleus,31,1,-2.7,-1.3,1.3,-5.33,label box,0.4055,0.5673,0.0153,0.0119,,
Or,oriens layer of the hippocampus,31,0,-2.7,4.65,4.65,-3.91,label box,0.7135,0.4526,0.0084,0.0119,,
Or,oriens layer of the hippocampus,31,1,-2.7,-4.86,4.86,-4.4,label box,0.2207,0.4915,0.0084,0.0125,,
Or,oriens layer of the hippocampus,31,2,-2.7,-4.83,4.83,-5.28,label box,0.2227,0.5631,0.008,0.0114,,
Or,oriens layer of the hippocampus,31,3,-2.7,4.72,4.72,-5.17,label box,0.7171,0.5537,0.0084,0.0119,,
PF,parafascicular thalamic nucleus,31,0,-2.7,-1.1,1.1,-5.02,label box,0.4157,0.542,0.0087,0.0114,,
PF,parafascicular thalamic nucleus,31,1,-2.7,1.05,1.05,-5.01,label box,0.5271,0.5409,0.0084,0.0114,,
PH,posterior hypothalamic nucleus,31,0,-2.7,-0.32,0.32,-6.42,label box,0.4562,0.6554,0.0142,0.029,,
PH,posterior hypothalamic nucleus,31,1,-2.7,0.23,0.23,-6.4,label box,0.4848,0.6535,0.0098,0.0119,,
PHD,"posterior hypothalamic area, dorsal part",31,0,-2.7,0.01,0.01,-6.07,label box,0.4735,0.6268,0.0156,0.0119,,
PLH,peduncular part of lateral hypothalamus,31,0,-2.7,1.4,1.4,-7.1,label box,0.5452,0.7097,0.0142,0.0114,,
PLH,peduncular part of lateral hypothalamus,31,1,-2.7,-1.34,1.34,-7.12,label box,0.4033,0.7117,0.0145,0.0114,,
PMCo,posteromedial cortical amygdaloid nucleus,31,0,-2.7,-4.01,4.01,-7.83,label box,0.2651,0.769,0.0214,0.0119,,
PMCo,posteromedial cortical amygdaloid nucleus,31,1,-2.7,3.83,3.83,-7.82,label box,0.6713,0.7685,0.0214,0.0119,,
PR,prerubral field,31,0,-2.7,-1.01,1.01,-6.04,label box,0.4204,0.6244,0.0094,0.0114,,
PR,prerubral field,31,1,-2.7,1.02,1.02,-6.04,label box,0.5254,0.6244,0.0094,0.0114,,
PRh,perirhinal cortex,31,0,-2.7,5.66,5.66,-6.2,label box,0.7658,0.6372,0.0142,0.0119,,
PRh,perirhinal cortex,31,1,-2.7,-6.02,6.02,-6.29,label box,0.1608,0.6449,0.0142,0.0114,,
PVP,"paraventricular thalamic nucleus, posterior part",31,0,-2.7,-0.01,0.01,-4.47,label box,0.472,0.4974,0.0145,0.0119,,
PeFLH,perifornical part of lateral hypothalamus,31,0,-2.7,0.93,0.93,-7.32,label box,0.5207,0.7281,0.0225,0.0119,,
PeFLH,perifornical part of lateral hypothalamus,31,1,-2.7,-0.94,0.94,-7.31,label box,0.4242,0.7273,0.0222,0.0114,,
Pir,piriform cortex,31,0,-2.7,5.58,5.58,-7.51,label box,0.762,0.7432,0.0094,0.0114,,
Pir,piriform cortex,31,1,-2.7,-5.78,5.78,-7.55,label box,0.1733,0.7466,0.0094,0.0114,,
Po,posterior thalamic nuclear group,31,0,-2.7,1.99,1.99,-4.02,label box,0.5761,0.4614,0.0084,0.0114,,
Po,posterior thalamic nuclear group,31,1,-2.7,-2.1,2.1,-4.33,label box,0.3639,0.4858,0.0084,0.0114,,
PoDG,polymorph layer of the dentate gyrus,31,0,-2.7,1.96,1.96,-2.74,label box,0.5741,0.3577,0.0196,0.0119,,
PoDG,polymorph layer of the dentate gyrus,31,1,-2.7,-2.16,2.16,-2.87,label box,0.3606,0.368,0.02,0.0125,,
PoMn,posteromedian thalamic nucleus,31,0,-2.7,-0.02,0.02,-5.02,label box,0.4717,0.5418,0.0203,0.0119,,
PrC,precommissural nucleus,31,0,-2.7,-0.26,0.26,-4.75,label box,0.4595,0.5202,0.0123,0.0125,,
PrC,precommissural nucleus,31,1,-2.7,0.21,0.21,-4.76,label box,0.4835,0.5208,0.0123,0.0125,,
PtP,"parietal cortex, posterior area",31,0,-2.7,-5.41,5.41,-2.66,label box,0.1922,0.3509,0.0116,0.0119,,
PtP,"parietal cortex, posterior area",31,1,-2.7,5.34,5.34,-2.58,label box,0.7493,0.3449,0.0116,0.0114,,
Py,pyramidal cell layer of the hippocampus,31,0,-2.7,4.45,4.45,-3.5,label box,0.7031,0.4188,0.0087,0.0148,,
Py,pyramidal cell layer of the hippocampus,31,1,-2.7,-4.74,4.74,-3.99,label box,0.2273,0.4588,0.0084,0.0142,,
Py,pyramidal cell layer of the hippocampus,31,2,-2.7,4.59,4.59,-5.69,label box,0.7108,0.5963,0.0087,0.0142,,
Py,pyramidal cell layer of the hippocampus,31,3,-2.7,-4.61,4.61,-5.95,label box,0.2339,0.6174,0.0091,0.0148,,
RRe,retrouniens area,31,0,-2.7,0.01,0.01,-5.56,label box,0.4733,0.5856,0.0145,0.0114,,
RSD,retrosplenial dysgranular cortex,31,0,-2.7,-1.24,1.24,-1.04,label box,0.4086,0.2207,0.0156,0.0119,,
RSD,retrosplenial dysgranular cortex,31,1,-2.7,1.09,1.09,-0.95,label box,0.5293,0.2128,0.0156,0.0119,,
RSGc,"retrosplenial granular cortex, c region",31,0,-2.7,-0.51,0.51,-1.43,label box,0.4462,0.252,0.0196,0.0119,,
RSGc,"retrosplenial granular cortex, c region",31,1,-2.7,0.46,0.46,-1.45,label box,0.4964,0.2531,0.0203,0.0119,,
Rad,radiatum layer of the hippocampus,31,0,-2.7,3.07,3.07,-2.35,label box,0.6317,0.3264,0.0134,0.0119,,
Rad,radiatum layer of the hippocampus,31,1,-2.7,-3.39,3.39,-2.58,label box,0.2972,0.3446,0.0131,0.0108,,
Rad,radiatum layer of the hippocampus,31,2,-2.7,3.91,3.91,-6.44,label box,0.6753,0.6568,0.0134,0.0114,,
Rad,radiatum layer of the hippocampus,31,3,-2.7,-3.93,3.93,-6.65,label box,0.2691,0.6736,0.0134,0.0119,,
SLu,stratum lucidum of the hippocampus,31,0,-2.7,4.18,4.18,-3.27,label box,0.6893,0.4003,0.0131,0.0119,,
SLu,stratum lucidum of the hippocampus,31,1,-2.7,-4.6,4.6,-3.7,label box,0.2346,0.4349,0.0134,0.0119,,
SLu,stratum lucidum of the hippocampus,31,2,-2.7,4.32,4.32,-5.9,label box,0.6968,0.6131,0.0134,0.0114,,
SLu,stratum lucidum of the hippocampus,31,3,-2.7,-4.22,4.22,-6.14,label box,0.2542,0.6327,0.0134,0.0119,,
SPF,subparafascicular thalamic nucleus,31,0,-2.7,-0.36,0.36,-6.04,label box,0.4539,0.6241,0.0138,0.0119,,
SPF,subparafascicular thalamic nucleus,31,1,-2.7,0.46,0.46,-6,label box,0.4967,0.6213,0.0138,0.0119,,
SPFPC,"subparafascicular thalamic nucleus, parvicellular part",31,0,-2.7,-0.81,0.81,-5.75,label box,0.4308,0.6009,0.0243,0.0119,,
SPFPC,"subparafascicular thalamic nucleus, parvicellular part",31,1,-2.7,0.74,0.74,-5.69,label box,0.5109,0.5957,0.024,0.0119,,
STh,subthalamic nucleus,31,0,-2.7,-1.89,1.89,-6.64,label box,0.375,0.6724,0.0138,0.0119,,
STh,subthalamic nucleus,31,1,-2.7,1.82,1.82,-6.57,label box,0.5668,0.6671,0.0134,0.0119,,
SubG,subgeniculate nucleus,31,0,-2.7,-3.48,3.48,-5.46,label box,0.2923,0.5776,0.0185,0.0119,,
SubG,subgeniculate nucleus,31,1,-2.7,3.34,3.34,-5.36,label box,0.646,0.5697,0.0192,0.0125,,
Te,terete hypothalamic nucleus,31,0,-2.7,-1.5,1.5,-7.58,label box,0.395,0.7489,0.0073,0.0114,,
Te,terete hypothalamic nucleus,31,1,-2.7,1.56,1.56,-7.45,label box,0.5538,0.7384,0.0076,0.0114,,
TuLH,tuberal region of lateral hypothalamus,31,0,-2.7,-0.73,0.73,-7.86,label box,0.435,0.7713,0.0182,0.0119,,
V1,primary visual cortex,31,0,-2.7,3.4,3.4,-1.45,label box,0.649,0.2534,0.008,0.0114,,
V1,primary visual cortex,31,1,-2.7,-4,4,-1.72,label box,0.2653,0.2756,0.008,0.0114,,
V2L,"secondary visual cortex, lateral area",31,0,-2.7,-4.93,4.93,-2.18,label box,0.2175,0.3125,0.0142,0.0114,,
V2L,"secondary visual cortex, lateral area",31,1,-2.7,4.74,4.74,-2.1,label box,0.7186,0.3057,0.0142,0.0114,,
V2M,"secondary visual cortex, medial area",31,0,-2.7,2.07,2.07,-1.01,label box,0.5798,0.2182,0.0164,0.0114,,
V2M,"secondary visual cortex, medial area",31,1,-2.7,-2.49,2.49,-1.27,label box,0.3436,0.2392,0.0164,0.0114,,
VGMC,"ventral geniculate nucleus, magnocellular part",31,0,-2.7,3.86,3.86,-4.44,label box,0.6726,0.4952,0.0225,0.0119,,
VGMC,"ventral geniculate nucleus, magnocellular part",31,1,-2.7,-3.88,3.88,-4.69,label box,0.2716,0.5156,0.0229,0.0119,,
VGPC,"ventral geniculate nucleus, parvicellular part",31,0,-2.7,3.56,3.56,-4.63,label box,0.6572,0.5105,0.0207,0.0119,,
VGPC,"ventral geniculate nucleus, parvicellular part",31,1,-2.7,-3.52,3.52,-5,label box,0.2903,0.5401,0.0203,0.0119,,
VMH,ventromedial hypothalamic nucleus,31,0,-2.7,-0.63,0.63,-8.17,label box,0.4399,0.7966,0.0171,0.0114,,
VMH,ventromedial hypothalamic nucleus,31,1,-2.7,0.74,0.74,-8.08,label box,0.5113,0.7889,0.0225,0.0165,,
VMHSh,ventromedial nucleus of the hypothalamus shell,31,0,-2.7,0.83,0.83,-7.81,label box,0.5156,0.7671,0.0272,0.0119,,
VPL,ventral posterolateral thalamic nucleus,31,0,-2.7,2.83,2.83,-4.85,label box,0.6195,0.5284,0.0145,0.0114,,
VPL,ventral posterolateral thalamic nucleus,31,1,-2.7,-2.76,2.76,-5.15,label box,0.3299,0.5523,0.0145,0.0114,,
VPM,ventral posteromedial thalamic nucleus,31,0,-2.7,2.22,2.22,-4.58,label box,0.5879,0.5062,0.0167,0.0114,,
VPM,ventral posteromedial thalamic nucleus,31,1,-2.7,-2.38,2.38,-4.88,label box,0.3492,0.5307,0.0167,0.0114,,
VPPC,"ventral posterior nucleus of the thalamus, parvicellular part",31,0,-2.7,-1.44,1.44,-5.62,label box,0.3979,0.5906,0.0203,0.0119,,
VPPC,"ventral posterior nucleus of the thalamus, parvicellular part",31,1,-2.7,1.29,1.29,-5.55,label box,0.5396,0.5844,0.0203,0.0119,,
VS,ventral subiculum,31,0,-2.7,-2.62,2.62,-7.38,label box,0.337,0.7327,0.0098,0.0119,,
VS,ventral subiculum,31,1,-2.7,2.82,2.82,-7.21,label box,0.6188,0.7188,0.0098,0.0119,,
ZID,"zona incerta, dorsal part",31,0,-2.7,2.25,2.25,-5.65,label box,0.5892,0.5927,0.0116,0.0119,,
ZID,"zona incerta, dorsal part",31,1,-2.7,-2.21,2.21,-5.85,label box,0.3582,0.6089,0.0116,0.0114,,
ZIV,"zona incerta, ventral part",31,0,-2.7,-2.2,2.2,-6.15,label box,0.3586,0.6335,0.0109,0.0114,,
ZIV,"zona incerta, ventral part",31,1,-2.7,2.22,2.22,-5.95,label box,0.5879,0.6174,0.0113,0.0114,,
af,amygdaloid fissure,31,0,-2.7,-4.88,4.88,-8.37,label box,0.2197,0.8125,0.0062,0.0114,,
af,amygdaloid fissure,31,1,-2.7,4.66,4.66,-8.45,label box,0.7144,0.8188,0.0065,0.0119,,
alv,alveus of the hippocampus,31,0,-2.7,3.39,3.39,-2.12,label box,0.6485,0.3072,0.0098,0.0114,,
alv,alveus of the hippocampus,31,1,-2.7,-3.62,3.62,-2.25,label box,0.2851,0.3183,0.0098,0.0119,,
alv,alveus of the hippocampus,31,2,-2.7,4.19,4.19,-4.93,leader tip,0.7005,0.5103,0.0098,0.0119,0.69,0.5344
alv,alveus of the hippocampus,31,3,-2.7,5.11,5.11,-4.68,label box,0.7375,0.5148,0.0098,0.0119,,
alv,alveus of the hippocampus,31,4,-2.7,-4.57,4.57,-4.86,label box,0.2357,0.529,0.0098,0.0119,,
alv,alveus of the hippocampus,31,5,-2.7,-5.46,5.46,-5.35,leader tip,0.1889,0.5296,0.0098,0.0119,0.1898,0.5685
cg,cingulum,31,0,-2.7,-0.99,0.99,-1.64,label box,0.4215,0.2687,0.008,0.0114,,
cg,cingulum,31,1,-2.7,0.95,0.95,-1.54,label box,0.5222,0.2611,0.008,0.0119,,
chp,choroid plexus,31,0,-2.7,-0.16,0.16,-3.37,label box,0.4644,0.4088,0.0131,0.0142,,
chp,choroid plexus,31,1,-2.7,5.33,5.33,-5.05,label box,0.7489,0.5446,0.0131,0.0142,,
chp,choroid plexus,31,2,-2.7,-5.28,5.28,-6.16,label box,0.1989,0.6338,0.0127,0.0142,,
cp,cerebral peduncle,31,0,-2.7,-2.46,2.46,-6.49,label box,0.345,0.6609,0.0084,0.0119,,
cp,cerebral peduncle,31,1,-2.7,2.21,2.21,-6.65,label box,0.5875,0.6734,0.0084,0.0119,,
dcw,deep cerebral white matter,31,0,-2.7,5.54,5.54,-4.64,label box,0.7596,0.5114,0.0149,0.0114,,
dcw,deep cerebral white matter,31,1,-2.7,3.28,3.28,-1.89,label box,0.6425,0.2887,0.0152,0.0119,,
dcw,deep cerebral white matter,31,2,-2.7,-3.51,3.51,-2.03,label box,0.2909,0.3006,0.0149,0.0119,,
dcw,deep cerebral white matter,31,3,-2.7,-5.72,5.72,-4.66,label box,0.1762,0.5129,0.0149,0.0114,,
dhc,dorsal hippocampal commissure,31,0,-2.7,-0.02,0.02,-2.42,label box,0.4715,0.3319,0.0131,0.0119,,
f,fornix,31,0,-2.7,-1.05,1.05,-7.62,label box,0.4181,0.7517,0.0025,0.0114,,
f,fornix,31,1,-2.7,1.09,1.09,-7.56,label box,0.5294,0.7469,0.0025,0.0114,,
fr,fasciculus retroflexus,31,0,-2.7,0.67,0.67,-4.52,label box,0.5074,0.5017,0.0055,0.0114,,
fr,fasciculus retroflexus,31,1,-2.7,-0.75,0.75,-4.63,label box,0.4341,0.51,0.0058,0.0114,,
hbc,habenular commissure,31,0,-2.7,-0.74,0.74,-3.39,label box,0.4344,0.4099,0.0127,0.0119,,
hbc,habenular commissure,31,1,-2.7,0.57,0.57,-3.38,label box,0.5022,0.4091,0.0124,0.0114,,
hif,hippocampal fissure,31,0,-2.7,0.79,0.79,-3.14,label box,0.5136,0.3901,0.0084,0.0119,,
hif,hippocampal fissure,31,1,-2.7,-1.03,1.03,-3.06,label box,0.4191,0.3833,0.0084,0.0114,,
ml,medial lemniscus,31,0,-2.7,1.77,1.77,-5.62,label box,0.5645,0.5903,0.0084,0.0114,,
ml,medial lemniscus,31,1,-2.7,-1.78,1.78,-5.77,label box,0.3806,0.6021,0.0084,0.0114,,
mt,mammillothalamic tract,31,0,-2.7,-0.65,0.65,-6.53,label box,0.4388,0.6639,0.0091,0.0108,,
mt,mammillothalamic tract,31,1,-2.7,0.71,0.71,-6.49,label box,0.5093,0.6605,0.0091,0.0108,,
ns,nigrostriatal bundle,31,0,-2.7,-1.31,1.31,-6.52,label box,0.405,0.6631,0.0076,0.0091,,
ns,nigrostriatal bundle,31,1,-2.7,1.17,1.17,-6.54,label box,0.5336,0.6648,0.0076,0.0091,,
opt,optic tract,31,0,-2.7,-4.13,4.13,-5.15,label box,0.2585,0.5523,0.0113,0.0136,,
opt,optic tract,31,1,-2.7,4.07,4.07,-4.84,label box,0.6837,0.5271,0.0113,0.0136,,
rf,rhinal fissure,31,0,-2.7,6.47,6.47,-6.67,label box,0.808,0.675,0.0055,0.0114,,
rf,rhinal fissure,31,1,-2.7,-6.81,6.81,-6.72,label box,0.1199,0.6796,0.0054,0.0119,,
scc,splenium of the corpus callosum,31,0,-2.7,-0.01,0.01,-2.26,label box,0.4724,0.3187,0.0124,0.0091,,
sox,supraoptic decussation,31,0,-2.7,3.44,3.44,-5.58,label box,0.6512,0.5869,0.0124,0.0091,,
sox,supraoptic decussation,31,1,-2.7,-3.44,3.44,-5.76,label box,0.2947,0.6017,0.0124,0.0091,,
st,stria terminalis,31,0,-2.7,-4.34,4.34,-7.17,leader tip,0.232,0.7071,0.0055,0.0108,0.2478,0.7159
st,stria terminalis,31,1,-2.7,4.5,4.5,-6.99,label box,0.7057,0.7009,0.0065,0.0114,,
str,superior thalamic radiation,31,0,-2.7,3.2,3.2,-4.41,label box,0.6386,0.4923,0.0091,0.0108,,
str,superior thalamic radiation,31,1,-2.7,-3.28,3.28,-4.67,label box,0.3029,0.5136,0.0091,0.0114,,
1,layer 1 of cortex,32,0,-3.05,6.17,6.17,-7.23,label box,0.7923,0.7205,0.0025,0.0119,,
1,layer 1 of cortex,32,1,-3.05,-6.28,6.28,-7.29,label box,0.1471,0.7256,0.0025,0.0119,,
2,layer 2 of cortex,32,0,-3.05,6.07,6.07,-7.13,label box,0.7871,0.7125,0.0036,0.0114,,
2,layer 2 of cortex,32,1,-3.05,-6.19,6.19,-7.16,label box,0.1518,0.7148,0.004,0.0119,,
3,layer 3 of cortex,32,0,-3.05,5.85,5.85,-7.01,label box,0.776,0.7026,0.004,0.0119,,
3,layer 3 of cortex,32,1,-3.05,-5.99,5.99,-7.02,label box,0.1625,0.7035,0.0044,0.0119,,
3V,3rd ventricle,32,0,-3.05,-0.02,0.02,-4.43,label box,0.4717,0.4946,0.0094,0.0119,,
3V,3rd ventricle,32,1,-3.05,0.04,0.04,-7.9,label box,0.4746,0.7744,0.0094,0.0114,,
3V,3rd ventricle,32,2,-3.05,-0.04,0.04,-2.65,label box,0.4704,0.3501,0.0094,0.0119,,
A1,primary auditory field,32,0,-3.05,6.64,6.64,-4.53,label box,0.8166,0.5026,0.0084,0.0114,,
A1,primary auditory field,32,1,-3.05,-6.75,6.75,-4.68,label box,0.1228,0.5146,0.0084,0.0114,,
AHi,amygdalohippocampal area,32,0,-3.05,3.64,3.64,-7.43,label box,0.6611,0.7364,0.0123,0.0119,,
AHi,amygdalohippocampal area,32,1,-3.05,-3.5,3.5,-7.46,label box,0.2914,0.7393,0.0123,0.0119,,
APTD,"anterior pretectal nucleus, dorsal part",32,0,-3.05,1.58,1.58,-3.63,label box,0.5547,0.4293,0.02,0.0119,,
APTD,"anterior pretectal nucleus, dorsal part",32,1,-3.05,-1.75,1.75,-3.61,label box,0.3818,0.4282,0.0203,0.0114,,
APTV,"anterior pretectal nucleus, ventral part",32,0,-3.05,-1.67,1.67,-4.13,label box,0.3864,0.4702,0.02,0.0119,,
APTV,"anterior pretectal nucleus, ventral part",32,1,-3.05,1.57,1.57,-4.13,label box,0.554,0.4699,0.02,0.0114,,
APir,amygdalopiriform transition area,32,0,-3.05,-5.14,5.14,-7.66,label box,0.2064,0.7554,0.0153,0.0119,,
APir,amygdalopiriform transition area,32,1,-3.05,4.9,4.9,-7.62,label box,0.7267,0.7517,0.0153,0.0114,,
Arc,arcuate hypothalamic nucleus,32,0,-3.05,-0.14,0.14,-8.24,label box,0.4657,0.8017,0.012,0.0114,,
Arc,arcuate hypothalamic nucleus,32,1,-3.05,0.34,0.34,-8.22,label box,0.4902,0.8003,0.0116,0.0119,,
Au1,primary auditory cortex,32,0,-3.05,6.65,6.65,-4.31,label box,0.8174,0.4849,0.0127,0.0119,,
Au1,primary auditory cortex,32,1,-3.05,-6.75,6.75,-4.46,label box,0.123,0.4966,0.0127,0.0114,,
AuD,"secondary auditory cortex, dorsal area",32,0,-3.05,-5.91,5.91,-3.09,label box,0.1666,0.3861,0.0149,0.0119,,
AuD,"secondary auditory cortex, dorsal area",32,1,-3.05,5.97,5.97,-3.08,label box,0.7822,0.3849,0.0149,0.0119,,
AuV,"secondary auditory cortex, ventral area",32,0,-3.05,-6.79,6.79,-5.44,label box,0.121,0.5761,0.0145,0.0114,,
AuV,"secondary auditory cortex, ventral area",32,1,-3.05,6.69,6.69,-5.33,label box,0.8192,0.5673,0.0149,0.0119,,
BLP,"basolateral amygdaloid nucleus, posterior part",32,0,-3.05,4.6,4.6,-7.29,label box,0.7113,0.725,0.0142,0.0114,,
BLP,"basolateral amygdaloid nucleus, posterior part",32,1,-3.05,-4.88,4.88,-7.35,label box,0.2197,0.7301,0.0142,0.0114,,
CA1,field CA1 of the hippocampus,32,0,-3.05,-2.1,2.1,-1.88,label box,0.3641,0.2878,0.0138,0.0119,,
CA1,field CA1 of the hippocampus,32,1,-3.05,-4.98,4.98,-6.56,label box,0.2149,0.6662,0.0134,0.0119,,
CA1,field CA1 of the hippocampus,32,2,-3.05,4.85,4.85,-6.55,label box,0.724,0.6659,0.0134,0.0125,,
CA1,field CA1 of the hippocampus,32,3,-3.05,1.89,1.89,-1.81,label box,0.5706,0.2822,0.0138,0.0125,,
CA2,field CA2 of the hippocampus,32,0,-3.05,5.28,5.28,-4.28,label box,0.7464,0.4821,0.0145,0.0119,,
CA2,field CA2 of the hippocampus,32,1,-3.05,-5.48,5.48,-4.41,label box,0.1888,0.4929,0.0149,0.0119,,
CA3,field CA3 of the hippocampus,32,0,-3.05,-4.65,4.65,-4.76,label box,0.232,0.5207,0.0149,0.0119,,
CA3,field CA3 of the hippocampus,32,1,-3.05,4.59,4.59,-4.85,label box,0.7104,0.5284,0.0145,0.0114,,
DEn,dorsal endopiriform nucleus,32,0,-3.05,5.23,5.23,-6.77,label box,0.7435,0.683,0.0138,0.0114,,
DEn,dorsal endopiriform nucleus,32,1,-3.05,-5.23,5.23,-6.87,label box,0.2017,0.6915,0.0138,0.0114,,
DLG,dorsal lateral geniculate nucleus,32,0,-3.05,-3.51,3.51,-4,label box,0.2909,0.4594,0.0142,0.0119,,
DLG,dorsal lateral geniculate nucleus,32,1,-3.05,3.39,3.39,-3.88,label box,0.6484,0.45,0.0149,0.0114,,
DM,dorsomedial hypothalamic nucleus,32,0,-3.05,-0.24,0.24,-7.49,label box,0.4602,0.7418,0.0113,0.0119,,
DM,dorsomedial hypothalamic nucleus,32,1,-3.05,0.33,0.33,-7.5,label box,0.4898,0.7426,0.0116,0.0114,,
Ect,ectorhinal cortex,32,0,-3.05,-6.44,6.44,-5.78,label box,0.1392,0.6034,0.0109,0.0114,,
Ect,ectorhinal cortex,32,1,-3.05,6.41,6.41,-5.81,label box,0.8049,0.6057,0.0109,0.0114,,
Eth,ethmoid thalamic nucleus,32,0,-3.05,-1.6,1.6,-5.09,label box,0.3897,0.5472,0.0105,0.0114,,
Eth,ethmoid thalamic nucleus,32,1,-3.05,1.36,1.36,-5.08,label box,0.5434,0.5466,0.0105,0.0114,,
F,nucleus of the fields of Forel,32,0,-3.05,-1.13,1.13,-6.01,label box,0.4144,0.6216,0.0033,0.0114,,
F,nucleus of the fields of Forel,32,1,-3.05,1.18,1.18,-6.05,label box,0.534,0.625,0.0033,0.0114,,
FC,fasciola cinereum,32,0,-3.05,-0.27,0.27,-2.47,label box,0.4586,0.3361,0.0087,0.0119,,
GrDG,granular layer of the dentate gyrus,32,0,-3.05,-1.82,1.82,-2.64,label box,0.3783,0.3497,0.0189,0.0119,,
GrDG,granular layer of the dentate gyrus,32,1,-3.05,1.73,1.73,-2.75,label box,0.5623,0.3582,0.0193,0.0119,,
GrDG,granular layer of the dentate gyrus,32,2,-3.05,-2.65,2.65,-6.92,label box,0.3354,0.6952,0.0189,0.0119,,
GrDG,granular layer of the dentate gyrus,32,3,-3.05,2.73,2.73,-6.79,label box,0.6141,0.6849,0.0189,0.0119,,
IG,indusium griseum,32,0,-3.05,0.21,0.21,-1.9,label box,0.4837,0.2899,0.0069,0.0119,,
LEnt,lateral entorhinal cortex,32,0,-3.05,5.8,5.8,-6.52,label box,0.7733,0.6631,0.016,0.0114,,
LEnt,lateral entorhinal cortex,32,1,-3.05,-6.15,6.15,-6.66,label box,0.1543,0.6744,0.0156,0.0114,,
LMol,lacunosum moleculare layer of the hippocampus,32,0,-3.05,4,4,-3,label box,0.6799,0.3785,0.0174,0.0119,,
LMol,lacunosum moleculare layer of the hippocampus,32,1,-3.05,-4.15,4.15,-3.02,label box,0.2577,0.3805,0.0174,0.0114,,
LPLC,"lateral posterior thalamic nucleus, laterocaudal part",32,0,-3.05,2.53,2.53,-3.98,label box,0.6039,0.4582,0.0189,0.0119,,
LPLC,"lateral posterior thalamic nucleus, laterocaudal part",32,1,-3.05,-2.69,2.69,-4.05,label box,0.3332,0.4634,0.0189,0.0119,,
LPMC,"lateral posterior thalamic nucleus, mediocaudal part",32,0,-3.05,-2.5,2.5,-3.48,label box,0.343,0.4173,0.0211,0.0119,,
LPMC,"lateral posterior thalamic nucleus, mediocaudal part",32,1,-3.05,2.37,2.37,-3.44,label box,0.5954,0.4139,0.0214,0.0119,,
LPMR,"lateral posterior thalamic nucleus, mediorostral part",32,0,-3.05,2.08,2.08,-4.02,label box,0.5805,0.4614,0.0214,0.0114,,
LPMR,"lateral posterior thalamic nucleus, mediorostral part",32,1,-3.05,-2.19,2.19,-4.13,label box,0.3595,0.4702,0.0214,0.0114,,
LV,lateral ventricle,32,0,-3.05,-4.24,4.24,-4.3,label box,0.2529,0.4838,0.008,0.0119,,
LV,lateral ventricle,32,1,-3.05,5.79,5.79,-4.9,label box,0.7725,0.5324,0.008,0.0114,,
LV,lateral ventricle,32,2,-3.05,-5.63,5.63,-5.86,label box,0.1809,0.6094,0.0084,0.0114,,
ME,median eminence,32,0,-3.05,0.22,0.22,-8.48,label box,0.4842,0.8213,0.0105,0.0119,,
MPT,medial pretectal nucleus,32,0,-3.05,-0.88,0.88,-3.62,label box,0.4271,0.429,0.0164,0.0114,,
MPT,medial pretectal nucleus,32,1,-3.05,0.8,0.8,-3.59,label box,0.5144,0.4267,0.0164,0.0114,,
MoDG,molecular layer of the dentate gyrus,32,0,-3.05,-2.4,2.4,-2.5,label box,0.3483,0.3384,0.0222,0.0119,,
MoDG,molecular layer of the dentate gyrus,32,1,-3.05,2.14,2.14,-2.47,label box,0.5838,0.3361,0.0222,0.0119,,
MoDG,molecular layer of the dentate gyrus,32,2,-3.05,-4.11,4.11,-6.4,label box,0.26,0.6537,0.0222,0.0119,,
MoDG,molecular layer of the dentate gyrus,32,3,-3.05,3.8,3.8,-6.32,label box,0.6695,0.6469,0.0222,0.0119,,
OPT,olivary pretectal nucleus,32,0,-3.05,-1.35,1.35,-3.35,label box,0.4028,0.4071,0.0149,0.0119,,
OPT,olivary pretectal nucleus,32,1,-3.05,1.16,1.16,-3.32,label box,0.5329,0.4043,0.0149,0.0119,,
OT,nucleus of the optic tract,32,0,-3.05,1.76,1.76,-3.3,label box,0.564,0.4031,0.0094,0.0119,,
OT,nucleus of the optic tract,32,1,-3.05,-1.86,1.86,-3.34,label box,0.3766,0.4065,0.0098,0.0119,,
Or,oriens layer of the hippocampus,32,0,-3.05,-4.14,4.14,-2.44,label box,0.258,0.3338,0.008,0.0119,,
Or,oriens layer of the hippocampus,32,1,-3.05,-5.73,5.73,-4.74,label box,0.1757,0.519,0.0084,0.0119,,
Or,oriens layer of the hippocampus,32,2,-3.05,3.89,3.89,-5.44,label box,0.6744,0.5759,0.008,0.0119,,
Or,oriens layer of the hippocampus,32,3,-3.05,4.04,4.04,-2.37,label box,0.6819,0.3279,0.0084,0.0119,,
Or,oriens layer of the hippocampus,32,4,-3.05,5.51,5.51,-4.71,label box,0.7582,0.5171,0.0084,0.0119,,
Or,oriens layer of the hippocampus,32,5,-3.05,-3.93,3.93,-5.46,label box,0.2689,0.5773,0.008,0.0119,,
PF,parafascicular thalamic nucleus,32,0,-3.05,0.87,0.87,-4.71,label box,0.518,0.517,0.0084,0.0114,,
PF,parafascicular thalamic nucleus,32,1,-3.05,-1.11,1.11,-4.97,label box,0.4153,0.5381,0.0087,0.0114,,
PH,posterior hypothalamic nucleus,32,0,-3.05,-0.21,0.21,-6.49,label box,0.4617,0.6608,0.0098,0.0114,,
PH,posterior hypothalamic nucleus,32,1,-3.05,0.31,0.31,-6.48,label box,0.4887,0.6602,0.0094,0.0114,,
PLH,peduncular part of lateral hypothalamus,32,0,-3.05,-0.96,0.96,-6.82,label box,0.4231,0.6875,0.0142,0.0114,,
PMCo,posteromedial cortical amygdaloid nucleus,32,0,-3.05,4.08,4.08,-7.77,label box,0.6844,0.7639,0.0214,0.0119,,
PMCo,posteromedial cortical amygdaloid nucleus,32,1,-3.05,-4.14,4.14,-7.86,label box,0.2582,0.7716,0.0214,0.0119,,
PMV,"premammillary nucleus, ventral part",32,0,-3.05,-0.63,0.63,-7.78,label box,0.44,0.7651,0.0167,0.0119,,
PMV,"premammillary nucleus, ventral part",32,1,-3.05,0.69,0.69,-7.78,label box,0.5084,0.7645,0.0167,0.0119,,
PR,prerubral field,32,0,-3.05,-0.99,0.99,-5.74,label box,0.4213,0.6,0.0098,0.0114,,
PR,prerubral field,32,1,-3.05,1.07,1.07,-5.73,label box,0.528,0.5992,0.0098,0.0114,,
PRh,perirhinal cortex,32,0,-3.05,6.12,6.12,-6.23,label box,0.7898,0.6398,0.0142,0.0114,,
PRh,perirhinal cortex,32,1,-3.05,-6.22,6.22,-6.25,label box,0.1506,0.6409,0.0142,0.0114,,
PSTh,parasubthalamic nucleus,32,0,-3.05,1.43,1.43,-6.96,label box,0.5467,0.6986,0.0185,0.0119,,
PSTh,parasubthalamic nucleus,32,1,-3.05,-1.33,1.33,-6.99,label box,0.4039,0.7009,0.0185,0.0119,,
PeFLH,perifornical part of lateral hypothalamus,32,0,-3.05,-0.76,0.76,-7.24,label box,0.4335,0.7216,0.0225,0.0114,,
PeFLH,perifornical part of lateral hypothalamus,32,1,-3.05,0.74,0.74,-7.23,label box,0.5109,0.7202,0.0225,0.0119,,
Pir,piriform cortex,32,0,-3.05,-5.99,5.99,-7.37,label box,0.1622,0.7318,0.0091,0.0114,,
Pir,piriform cortex,32,1,-3.05,5.84,5.84,-7.37,label box,0.7751,0.7321,0.0094,0.0108,,
Po,posterior thalamic nuclear group,32,0,-3.05,2.22,2.22,-4.5,label box,0.5878,0.4997,0.0084,0.0119,,
Po,posterior thalamic nuclear group,32,1,-3.05,-2.36,2.36,-4.65,label box,0.3505,0.5119,0.0084,0.0114,,
PoDG,polymorph layer of the dentate gyrus,32,0,-3.05,2.42,2.42,-2.7,label box,0.5983,0.3543,0.02,0.0119,,
PoDG,polymorph layer of the dentate gyrus,32,1,-3.05,-2.86,2.86,-2.8,label box,0.3247,0.3622,0.02,0.0119,,
PoDG,polymorph layer of the dentate gyrus,32,2,-3.05,2.78,2.78,-6.53,label box,0.6166,0.6639,0.0196,0.0119,,
PoDG,polymorph layer of the dentate gyrus,32,3,-3.05,-2.79,2.79,-6.67,label box,0.3281,0.6753,0.0196,0.0119,,
PrC,precommissural nucleus,32,0,-3.05,-0.59,0.59,-4.18,label box,0.4421,0.4742,0.0123,0.0125,,
PrC,precommissural nucleus,32,1,-3.05,0.57,0.57,-4.21,label box,0.5024,0.4762,0.0123,0.0119,,
Py,pyramidal cell layer of the hippocampus,32,0,-3.05,-4.28,4.28,-2.64,label box,0.2507,0.3497,0.0087,0.0142,,
Py,pyramidal cell layer of the hippocampus,32,1,-3.05,4.18,4.18,-2.62,label box,0.6891,0.348,0.0084,0.0142,,
Py,pyramidal cell layer of the hippocampus,32,2,-3.05,-5.56,5.56,-4.98,label box,0.1844,0.5384,0.0084,0.0142,,
Py,pyramidal cell layer of the hippocampus,32,3,-3.05,5.34,5.34,-4.87,label box,0.7495,0.5295,0.0156,0.0341,,
Py,pyramidal cell layer of the hippocampus,32,4,-3.05,4.21,4.21,-5.4,label box,0.6908,0.5724,0.0087,0.0142,,
Py,pyramidal cell layer of the hippocampus,32,5,-3.05,-4.31,4.31,-5.36,label box,0.2493,0.5697,0.0087,0.0148,,
RI,rostral interstitial nucleus of medial longitudinal fasciculus,32,0,-3.05,-0.53,0.53,-5.5,label box,0.4454,0.5807,0.0065,0.0119,,
RI,rostral interstitial nucleus of medial longitudinal fasciculus,32,1,-3.05,0.52,0.52,-5.53,label box,0.4997,0.5827,0.0069,0.0114,,
RSD,retrosplenial dysgranular cortex,32,0,-3.05,-1.24,1.24,-0.83,label box,0.4084,0.2034,0.0153,0.0125,,
RSD,retrosplenial dysgranular cortex,32,1,-3.05,1.19,1.19,-0.81,label box,0.5342,0.2014,0.0153,0.0119,,
RSGb,"retrosplenial granular cortex, b region",32,0,-3.05,-0.36,0.36,-1.71,label box,0.4542,0.2747,0.0203,0.0119,,
RSGc,"retrosplenial granular cortex, c region",32,0,-3.05,-0.49,0.49,-1.25,label box,0.4473,0.2372,0.0203,0.0119,,
RSGc,"retrosplenial granular cortex, c region",32,1,-3.05,0.59,0.59,-1.25,label box,0.5031,0.2372,0.02,0.0119,,
Rad,radiatum layer of the hippocampus,32,0,-3.05,-4.25,4.25,-2.83,label box,0.2527,0.3651,0.0134,0.0119,,
Rad,radiatum layer of the hippocampus,32,1,-3.05,4.16,4.16,-2.81,label box,0.6884,0.3634,0.0134,0.0119,,
Rad,radiatum layer of the hippocampus,32,2,-3.05,-5.16,5.16,-5.1,label box,0.2055,0.5483,0.0134,0.0114,,
Rad,radiatum layer of the hippocampus,32,3,-3.05,4.99,4.99,-5.16,label box,0.7315,0.5528,0.0131,0.0114,,
SCO,subcommissural organ,32,0,-3.05,-0.04,0.04,-3.96,label box,0.4707,0.4565,0.0156,0.0119,,
SLu,stratum lucidum of the hippocampus,32,0,-3.05,-4.65,4.65,-5.21,label box,0.232,0.5571,0.0134,0.0119,,
SLu,stratum lucidum of the hippocampus,32,1,-3.05,4.5,4.5,-5.28,label box,0.7059,0.5626,0.0134,0.0119,,
SPFPC,"subparafascicular thalamic nucleus, parvicellular part",32,0,-3.05,-1.2,1.2,-5.43,label box,0.4106,0.5753,0.024,0.0119,,
SPFPC,"subparafascicular thalamic nucleus, parvicellular part",32,1,-3.05,1.07,1.07,-5.44,label box,0.5283,0.5762,0.0243,0.0119,,
STh,subthalamic nucleus,32,0,-3.05,-1.82,1.82,-6.57,label box,0.3783,0.6668,0.0138,0.0119,,
STh,subthalamic nucleus,32,1,-3.05,1.77,1.77,-6.64,label box,0.5643,0.6724,0.0138,0.021,,
Sc,scaphoid thalamic nucleus,32,0,-3.05,-1.87,1.87,-4.43,label box,0.3757,0.4946,0.0087,0.0119,,
Sc,scaphoid thalamic nucleus,32,1,-3.05,1.82,1.82,-4.48,label box,0.5669,0.498,0.0087,0.0119,,
SubG,subgeniculate nucleus,32,0,-3.05,-3.15,3.15,-5.46,label box,0.3094,0.5776,0.0178,0.0119,,
V1B,"primary visual cortex, binocular area",32,0,-3.05,4.23,4.23,-1.65,label box,0.6917,0.2693,0.0149,0.0114,,
V1B,"primary visual cortex, binocular area",32,1,-3.05,-4.56,4.56,-1.87,label box,0.2366,0.2875,0.0145,0.0114,,
V1M,"primary visual cortex, monocular area",32,0,-3.05,3.2,3.2,-1.25,label box,0.6383,0.2369,0.0164,0.0114,,
V1M,"primary visual cortex, monocular area",32,1,-3.05,-3.33,3.33,-1.4,label box,0.3,0.2494,0.0164,0.0114,,
V2L,"secondary visual cortex, lateral area",32,0,-3.05,5.35,5.35,-2.36,label box,0.7498,0.3267,0.0142,0.0114,,
V2L,"secondary visual cortex, lateral area",32,1,-3.05,-5.38,5.38,-2.42,label box,0.1939,0.3315,0.0142,0.0119,,
V2M,"secondary visual cortex, medial area",32,0,-3.05,-2.19,2.19,-1.04,label box,0.3592,0.2202,0.0164,0.0119,,
V2M,"secondary visual cortex, medial area",32,1,-3.05,2.18,2.18,-1.03,label box,0.5859,0.2193,0.0164,0.0114,,
VGMC,"ventral geniculate nucleus, magnocellular part",32,0,-3.05,-3.85,3.85,-4.67,label box,0.2733,0.5134,0.0225,0.0119,,
VGMC,"ventral geniculate nucleus, magnocellular part",32,1,-3.05,3.85,3.85,-4.6,label box,0.6724,0.5082,0.0229,0.0119,,
VGPC,"ventral geniculate nucleus, parvicellular part",32,0,-3.05,-3.54,3.54,-4.93,label box,0.2894,0.5349,0.0207,0.0119,,
VGPC,"ventral geniculate nucleus, parvicellular part",32,1,-3.05,3.47,3.47,-4.94,label box,0.6524,0.5355,0.0207,0.0119,,
VPM,ventral posteromedial thalamic nucleus,32,0,-3.05,2.71,2.71,-4.84,label box,0.613,0.5276,0.0167,0.0119,,
VPM,ventral posteromedial thalamic nucleus,32,1,-3.05,-2.78,2.78,-5,label box,0.3289,0.5403,0.0167,0.0114,,
VS,ventral subiculum,32,0,-3.05,-3.93,3.93,-7.09,label box,0.2691,0.7094,0.0098,0.0119,,
VS,ventral subiculum,32,1,-3.05,3.73,3.73,-7.03,label box,0.6662,0.7043,0.0098,0.0119,,
ZID,"zona incerta, dorsal part",32,0,-3.05,2.33,2.33,-5.61,label box,0.5936,0.5892,0.0113,0.0114,,
ZID,"zona incerta, dorsal part",32,1,-3.05,-2.23,2.23,-5.7,label box,0.3572,0.5967,0.0116,0.0119,,
ZIV,"zona incerta, ventral part",32,0,-3.05,-2.09,2.09,-6.1,label box,0.3645,0.6295,0.0109,0.0114,,
ZIV,"zona incerta, ventral part",32,1,-3.05,2.24,2.24,-6,label box,0.5886,0.6214,0.0113,0.0114,,
af,amygdaloid fissure,32,0,-3.05,-4.88,4.88,-8.4,label box,0.2197,0.8153,0.0055,0.0114,,
alv,alveus of the hippocampus,32,0,-3.05,3.34,3.34,-1.94,label box,0.646,0.2933,0.0098,0.0119,,
alv,alveus of the hippocampus,32,1,-3.05,-3.47,3.47,-2.04,label box,0.2927,0.3012,0.0098,0.0119,,
cg,cingulum,32,0,-3.05,1.06,1.06,-1.43,label box,0.5274,0.2515,0.008,0.0114,,
cg,cingulum,32,1,-3.05,-1.03,1.03,-1.48,label box,0.4192,0.2555,0.008,0.0114,,
chp,choroid plexus,32,0,-3.05,-0.11,0.11,-3.08,label box,0.4671,0.3849,0.0127,0.0142,,
chp,choroid plexus,32,1,-3.05,-5.58,5.58,-6.11,label box,0.1835,0.6298,0.0131,0.0142,,
cp,cerebral peduncle,32,0,-3.05,2.17,2.17,-6.74,label box,0.5852,0.681,0.0084,0.0119,,
cp,cerebral peduncle,32,1,-3.05,-2.09,2.09,-6.79,label box,0.3646,0.6853,0.0084,0.0119,,
dcw,deep cerebral white matter,32,0,-3.05,3.32,3.32,-1.8,label box,0.6449,0.2816,0.0149,0.0114,,
dcw,deep cerebral white matter,32,1,-3.05,-3.44,3.44,-1.89,label box,0.2945,0.2887,0.0149,0.0119,,
dhc,dorsal hippocampal commissure,32,0,-3.05,-0.01,0.01,-2.25,label box,0.4723,0.318,0.0131,0.0114,,
f,fornix,32,0,-3.05,-0.96,0.96,-7.49,label box,0.423,0.7415,0.0022,0.0114,,
f,fornix,32,1,-3.05,1.11,1.11,-7.43,label box,0.5305,0.7369,0.0022,0.0114,,
fr,fasciculus retroflexus,32,0,-3.05,-0.68,0.68,-5.07,label box,0.4377,0.546,0.0055,0.0114,,
fr,fasciculus retroflexus,32,1,-3.05,0.68,0.68,-5.05,label box,0.5078,0.544,0.0055,0.0119,,
hbc,habenular commissure,32,0,-3.05,-0.04,0.04,-3.73,label box,0.4708,0.4376,0.0131,0.0119,,
hif,hippocampal fissure,32,0,-3.05,-1.36,1.36,-2.79,label box,0.4024,0.3614,0.0084,0.0114,,
hif,hippocampal fissure,32,1,-3.05,1.2,1.2,-2.9,label box,0.5351,0.3705,0.0084,0.0114,,
ml,medial lemniscus,32,0,-3.05,1.57,1.57,-5.53,label box,0.5539,0.5833,0.008,0.0114,,
ml,medial lemniscus,32,1,-3.05,-1.73,1.73,-5.57,label box,0.3829,0.5861,0.008,0.0114,,
mt,mammillothalamic tract,32,0,-3.05,-0.59,0.59,-6.53,label box,0.4422,0.6642,0.0087,0.0114,,
mt,mammillothalamic tract,32,1,-3.05,0.67,0.67,-6.49,label box,0.5074,0.6605,0.0091,0.0108,,
ns,nigrostriatal bundle,32,0,-3.05,1.44,1.44,-6.4,label box,0.5474,0.6532,0.008,0.0091,,
opt,optic tract,32,0,-3.05,-3.9,3.9,-5.18,label box,0.2705,0.5545,0.0113,0.0136,,
opt,optic tract,32,1,-3.05,3.5,3.5,-5.56,label box,0.6543,0.5859,0.0113,0.0142,,
pc,posterior commissure,32,0,-3.05,-0.41,0.41,-3.89,label box,0.4513,0.4509,0.008,0.0119,,
rf,rhinal fissure,32,0,-3.05,-6.77,6.77,-6.58,label box,0.1219,0.6682,0.0055,0.0114,,
rf,rhinal fissure,32,1,-3.05,6.61,6.61,-6.63,label box,0.8154,0.6716,0.0051,0.0114,,
scc,splenium of the corpus callosum,32,0,-3.05,-0.01,0.01,-2.08,label box,0.4724,0.304,0.0124,0.0091,,
sox,supraoptic decussation,32,0,-3.05,-3.51,3.51,-5.43,label box,0.2911,0.575,0.0116,0.0091,,
sox,supraoptic decussation,32,1,-3.05,3.52,3.52,-5.33,label box,0.6551,0.5671,0.0127,0.0097,,
str,superior thalamic radiation,32,0,-3.05,-3.05,3.05,-4.25,label box,0.3145,0.4798,0.0091,0.0108,,
str,superior thalamic radiation,32,1,-3.05,2.91,2.91,-4.29,label box,0.6233,0.4833,0.0094,0.0114,,
1,layer 1 of cortex,33,0,-3.4,-6.27,6.27,-7.31,label box,0.1477,0.7267,0.0025,0.0114,,
2,layer 2 of cortex,33,0,-3.4,5.85,5.85,-7.16,label box,0.776,0.7148,0.004,0.0119,,
3,layer 3 of cortex,33,0,-3.4,5.68,5.68,-7.09,label box,0.7669,0.7094,0.004,0.0119,,
3,layer 3 of cortex,33,1,-3.4,-5.95,5.95,-7.12,label box,0.1644,0.7117,0.0044,0.0114,,
3V,3rd ventricle,33,0,-3.4,0.04,0.04,-7.76,label box,0.4749,0.7631,0.0094,0.0114,,
3V,3rd ventricle,33,1,-3.4,-0.08,0.08,-4.63,label box,0.4686,0.5103,0.0094,0.0119,,
A1,primary auditory field,33,0,-3.4,6.69,6.69,-4.71,label box,0.8192,0.5168,0.0084,0.0114,,
AHi,amygdalohippocampal area,33,0,-3.4,3.85,3.85,-7.69,label box,0.6721,0.7574,0.012,0.0114,,
AHi,amygdalohippocampal area,33,1,-3.4,-3.63,3.63,-7.74,label box,0.2845,0.7616,0.0116,0.0119,,
APTD,"anterior pretectal nucleus, dorsal part",33,0,-3.4,-1.92,1.92,-3.83,label box,0.373,0.446,0.02,0.0114,,
APTD,"anterior pretectal nucleus, dorsal part",33,1,-3.4,1.78,1.78,-3.84,label box,0.5652,0.4469,0.02,0.0108,,
APTV,"anterior pretectal nucleus, ventral part",33,0,-3.4,-1.78,1.78,-4.58,label box,0.3806,0.5062,0.02,0.0114,,
APTV,"anterior pretectal nucleus, ventral part",33,1,-3.4,1.7,1.7,-4.53,label box,0.561,0.5023,0.0196,0.0114,,
APir,amygdalopiriform transition area,33,0,-3.4,-5.05,5.05,-7.55,label box,0.2109,0.7466,0.0149,0.0114,,
APir,amygdalopiriform transition area,33,1,-3.4,4.96,4.96,-7.55,label box,0.7295,0.746,0.0149,0.0114,,
Arc,arcuate hypothalamic nucleus,33,0,-3.4,0,0,-8.24,label box,0.4729,0.8017,0.012,0.0114,,
Au1,primary auditory cortex,33,0,-3.4,-6.77,6.77,-4.5,label box,0.1219,0.4997,0.0127,0.0119,,
Au1,primary auditory cortex,33,1,-3.4,6.69,6.69,-4.49,label box,0.8192,0.4987,0.0127,0.0114,,
AuD,"secondary auditory cortex, dorsal area",33,0,-3.4,6.33,6.33,-3.31,label box,0.8009,0.4034,0.0145,0.0114,,
AuD,"secondary auditory cortex, dorsal area",33,1,-3.4,-6.12,6.12,-3.37,label box,0.1555,0.4085,0.0145,0.0114,,
AuV,"secondary auditory cortex, ventral area",33,0,-3.4,-6.87,6.87,-5.34,label box,0.1166,0.5676,0.0145,0.0114,,
AuV,"secondary auditory cortex, ventral area",33,1,-3.4,6.63,6.63,-5.41,label box,0.8165,0.573,0.0145,0.0119,,
CA1,field CA1 of the hippocampus,33,0,-3.4,-5.25,5.25,-3.64,label box,0.2008,0.4304,0.0134,0.0119,,
CA1,field CA1 of the hippocampus,33,1,-3.4,4.9,4.9,-3.25,label box,0.7268,0.3992,0.0138,0.0125,,
CA3,field CA3 of the hippocampus,33,0,-3.4,3.98,3.98,-3.67,label box,0.679,0.4327,0.0149,0.0125,,
CA3,field CA3 of the hippocampus,33,1,-3.4,-4.34,4.34,-4.03,label box,0.248,0.4617,0.0149,0.0125,,
DLG,dorsal lateral geniculate nucleus,33,0,-3.4,-3.51,3.51,-4.08,label box,0.2909,0.4656,0.0142,0.0119,,
DLG,dorsal lateral geniculate nucleus,33,1,-3.4,3.3,3.3,-4.06,label box,0.6438,0.464,0.0149,0.0125,,
DS,dorsal subiculum,33,0,-3.4,-1.13,1.13,-2.31,label box,0.4141,0.323,0.0098,0.0119,,
DS,dorsal subiculum,33,1,-3.4,0.86,0.86,-2.46,label box,0.5174,0.3349,0.0094,0.0119,,
Dk,nucleus of Darkschewitsch,33,0,-3.4,-0.33,0.33,-5.06,label box,0.4554,0.5452,0.0091,0.0114,,
Dk,nucleus of Darkschewitsch,33,1,-3.4,0.37,0.37,-5.06,label box,0.4917,0.545,0.0091,0.0119,,
DpG,deep gray layer of the superior colliculus,33,0,-3.4,-1,1,-3.99,label box,0.4209,0.4583,0.0149,0.0148,,
DpG,deep gray layer of the superior colliculus,33,1,-3.4,0.81,0.81,-4,label box,0.5149,0.4594,0.0149,0.0148,,
Ect,ectorhinal cortex,33,0,-3.4,-6.71,6.71,-5.72,label box,0.1252,0.5986,0.0113,0.0119,,
Ect,ectorhinal cortex,33,1,-3.4,6.32,6.32,-5.69,label box,0.8001,0.5957,0.0109,0.0119,,
F,nucleus of the fields of Forel,33,0,-3.4,-1,1,-6.22,label box,0.4208,0.6386,0.0036,0.0114,,
F,nucleus of the fields of Forel,33,1,-3.4,1.15,1.15,-6.18,label box,0.5325,0.6358,0.0033,0.0114,,
FC,fasciola cinereum,33,0,-3.4,-0.42,0.42,-2.47,label box,0.4511,0.3355,0.0084,0.0119,,
GrDG,granular layer of the dentate gyrus,33,0,-3.4,-2.49,2.49,-2.63,label box,0.3438,0.3489,0.0189,0.0114,,
GrDG,granular layer of the dentate gyrus,33,1,-3.4,2.11,2.11,-2.73,label box,0.5821,0.3571,0.0189,0.0119,,
GrDG,granular layer of the dentate gyrus,33,2,-3.4,3.09,3.09,-6.57,label box,0.6326,0.6668,0.0189,0.0119,,
GrDG,granular layer of the dentate gyrus,33,3,-3.4,-3.13,3.13,-6.71,label box,0.3107,0.6781,0.0189,0.0119,,
IG,indusium griseum,33,0,-3.4,0.2,0.2,-2.06,label box,0.4833,0.3029,0.0069,0.0119,,
InC,interstitial nucleus of Cajal,33,0,-3.4,0.61,0.61,-5.16,label box,0.5042,0.5529,0.0109,0.0119,,
InG,intermediate gray layer of the superior colliculus,33,0,-3.4,-1.07,1.07,-3.46,label box,0.4173,0.4156,0.0113,0.0119,,
InG,intermediate gray layer of the superior colliculus,33,1,-3.4,0.87,0.87,-3.44,label box,0.5176,0.4139,0.0113,0.0119,,
InG,intermediate gray layer of the superior colliculus,33,2,-3.4,-0.58,0.58,-5.19,label box,0.4426,0.556,0.0109,0.0119,,
InWh,intermediate white layer of the superior colliculus,33,0,-3.4,-1.04,1.04,-3.74,label box,0.4188,0.4381,0.0178,0.0114,,
InWh,intermediate white layer of the superior colliculus,33,1,-3.4,0.87,0.87,-3.75,label box,0.518,0.4389,0.0178,0.0119,,
LEnt,lateral entorhinal cortex,33,0,-3.4,-6.06,6.06,-6.71,label box,0.1586,0.6784,0.0156,0.0114,,
LEnt,lateral entorhinal cortex,33,1,-3.4,5.89,5.89,-6.71,label box,0.7778,0.6787,0.0156,0.0119,,
LM,lateral mammillary nucleus,33,0,-3.4,-1.02,1.02,-7.45,label box,0.4201,0.7384,0.0167,0.0187,,
LM,lateral mammillary nucleus,33,1,-3.4,1.14,1.14,-7.4,label box,0.532,0.7338,0.0153,0.0244,,
LMol,lacunosum moleculare layer of the hippocampus,33,0,-3.4,5.11,5.11,-4.56,label box,0.7373,0.5046,0.0174,0.0119,,
LMol,lacunosum moleculare layer of the hippocampus,33,1,-3.4,-5.3,5.3,-4.9,label box,0.1979,0.5319,0.0171,0.0119,,
LPLC,"lateral posterior thalamic nucleus, laterocaudal part",33,0,-3.4,2.39,2.39,-3.88,label box,0.5968,0.4497,0.0185,0.0119,,
LPLC,"lateral posterior thalamic nucleus, laterocaudal part",33,1,-3.4,-2.68,2.68,-4.21,label box,0.3339,0.4767,0.0225,0.0261,,
LPMC,"lateral posterior thalamic nucleus, mediocaudal part",33,0,-3.4,2.7,2.7,-3.6,label box,0.6126,0.427,0.0211,0.0119,,
LPMC,"lateral posterior thalamic nucleus, mediocaudal part",33,1,-3.4,-2.83,2.83,-3.72,label box,0.3261,0.4372,0.0214,0.0119,,
LT,lateral terminal nucleus of the accessory optic tract,33,0,-3.4,3.31,3.31,-5.43,label box,0.6443,0.575,0.0073,0.0114,,
LT,lateral terminal nucleus of the accessory optic tract,33,1,-3.4,-3.26,3.26,-5.57,label box,0.3038,0.5864,0.0073,0.0114,,
Lth,lithoid nucleus,33,0,-3.4,-0.52,0.52,-4.78,label box,0.446,0.5227,0.0105,0.0114,,
Lth,lithoid nucleus,33,1,-3.4,0.45,0.45,-4.73,label box,0.496,0.5188,0.0102,0.0114,,
MCPC,magnocellular nucleus of the posterior commissure,33,0,-3.4,0.85,0.85,-4.78,label box,0.5167,0.5225,0.0221,0.0125,,
MCPC,magnocellular nucleus of the posterior commissure,33,1,-3.4,-0.92,0.92,-4.84,label box,0.4249,0.5271,0.0221,0.0125,,
MGD,"medial geniculate nucleus, dorsal part",33,0,-3.4,2.8,2.8,-4.23,label box,0.6176,0.4781,0.0178,0.0119,,
MGD,"medial geniculate nucleus, dorsal part",33,1,-3.4,-2.94,2.94,-4.48,label box,0.3205,0.498,0.0174,0.0119,,
MGM,"medial geniculate nucleus, medial part",33,0,-3.4,2.42,2.42,-5.04,label box,0.5981,0.5437,0.0189,0.0114,,
MGM,"medial geniculate nucleus, medial part",33,1,-3.4,-2.51,2.51,-5.18,label box,0.3428,0.5546,0.0192,0.0119,,
MGV,"medial geniculate nucleus, ventral part",33,0,-3.4,-3.29,3.29,-4.84,label box,0.3023,0.527,0.0174,0.0119,,
MGV,"medial geniculate nucleus, ventral part",33,1,-3.4,3.03,3.03,-4.77,label box,0.6295,0.5219,0.0171,0.0119,,
MZMG,marginal zone of the medial geniculate,33,0,-3.4,-3.14,3.14,-5.29,label box,0.31,0.5634,0.0233,0.0119,,
MZMG,marginal zone of the medial geniculate,33,1,-3.4,2.9,2.9,-5.22,label box,0.6232,0.5582,0.0233,0.0119,,
MoDG,molecular layer of the dentate gyrus,33,0,-3.4,-3.13,3.13,-2.63,label box,0.3105,0.3486,0.0222,0.0119,,
MoDG,molecular layer of the dentate gyrus,33,1,-3.4,2.99,2.99,-2.66,label box,0.6275,0.3514,0.0218,0.0119,,
MoDG,molecular layer of the dentate gyrus,33,2,-3.4,4.17,4.17,-6.05,label box,0.6888,0.6253,0.0222,0.0119,,
MoDG,molecular layer of the dentate gyrus,33,3,-3.4,-4.21,4.21,-6.31,label box,0.2545,0.6463,0.0222,0.0119,,
OPT,olivary pretectal nucleus,33,0,-3.4,1.81,1.81,-3.43,label box,0.5667,0.4134,0.0149,0.0119,,
OT,nucleus of the optic tract,33,0,-3.4,-1.72,1.72,-3.39,label box,0.3835,0.4105,0.0098,0.0119,,
OT,nucleus of the optic tract,33,1,-3.4,1.44,1.44,-3.27,label box,0.5472,0.4001,0.0098,0.0119,,
Op,optic nerve layer of the superior colliculus,33,0,-3.4,-1.04,1.04,-3.11,label box,0.4186,0.3878,0.0094,0.0142,,
Op,optic nerve layer of the superior colliculus,33,1,-3.4,0.9,0.9,-3.15,label box,0.5196,0.3909,0.0094,0.0148,,
Or,oriens layer of the hippocampus,33,0,-3.4,5.41,5.41,-3.78,label box,0.7529,0.4418,0.008,0.0119,,
Or,oriens layer of the hippocampus,33,1,-3.4,-5.71,5.71,-4.16,label box,0.1771,0.4724,0.0084,0.0119,,
Or,oriens layer of the hippocampus,33,2,-3.4,4.15,4.15,-4.98,label box,0.6879,0.5384,0.008,0.0119,,
Or,oriens layer of the hippocampus,33,3,-3.4,-4.14,4.14,-5.37,label box,0.258,0.5702,0.008,0.0119,,
PBP,parabrachial pigmented nucleus of the ventral tegmental area,33,0,-3.4,-1.29,1.29,-6.89,label box,0.4059,0.6926,0.0145,0.0114,,
PBP,parabrachial pigmented nucleus of the ventral tegmental area,33,1,-3.4,1.31,1.31,-6.91,label box,0.5407,0.6943,0.0145,0.0114,,
PCom,nucleus of the posterior commissure,33,0,-3.4,-0.67,0.67,-4.16,label box,0.438,0.4724,0.0214,0.0119,,
PCom,nucleus of the posterior commissure,33,1,-3.4,0.58,0.58,-4.18,label box,0.5027,0.4744,0.0214,0.0114,,
PHA,posterior hypothalamic area,33,0,-3.4,0,0,-6.23,label box,0.4728,0.6393,0.0156,0.0119,,
PIL,posterior intralaminar thalamic nucleus,33,0,-3.4,2.02,2.02,-5.25,label box,0.5776,0.5605,0.0113,0.0119,,
PIL,posterior intralaminar thalamic nucleus,33,1,-3.4,-2.25,2.25,-5.36,label box,0.3561,0.5696,0.0109,0.0119,,
PLH,peduncular part of lateral hypothalamus,33,0,-3.4,-0.94,0.94,-6.64,label box,0.4242,0.6727,0.0142,0.0114,,
PLi,posterior limitans thalamic nucleus,33,0,-3.4,2.16,2.16,-4.18,label box,0.5848,0.4739,0.0105,0.0114,,
PLi,posterior limitans thalamic nucleus,33,1,-3.4,-2.32,2.32,-4.27,label box,0.3526,0.4813,0.0105,0.0119,,
PMCo,posteromedial cortical amygdaloid nucleus,33,0,-3.4,-4.06,4.06,-7.87,label box,0.2622,0.7719,0.0214,0.0119,,
PMD,"premammillary nucleus, dorsal part",33,0,-3.4,0.46,0.46,-7.35,label box,0.4967,0.7301,0.0167,0.025,,
PMD,"premammillary nucleus, dorsal part",33,1,-3.4,-0.41,0.41,-7.4,label box,0.4516,0.7342,0.0167,0.0119,,
PMV,"premammillary nucleus, ventral part",33,0,-3.4,-0.42,0.42,-7.89,label box,0.4511,0.7739,0.0164,0.0114,,
PMV,"premammillary nucleus, ventral part",33,1,-3.4,0.48,0.48,-7.91,label box,0.4975,0.775,0.0167,0.0114,,
PP,peripeduncular nucleus,33,0,-3.4,3.05,3.05,-5.41,label box,0.6308,0.5733,0.0094,0.0114,,
PP,peripeduncular nucleus,33,1,-3.4,-2.85,2.85,-5.56,label box,0.325,0.5852,0.0091,0.0114,,
PPT,posterior pretectal nucleus,33,0,-3.4,1.35,1.35,-3.6,label box,0.5427,0.4273,0.0145,0.0119,,
PR,prerubral field,33,0,-3.4,-0.95,0.95,-5.81,label box,0.4235,0.6057,0.0098,0.0114,,
PR,prerubral field,33,1,-3.4,0.91,0.91,-5.83,label box,0.52,0.6074,0.0094,0.0114,,
PRh,perirhinal cortex,33,0,-3.4,-6.31,6.31,-6.16,label box,0.1455,0.6341,0.0142,0.0114,,
PRh,perirhinal cortex,33,1,-3.4,6.04,6.04,-6.13,label box,0.7858,0.6318,0.0142,0.0114,,
Pir,piriform cortex,33,0,-3.4,5.77,5.77,-7.36,label box,0.7718,0.7312,0.0094,0.0114,,
Po,posterior thalamic nuclear group,33,0,-3.4,-2.38,2.38,-4.49,label box,0.3494,0.4989,0.0084,0.0114,,
Po,posterior thalamic nuclear group,33,1,-3.4,2.24,2.24,-4.37,label box,0.589,0.489,0.0084,0.0114,,
PoDG,polymorph layer of the dentate gyrus,33,0,-3.4,-3.18,3.18,-2.93,label box,0.3081,0.373,0.0196,0.0119,,
PoDG,polymorph layer of the dentate gyrus,33,1,-3.4,2.95,2.95,-2.97,label box,0.6254,0.3764,0.0196,0.0119,,
PoDG,polymorph layer of the dentate gyrus,33,2,-3.4,3.45,3.45,-6.1,label box,0.6515,0.6293,0.0196,0.0119,,
PoDG,polymorph layer of the dentate gyrus,33,3,-3.4,-3.42,3.42,-6.42,label box,0.2954,0.6554,0.0196,0.0119,,
PoT,"posterior thalamic nuclear group, triangular part",33,0,-3.4,-2.09,2.09,-5.12,label box,0.3646,0.5497,0.0134,0.0119,,
PoT,"posterior thalamic nuclear group, triangular part",33,1,-3.4,2.01,2.01,-5,label box,0.5767,0.5403,0.0138,0.0114,,
PrC,precommissural nucleus,33,0,-3.4,0.4,0.4,-4.41,label box,0.4933,0.4924,0.0123,0.0125,,
PrC,precommissural nucleus,33,1,-3.4,-0.49,0.49,-4.41,label box,0.4472,0.493,0.0123,0.0125,,
Py,pyramidal cell layer of the hippocampus,33,0,-3.4,5.41,5.41,-4.03,label box,0.7533,0.4622,0.0087,0.0142,,
Py,pyramidal cell layer of the hippocampus,33,1,-3.4,-2.4,2.4,-4.21,label box,0.3485,0.4767,0.0044,0.0261,,
Py,pyramidal cell layer of the hippocampus,33,2,-3.4,4.4,4.4,-4.66,label box,0.7008,0.5131,0.0084,0.0148,,
Py,pyramidal cell layer of the hippocampus,33,3,-3.4,-4.43,4.43,-5.16,label box,0.2433,0.5531,0.0084,0.0142,,
Py,pyramidal cell layer of the hippocampus,33,4,-3.4,-5.64,5.64,-4.37,label box,0.1807,0.4896,0.0087,0.0148,,
REth,retroethmoid nucleus,33,0,-3.4,1.6,1.6,-5.32,label box,0.5554,0.5659,0.0164,0.0114,,
REth,retroethmoid nucleus,33,1,-3.4,-1.74,1.74,-5.37,label box,0.3826,0.5699,0.016,0.0114,,
RI,rostral interstitial nucleus of medial longitudinal fasciculus,33,0,-3.4,0.32,0.32,-5.89,label box,0.4891,0.612,0.0069,0.0119,,
RI,rostral interstitial nucleus of medial longitudinal fasciculus,33,1,-3.4,-0.46,0.46,-5.9,label box,0.449,0.6126,0.0065,0.0119,,
RSD,retrosplenial dysgranular cortex,33,0,-3.4,-1.34,1.34,-0.78,label box,0.4035,0.1991,0.0156,0.0119,,
RSD,retrosplenial dysgranular cortex,33,1,-3.4,1.4,1.4,-0.79,label box,0.5452,0.2003,0.0156,0.0119,,
RSGb,"retrosplenial granular cortex, b region",33,0,-3.4,-0.38,0.38,-1.65,label box,0.4528,0.2696,0.0203,0.0119,,
RSGb,"retrosplenial granular cortex, b region",33,1,-3.4,0.46,0.46,-1.63,label box,0.4965,0.2676,0.02,0.0125,,
RSGc,"retrosplenial granular cortex, c region",33,0,-3.4,-0.62,0.62,-1.08,label box,0.4408,0.2236,0.0203,0.0119,,
RSGc,"retrosplenial granular cortex, c region",33,1,-3.4,0.6,0.6,-1.09,label box,0.5038,0.2244,0.02,0.0114,,
Rad,radiatum layer of the hippocampus,33,0,-3.4,4.5,4.5,-4.02,label box,0.7057,0.4614,0.0131,0.0114,,
Rad,radiatum layer of the hippocampus,33,1,-3.4,5.34,5.34,-4.28,label box,0.7495,0.4824,0.0134,0.0114,,
Rad,radiatum layer of the hippocampus,33,2,-3.4,-4.8,4.8,-4.55,label box,0.2242,0.5037,0.0131,0.0119,,
Rad,radiatum layer of the hippocampus,33,3,-3.4,-5.49,5.49,-4.61,label box,0.1884,0.5085,0.0134,0.0114,,
SCO,subcommissural organ,33,0,-3.4,-0.05,0.05,-4.2,label box,0.4699,0.4754,0.0156,0.0125,,
SG,suprageniculate thalamic nucleus,33,0,-3.4,2.36,2.36,-4.54,label box,0.5948,0.5029,0.0098,0.0119,,
SG,suprageniculate thalamic nucleus,33,1,-3.4,-2.48,2.48,-4.73,label box,0.3444,0.5188,0.0102,0.0119,,
SLu,stratum lucidum of the hippocampus,33,0,-3.4,4.52,4.52,-4.34,label box,0.7069,0.4869,0.0134,0.0125,,
SLu,stratum lucidum of the hippocampus,33,1,-3.4,-4.66,4.66,-4.92,label box,0.2313,0.5338,0.0134,0.0119,,
SNC,"substantia nigra, compact part",33,0,-3.4,2.22,2.22,-6.22,label box,0.5879,0.6389,0.0153,0.0119,,
SNC,"substantia nigra, compact part",33,1,-3.4,-2.22,2.22,-6.32,label box,0.3579,0.6472,0.0153,0.0114,,
SNR,"substantia nigra, reticular part",33,0,-3.4,2.16,2.16,-6.51,label box,0.5845,0.6619,0.0156,0.0114,,
SNR,"substantia nigra, reticular part",33,1,-3.4,-1.98,1.98,-6.65,label box,0.3701,0.6736,0.0156,0.0119,,
SuG,superficial gray layer of the superior colliculus,33,0,-3.4,-1.04,1.04,-2.85,label box,0.419,0.3662,0.0145,0.0119,,
SuG,superficial gray layer of the superior colliculus,33,1,-3.4,0.91,0.91,-2.88,label box,0.52,0.369,0.0145,0.0119,,
SuML,"supramammillary nucleus, lateral part",33,0,-3.4,-0.78,0.78,-6.99,label box,0.4323,0.7012,0.0211,0.0119,,
SuML,"supramammillary nucleus, lateral part",33,1,-3.4,0.89,0.89,-7.01,label box,0.5191,0.7026,0.0211,0.0125,,
SuMM,"supramammillary nucleus, medial part",33,0,-3.4,0.01,0.01,-7.04,label box,0.4733,0.7052,0.0232,0.0119,,
TG,tectal gray,33,0,-3.4,1.14,1.14,-4.14,label box,0.5318,0.4705,0.0098,0.0114,,
TG,tectal gray,33,1,-3.4,-1.25,1.25,-4.17,label box,0.4082,0.4734,0.0098,0.0119,,
V1B,"primary visual cortex, binocular area",33,0,-3.4,-4.62,4.62,-1.82,label box,0.2335,0.283,0.0142,0.0114,,
V1B,"primary visual cortex, binocular area",33,1,-3.4,4.58,4.58,-1.85,label box,0.71,0.2861,0.0145,0.0119,,
V1M,"primary visual cortex, monocular area",33,0,-3.4,-3.41,3.41,-1.36,label box,0.2961,0.246,0.016,0.0114,,
V1M,"primary visual cortex, monocular area",33,1,-3.4,3.43,3.43,-1.38,label box,0.6507,0.2481,0.0163,0.0114,,
V2L,"secondary visual cortex, lateral area",33,0,-3.4,5.47,5.47,-2.47,label box,0.7564,0.3355,0.0142,0.0119,,
V2L,"secondary visual cortex, lateral area",33,1,-3.4,-5.66,5.66,-2.54,label box,0.1796,0.3413,0.0145,0.0114,,
V2M,"secondary visual cortex, medial area",33,0,-3.4,2.2,2.2,-1.06,label box,0.5867,0.2219,0.0164,0.0119,,
V2M,"secondary visual cortex, medial area",33,1,-3.4,-2.24,2.24,-1.02,label box,0.3566,0.2185,0.0163,0.0114,,
VG,ventral geniculate nucleus,33,0,-3.4,3.53,3.53,-4.92,label box,0.6555,0.5338,0.0102,0.0119,,
VG,ventral geniculate nucleus,33,1,-3.4,-3.68,3.68,-5.03,label box,0.2822,0.5427,0.0105,0.0119,,
VLi,ventral linear nucleus of the thalamus,33,0,-3.4,1.84,1.84,-5.48,label box,0.568,0.579,0.0109,0.0114,,
VLi,ventral linear nucleus of the thalamus,33,1,-3.4,-1.65,1.65,-5.61,label box,0.3874,0.5892,0.0109,0.0114,,
VS,ventral subiculum,33,0,-3.4,-3.69,3.69,-7.11,label box,0.2814,0.7111,0.0098,0.0119,,
VS,ventral subiculum,33,1,-3.4,3.67,3.67,-7.02,label box,0.6628,0.7031,0.0094,0.0119,,
VTM,ventral tuberomammillary nucleus,33,0,-3.4,1.51,1.51,-7.3,label box,0.5509,0.7265,0.0163,0.0114,,
ZID,"zona incerta, dorsal part",33,0,-3.4,2.42,2.42,-5.5,label box,0.5981,0.5807,0.0116,0.0114,,
ZID,"zona incerta, dorsal part",33,1,-3.4,-2.1,2.1,-5.74,label box,0.3637,0.6001,0.0116,0.0119,,
ZIV,"zona incerta, ventral part",33,0,-3.4,2.34,2.34,-5.73,label box,0.5941,0.5995,0.0113,0.0119,,
ZIV,"zona incerta, ventral part",33,1,-3.4,-2.14,2.14,-5.99,label box,0.3617,0.6202,0.0113,0.0114,,
Zo,zonal layer of the superior colliculus,33,0,-3.4,-0.41,0.41,-3.04,label box,0.4515,0.3821,0.0084,0.0119,,
Zo,zonal layer of the superior colliculus,33,1,-3.4,0.21,0.21,-3.04,label box,0.4835,0.3818,0.0084,0.0114,,
alv,alveus of the hippocampus,33,0,-3.4,3.82,3.82,-2.15,label box,0.6706,0.3102,0.0098,0.0114,,
alv,alveus of the hippocampus,33,1,-3.4,-3.89,3.89,-2.15,label box,0.2709,0.31,0.0098,0.0114,,
bsc,brachium of the superior colliculus,33,0,-3.4,2.46,2.46,-3.31,label box,0.6004,0.4035,0.0123,0.0119,,
bsc,brachium of the superior colliculus,33,1,-3.4,-2.59,2.59,-3.32,label box,0.3383,0.4046,0.0123,0.0119,,
cg,cingulum,33,0,-3.4,-1.15,1.15,-1.38,label box,0.4132,0.2474,0.008,0.0119,,
cg,cingulum,33,1,-3.4,1.18,1.18,-1.38,label box,0.534,0.2474,0.0084,0.0119,,
chp,choroid plexus,33,0,-3.4,-0.07,0.07,-2.69,label box,0.469,0.3538,0.0131,0.0148,,
cp,cerebral peduncle,33,0,-3.4,-1.88,1.88,-7.05,label box,0.3755,0.706,0.0084,0.0119,,
cp,cerebral peduncle,33,1,-3.4,1.79,1.79,-7.02,label box,0.5656,0.7031,0.0084,0.0119,,
dcw,deep cerebral white matter,33,0,-3.4,-3.7,3.7,-1.98,label box,0.2811,0.2961,0.0149,0.0119,,
dcw,deep cerebral white matter,33,1,-3.4,3.71,3.71,-1.99,label box,0.6652,0.2967,0.0149,0.0119,,
dhc,dorsal hippocampal commissure,33,0,-3.4,-1.46,1.46,-1.8,label box,0.3973,0.2816,0.0127,0.0114,,
dhc,dorsal hippocampal commissure,33,1,-3.4,1.28,1.28,-1.91,label box,0.5391,0.2904,0.0131,0.0119,,
fr,fasciculus retroflexus,33,0,-3.4,-0.59,0.59,-5.56,label box,0.4419,0.5858,0.0051,0.0114,,
fr,fasciculus retroflexus,33,1,-3.4,0.55,0.55,-5.55,label box,0.5013,0.5849,0.0055,0.0119,,
hif,hippocampal fissure,33,0,-3.4,2.86,2.86,-7.11,label box,0.6208,0.7108,0.0084,0.0114,,
hif,hippocampal fissure,33,1,-3.4,-2.61,2.61,-7.27,label box,0.3374,0.7239,0.0084,0.0114,,
ml,medial lemniscus,33,0,-3.4,-1.5,1.5,-5.87,label box,0.3948,0.6102,0.0084,0.0114,,
ml,medial lemniscus,33,1,-3.4,1.44,1.44,-5.77,label box,0.5476,0.6023,0.008,0.0114,,
mt,mammillothalamic tract,33,0,-3.4,-0.5,0.5,-6.88,label box,0.4467,0.6918,0.0091,0.0114,,
mt,mammillothalamic tract,33,1,-3.4,0.58,0.58,-6.88,label box,0.5026,0.6924,0.0091,0.0114,,
mtg,mammillotegmental tract,33,0,-3.4,-0.42,0.42,-6.43,label box,0.4509,0.6557,0.0131,0.0136,,
mtg,mammillotegmental tract,33,1,-3.4,0.45,0.45,-6.41,label box,0.496,0.654,0.0124,0.0136,,
ns,nigrostriatal bundle,33,0,-3.4,1.47,1.47,-6.35,label box,0.5491,0.6494,0.008,0.0091,,
opt,optic tract,33,0,-3.4,-2.14,2.14,-3.49,label box,0.3617,0.4179,0.0149,0.0119,,
opt,optic tract,33,1,-3.4,3.8,3.8,-4.38,label box,0.6695,0.4898,0.0113,0.0136,,
opt,optic tract,33,2,-3.4,-3.96,3.96,-4.45,label box,0.2676,0.4955,0.0113,0.0136,,
pc,posterior commissure,33,0,-3.4,-0.09,0.09,-4.04,label box,0.4683,0.4629,0.008,0.0114,,
pm,principal mammillary tract,33,0,-3.4,0.84,0.84,-7.29,label box,0.5162,0.7253,0.0105,0.0119,,
pm,principal mammillary tract,33,1,-3.4,-0.73,0.73,-7.29,label box,0.4349,0.7256,0.0109,0.0119,,
rf,rhinal fissure,33,0,-3.4,6.53,6.53,-6.47,label box,0.811,0.6591,0.0051,0.0114,,
rf,rhinal fissure,33,1,-3.4,-6.86,6.86,-6.53,label box,0.117,0.664,0.0054,0.0114,,
scc,splenium of the corpus callosum,33,0,-3.4,-0.04,0.04,-2.23,label box,0.4706,0.3165,0.0124,0.0091,,
3V,3rd ventricle,34,0,-3.75,-0.09,0.09,-4.74,label box,0.4679,0.5194,0.0094,0.0119,,
APTD,"anterior pretectal nucleus, dorsal part",34,0,-3.75,-1.94,1.94,-4.35,label box,0.3721,0.4875,0.0203,0.0114,,
APTD,"anterior pretectal nucleus, dorsal part",34,1,-3.75,1.69,1.69,-4.29,label box,0.5603,0.4832,0.0254,0.0244,,
APTV,"anterior pretectal nucleus, ventral part",34,0,-3.75,-1.86,1.86,-4.94,label box,0.3766,0.5358,0.02,0.0114,,
APTV,"anterior pretectal nucleus, ventral part",34,1,-3.75,1.69,1.69,-4.94,label box,0.5605,0.5358,0.02,0.0114,,
APir,amygdalopiriform transition area,34,0,-3.75,4.94,4.94,-7.18,label box,0.7289,0.7165,0.0153,0.0114,,
APir,amygdalopiriform transition area,34,1,-3.75,-4.93,4.93,-7.52,label box,0.2171,0.7438,0.0149,0.0114,,
AuD,"secondary auditory cortex, dorsal area",34,0,-3.75,6.16,6.16,-3.13,label box,0.792,0.3889,0.0149,0.0119,,
AuD,"secondary auditory cortex, dorsal area",34,1,-3.75,-6.12,6.12,-3.47,label box,0.1557,0.4168,0.0149,0.0119,,
AuV,"secondary auditory cortex, ventral area",34,0,-3.75,6.77,6.77,-4.37,label box,0.8234,0.4895,0.0145,0.0119,,
AuV,"secondary auditory cortex, ventral area",34,1,-3.75,-6.72,6.72,-4.74,label box,0.1246,0.5196,0.0145,0.0119,,
CA1,field CA1 of the hippocampus,34,0,-3.75,5.14,5.14,-3.29,label box,0.7393,0.4023,0.0134,0.0119,,
CA1,field CA1 of the hippocampus,34,1,-3.75,-5,5,-3.32,label box,0.2134,0.4046,0.0138,0.0119,,
CA3,field CA3 of the hippocampus,34,0,-3.75,4.32,4.32,-4.1,label box,0.6964,0.4679,0.0149,0.0119,,
CA3,field CA3 of the hippocampus,34,1,-3.75,-4.55,4.55,-4.44,label box,0.237,0.495,0.0145,0.0119,,
DS,dorsal subiculum,34,0,-3.75,-2.02,2.02,-2.08,label box,0.3679,0.3043,0.0098,0.0119,,
DS,dorsal subiculum,34,1,-3.75,1.89,1.89,-2.1,label box,0.5707,0.3063,0.0098,0.0125,,
Dk,nucleus of Darkschewitsch,34,0,-3.75,-0.28,0.28,-5.18,label box,0.4584,0.5545,0.0091,0.0114,,
Dk,nucleus of Darkschewitsch,34,1,-3.75,0.15,0.15,-5.18,label box,0.4806,0.5551,0.0091,0.0114,,
DpG,deep gray layer of the superior colliculus,34,0,-3.75,-1.14,1.14,-3.66,label box,0.4136,0.4316,0.0149,0.0148,,
DpG,deep gray layer of the superior colliculus,34,1,-3.75,0.58,0.58,-3.66,label box,0.5026,0.4322,0.0149,0.0148,,
DpWh,deep white layer of the superior colliculus,34,0,-3.75,-0.71,0.71,-3.66,label box,0.4358,0.4316,0.0214,0.0148,,
DpWh,deep white layer of the superior colliculus,34,1,-3.75,1,1,-3.67,label box,0.5247,0.4325,0.0214,0.0142,,
Ect,ectorhinal cortex,34,0,-3.75,6.63,6.63,-5.42,label box,0.8161,0.5739,0.0109,0.0114,,
Ect,ectorhinal cortex,34,1,-3.75,-6.8,6.8,-5.68,label box,0.1203,0.5949,0.0109,0.0114,,
F,nucleus of the fields of Forel,34,0,-3.75,-0.43,0.43,-7.53,label box,0.4506,0.7443,0.0022,0.0114,,
F,nucleus of the fields of Forel,34,1,-3.75,0.51,0.51,-7.55,label box,0.4989,0.7466,0.0022,0.0114,,
GrDG,granular layer of the dentate gyrus,34,0,-3.75,-2.8,2.8,-2.81,label box,0.3274,0.3634,0.0189,0.0119,,
GrDG,granular layer of the dentate gyrus,34,1,-3.75,2.66,2.66,-2.8,label box,0.6108,0.3625,0.0189,0.0125,,
GrDG,granular layer of the dentate gyrus,34,2,-3.75,3.81,3.81,-5.45,label box,0.6699,0.577,0.0193,0.0119,,
GrDG,granular layer of the dentate gyrus,34,3,-3.75,-4.05,4.05,-5.53,label box,0.2631,0.5827,0.0189,0.0119,,
InC,interstitial nucleus of Cajal,34,0,-3.75,-0.48,0.48,-5.43,label box,0.4477,0.5753,0.0109,0.0119,,
InC,interstitial nucleus of Cajal,34,1,-3.75,0.41,0.41,-5.44,label box,0.494,0.5761,0.0113,0.0125,,
InG,intermediate gray layer of the superior colliculus,34,0,-3.75,-0.97,0.97,-3.07,label box,0.4224,0.3847,0.0113,0.0114,,
InG,intermediate gray layer of the superior colliculus,34,1,-3.75,0.92,0.92,-3.15,label box,0.5205,0.3912,0.0113,0.0119,,
InWh,intermediate white layer of the superior colliculus,34,0,-3.75,-1.64,1.64,-3.6,label box,0.3879,0.4273,0.0178,0.0114,,
InWh,intermediate white layer of the superior colliculus,34,1,-3.75,1.52,1.52,-3.6,label box,0.5516,0.4268,0.0178,0.0119,,
LEnt,lateral entorhinal cortex,34,0,-3.75,5.88,5.88,-6.71,label box,0.7773,0.6784,0.016,0.0114,,
LEnt,lateral entorhinal cortex,34,1,-3.75,-5.99,5.99,-6.91,label box,0.1622,0.6946,0.0156,0.0119,,
LM,lateral mammillary nucleus,34,0,-3.75,1.06,1.06,-7.28,label box,0.5278,0.7247,0.0105,0.0119,,
LM,lateral mammillary nucleus,34,1,-3.75,-0.94,0.94,-7.48,label box,0.4239,0.7403,0.0105,0.0114,,
LMol,lacunosum moleculare layer of the hippocampus,34,0,-3.75,-5.22,5.22,-4.47,label box,0.202,0.4977,0.0174,0.0114,,
LMol,lacunosum moleculare layer of the hippocampus,34,1,-3.75,5.18,5.18,-4.55,label box,0.7411,0.5037,0.0171,0.0119,,
LPMC,"lateral posterior thalamic nucleus, mediocaudal part",34,0,-3.75,2.76,2.76,-3.89,label box,0.6159,0.4509,0.0211,0.0119,,
LPMC,"lateral posterior thalamic nucleus, mediocaudal part",34,1,-3.75,-2.79,2.79,-4.03,label box,0.3279,0.462,0.0214,0.0119,,
MA3,medial accessory oculomotor nucleus,34,0,-3.75,0.21,0.21,-5.83,label box,0.4836,0.6071,0.0167,0.0119,,
MA3,medial accessory oculomotor nucleus,34,1,-3.75,-0.27,0.27,-5.81,label box,0.4586,0.6057,0.0163,0.0119,,
MCPC,magnocellular nucleus of the posterior commissure,34,0,-3.75,0.67,0.67,-4.38,label box,0.5077,0.4901,0.0221,0.0125,,
MCPC,magnocellular nucleus of the posterior commissure,34,1,-3.75,-0.89,0.89,-4.38,label box,0.4265,0.4904,0.0225,0.0119,,
MEnt,medial entorhinal cortex,34,0,-3.75,-3.49,3.49,-7.33,label box,0.292,0.7284,0.0178,0.0114,,
MEnt,medial entorhinal cortex,34,1,-3.75,3.7,3.7,-7.15,label box,0.6642,0.7142,0.0182,0.0114,,
MGD,"medial geniculate nucleus, dorsal part",34,0,-3.75,2.82,2.82,-4.25,label box,0.6188,0.4793,0.0174,0.0119,,
MGD,"medial geniculate nucleus, dorsal part",34,1,-3.75,-2.83,2.83,-4.38,label box,0.3263,0.4901,0.0174,0.0125,,
MGM,"medial geniculate nucleus, medial part",34,0,-3.75,2.43,2.43,-5.22,label box,0.5985,0.5577,0.0189,0.0119,,
MGM,"medial geniculate nucleus, medial part",34,1,-3.75,-2.57,2.57,-5.27,label box,0.3394,0.5622,0.0189,0.0119,,
MGV,"medial geniculate nucleus, ventral part",34,0,-3.75,-3.12,3.12,-4.93,label box,0.3109,0.5344,0.0171,0.0119,,
MGV,"medial geniculate nucleus, ventral part",34,1,-3.75,3.09,3.09,-4.87,label box,0.6326,0.5298,0.0174,0.0119,,
ML,"medial mammillary nucleus, lateral part",34,0,-3.75,0.78,0.78,-7.65,label box,0.5129,0.7546,0.0109,0.0119,,
ML,"medial mammillary nucleus, lateral part",34,1,-3.75,-0.58,0.58,-7.71,label box,0.4428,0.7592,0.0109,0.0119,,
MM,"medial mammillary nucleus, medial part",34,0,-3.75,0.07,0.07,-7.6,label box,0.4764,0.7503,0.0131,0.0119,,
MRe,mammillary recess of the 3rd ventricle,34,0,-3.75,0.13,0.13,-7.96,label box,0.4797,0.7798,0.016,0.0119,,
MZMG,marginal zone of the medial geniculate,34,0,-3.75,-3.22,3.22,-5.39,label box,0.306,0.5719,0.0233,0.0119,,
MZMG,marginal zone of the medial geniculate,34,1,-3.75,3.12,3.12,-5.25,label box,0.6344,0.5606,0.0236,0.0125,,
MnM,"medial mammillary nucleus, median part",34,0,-3.75,0.06,0.06,-7.26,label box,0.4759,0.7225,0.0182,0.0114,,
MoDG,molecular layer of the dentate gyrus,34,0,-3.75,3.62,3.62,-6.28,label box,0.6604,0.644,0.0222,0.0119,,
MoDG,molecular layer of the dentate gyrus,34,1,-3.75,-3.42,3.42,-6.52,label box,0.2954,0.6634,0.0218,0.0119,,
OT,nucleus of the optic tract,34,0,-3.75,-2.16,2.16,-3.65,label box,0.3606,0.431,0.0098,0.0119,,
OT,nucleus of the optic tract,34,1,-3.75,2.05,2.05,-3.59,label box,0.5787,0.4264,0.0098,0.0119,,
Op,optic nerve layer of the superior colliculus,34,0,-3.75,-0.98,0.98,-2.8,label box,0.4219,0.3622,0.0094,0.0142,,
Op,optic nerve layer of the superior colliculus,34,1,-3.75,0.91,0.91,-2.83,label box,0.5198,0.3648,0.0091,0.0148,,
Op,optic nerve layer of the superior colliculus,34,2,-3.75,1.74,1.74,-7.24,label box,0.5629,0.721,0.008,0.0114,,
Or,oriens layer of the hippocampus,34,0,-3.75,5.5,5.5,-3.75,label box,0.7578,0.4389,0.0084,0.0119,,
Or,oriens layer of the hippocampus,34,1,-3.75,-5.53,5.53,-3.86,label box,0.186,0.4483,0.008,0.0114,,
Or,oriens layer of the hippocampus,34,2,-3.75,4.32,4.32,-5.06,label box,0.6966,0.5452,0.008,0.0119,,
Or,oriens layer of the hippocampus,34,3,-3.75,-4.41,4.41,-5.37,label box,0.244,0.5702,0.0084,0.0119,,
PBP,parabrachial pigmented nucleus of the ventral tegmental area,34,0,-3.75,1.25,1.25,-6.57,label box,0.5374,0.667,0.0145,0.0114,,
PBP,parabrachial pigmented nucleus of the ventral tegmental area,34,1,-3.75,-1.24,1.24,-6.64,label box,0.4084,0.6727,0.0145,0.0114,,
PCom,nucleus of the posterior commissure,34,0,-3.75,-0.7,0.7,-4.02,label box,0.4366,0.4611,0.0214,0.0119,,
PCom,nucleus of the posterior commissure,34,1,-3.75,0.47,0.47,-3.98,label box,0.4971,0.4575,0.0214,0.0119,,
PIL,posterior intralaminar thalamic nucleus,34,0,-3.75,2.06,2.06,-5.49,label box,0.5796,0.5801,0.0109,0.0114,,
PIL,posterior intralaminar thalamic nucleus,34,1,-3.75,-2.2,2.2,-5.65,label box,0.3586,0.5926,0.0109,0.0114,,
PLi,posterior limitans thalamic nucleus,34,0,-3.75,-2.36,2.36,-4.31,label box,0.3505,0.4849,0.0105,0.0119,,
PP,peripeduncular nucleus,34,0,-3.75,2.9,2.9,-5.58,label box,0.623,0.5872,0.0091,0.0119,,
PP,peripeduncular nucleus,34,1,-3.75,-2.97,2.97,-5.69,label box,0.319,0.596,0.0094,0.0114,,
PPT,posterior pretectal nucleus,34,0,-3.75,-2.09,2.09,-3.92,label box,0.3645,0.4534,0.0145,0.0114,,
PPT,posterior pretectal nucleus,34,1,-3.75,1.9,1.9,-3.89,label box,0.5714,0.4503,0.0142,0.0119,,
PR,prerubral field,34,0,-3.75,1.12,1.12,-5.81,label box,0.5309,0.6057,0.0094,0.0114,,
PR,prerubral field,34,1,-3.75,-1.18,1.18,-5.92,label box,0.4114,0.6146,0.0098,0.0114,,
PRh,perirhinal cortex,34,0,-3.75,6.23,6.23,-6.04,label box,0.7958,0.6239,0.0145,0.0114,,
PRh,perirhinal cortex,34,1,-3.75,-6.37,6.37,-6.17,label box,0.1426,0.6347,0.0142,0.0114,,
PoDG,polymorph layer of the dentate gyrus,34,0,-3.75,3.49,3.49,-3.27,label box,0.6537,0.4003,0.0196,0.0119,,
PoDG,polymorph layer of the dentate gyrus,34,1,-3.75,-3.84,3.84,-3.46,label box,0.274,0.4156,0.0196,0.0119,,
PoDG,polymorph layer of the dentate gyrus,34,2,-3.75,3.92,3.92,-5.72,label box,0.6761,0.5986,0.02,0.0119,,
PoDG,polymorph layer of the dentate gyrus,34,3,-3.75,-4.14,4.14,-5.92,label box,0.2582,0.6145,0.02,0.0119,,
PoT,"posterior thalamic nuclear group, triangular part",34,0,-3.75,1.99,1.99,-5.25,label box,0.5758,0.5605,0.0134,0.0119,,
PoT,"posterior thalamic nuclear group, triangular part",34,1,-3.75,-2.2,2.2,-5.34,label box,0.3585,0.5676,0.0134,0.0114,,
PrEW,pre-Edinger–Westphal nucleus,34,0,-3.75,-0.06,0.06,-6.24,label box,0.4698,0.6403,0.0196,0.0114,,
Py,pyramidal cell layer of the hippocampus,34,0,-3.75,-5.51,5.51,-4.09,label box,0.187,0.4668,0.0084,0.0142,,
Py,pyramidal cell layer of the hippocampus,34,1,-3.75,5.53,5.53,-4.05,label box,0.7593,0.4634,0.0084,0.0142,,
Py,pyramidal cell layer of the hippocampus,34,2,-3.75,4.58,4.58,-4.78,label box,0.7102,0.5222,0.0084,0.0148,,
Py,pyramidal cell layer of the hippocampus,34,3,-3.75,-4.65,4.65,-5.19,label box,0.2316,0.5554,0.0084,0.0142,,
RSD,retrosplenial dysgranular cortex,34,0,-3.75,-1.19,1.19,-0.76,label box,0.4113,0.198,0.0153,0.0119,,
RSD,retrosplenial dysgranular cortex,34,1,-3.75,1.47,1.47,-0.77,label box,0.5491,0.1989,0.0153,0.0125,,
RSGb,"retrosplenial granular cortex, b region",34,0,-3.75,0.68,0.68,-1.98,label box,0.508,0.2963,0.0203,0.0119,,
RSGb,"retrosplenial granular cortex, b region",34,1,-3.75,-0.84,0.84,-1.98,label box,0.429,0.2961,0.0203,0.0119,,
RSGc,"retrosplenial granular cortex, c region",34,0,-3.75,-0.49,0.49,-1.48,label box,0.4475,0.256,0.02,0.0119,,
RSGc,"retrosplenial granular cortex, c region",34,1,-3.75,0.66,0.66,-1.48,label box,0.5067,0.256,0.02,0.0119,,
Rad,radiatum layer of the hippocampus,34,0,-3.75,-5.4,5.4,-4.27,label box,0.1931,0.4813,0.0134,0.0114,,
Rad,radiatum layer of the hippocampus,34,1,-3.75,4.67,4.67,-4.32,label box,0.7146,0.4855,0.0134,0.0119,,
Rad,radiatum layer of the hippocampus,34,2,-3.75,5.4,5.4,-4.27,label box,0.7524,0.4815,0.0134,0.0119,,
Rad,radiatum layer of the hippocampus,34,3,-3.75,-4.79,4.79,-4.87,label box,0.2244,0.5301,0.0134,0.0114,,
SG,suprageniculate thalamic nucleus,34,0,-3.75,-2.5,2.5,-4.69,label box,0.3434,0.5151,0.0094,0.0119,,
SG,suprageniculate thalamic nucleus,34,1,-3.75,2.33,2.33,-4.27,label box,0.5935,0.481,0.0102,0.0125,,
SNC,"substantia nigra, compact part",34,0,-3.75,-2.26,2.26,-6.14,label box,0.3554,0.6321,0.0153,0.0119,,
SNC,"substantia nigra, compact part",34,1,-3.75,2.03,2.03,-6.16,label box,0.5778,0.6338,0.0153,0.0119,,
SNR,"substantia nigra, reticular part",34,0,-3.75,-2.07,2.07,-6.76,label box,0.3656,0.6821,0.0153,0.0119,,
SNR,"substantia nigra, reticular part",34,1,-3.75,1.98,1.98,-6.68,label box,0.5752,0.6764,0.0153,0.0119,,
SuG,superficial gray layer of the superior colliculus,34,0,-3.75,-1,1,-2.46,label box,0.4208,0.3349,0.0145,0.0119,,
SuG,superficial gray layer of the superior colliculus,34,1,-3.75,0.9,0.9,-2.51,label box,0.5196,0.3389,0.0145,0.0119,,
SuML,"supramammillary nucleus, lateral part",34,0,-3.75,-0.77,0.77,-7.07,label box,0.433,0.7077,0.0207,0.0119,,
SuML,"supramammillary nucleus, lateral part",34,1,-3.75,0.83,0.83,-7,label box,0.5155,0.7015,0.0211,0.0125,,
SuMM,"supramammillary nucleus, medial part",34,0,-3.75,0.03,0.03,-6.99,label box,0.4742,0.7009,0.0233,0.0119,,
TG,tectal gray,34,0,-3.75,1.33,1.33,-4.12,label box,0.5414,0.4694,0.0098,0.0119,,
TG,tectal gray,34,1,-3.75,-1.51,1.51,-4.13,label box,0.3947,0.47,0.0098,0.0119,,
V1B,"primary visual cortex, binocular area",34,0,-3.75,-4.63,4.63,-1.95,label box,0.2329,0.2938,0.0145,0.0114,,
V1B,"primary visual cortex, binocular area",34,1,-3.75,4.79,4.79,-1.89,label box,0.7209,0.2892,0.0145,0.0114,,
V1M,"primary visual cortex, monocular area",34,0,-3.75,3.45,3.45,-1.24,label box,0.6517,0.2364,0.0164,0.0114,,
V1M,"primary visual cortex, monocular area",34,1,-3.75,-3.34,3.34,-1.33,label box,0.2994,0.2435,0.0167,0.0114,,
V2L,"secondary visual cortex, lateral area",34,0,-3.75,-5.49,5.49,-2.52,label box,0.1884,0.3395,0.0142,0.0119,,
V2L,"secondary visual cortex, lateral area",34,1,-3.75,5.58,5.58,-2.53,label box,0.7618,0.3409,0.0142,0.0114,,
V2M,"secondary visual cortex, medial area",34,0,-3.75,-2.07,2.07,-0.99,label box,0.3657,0.2165,0.0164,0.0114,,
V2M,"secondary visual cortex, medial area",34,1,-3.75,2.24,2.24,-0.99,label box,0.589,0.2159,0.016,0.0114,,
VG,ventral geniculate nucleus,34,0,-3.75,-3.8,3.8,-4.81,label box,0.276,0.5247,0.0098,0.0119,,
VS,ventral subiculum,34,0,-3.75,4.46,4.46,-6.54,label box,0.7037,0.6651,0.0098,0.0119,,
VS,ventral subiculum,34,1,-3.75,-4.41,4.41,-6.87,label box,0.2444,0.6915,0.0098,0.0125,,
VTAR,"ventral tegmental area, rostral part",34,0,-3.75,-0.64,0.64,-6.67,label box,0.4397,0.6756,0.0196,0.0114,,
VTAR,"ventral tegmental area, rostral part",34,1,-3.75,0.59,0.59,-6.67,label box,0.5035,0.6756,0.0193,0.0114,,
VTM,ventral tuberomammillary nucleus,34,0,-3.75,1.22,1.22,-7.17,leader tip,0.5532,0.7392,0.0164,0.0114,0.5361,0.7157
VTM,ventral tuberomammillary nucleus,34,1,-3.75,-1.2,1.2,-7.32,leader tip,0.3975,0.746,0.016,0.0193,0.4108,0.7278
ZIC,"zona incerta, caudal part",34,0,-3.75,-2.48,2.48,-5.78,label box,0.3443,0.6031,0.0113,0.0119,,
ZIC,"zona incerta, caudal part",34,1,-3.75,2.26,2.26,-5.68,label box,0.5897,0.595,0.0113,0.0119,,
Zo,zonal layer of the superior colliculus,34,0,-3.75,-0.42,0.42,-2.45,label box,0.4511,0.3344,0.0084,0.0119,,
Zo,zonal layer of the superior colliculus,34,1,-3.75,0.22,0.22,-2.42,label box,0.4842,0.3319,0.0087,0.0119,,
alv,alveus of the hippocampus,34,0,-3.75,4.38,4.38,-2.35,label box,0.6995,0.3259,0.0094,0.0119,,
alv,alveus of the hippocampus,34,1,-3.75,-4.11,4.11,-2.29,label box,0.2597,0.3211,0.0098,0.0119,,
bsc,brachium of the superior colliculus,34,0,-3.75,-3.18,3.18,-3.86,label box,0.3081,0.4484,0.0123,0.0119,,
bsc,brachium of the superior colliculus,34,1,-3.75,3.28,3.28,-3.91,label box,0.6425,0.4523,0.0123,0.0119,,
cg,cingulum,34,0,-3.75,-1.14,1.14,-1.45,label box,0.4135,0.2537,0.008,0.0119,,
cg,cingulum,34,1,-3.75,1.34,1.34,-1.31,label box,0.542,0.2421,0.008,0.0119,,
cp,cerebral peduncle,34,0,-3.75,-1.83,1.83,-7.26,label box,0.3777,0.7227,0.0084,0.0114,,
csc,commissure of the superior colliculus,34,0,-3.75,-0.06,0.06,-3.89,label box,0.4695,0.4506,0.0124,0.0091,,
dcw,deep cerebral white matter,34,0,-3.75,3.87,3.87,-1.96,label box,0.6735,0.2943,0.0149,0.0114,,
dcw,deep cerebral white matter,34,1,-3.75,-3.53,3.53,-1.91,label box,0.2896,0.291,0.0152,0.0119,,
dhc,dorsal hippocampal commissure,34,0,-3.75,1.89,1.89,-1.65,label box,0.5708,0.27,0.0127,0.0119,,
dhc,dorsal hippocampal commissure,34,1,-3.75,-2.02,2.02,-1.7,label box,0.368,0.2734,0.0131,0.0119,,
fmj,forceps major of the corpus callosum,34,0,-3.75,-1.51,1.51,-1.52,label box,0.3946,0.2594,0.0109,0.0142,,
fmj,forceps major of the corpus callosum,34,1,-3.75,1.47,1.47,-1.54,label box,0.5489,0.2611,0.0113,0.0142,,
fr,fasciculus retroflexus,34,0,-3.75,0.5,0.5,-6.06,label box,0.4987,0.6256,0.0055,0.0114,,
fr,fasciculus retroflexus,34,1,-3.75,-0.56,0.56,-6.06,label box,0.4437,0.6256,0.0054,0.0119,,
hif,hippocampal fissure,34,0,-3.75,-3.02,3.02,-6.84,label box,0.3163,0.6886,0.0084,0.0114,,
hif,hippocampal fissure,34,1,-3.75,3.3,3.3,-6.54,label box,0.6438,0.6651,0.0084,0.0114,,
ml,medial lemniscus,34,0,-3.75,1.33,1.33,-6.03,label box,0.5418,0.6233,0.008,0.0114,,
ml,medial lemniscus,34,1,-3.75,-1.44,1.44,-6.13,label box,0.3979,0.6318,0.008,0.0114,,
pc,posterior commissure,34,0,-3.75,-0.39,0.39,-4.17,label box,0.4526,0.4731,0.008,0.0114,,
pm,principal mammillary tract,34,0,-3.75,0.43,0.43,-7.1,label box,0.4948,0.7103,0.0109,0.0119,,
pm,principal mammillary tract,34,1,-3.75,-0.35,0.35,-7.14,label box,0.4545,0.7134,0.0109,0.0114,,
rf,rhinal fissure,34,0,-3.75,6.71,6.71,-6.35,label box,0.8203,0.6494,0.0055,0.0114,,
rf,rhinal fissure,34,1,-3.75,-6.76,6.76,-6.6,label box,0.1225,0.6693,0.0051,0.0114,,
sumx,supramammillary decussation,34,0,-3.75,-0.03,0.03,-6.53,label box,0.471,0.664,0.02,0.0091,,
APT,anterior pretectal nucleus,35,0,-4.1,1.74,1.74,-4.94,label box,0.563,0.5352,0.0149,0.0114,,
APT,anterior pretectal nucleus,35,1,-4.1,-1.85,1.85,-5.06,label box,0.3768,0.5449,0.0145,0.0114,,
APir,amygdalopiriform transition area,35,0,-4.1,-5.65,5.65,-6.93,label box,0.1801,0.6963,0.0149,0.0108,,
APir,amygdalopiriform transition area,35,1,-4.1,5.24,5.24,-7.15,label box,0.7445,0.7142,0.0153,0.0114,,
Aq,aqueduct,35,0,-4.1,-0.03,0.03,-4.34,label box,0.4711,0.4866,0.0091,0.0142,,
AuD,"secondary auditory cortex, dorsal area",35,0,-4.1,-5.82,5.82,-2.82,label box,0.1713,0.3645,0.0149,0.0119,,
AuD,"secondary auditory cortex, dorsal area",35,1,-4.1,6.16,6.16,-3.13,label box,0.792,0.3892,0.0149,0.0114,,
AuV,"secondary auditory cortex, ventral area",35,0,-4.1,-6.49,6.49,-3.71,label box,0.1366,0.4361,0.0145,0.0119,,
AuV,"secondary auditory cortex, ventral area",35,1,-4.1,6.57,6.57,-4.05,label box,0.813,0.4636,0.0149,0.0114,,
CA1,field CA1 of the hippocampus,35,0,-4.1,-4.71,4.71,-2.94,label box,0.2288,0.3742,0.0134,0.0125,,
CA1,field CA1 of the hippocampus,35,1,-4.1,5.09,5.09,-3.31,label box,0.7366,0.4041,0.0138,0.0119,,
CEnt,caudomedial entothinal cortex,35,0,-4.1,3.43,3.43,-6.96,label box,0.6506,0.6986,0.0164,0.0119,,
DMPAG,dorsomedial periaqueductal gray,35,0,-4.1,-0.06,0.06,-4,label box,0.4695,0.4594,0.0276,0.0119,,
DS,dorsal subiculum,35,0,-4.1,-3.01,3.01,-2.14,label box,0.3167,0.3094,0.0098,0.0119,,
DS,dorsal subiculum,35,1,-4.1,2.78,2.78,-2.09,label box,0.6168,0.3048,0.0098,0.0119,,
Dk,nucleus of Darkschewitsch,35,0,-4.1,-0.27,0.27,-5,label box,0.4588,0.5403,0.0091,0.0114,,
Dk,nucleus of Darkschewitsch,35,1,-4.1,0.11,0.11,-5.01,label box,0.4782,0.5409,0.0094,0.0114,,
DpG,deep gray layer of the superior colliculus,35,0,-4.1,-0.98,0.98,-3.49,label box,0.4217,0.4182,0.0149,0.0148,,
DpG,deep gray layer of the superior colliculus,35,1,-4.1,0.88,0.88,-3.5,label box,0.5184,0.419,0.0149,0.0142,,
DpWh,deep white layer of the superior colliculus,35,0,-4.1,-0.88,0.88,-4.35,label box,0.427,0.4878,0.0211,0.0142,,
DpWh,deep white layer of the superior colliculus,35,1,-4.1,0.83,0.83,-4.34,label box,0.5158,0.4872,0.0214,0.0142,,
Ect,ectorhinal cortex,35,0,-4.1,-6.82,6.82,-4.97,label box,0.1195,0.5381,0.0109,0.0114,,
Ect,ectorhinal cortex,35,1,-4.1,6.63,6.63,-5.26,label box,0.8161,0.5611,0.0109,0.0119,,
GrDG,granular layer of the dentate gyrus,35,0,-4.1,-4.91,4.91,-4.7,label box,0.2184,0.5162,0.0189,0.0119,,
GrDG,granular layer of the dentate gyrus,35,1,-4.1,4.59,4.59,-5.22,label box,0.7104,0.5582,0.0189,0.0119,,
IF,interfascicular nucleus,35,0,-4.1,-0.14,0.14,-6.92,label box,0.4655,0.6955,0.0058,0.0114,,
InC,interstitial nucleus of Cajal,35,0,-4.1,-0.55,0.55,-5.32,label box,0.444,0.5662,0.0109,0.0119,,
InC,interstitial nucleus of Cajal,35,1,-4.1,0.32,0.32,-5.32,label box,0.4891,0.5662,0.0109,0.0119,,
InG,intermediate gray layer of the superior colliculus,35,0,-4.1,-0.98,0.98,-2.76,label box,0.4221,0.3594,0.0113,0.0119,,
InG,intermediate gray layer of the superior colliculus,35,1,-4.1,0.81,0.81,-2.84,label box,0.5145,0.3656,0.0116,0.0119,,
InWh,intermediate white layer of the superior colliculus,35,0,-4.1,-0.93,0.93,-3.1,label box,0.4246,0.3869,0.0178,0.0114,,
InWh,intermediate white layer of the superior colliculus,35,1,-4.1,0.87,0.87,-3.15,label box,0.5176,0.3909,0.0178,0.0114,,
LEnt,lateral entorhinal cortex,35,0,-4.1,-6.32,6.32,-6.45,label box,0.1452,0.6577,0.0156,0.0119,,
LEnt,lateral entorhinal cortex,35,1,-4.1,5.88,5.88,-6.66,label box,0.7774,0.6741,0.0156,0.0119,,
LM,lateral mammillary nucleus,35,0,-4.1,-1.13,1.13,-7.58,label box,0.4141,0.7489,0.0105,0.0114,,
LM,lateral mammillary nucleus,35,1,-4.1,0.72,0.72,-7.51,label box,0.51,0.7429,0.0105,0.0119,,
LMol,lacunosum moleculare layer of the hippocampus,35,0,-4.1,5.28,5.28,-4.54,label box,0.7464,0.5031,0.0174,0.0119,,
LMol,lacunosum moleculare layer of the hippocampus,35,1,-4.1,-5.06,5.06,-4,label box,0.2106,0.4597,0.0171,0.0119,,
LPAG,lateral periaqueductal gray,35,0,-4.1,-0.43,0.43,-4.55,label box,0.4502,0.5043,0.0189,0.0119,,
LPAG,lateral periaqueductal gray,35,1,-4.1,0.24,0.24,-4.59,label box,0.4851,0.5068,0.0189,0.0125,,
MA3,medial accessory oculomotor nucleus,35,0,-4.1,-0.32,0.32,-5.63,label box,0.4559,0.5912,0.0164,0.0119,,
MA3,medial accessory oculomotor nucleus,35,1,-4.1,0.12,0.12,-5.61,label box,0.4787,0.5898,0.0164,0.0114,,
MEnt,medial entorhinal cortex,35,0,-4.1,-4.75,4.75,-7.05,label box,0.2264,0.7057,0.0182,0.0114,,
MEnt,medial entorhinal cortex,35,1,-4.1,4.33,4.33,-7.01,label box,0.6973,0.7028,0.0182,0.0114,,
MGD,"medial geniculate nucleus, dorsal part",35,0,-4.1,2.97,2.97,-4.11,label box,0.6268,0.4685,0.0174,0.0119,,
MGD,"medial geniculate nucleus, dorsal part",35,1,-4.1,-2.89,2.89,-4.27,label box,0.323,0.481,0.0174,0.0119,,
MGM,"medial geniculate nucleus, medial part",35,0,-4.1,-2.41,2.41,-5.32,label box,0.3481,0.5659,0.0189,0.0125,,
MGM,"medial geniculate nucleus, medial part",35,1,-4.1,2.45,2.45,-5.19,label box,0.5995,0.556,0.0192,0.0125,,
MGV,"medial geniculate nucleus, ventral part",35,0,-4.1,-3.25,3.25,-4.75,label box,0.3041,0.5202,0.0174,0.0119,,
MGV,"medial geniculate nucleus, ventral part",35,1,-4.1,3.15,3.15,-4.89,label box,0.6361,0.531,0.0171,0.0119,,
ML,"medial mammillary nucleus, lateral part",35,0,-4.1,0.3,0.3,-7.59,label box,0.4882,0.7492,0.0109,0.0114,,
ML,"medial mammillary nucleus, lateral part",35,1,-4.1,-0.64,0.64,-7.61,label box,0.4398,0.7509,0.0113,0.0114,,
MM,"medial mammillary nucleus, medial part",35,0,-4.1,-0.14,0.14,-7.4,label box,0.4657,0.7344,0.0131,0.0114,,
MT,medial terminal nucleus of the accessory optic tract,35,0,-4.1,0.91,0.91,-7.05,label box,0.52,0.7057,0.0109,0.0114,,
MT,medial terminal nucleus of the accessory optic tract,35,1,-4.1,-1.2,1.2,-7.08,label box,0.4107,0.7086,0.0113,0.0119,,
MZMG,marginal zone of the medial geniculate,35,0,-4.1,-3.06,3.06,-5.43,label box,0.314,0.5753,0.0233,0.0119,,
MZMG,marginal zone of the medial geniculate,35,1,-4.1,2.98,2.98,-5.42,label box,0.6272,0.5741,0.0233,0.0119,,
MoDG,molecular layer of the dentate gyrus,35,0,-4.1,-4.97,4.97,-4.36,label box,0.2153,0.4884,0.0222,0.0119,,
MoDG,molecular layer of the dentate gyrus,35,1,-4.1,4.93,4.93,-4.86,label box,0.7282,0.5293,0.0218,0.0119,,
OT,nucleus of the optic tract,35,0,-4.1,-2.36,2.36,-4,label box,0.3505,0.4594,0.0098,0.0119,,
OT,nucleus of the optic tract,35,1,-4.1,2.24,2.24,-3.95,label box,0.5887,0.4557,0.0094,0.0114,,
Op,optic nerve layer of the superior colliculus,35,0,-4.1,-0.98,0.98,-2.45,label box,0.4222,0.3341,0.0094,0.0148,,
Op,optic nerve layer of the superior colliculus,35,1,-4.1,0.81,0.81,-2.53,label box,0.5145,0.3409,0.0094,0.0148,,
Or,oriens layer of the hippocampus,35,0,-4.1,-5.17,5.17,-3.26,label box,0.2049,0.3997,0.008,0.0119,,
Or,oriens layer of the hippocampus,35,1,-4.1,5.57,5.57,-3.75,label box,0.7613,0.4395,0.008,0.0119,,
PBP,parabrachial pigmented nucleus of the ventral tegmental area,35,0,-4.1,0.79,0.79,-6.67,label box,0.5138,0.6753,0.0145,0.0119,,
PBP,parabrachial pigmented nucleus of the ventral tegmental area,35,1,-4.1,-0.99,0.99,-6.8,label box,0.4215,0.6855,0.0145,0.0119,,
PIL,posterior intralaminar thalamic nucleus,35,0,-4.1,2.05,2.05,-5.54,label box,0.5789,0.5838,0.0109,0.0119,,
PIL,posterior intralaminar thalamic nucleus,35,1,-4.1,-1.88,1.88,-5.73,label box,0.3754,0.5991,0.0109,0.0119,,
PLi,posterior limitans thalamic nucleus,35,0,-4.1,2.34,2.34,-4.57,label box,0.5939,0.5057,0.0105,0.0114,,
PLi,posterior limitans thalamic nucleus,35,1,-4.1,-2.26,2.26,-4.86,label box,0.3557,0.5288,0.0109,0.0114,,
PP,peripeduncular nucleus,35,0,-4.1,2.69,2.69,-5.67,label box,0.612,0.5941,0.0094,0.0114,,
PP,peripeduncular nucleus,35,1,-4.1,-2.75,2.75,-5.68,label box,0.3303,0.5952,0.0094,0.0114,,
PPT,posterior pretectal nucleus,35,0,-4.1,-2.08,2.08,-4.38,label box,0.3652,0.4903,0.0145,0.0114,,
PPT,posterior pretectal nucleus,35,1,-4.1,2.08,2.08,-4.24,label box,0.5805,0.479,0.0142,0.0114,,
PRh,perirhinal cortex,35,0,-4.1,-6.48,6.48,-5.64,label box,0.137,0.592,0.0145,0.0114,,
PRh,perirhinal cortex,35,1,-4.1,6.23,6.23,-5.91,label box,0.7956,0.6136,0.0142,0.0114,,
PaR,pararubral nucleus,35,0,-4.1,-1.47,1.47,-5.72,label box,0.3963,0.5986,0.0134,0.0119,,
PaR,pararubral nucleus,35,1,-4.1,1.38,1.38,-5.74,label box,0.544,0.5997,0.0138,0.0119,,
PaS,parasubiculum,35,0,-4.1,3.4,3.4,-6.73,label box,0.649,0.6804,0.0131,0.0119,,
PoDG,polymorph layer of the dentate gyrus,35,0,-4.1,-4.42,4.42,-4.04,label box,0.2436,0.4625,0.02,0.0114,,
PoDG,polymorph layer of the dentate gyrus,35,1,-4.1,4.48,4.48,-4.58,label box,0.7051,0.5065,0.02,0.0119,,
PoT,"posterior thalamic nuclear group, triangular part",35,0,-4.1,-1.86,1.86,-5.46,label box,0.3763,0.5778,0.0134,0.0114,,
PoT,"posterior thalamic nuclear group, triangular part",35,1,-4.1,1.97,1.97,-5.34,label box,0.575,0.5676,0.0134,0.0114,,
Post,postsubiculum,35,0,-4.1,-2.32,2.32,-1.93,label box,0.3523,0.292,0.0156,0.0114,,
Post,postsubiculum,35,1,-4.1,2.1,2.1,-2,label box,0.5814,0.2978,0.0156,0.0119,,
PrEW,pre-Edinger–Westphal nucleus,35,0,-4.1,-0.13,0.13,-6,label box,0.4662,0.621,0.0196,0.0114,,
PrS,presubiculum,35,0,-4.1,3.62,3.62,-6.46,label box,0.6604,0.6582,0.012,0.0119,,
Py,pyramidal cell layer of the hippocampus,35,0,-4.1,-5.17,5.17,-3.47,label box,0.2048,0.4168,0.0084,0.0142,,
Py,pyramidal cell layer of the hippocampus,35,1,-4.1,5.57,5.57,-4.05,label box,0.7613,0.4634,0.0087,0.0142,,
RLi,rostral linear nucleus of the raphe,35,0,-4.1,-0.14,0.14,-6.48,label box,0.4657,0.6597,0.0113,0.0114,,
RMC,"red nucleus, magnocellular part",35,0,-4.1,0.79,0.79,-6.04,label box,0.5136,0.6247,0.0171,0.0119,,
RMC,"red nucleus, magnocellular part",35,1,-4.1,-0.74,0.74,-6.08,label box,0.4345,0.6279,0.0174,0.0119,,
RPC,"red nucleus, parvicellular part",35,0,-4.1,0.64,0.64,-5.77,label box,0.506,0.6023,0.0149,0.0114,,
RPC,"red nucleus, parvicellular part",35,1,-4.1,-1.16,1.16,-5.96,label box,0.4127,0.6177,0.0152,0.0119,,
RSD,retrosplenial dysgranular cortex,35,0,-4.1,-1.16,1.16,-0.55,label box,0.4126,0.1804,0.0156,0.0119,,
RSD,retrosplenial dysgranular cortex,35,1,-4.1,1.22,1.22,-0.52,label box,0.5362,0.1784,0.0156,0.0125,,
RSGa,"retrosplenial granular cortex, a region",35,0,-4.1,-1.15,1.15,-1.61,label box,0.4133,0.2662,0.02,0.0119,,
RSGa,"retrosplenial granular cortex, a region",35,1,-4.1,1.38,1.38,-1.75,label box,0.544,0.2776,0.0203,0.0119,,
RSGb,"retrosplenial granular cortex, b region",35,0,-4.1,-0.55,0.55,-1.38,label box,0.444,0.248,0.0203,0.0119,,
RSGb,"retrosplenial granular cortex, b region",35,1,-4.1,0.81,0.81,-1.43,label box,0.5145,0.252,0.0203,0.0119,,
RSGc,"retrosplenial granular cortex, c region",35,0,-4.1,-0.56,0.56,-1,label box,0.4439,0.2173,0.02,0.0119,,
RSGc,"retrosplenial granular cortex, c region",35,1,-4.1,0.75,0.75,-0.98,label box,0.5118,0.2156,0.02,0.0119,,
Rad,radiatum layer of the hippocampus,35,0,-4.1,-5.16,5.16,-3.75,label box,0.2053,0.4392,0.0131,0.0114,,
Rad,radiatum layer of the hippocampus,35,1,-4.1,5.51,5.51,-4.28,label box,0.758,0.4818,0.0131,0.0114,,
SG,suprageniculate thalamic nucleus,35,0,-4.1,-2.42,2.42,-4.51,label box,0.3474,0.5009,0.0102,0.0119,,
SG,suprageniculate thalamic nucleus,35,1,-4.1,2.51,2.51,-4.32,label box,0.6026,0.4856,0.0102,0.0125,,
SNC,"substantia nigra, compact part",35,0,-4.1,2.17,2.17,-6.01,label box,0.585,0.6219,0.0153,0.0119,,
SNC,"substantia nigra, compact part",35,1,-4.1,-2.38,2.38,-6.09,label box,0.3492,0.6281,0.0153,0.0119,,
SNR,"substantia nigra, reticular part",35,0,-4.1,-2.07,2.07,-6.76,label box,0.3656,0.6821,0.0153,0.0119,,
SNR,"substantia nigra, reticular part",35,1,-4.1,1.79,1.79,-6.7,label box,0.5656,0.6776,0.0156,0.0119,,
SuG,superficial gray layer of the superior colliculus,35,0,-4.1,-0.98,0.98,-2.16,label box,0.4219,0.3105,0.0145,0.0119,,
SuG,superficial gray layer of the superior colliculus,35,1,-4.1,0.81,0.81,-2.2,label box,0.5149,0.3139,0.0145,0.0119,,
TG,tectal gray,35,0,-4.1,1.44,1.44,-4.58,label box,0.5474,0.5065,0.0098,0.0119,,
TG,tectal gray,35,1,-4.1,-1.55,1.55,-4.63,label box,0.3923,0.5105,0.0098,0.0119,,
V1B,"primary visual cortex, binocular area",35,0,-4.1,4.79,4.79,-1.89,label box,0.7209,0.2892,0.0145,0.0114,,
V1B,"primary visual cortex, binocular area",35,1,-4.1,-4.42,4.42,-1.71,label box,0.2435,0.2748,0.0145,0.0114,,
V1M,"primary visual cortex, monocular area",35,0,-4.1,-3.09,3.09,-1.11,label box,0.3127,0.2259,0.0164,0.0108,,
V1M,"primary visual cortex, monocular area",35,1,-4.1,3.45,3.45,-1.24,label box,0.6513,0.2364,0.0167,0.0119,,
V2L,"secondary visual cortex, lateral area",35,0,-4.1,-5.21,5.21,-2.28,label box,0.2028,0.3208,0.0145,0.0114,,
V2L,"secondary visual cortex, lateral area",35,1,-4.1,5.51,5.51,-2.45,label box,0.758,0.3342,0.0145,0.0119,,
V2M,"secondary visual cortex, medial area",35,0,-4.1,-1.93,1.93,-0.76,label box,0.3726,0.1977,0.0164,0.0114,,
V2M,"secondary visual cortex, medial area",35,1,-4.1,2.05,2.05,-0.77,label box,0.5789,0.1989,0.016,0.0114,,
VS,ventral subiculum,35,0,-4.1,-5.22,5.22,-6.21,label box,0.2022,0.6384,0.0098,0.0119,,
VS,ventral subiculum,35,1,-4.1,4.91,4.91,-6.21,label box,0.7269,0.6384,0.0098,0.0119,,
VTAR,"ventral tegmental area, rostral part",35,0,-4.1,-0.68,0.68,-7.04,label box,0.4377,0.7051,0.0193,0.0114,,
VTAR,"ventral tegmental area, rostral part",35,1,-4.1,0.32,0.32,-7.1,label box,0.4893,0.7099,0.0236,0.029,,
ZIC,"zona incerta, caudal part",35,0,-4.1,-2.14,2.14,-5.85,label box,0.3617,0.6092,0.0113,0.0119,,
ZIC,"zona incerta, caudal part",35,1,-4.1,1.88,1.88,-5.85,label box,0.5701,0.6086,0.0113,0.0119,,
Zo,zonal layer of the superior colliculus,35,0,-4.1,-0.92,0.92,-1.91,label box,0.425,0.2909,0.0084,0.0114,,
Zo,zonal layer of the superior colliculus,35,1,-4.1,0.8,0.8,-1.98,label box,0.5142,0.2963,0.008,0.0119,,
alv,alveus of the hippocampus,35,0,-4.1,-3.23,3.23,-1.8,label box,0.3051,0.2818,0.0098,0.0114,,
alv,alveus of the hippocampus,35,1,-4.1,4.13,4.13,-2.19,label box,0.6867,0.3131,0.0098,0.0119,,
bsc,brachium of the superior colliculus,35,0,-4.1,-2.45,2.45,-3.75,label box,0.3456,0.4392,0.0124,0.0114,,
bsc,brachium of the superior colliculus,35,1,-4.1,2.49,2.49,-3.69,label box,0.6015,0.4347,0.0123,0.0119,,
cp,cerebral peduncle,35,0,-4.1,-2.03,2.03,-7.26,label box,0.3676,0.723,0.0084,0.0119,,
cp,cerebral peduncle,35,1,-4.1,1.83,1.83,-7.22,label box,0.5674,0.7199,0.0084,0.0114,,
csc,commissure of the superior colliculus,35,0,-4.1,-0.01,0.01,-3.64,label box,0.472,0.4301,0.0124,0.0091,,
dcw,deep cerebral white matter,35,0,-4.1,3.87,3.87,-1.96,label box,0.6735,0.2943,0.0149,0.0114,,
dcw,deep cerebral white matter,35,1,-4.1,-3.02,3.02,-1.62,label box,0.3163,0.2674,0.0149,0.0114,,
dhc,dorsal hippocampal commissure,35,0,-4.1,-2.11,2.11,-1.56,label box,0.3633,0.262,0.0131,0.0119,,
dhc,dorsal hippocampal commissure,35,1,-4.1,2.26,2.26,-1.67,label box,0.5899,0.2714,0.0131,0.0114,,
fmj,forceps major of the corpus callosum,35,0,-4.1,1.86,1.86,-1.43,label box,0.569,0.252,0.0109,0.0142,,
fmj,forceps major of the corpus callosum,35,1,-4.1,-1.52,1.52,-1.23,label box,0.394,0.2356,0.0113,0.0148,,
fr,fasciculus retroflexus,35,0,-4.1,-0.55,0.55,-6.58,label box,0.4444,0.6676,0.0051,0.0114,,
fr,fasciculus retroflexus,35,1,-4.1,0.29,0.29,-6.55,label box,0.4876,0.6653,0.0051,0.0114,,
ml,medial lemniscus,35,0,-4.1,-1.31,1.31,-6.28,label box,0.4048,0.6438,0.008,0.0114,,
ml,medial lemniscus,35,1,-4.1,1.17,1.17,-6.22,label box,0.5336,0.6387,0.008,0.0119,,
mp,mammillary peduncle,35,0,-4.1,0.59,0.59,-7.21,label box,0.5031,0.7188,0.0109,0.0119,,
mp,mammillary peduncle,35,1,-4.1,-0.98,0.98,-7.27,label box,0.4221,0.7236,0.0109,0.0114,,
rf,rhinal fissure,35,0,-4.1,-7.05,7.05,-5.93,label box,0.1076,0.6151,0.0051,0.0119,,
rf,rhinal fissure,35,1,-4.1,6.68,6.68,-6.34,label box,0.8187,0.6483,0.0051,0.0114,,
3PC,"oculomotor nucleus, parvicellular part",36,0,-4.45,-0.19,0.19,-5.01,label box,0.4628,0.5412,0.0142,0.0119,,
3PC,"oculomotor nucleus, parvicellular part",36,1,-4.45,0.23,0.23,-5.02,label box,0.4849,0.5418,0.0142,0.0119,,
3n,oculomotor nerve,36,0,-4.45,-1.06,1.06,-7.02,label box,0.4179,0.7034,0.0087,0.0114,,
3n,oculomotor nerve,36,1,-4.45,0.98,0.98,-6.97,label box,0.5234,0.6998,0.0087,0.0114,,
Aq,aqueduct,36,0,-4.45,-0.04,0.04,-4.1,label box,0.4708,0.4677,0.0094,0.0142,,
AuD,"secondary auditory cortex, dorsal area",36,0,-4.45,-6.14,6.14,-3.27,label box,0.1546,0.4003,0.0149,0.0119,,
AuD,"secondary auditory cortex, dorsal area",36,1,-4.45,6.13,6.13,-3.15,label box,0.7902,0.3906,0.0149,0.0119,,
AuV,"secondary auditory cortex, ventral area",36,0,-4.45,-6.64,6.64,-4.15,label box,0.1285,0.4716,0.0149,0.0114,,
AuV,"secondary auditory cortex, ventral area",36,1,-4.45,6.55,6.55,-4.04,label box,0.8121,0.4631,0.0145,0.0114,,
BIC,nucleus of the brachium of the inferior colliculus,36,0,-4.45,-2.94,2.94,-4.62,label box,0.3205,0.5094,0.0116,0.0119,,
BIC,nucleus of the brachium of the inferior colliculus,36,1,-4.45,2.89,2.89,-4.66,label box,0.6225,0.5128,0.0116,0.0119,,
CA1,field CA1 of the hippocampus,36,0,-4.45,-5.17,5.17,-4.03,label box,0.2048,0.4616,0.0134,0.0119,,
CA1,field CA1 of the hippocampus,36,1,-4.45,5.06,5.06,-3.6,label box,0.7351,0.4268,0.0138,0.0119,,
CEnt,caudomedial entothinal cortex,36,0,-4.45,3.8,3.8,-6.75,label box,0.6695,0.6815,0.0164,0.0119,,
DLPAG,dorsolateral periaqueductal gray,36,0,-4.45,0.64,0.64,-3.7,label box,0.5057,0.4353,0.0247,0.0119,,
DLPAG,dorsolateral periaqueductal gray,36,1,-4.45,-0.69,0.69,-3.7,label box,0.4372,0.4356,0.0251,0.0125,,
DMPAG,dorsomedial periaqueductal gray,36,0,-4.45,0.01,0.01,-3.65,label box,0.473,0.4313,0.0276,0.0119,,
DS,dorsal subiculum,36,0,-4.45,3.5,3.5,-2.36,label box,0.6543,0.327,0.0098,0.0119,,
DS,dorsal subiculum,36,1,-4.45,-3.64,3.64,-2.4,label box,0.2843,0.3298,0.0091,0.0119,,
DpG,deep gray layer of the superior colliculus,36,0,-4.45,0.82,0.82,-3.11,label box,0.5151,0.3872,0.0149,0.0142,,
DpG,deep gray layer of the superior colliculus,36,1,-4.45,-0.98,0.98,-3.13,label box,0.4222,0.3892,0.0145,0.0148,,
DpWh,deep white layer of the superior colliculus,36,0,-4.45,1.09,1.09,-4.33,label box,0.5291,0.4862,0.0214,0.0148,,
DpWh,deep white layer of the superior colliculus,36,1,-4.45,-1.14,1.14,-4.37,label box,0.4136,0.4896,0.0214,0.0148,,
EW,Edinger–Westphal nucleus,36,0,-4.45,0,0,-5.46,label box,0.4726,0.5773,0.012,0.0114,,
Ect,ectorhinal cortex,36,0,-4.45,-6.74,6.74,-5.03,label box,0.1235,0.5426,0.0109,0.0114,,
Ect,ectorhinal cortex,36,1,-4.45,6.53,6.53,-5.02,label box,0.8109,0.542,0.0113,0.0114,,
GrDG,granular layer of the dentate gyrus,36,0,-4.45,4.41,4.41,-4.16,label box,0.7013,0.4724,0.0189,0.0119,,
GrDG,granular layer of the dentate gyrus,36,1,-4.45,-4.5,4.5,-4.27,label box,0.2395,0.4815,0.0189,0.0119,,
IF,interfascicular nucleus,36,0,-4.45,0.05,0.05,-6.5,label box,0.4752,0.6617,0.0058,0.0114,,
IPF,interpeduncular fossa,36,0,-4.45,0.11,0.11,-7.03,label box,0.4782,0.704,0.0109,0.0114,,
InC,interstitial nucleus of Cajal,36,0,-4.45,-0.48,0.48,-5.24,label box,0.448,0.5599,0.0109,0.0119,,
InC,interstitial nucleus of Cajal,36,1,-4.45,0.42,0.42,-5.22,label box,0.4945,0.5577,0.0109,0.0119,,
InG,intermediate gray layer of the superior colliculus,36,0,-4.45,-0.98,0.98,-2.49,label box,0.4217,0.3372,0.0113,0.0119,,
InG,intermediate gray layer of the superior colliculus,36,1,-4.45,0.78,0.78,-2.44,label box,0.5133,0.3338,0.0113,0.0119,,
InWh,intermediate white layer of the superior colliculus,36,0,-4.45,-0.98,0.98,-2.75,label box,0.4217,0.3585,0.0178,0.0114,,
InWh,intermediate white layer of the superior colliculus,36,1,-4.45,0.8,0.8,-2.75,label box,0.5144,0.3585,0.0178,0.0114,,
LEnt,lateral entorhinal cortex,36,0,-4.45,-5.92,5.92,-6.45,label box,0.1659,0.6574,0.0156,0.0114,,
LEnt,lateral entorhinal cortex,36,1,-4.45,5.87,5.87,-6.47,label box,0.7767,0.6594,0.0156,0.0119,,
LMol,lacunosum moleculare layer of the hippocampus,36,0,-4.45,5.15,5.15,-4.52,label box,0.7395,0.5014,0.0174,0.0119,,
LMol,lacunosum moleculare layer of the hippocampus,36,1,-4.45,-5.16,5.16,-5.09,label box,0.2055,0.5477,0.0171,0.0114,,
LPAG,lateral periaqueductal gray,36,0,-4.45,-0.53,0.53,-4.24,label box,0.4455,0.479,0.0189,0.0114,,
LPAG,lateral periaqueductal gray,36,1,-4.45,0.43,0.43,-4.25,label box,0.4949,0.4798,0.0189,0.0119,,
MEnt,medial entorhinal cortex,36,0,-4.45,-4.77,4.77,-6.85,label box,0.2253,0.6898,0.0182,0.0114,,
MEnt,medial entorhinal cortex,36,1,-4.45,4.72,4.72,-6.85,label box,0.7173,0.6898,0.0182,0.0114,,
MGD,"medial geniculate nucleus, dorsal part",36,0,-4.45,3.35,3.35,-4.2,label box,0.6464,0.4759,0.0174,0.0119,,
MGD,"medial geniculate nucleus, dorsal part",36,1,-4.45,-3.43,3.43,-4.35,label box,0.2949,0.4878,0.0171,0.0119,,
MGM,"medial geniculate nucleus, medial part",36,0,-4.45,-2.99,2.99,-5.02,label box,0.3176,0.5415,0.0189,0.0114,,
MGM,"medial geniculate nucleus, medial part",36,1,-4.45,2.92,2.92,-5.15,label box,0.6239,0.552,0.0189,0.0119,,
MGV,"medial geniculate nucleus, ventral part",36,0,-4.45,-3.47,3.47,-4.76,label box,0.2931,0.521,0.0171,0.0125,,
MGV,"medial geniculate nucleus, ventral part",36,1,-4.45,3.38,3.38,-4.78,label box,0.6479,0.5224,0.0174,0.0119,,
ML,"medial mammillary nucleus, lateral part",36,0,-4.45,0.16,0.16,-7.44,label box,0.4809,0.7378,0.0113,0.0119,,
MoDG,molecular layer of the dentate gyrus,36,0,-4.45,-4.56,4.56,-5.24,label box,0.2366,0.5594,0.0218,0.0119,,
MoDG,molecular layer of the dentate gyrus,36,1,-4.45,4.35,4.35,-5.15,label box,0.6979,0.552,0.0222,0.0119,,
Op,optic nerve layer of the superior colliculus,36,0,-4.45,0.77,0.77,-2.18,label box,0.5124,0.3125,0.0094,0.0148,,
Op,optic nerve layer of the superior colliculus,36,1,-4.45,-0.98,0.98,-2.22,label box,0.4219,0.3159,0.0094,0.0148,,
Or,oriens layer of the hippocampus,36,0,-4.45,5.57,5.57,-3.67,label box,0.7614,0.4327,0.0084,0.0119,,
Or,oriens layer of the hippocampus,36,1,-4.45,-5.8,5.8,-4.29,label box,0.1722,0.4827,0.008,0.0119,,
PBP,parabrachial pigmented nucleus of the ventral tegmental area,36,0,-4.45,-0.69,0.69,-6.68,label box,0.4368,0.6759,0.0145,0.0119,,
PBP,parabrachial pigmented nucleus of the ventral tegmental area,36,1,-4.45,0.86,0.86,-6.72,label box,0.5171,0.6795,0.0145,0.0114,,
PIF,parainterfascicular nucleus of the ventral tegmental area,36,0,-4.45,-0.34,0.34,-6.27,label box,0.4552,0.6427,0.0109,0.0119,,
PIF,parainterfascicular nucleus of the ventral tegmental area,36,1,-4.45,0.74,0.74,-6.27,label box,0.5111,0.6427,0.0109,0.0119,,
PN,paranigral nucleus of the ventral tegmental area,36,0,-4.45,-0.61,0.61,-6.27,label box,0.441,0.6427,0.0094,0.0119,,
PN,paranigral nucleus of the ventral tegmental area,36,1,-4.45,0.46,0.46,-6.27,label box,0.4968,0.6427,0.0098,0.0119,,
PRh,perirhinal cortex,36,0,-4.45,6.22,6.22,-5.64,label box,0.7951,0.592,0.0138,0.0114,,
PRh,perirhinal cortex,36,1,-4.45,-6.41,6.41,-5.69,label box,0.1404,0.596,0.0142,0.0114,,
PaR,pararubral nucleus,36,0,-4.45,-1.37,1.37,-5.56,label box,0.4017,0.5858,0.0134,0.0114,,
PaR,pararubral nucleus,36,1,-4.45,1.43,1.43,-5.56,label box,0.5469,0.5855,0.0138,0.0119,,
PaS,parasubiculum,36,0,-4.45,3.75,3.75,-6.43,label box,0.667,0.656,0.0134,0.0119,,
Post,postsubiculum,36,0,-4.45,-2.96,2.96,-2.15,label box,0.3192,0.3099,0.0156,0.0119,,
Post,postsubiculum,36,1,-4.45,2.75,2.75,-2.1,label box,0.6154,0.306,0.0156,0.0119,,
PrS,presubiculum,36,0,-4.45,-4.08,4.08,-6,label box,0.2611,0.6207,0.012,0.0119,,
PrS,presubiculum,36,1,-4.45,4.09,4.09,-6.09,label box,0.6846,0.6287,0.0116,0.0119,,
Py,pyramidal cell layer of the hippocampus,36,0,-4.45,5.57,5.57,-4.05,label box,0.7611,0.4634,0.0084,0.0142,,
Py,pyramidal cell layer of the hippocampus,36,1,-4.45,-5.61,5.61,-4.57,label box,0.1819,0.5054,0.0084,0.0142,,
RLi,rostral linear nucleus of the raphe,36,0,-4.45,0.04,0.04,-6.04,label box,0.4748,0.6242,0.0116,0.0114,,
RMC,"red nucleus, magnocellular part",36,0,-4.45,-0.81,0.81,-5.85,label box,0.4308,0.6088,0.0171,0.0119,,
RMC,"red nucleus, magnocellular part",36,1,-4.45,0.74,0.74,-5.84,label box,0.5111,0.6085,0.0171,0.0273,,
RPC,"red nucleus, parvicellular part",36,0,-4.45,0.71,0.71,-5.45,label box,0.5096,0.5764,0.0149,0.0119,,
RPC,"red nucleus, parvicellular part",36,1,-4.45,-0.59,0.59,-5.5,label box,0.4419,0.581,0.0153,0.0119,,
RSD,retrosplenial dysgranular cortex,36,0,-4.45,-1.47,1.47,-0.6,label box,0.3968,0.1844,0.0153,0.0119,,
RSD,retrosplenial dysgranular cortex,36,1,-4.45,1.47,1.47,-0.65,label box,0.5487,0.1889,0.0153,0.0119,,
RSGa,"retrosplenial granular cortex, a region",36,0,-4.45,-1.83,1.83,-1.6,label box,0.3779,0.2656,0.0203,0.0119,,
RSGa,"retrosplenial granular cortex, a region",36,1,-4.45,1.84,1.84,-1.66,label box,0.5683,0.2705,0.0203,0.0114,,
RSGb,"retrosplenial granular cortex, b region",36,0,-4.45,-0.96,0.96,-1.08,label box,0.4232,0.2234,0.0203,0.0119,,
RSGb,"retrosplenial granular cortex, b region",36,1,-4.45,0.93,0.93,-1.15,label box,0.5209,0.2291,0.0203,0.0119,,
RSGb,"retrosplenial granular cortex, b region",36,2,-4.45,-0.89,0.89,-1.08,label box,0.4267,0.2237,0.0272,0.0125,,
RSGb,"retrosplenial granular cortex, b region",36,3,-4.45,1,1,-1.15,label box,0.5244,0.2293,0.0272,0.0125,,
RSGc,"retrosplenial granular cortex, c region",36,0,-4.45,-0.89,0.89,-1.08,label box,0.4267,0.2237,0.0272,0.0125,,
RSGc,"retrosplenial granular cortex, c region",36,1,-4.45,1,1,-1.15,label box,0.5244,0.2293,0.0272,0.0125,,
Rad,radiatum layer of the hippocampus,36,0,-4.45,5.38,5.38,-4.26,label box,0.7515,0.4804,0.0131,0.0119,,
Rad,radiatum layer of the hippocampus,36,1,-4.45,-5.44,5.44,-4.86,label box,0.1908,0.5287,0.0131,0.0119,,
SG,suprageniculate thalamic nucleus,36,0,-4.45,2.74,2.74,-4.21,label box,0.6149,0.4765,0.0102,0.0125,,
SG,suprageniculate thalamic nucleus,36,1,-4.45,-2.86,2.86,-4.23,label box,0.3247,0.4782,0.0098,0.0125,,
SNC,"substantia nigra, compact part",36,0,-4.45,-2.24,2.24,-6.01,label box,0.3565,0.6219,0.0153,0.0119,,
SNC,"substantia nigra, compact part",36,1,-4.45,2.2,2.2,-6.05,label box,0.5868,0.6253,0.0153,0.0119,,
SNR,"substantia nigra, reticular part",36,0,-4.45,-1.68,1.68,-6.72,label box,0.3859,0.6795,0.0153,0.0114,,
SNR,"substantia nigra, reticular part",36,1,-4.45,1.81,1.81,-6.68,label box,0.5665,0.6764,0.0153,0.0119,,
Su3,supraoculomotor periaqueductal gray,36,0,-4.45,-0.25,0.25,-4.72,label box,0.46,0.5179,0.0138,0.0119,,
Su3,supraoculomotor periaqueductal gray,36,1,-4.45,0.29,0.29,-4.71,label box,0.4875,0.5168,0.0134,0.0119,,
Su3C,supraoculomotor cap,36,0,-4.45,0.52,0.52,-4.46,label box,0.4998,0.4969,0.0189,0.0125,,
Su3C,supraoculomotor cap,36,1,-4.45,-0.39,0.39,-4.5,label box,0.4525,0.4995,0.0192,0.0119,,
SuG,superficial gray layer of the superior colliculus,36,0,-4.45,-0.99,0.99,-1.93,label box,0.4215,0.2923,0.0145,0.0119,,
SuG,superficial gray layer of the superior colliculus,36,1,-4.45,0.77,0.77,-1.91,label box,0.5124,0.2903,0.0145,0.0114,,
SubB,subbrachial nucleus,36,0,-4.45,-2.75,2.75,-5.37,label box,0.3303,0.5702,0.0189,0.0119,,
SubB,subbrachial nucleus,36,1,-4.45,2.59,2.59,-5.41,label box,0.607,0.5736,0.0185,0.0119,,
V1B,"primary visual cortex, binocular area",36,0,-4.45,-4.69,4.69,-1.92,label box,0.2297,0.2912,0.0145,0.0119,,
V1B,"primary visual cortex, binocular area",36,1,-4.45,4.99,4.99,-2.02,label box,0.7313,0.2994,0.0142,0.0114,,
V1M,"primary visual cortex, monocular area",36,0,-4.45,-3.43,3.43,-1.24,label box,0.2951,0.2361,0.016,0.0119,,
V1M,"primary visual cortex, monocular area",36,1,-4.45,3.7,3.7,-1.39,label box,0.6644,0.2483,0.0164,0.0114,,
V2L,"secondary visual cortex, lateral area",36,0,-4.45,5.62,5.62,-2.59,label box,0.764,0.3452,0.0142,0.0119,,
V2L,"secondary visual cortex, lateral area",36,1,-4.45,-5.61,5.61,-2.63,label box,0.1818,0.3489,0.0145,0.0119,,
V2M,"secondary visual cortex, medial area",36,0,-4.45,-2.2,2.2,-0.69,label box,0.3585,0.192,0.0164,0.0114,,
V2M,"secondary visual cortex, medial area",36,1,-4.45,2.24,2.24,-0.84,label box,0.5888,0.204,0.0164,0.0114,,
VS,ventral subiculum,36,0,-4.45,5.26,5.26,-5.74,label box,0.7451,0.5997,0.0098,0.0119,,
VS,ventral subiculum,36,1,-4.45,-5.07,5.07,-6.08,label box,0.2098,0.6276,0.0098,0.0119,,
Zo,zonal layer of the superior colliculus,36,0,-4.45,-1,1,-1.69,label box,0.421,0.2727,0.0084,0.0114,,
Zo,zonal layer of the superior colliculus,36,1,-4.45,0.78,0.78,-1.67,label box,0.5129,0.2716,0.0084,0.0114,,
alv,alveus of the hippocampus,36,0,-4.45,-4.76,4.76,-2.66,label box,0.2259,0.3509,0.0098,0.0114,,
alv,alveus of the hippocampus,36,1,-4.45,4.8,4.8,-2.67,label box,0.7215,0.3518,0.0098,0.0119,,
bic,brachium of the inferior colliculus,36,0,-4.45,-2.65,2.65,-4.84,label box,0.3356,0.5273,0.0098,0.0114,,
bic,brachium of the inferior colliculus,36,1,-4.45,2.63,2.63,-4.94,label box,0.6092,0.5355,0.0098,0.0119,,
cp,cerebral peduncle,36,0,-4.45,1.54,1.54,-7.14,label box,0.5523,0.7128,0.008,0.0119,,
cp,cerebral peduncle,36,1,-4.45,-1.32,1.32,-7.22,label box,0.4043,0.7193,0.0084,0.0114,,
csc,commissure of the superior colliculus,36,0,-4.45,-0.04,0.04,-3.3,label box,0.4709,0.4031,0.0124,0.0097,,
dcw,deep cerebral white matter,36,0,-4.45,4.57,4.57,-2.4,label box,0.7095,0.3299,0.0149,0.0114,,
dcw,deep cerebral white matter,36,1,-4.45,-4.69,4.69,-2.49,label box,0.2299,0.3373,0.0149,0.0114,,
dhc,dorsal hippocampal commissure,36,0,-4.45,-2.7,2.7,-1.69,label box,0.333,0.2728,0.0127,0.0119,,
dhc,dorsal hippocampal commissure,36,1,-4.45,2.83,2.83,-1.8,label box,0.6193,0.2819,0.0131,0.0119,,
dtgx,dorsal tegmental decussation,36,0,-4.45,0.02,0.02,-5.78,label box,0.4737,0.6035,0.0152,0.0142,,
fmj,forceps major of the corpus callosum,36,0,-4.45,-2.18,2.18,-1.36,label box,0.3596,0.2463,0.0113,0.0142,,
fmj,forceps major of the corpus callosum,36,1,-4.45,2.19,2.19,-1.45,label box,0.5863,0.2531,0.0113,0.0142,,
fr,fasciculus retroflexus,36,0,-4.45,-0.28,0.28,-6.68,label box,0.458,0.6761,0.0055,0.0114,,
fr,fasciculus retroflexus,36,1,-4.45,0.37,0.37,-6.67,label box,0.492,0.675,0.0051,0.0114,,
mRt,mesencehalic reticular formation,36,0,-4.45,-1.82,1.82,-4.96,label box,0.3783,0.5372,0.0153,0.0119,,
mRt,mesencehalic reticular formation,36,1,-4.45,1.59,1.59,-4.94,label box,0.5552,0.5353,0.0156,0.0119,,
ml,medial lemniscus,36,0,-4.45,-1.07,1.07,-6.3,label box,0.4175,0.6452,0.0116,0.0199,,
ml,medial lemniscus,36,1,-4.45,1.15,1.15,-6.29,label box,0.5323,0.6446,0.008,0.0108,,
mp,mammillary peduncle,36,0,-4.45,0.65,0.65,-6.96,label box,0.5062,0.6983,0.0102,0.0273,,
mp,mammillary peduncle,36,1,-4.45,-0.62,0.62,-6.91,label box,0.4407,0.6949,0.0109,0.0119,,
rf,rhinal fissure,36,0,-4.45,-6.89,6.89,-6.04,label box,0.1157,0.6244,0.0055,0.0114,,
rf,rhinal fissure,36,1,-4.45,6.68,6.68,-6.01,label box,0.819,0.6222,0.0051,0.0114,,
vtgx,ventral tegmental decussation,36,0,-4.45,0.04,0.04,-6.27,label box,0.4746,0.643,0.0149,0.0136,,
3N,oculomotor nucleus,37,0,-4.8,-0.21,0.21,-5.08,label box,0.4617,0.5467,0.0094,0.0119,,
3N,oculomotor nucleus,37,1,-4.8,0.17,0.17,-5.08,label box,0.4815,0.5467,0.0098,0.0119,,
3n,oculomotor nerve,37,0,-4.8,-1.1,1.1,-6.45,label box,0.4155,0.6574,0.0084,0.0114,,
3n,oculomotor nerve,37,1,-4.8,1.11,1.11,-6.45,label box,0.53,0.6574,0.0084,0.0114,,
Aq,aqueduct,37,0,-4.8,-0.01,0.01,-3.92,label box,0.4723,0.4532,0.0094,0.0148,,
BIC,nucleus of the brachium of the inferior colliculus,37,0,-4.8,-2.7,2.7,-4.17,label box,0.3328,0.4733,0.0116,0.0114,,
BIC,nucleus of the brachium of the inferior colliculus,37,1,-4.8,2.65,2.65,-4.22,label box,0.6103,0.4776,0.012,0.0119,,
CEnt,caudomedial entothinal cortex,37,0,-4.8,4.39,4.39,-6.64,label box,0.7002,0.673,0.0167,0.0119,,
CEnt,caudomedial entothinal cortex,37,1,-4.8,-4.2,4.2,-6.73,label box,0.2551,0.6799,0.0167,0.0125,,
CLi,caudal linear nucleus of the raphe,37,0,-4.8,0.01,0.01,-5.95,label box,0.4732,0.6168,0.0113,0.0125,,
DLPAG,dorsolateral periaqueductal gray,37,0,-4.8,-0.77,0.77,-3.58,label box,0.4328,0.4259,0.0247,0.0119,,
DLPAG,dorsolateral periaqueductal gray,37,1,-4.8,0.74,0.74,-3.59,label box,0.5109,0.4264,0.0247,0.0119,,
DMPAG,dorsomedial periaqueductal gray,37,0,-4.8,-0.02,0.02,-3.44,label box,0.4718,0.4145,0.0273,0.0119,,
DR,dorsal raphe nucleus,37,0,-4.8,0.01,0.01,-5.29,label box,0.4732,0.564,0.0105,0.0114,,
DpG,deep gray layer of the superior colliculus,37,0,-4.8,0.8,0.8,-2.87,label box,0.5144,0.3679,0.0149,0.0142,,
DpG,deep gray layer of the superior colliculus,37,1,-4.8,-1.03,1.03,-2.93,label box,0.4195,0.3727,0.0149,0.0148,,
DpWh,deep white layer of the superior colliculus,37,0,-4.8,-1.24,1.24,-4.21,label box,0.4086,0.4767,0.0214,0.0114,,
DpWh,deep white layer of the superior colliculus,37,1,-4.8,1.22,1.22,-4.27,label box,0.5362,0.4815,0.0214,0.0142,,
EW,Edinger–Westphal nucleus,37,0,-4.8,0.01,0.01,-4.85,label box,0.473,0.5279,0.0116,0.0119,,
Ect,ectorhinal cortex,37,0,-4.8,-6.56,6.56,-4.54,label box,0.1326,0.5028,0.0109,0.0114,,
Ect,ectorhinal cortex,37,1,-4.8,6.42,6.42,-4.56,label box,0.8056,0.5048,0.0109,0.0119,,
IF,interfascicular nucleus,37,0,-4.8,-0.03,0.03,-6.51,label box,0.4711,0.6625,0.0055,0.0114,,
IPC,"interpeduncular nucleus, caudal subnucleus",37,0,-4.8,-0.03,0.03,-7.06,label box,0.4713,0.7071,0.0116,0.0119,,
IPL,"interpeduncular nucleus, lateral subnucleus",37,0,-4.8,0.29,0.29,-6.95,leader tip,0.4964,0.719,0.0109,0.0165,0.4877,0.6976
IPR,"interpeduncular nucleus, rostral subnucleus",37,0,-4.8,-0.04,0.04,-6.74,label box,0.4706,0.6805,0.012,0.0114,,
InC,interstitial nucleus of Cajal,37,0,-4.8,-0.75,0.75,-4.59,label box,0.4337,0.5071,0.0113,0.0119,,
InC,interstitial nucleus of Cajal,37,1,-4.8,0.76,0.76,-4.62,label box,0.512,0.5099,0.0109,0.0119,,
InG,intermediate gray layer of the superior colliculus,37,0,-4.8,-1.06,1.06,-2.35,label box,0.4179,0.3264,0.0116,0.0119,,
InG,intermediate gray layer of the superior colliculus,37,1,-4.8,0.74,0.74,-2.3,label box,0.5111,0.3224,0.0113,0.0119,,
InWh,intermediate white layer of the superior colliculus,37,0,-4.8,0.79,0.79,-2.56,label box,0.5136,0.3432,0.0178,0.0114,,
InWh,intermediate white layer of the superior colliculus,37,1,-4.8,-1.03,1.03,-2.6,label box,0.4195,0.3466,0.0178,0.0114,,
LEnt,lateral entorhinal cortex,37,0,-4.8,-5.77,5.77,-5.94,label box,0.1737,0.6165,0.016,0.0114,,
LEnt,lateral entorhinal cortex,37,1,-4.8,5.94,5.94,-5.94,label box,0.7805,0.6159,0.016,0.0114,,
LPAG,lateral periaqueductal gray,37,0,-4.8,-0.71,0.71,-4.05,label box,0.4357,0.4634,0.0189,0.0119,,
LPAG,lateral periaqueductal gray,37,1,-4.8,0.62,0.62,-4.06,label box,0.5047,0.4643,0.0192,0.0119,,
MEnt,medial entorhinal cortex,37,0,-4.8,5.08,5.08,-6.54,label box,0.7362,0.6645,0.0182,0.0119,,
MoDG,molecular layer of the dentate gyrus,37,0,-4.8,-4.66,4.66,-4.15,label box,0.2313,0.4713,0.0222,0.0119,,
MoDG,molecular layer of the dentate gyrus,37,1,-4.8,4.68,4.68,-4.2,label box,0.7151,0.4759,0.0218,0.0119,,
MoS,molecular layer of the subiculum,37,0,-4.8,-4.72,4.72,-3.91,label box,0.2279,0.4523,0.016,0.0119,,
MoS,molecular layer of the subiculum,37,1,-4.8,4.61,4.61,-3.97,label box,0.7115,0.4569,0.016,0.0119,,
Op,optic nerve layer of the superior colliculus,37,0,-4.8,-1.05,1.05,-2.08,label box,0.4182,0.3043,0.0094,0.0142,,
Op,optic nerve layer of the superior colliculus,37,1,-4.8,0.77,0.77,-2.06,label box,0.5124,0.3031,0.0094,0.0142,,
PBP,parabrachial pigmented nucleus of the ventral tegmental area,37,0,-4.8,-0.91,0.91,-6.25,label box,0.4257,0.6409,0.0149,0.0114,,
PBP,parabrachial pigmented nucleus of the ventral tegmental area,37,1,-4.8,0.96,0.96,-6.25,label box,0.5225,0.6415,0.0145,0.0114,,
PIF,parainterfascicular nucleus of the ventral tegmental area,37,0,-4.8,-0.48,0.48,-6.52,label box,0.4479,0.6628,0.0105,0.0119,,
PN,paranigral nucleus of the ventral tegmental area,37,0,-4.8,-0.51,0.51,-6.92,leader tip,0.4444,0.7222,0.0094,0.0114,0.4465,0.6958
PRh,perirhinal cortex,37,0,-4.8,-6.43,6.43,-5.04,label box,0.1397,0.5437,0.0142,0.0114,,
PRh,perirhinal cortex,37,1,-4.8,6.27,6.27,-5.07,label box,0.7978,0.546,0.0142,0.0114,,
PaR,pararubral nucleus,37,0,-4.8,-1.19,1.19,-5.46,label box,0.4112,0.5778,0.0134,0.0114,,
PaR,pararubral nucleus,37,1,-4.8,1.33,1.33,-5.59,label box,0.5418,0.5881,0.0138,0.0114,,
PaS,parasubiculum,37,0,-4.8,4.05,4.05,-6.14,label box,0.6824,0.6321,0.0131,0.0119,,
Post,postsubiculum,37,0,-4.8,2.96,2.96,-2.13,label box,0.6263,0.308,0.0156,0.0114,,
Post,postsubiculum,37,1,-4.8,-3.15,3.15,-2.34,label box,0.3094,0.3253,0.0156,0.0119,,
PrS,presubiculum,37,0,-4.8,-4.13,4.13,-5.49,label box,0.2587,0.5798,0.0116,0.0119,,
PrS,presubiculum,37,1,-4.8,4.25,4.25,-5.53,label box,0.6931,0.5832,0.012,0.0119,,
RMC,"red nucleus, magnocellular part",37,0,-4.8,-0.59,0.59,-5.94,label box,0.4419,0.6162,0.0174,0.0119,,
RMC,"red nucleus, magnocellular part",37,1,-4.8,0.67,0.67,-5.96,label box,0.5074,0.6179,0.0171,0.0119,,
RRF,retrorubral field,37,0,-4.8,-1.49,1.49,-5.9,label box,0.3957,0.6131,0.0145,0.0114,,
RRF,retrorubral field,37,1,-4.8,1.57,1.57,-5.94,label box,0.5543,0.6162,0.0149,0.0119,,
RSD,retrosplenial dysgranular cortex,37,0,-4.8,-1.47,1.47,-0.65,label box,0.3963,0.1889,0.0156,0.0119,,
RSD,retrosplenial dysgranular cortex,37,1,-4.8,1.4,1.4,-0.64,label box,0.5454,0.1884,0.0153,0.0119,,
RSGa,"retrosplenial granular cortex, a region",37,0,-4.8,2.12,2.12,-1.52,label box,0.5827,0.2588,0.02,0.0119,,
RSGa,"retrosplenial granular cortex, a region",37,1,-4.8,-2.19,2.19,-1.5,label box,0.3592,0.2575,0.02,0.0119,,
RSGb,"retrosplenial granular cortex, b region",37,0,-4.8,-1.3,1.3,-1.1,label box,0.4052,0.225,0.0203,0.0114,,
RSGb,"retrosplenial granular cortex, b region",37,1,-4.8,1.24,1.24,-1.08,label box,0.5371,0.2233,0.0203,0.0114,,
SNC,"substantia nigra, compact part",37,0,-4.8,-2.1,2.1,-5.87,label box,0.3641,0.6105,0.0153,0.0119,,
SNC,"substantia nigra, compact part",37,1,-4.8,2.07,2.07,-6.01,label box,0.5801,0.6222,0.0152,0.0119,,
SNR,"substantia nigra, reticular part",37,0,-4.8,-1.77,1.77,-6.59,label box,0.381,0.669,0.0156,0.0119,,
SNR,"substantia nigra, reticular part",37,1,-4.8,1.86,1.86,-6.59,label box,0.5689,0.669,0.0156,0.0119,,
STr,"subiculum, transition area",37,0,-4.8,-5.32,5.32,-4.14,label box,0.1968,0.4707,0.012,0.0119,,
STr,"subiculum, transition area",37,1,-4.8,5.36,5.36,-4.49,label box,0.7504,0.4991,0.0116,0.0119,,
Su3,supraoculomotor periaqueductal gray,37,0,-4.8,-0.27,0.27,-4.68,label box,0.4586,0.5145,0.0138,0.0119,,
Su3,supraoculomotor periaqueductal gray,37,1,-4.8,0.33,0.33,-4.65,label box,0.4898,0.5122,0.0138,0.0119,,
Su3C,supraoculomotor cap,37,0,-4.8,-0.36,0.36,-4.49,label box,0.4541,0.4987,0.0189,0.0125,,
Su3C,supraoculomotor cap,37,1,-4.8,0.46,0.46,-4.49,label box,0.4966,0.4987,0.0189,0.0125,,
SuG,superficial gray layer of the superior colliculus,37,0,-4.8,-1.03,1.03,-1.8,label box,0.4193,0.2818,0.0145,0.0125,,
SuG,superficial gray layer of the superior colliculus,37,1,-4.8,0.77,0.77,-1.77,label box,0.5125,0.2793,0.0142,0.0119,,
SubB,subbrachial nucleus,37,0,-4.8,-2.66,2.66,-5.05,label box,0.3348,0.544,0.0185,0.0119,,
SubB,subbrachial nucleus,37,1,-4.8,2.53,2.53,-5.15,label box,0.6037,0.552,0.0185,0.0119,,
TeA,temporal association cortex,37,0,-4.8,-6.33,6.33,-3.58,label box,0.1446,0.4253,0.0131,0.0119,,
TeA,temporal association cortex,37,1,-4.8,6.38,6.38,-3.61,label box,0.8034,0.4278,0.0131,0.0114,,
V1B,"primary visual cortex, binocular area",37,0,-4.8,-4.69,4.69,-1.8,label box,0.2298,0.2818,0.0149,0.0114,,
V1B,"primary visual cortex, binocular area",37,1,-4.8,4.77,4.77,-1.83,label box,0.7198,0.2841,0.0145,0.0114,,
V1M,"primary visual cortex, monocular area",37,0,-4.8,-3.34,3.34,-1.05,label box,0.2996,0.2213,0.0164,0.0119,,
V1M,"primary visual cortex, monocular area",37,1,-4.8,3.37,3.37,-1.06,label box,0.6471,0.222,0.0163,0.0114,,
V2L,"secondary visual cortex, lateral area",37,0,-4.8,-5.47,5.47,-2.51,label box,0.1895,0.3389,0.0142,0.0119,,
V2L,"secondary visual cortex, lateral area",37,1,-4.8,5.7,5.7,-2.62,label box,0.7683,0.3478,0.0142,0.0119,,
V2M,"secondary visual cortex, medial area",37,0,-4.8,-2.16,2.16,-0.8,label box,0.361,0.2006,0.0164,0.0114,,
V2M,"secondary visual cortex, medial area",37,1,-4.8,2.11,2.11,-0.8,label box,0.5819,0.2006,0.0164,0.0114,,
VLPAG,ventrolateral periaqueductal gray,37,0,-4.8,0.02,0.02,-4.32,label box,0.4738,0.4855,0.0247,0.0119,,
VTA,ventral tegmental area,37,0,-4.8,-0.43,0.43,-6.26,label box,0.4504,0.6423,0.0142,0.0119,,
VTA,ventral tegmental area,37,1,-4.8,0.44,0.44,-6.27,label box,0.4953,0.6426,0.0138,0.0114,,
Zo,zonal layer of the superior colliculus,37,0,-4.8,0.77,0.77,-1.57,label box,0.5125,0.2631,0.0084,0.0114,,
Zo,zonal layer of the superior colliculus,37,1,-4.8,-1.05,1.05,-1.59,label box,0.4185,0.2649,0.0087,0.0119,,
alv,alveus of the hippocampus,37,0,-4.8,-5.58,5.58,-4.82,label box,0.1834,0.5256,0.0098,0.0119,,
alv,alveus of the hippocampus,37,1,-4.8,5.52,5.52,-5.55,label box,0.7589,0.5847,0.0098,0.0119,,
bic,brachium of the inferior colliculus,37,0,-4.8,-2.98,2.98,-4.06,label box,0.3181,0.4645,0.0098,0.0119,,
bic,brachium of the inferior colliculus,37,1,-4.8,2.94,2.94,-4.18,label box,0.6252,0.4739,0.0098,0.0114,,
cp,cerebral peduncle,37,0,-4.8,-1.26,1.26,-7.19,label box,0.4072,0.7173,0.0084,0.0119,,
cp,cerebral peduncle,37,1,-4.8,1.3,1.3,-7.28,label box,0.5403,0.7241,0.008,0.0119,,
dcw,deep cerebral white matter,37,0,-4.8,-4.69,4.69,-2.62,label box,0.2298,0.3483,0.0149,0.0114,,
dcw,deep cerebral white matter,37,1,-4.8,4.81,4.81,-2.47,label box,0.7222,0.3356,0.0149,0.0114,,
dhc,dorsal hippocampal commissure,37,0,-4.8,3.61,3.61,-1.99,label box,0.6598,0.2972,0.0127,0.0119,,
dhc,dorsal hippocampal commissure,37,1,-4.8,-3.66,3.66,-2.17,label box,0.2833,0.3114,0.0127,0.0119,,
dtgx,dorsal tegmental decussation,37,0,-4.8,0.01,0.01,-5.69,label box,0.4733,0.596,0.0149,0.0136,,
fmj,forceps major of the corpus callosum,37,0,-4.8,-2.58,2.58,-1.4,label box,0.3388,0.2498,0.0113,0.0148,,
fmj,forceps major of the corpus callosum,37,1,-4.8,2.54,2.54,-1.43,label box,0.6046,0.2515,0.0113,0.0148,,
mRt,mesencehalic reticular formation,37,0,-4.8,-1.37,1.37,-4.89,label box,0.4015,0.5312,0.0153,0.0114,,
mRt,mesencehalic reticular formation,37,1,-4.8,1.49,1.49,-4.84,label box,0.5498,0.5276,0.0153,0.0119,,
ml,medial lemniscus,37,0,-4.8,-0.92,0.92,-6.6,label box,0.4251,0.6693,0.008,0.0114,,
ml,medial lemniscus,37,1,-4.8,0.88,0.88,-6.6,label box,0.5182,0.6693,0.008,0.0114,,
rf,rhinal fissure,37,0,-4.8,-6.69,6.69,-5.58,label box,0.1261,0.5875,0.0051,0.0114,,
rf,rhinal fissure,37,1,-4.8,6.57,6.57,-5.62,label box,0.8132,0.5903,0.0051,0.0114,,
vtgx,ventral tegmental decussation,37,0,-4.8,0.02,0.02,-6.25,label box,0.4737,0.6409,0.0149,0.0136,,
3N,oculomotor nucleus,38,0,-5.15,-0.2,0.2,-5.02,label box,0.4626,0.542,0.0094,0.0114,,
3N,oculomotor nucleus,38,1,-5.15,0.13,0.13,-5.03,label box,0.4797,0.5426,0.0094,0.0114,,
Aq,aqueduct,38,0,-5.15,0.04,0.04,-3.83,label box,0.4746,0.4457,0.0094,0.0142,,
CEnt,caudomedial entothinal cortex,38,0,-5.15,-3.88,3.88,-6.19,label box,0.2718,0.6361,0.0167,0.0119,,
CEnt,caudomedial entothinal cortex,38,1,-5.15,4.12,4.12,-6.31,label box,0.686,0.6463,0.0167,0.0119,,
CLi,caudal linear nucleus of the raphe,38,0,-5.15,0.01,0.01,-6.08,label box,0.4735,0.6278,0.0109,0.0114,,
DLPAG,dorsolateral periaqueductal gray,38,0,-5.15,-0.71,0.71,-3.43,label box,0.436,0.4134,0.0247,0.0119,,
DLPAG,dorsolateral periaqueductal gray,38,1,-5.15,0.78,0.78,-3.43,label box,0.5131,0.4131,0.0247,0.0114,,
DMPAG,dorsomedial periaqueductal gray,38,0,-5.15,0.05,0.05,-3.23,label box,0.4755,0.3972,0.0276,0.0119,,
DR,dorsal raphe nucleus,38,0,-5.15,0.02,0.02,-5.32,label box,0.4738,0.5659,0.0102,0.0114,,
DpG,deep gray layer of the superior colliculus,38,0,-5.15,0.94,0.94,-2.72,label box,0.5213,0.356,0.0149,0.0142,,
DpG,deep gray layer of the superior colliculus,38,1,-5.15,-0.94,0.94,-2.69,label box,0.4241,0.3538,0.0149,0.0148,,
DpWh,deep white layer of the superior colliculus,38,0,-5.15,1.4,1.4,-4.04,label box,0.5452,0.4631,0.0214,0.0136,,
DpWh,deep white layer of the superior colliculus,38,1,-5.15,-1.16,1.16,-4.14,label box,0.4125,0.4711,0.0214,0.0142,,
ECIC,external cortex of the inferior colliculus,38,0,-5.15,-2.52,2.52,-3.9,label box,0.3421,0.4514,0.0164,0.0119,,
ECIC,external cortex of the inferior colliculus,38,1,-5.15,2.56,2.56,-3.96,label box,0.6056,0.4565,0.0164,0.0119,,
EW,Edinger–Westphal nucleus,38,0,-5.15,0.02,0.02,-4.59,label box,0.4738,0.5074,0.0116,0.0114,,
Ect,ectorhinal cortex,38,0,-5.15,-6.18,6.18,-4.4,label box,0.1523,0.492,0.0109,0.0114,,
Ect,ectorhinal cortex,38,1,-5.15,6.05,6.05,-4.31,label box,0.7863,0.4849,0.0109,0.0119,,
IF,interfascicular nucleus,38,0,-5.15,0.01,0.01,-6.46,label box,0.4731,0.6582,0.0058,0.0119,,
IPC,"interpeduncular nucleus, caudal subnucleus",38,0,-5.15,0.03,0.03,-7.16,label box,0.4742,0.7151,0.0116,0.0119,,
IPD,"interpeduncular nucleus, dorsal subnucleus",38,0,-5.15,-0.32,0.32,-6.95,leader tip,0.4491,0.7347,0.0116,0.0182,0.4561,0.698
IPI,"interpeduncular nucleus, intermediate subnucleus",38,0,-5.15,0.3,0.3,-7.15,leader tip,0.4907,0.7366,0.0084,0.0165,0.4885,0.714
IPL,"interpeduncular nucleus, lateral subnucleus",38,0,-5.15,0.45,0.45,-7.05,leader tip,0.5058,0.7389,0.0109,0.0119,0.4961,0.7055
IPR,"interpeduncular nucleus, rostral subnucleus",38,0,-5.15,0.02,0.02,-6.7,label box,0.4739,0.6779,0.012,0.0119,,
InC,interstitial nucleus of Cajal,38,0,-5.15,-0.82,0.82,-4.61,label box,0.4302,0.5088,0.0109,0.0119,,
InC,interstitial nucleus of Cajal,38,1,-5.15,0.88,0.88,-4.6,label box,0.5185,0.5082,0.0109,0.0119,,
InG,intermediate gray layer of the superior colliculus,38,0,-5.15,-0.98,0.98,-2.1,label box,0.4221,0.306,0.0113,0.0119,,
InG,intermediate gray layer of the superior colliculus,38,1,-5.15,0.89,0.89,-2.18,label box,0.5191,0.3122,0.0113,0.0119,,
InWh,intermediate white layer of the superior colliculus,38,0,-5.15,-0.96,0.96,-2.34,label box,0.4231,0.3256,0.0178,0.0114,,
InWh,intermediate white layer of the superior colliculus,38,1,-5.15,0.92,0.92,-2.42,label box,0.5205,0.3318,0.0178,0.0114,,
LEnt,lateral entorhinal cortex,38,0,-5.15,-5.68,5.68,-5.53,label box,0.1786,0.583,0.0156,0.0114,,
LEnt,lateral entorhinal cortex,38,1,-5.15,5.49,5.49,-5.75,label box,0.7571,0.6011,0.0156,0.0114,,
LPAG,lateral periaqueductal gray,38,0,-5.15,-0.61,0.61,-3.97,label box,0.441,0.4568,0.0193,0.0125,,
LPAG,lateral periaqueductal gray,38,1,-5.15,0.62,0.62,-3.99,label box,0.5047,0.4585,0.0189,0.0125,,
MEnt,medial entorhinal cortex,38,0,-5.15,-4.82,4.82,-6.33,label box,0.2231,0.6477,0.0182,0.0114,,
MEnt,medial entorhinal cortex,38,1,-5.15,4.87,4.87,-6.51,label box,0.7253,0.6619,0.0182,0.0114,,
Me5,mesencephalic trigeminal nucleus,38,0,-5.15,-1.11,1.11,-3.76,label box,0.4152,0.4398,0.0149,0.0114,,
Me5,mesencephalic trigeminal nucleus,38,1,-5.15,1.15,1.15,-3.71,label box,0.5325,0.4358,0.0149,0.0182,,
MiTg,microcellular tegmental nucleus,38,0,-5.15,-1.98,1.98,-5.2,label box,0.3701,0.5568,0.0171,0.0148,,
MiTg,microcellular tegmental nucleus,38,1,-5.15,1.96,1.96,-5.2,label box,0.5745,0.5565,0.0174,0.0142,,
Op,optic nerve layer of the superior colliculus,38,0,-5.15,-0.98,0.98,-1.86,label box,0.4219,0.2869,0.0094,0.0148,,
Op,optic nerve layer of the superior colliculus,38,1,-5.15,0.88,0.88,-1.94,label box,0.5182,0.2932,0.0094,0.0148,,
PBG,parabigeminal nucleus,38,0,-5.15,-2.5,2.5,-5.23,label box,0.3432,0.5586,0.0149,0.0119,,
PRh,perirhinal cortex,38,0,-5.15,-6.03,6.03,-4.9,label box,0.1601,0.5324,0.0142,0.0114,,
PRh,perirhinal cortex,38,1,-5.15,6.16,6.16,-4.97,label box,0.792,0.5381,0.0142,0.0114,,
PTg,pedunculopontine tegmental nucleus,38,0,-5.15,-1.17,1.17,-6.23,label box,0.4121,0.6395,0.0131,0.0142,,
PTg,pedunculopontine tegmental nucleus,38,1,-5.15,1.13,1.13,-6.24,label box,0.5311,0.6401,0.0134,0.0142,,
PaR,pararubral nucleus,38,0,-5.15,-0.8,0.8,-5.62,label box,0.4313,0.5901,0.0138,0.0119,,
PaR,pararubral nucleus,38,1,-5.15,0.92,0.92,-5.68,label box,0.5205,0.5952,0.0138,0.0114,,
PaS,parasubiculum,38,0,-5.15,4,4,-5.56,label box,0.6799,0.5855,0.0131,0.0119,,
Post,postsubiculum,38,0,-5.15,-3.22,3.22,-2.51,label box,0.3058,0.3392,0.0156,0.0114,,
Post,postsubiculum,38,1,-5.15,3.58,3.58,-2.58,label box,0.6582,0.3446,0.0156,0.0119,,
PrCnF,precuneiform area,38,0,-5.15,-1.91,1.91,-4.45,label box,0.3735,0.4957,0.0211,0.0119,,
PrCnF,precuneiform area,38,1,-5.15,1.72,1.72,-4.47,label box,0.5619,0.4972,0.0211,0.0119,,
PrS,presubiculum,38,0,-5.15,4.28,4.28,-4.49,label box,0.6946,0.4991,0.012,0.0119,,
PrS,presubiculum,38,1,-5.15,-3.99,3.99,-4.46,label box,0.2662,0.4969,0.012,0.0125,,
RMC,"red nucleus, magnocellular part",38,0,-5.15,0.47,0.47,-5.69,label box,0.4969,0.5957,0.0171,0.0119,,
RRF,retrorubral field,38,0,-5.15,-1.42,1.42,-5.79,label box,0.399,0.604,0.0145,0.0114,,
RRF,retrorubral field,38,1,-5.15,1.41,1.41,-5.86,label box,0.5456,0.6094,0.0145,0.0114,,
RSD,retrosplenial dysgranular cortex,38,0,-5.15,-1.43,1.43,-0.57,label box,0.3986,0.1821,0.0153,0.0119,,
RSD,retrosplenial dysgranular cortex,38,1,-5.15,1.56,1.56,-0.55,label box,0.5536,0.181,0.0149,0.0119,,
RSGa,"retrosplenial granular cortex, a region",38,0,-5.15,-2.18,2.18,-1.47,label box,0.3597,0.2554,0.0203,0.0119,,
RSGa,"retrosplenial granular cortex, a region",38,1,-5.15,2.57,2.57,-1.6,label box,0.6057,0.2653,0.0203,0.0114,,
RSGb,"retrosplenial granular cortex, b region",38,0,-5.15,-1.26,1.26,-0.95,label box,0.4073,0.2134,0.0203,0.0119,,
RSGb,"retrosplenial granular cortex, b region",38,1,-5.15,1.64,1.64,-1.05,label box,0.5578,0.2213,0.0203,0.0119,,
SNC,"substantia nigra, compact part",38,0,-5.15,-1.56,1.56,-6.51,label box,0.3921,0.6622,0.0153,0.0119,,
SNC,"substantia nigra, compact part",38,1,-5.15,1.54,1.54,-6.64,label box,0.5523,0.6724,0.0153,0.0119,,
SNR,"substantia nigra, reticular part",38,0,-5.15,-1.91,1.91,-6.15,label box,0.3737,0.6332,0.0156,0.0119,,
SNR,"substantia nigra, reticular part",38,1,-5.15,2.01,2.01,-6.19,label box,0.5767,0.6366,0.0153,0.0119,,
STr,"subiculum, transition area",38,0,-5.15,-4.76,4.76,-4.34,label box,0.226,0.4869,0.0116,0.0125,,
STr,"subiculum, transition area",38,1,-5.15,4.85,4.85,-4.39,label box,0.7238,0.4906,0.0116,0.0119,,
Su3,supraoculomotor periaqueductal gray,38,0,-5.15,-0.39,0.39,-4.62,label box,0.4526,0.5094,0.0134,0.0119,,
Su3,supraoculomotor periaqueductal gray,38,1,-5.15,0.41,0.41,-4.61,label box,0.4942,0.5088,0.0138,0.0119,,
SuG,superficial gray layer of the superior colliculus,38,0,-5.15,0.88,0.88,-1.66,label box,0.5182,0.2707,0.0145,0.0119,,
SuG,superficial gray layer of the superior colliculus,38,1,-5.15,-0.98,0.98,-1.57,label box,0.4221,0.2634,0.0145,0.0125,,
SubB,subbrachial nucleus,38,0,-5.15,-2.42,2.42,-4.89,label box,0.3472,0.5315,0.0185,0.0119,,
SubB,subbrachial nucleus,38,1,-5.15,2.36,2.36,-5,label box,0.595,0.5401,0.0185,0.0119,,
TeA,temporal association cortex,38,0,-5.15,6.14,6.14,-3.65,label box,0.7911,0.431,0.0131,0.0119,,
TeA,temporal association cortex,38,1,-5.15,-6.32,6.32,-3.8,label box,0.1453,0.4435,0.0131,0.0119,,
V1B,"primary visual cortex, binocular area",38,0,-5.15,-4.69,4.69,-1.78,label box,0.2297,0.2801,0.0145,0.0114,,
V1B,"primary visual cortex, binocular area",38,1,-5.15,4.85,4.85,-1.93,label box,0.7238,0.2926,0.0145,0.0114,,
V1M,"primary visual cortex, monocular area",38,0,-5.15,-3.33,3.33,-1.03,label box,0.3,0.2199,0.0164,0.0114,,
V1M,"primary visual cortex, monocular area",38,1,-5.15,3.36,3.36,-1.12,label box,0.647,0.2267,0.0164,0.0114,,
V2L,"secondary visual cortex, lateral area",38,0,-5.15,-5.64,5.64,-2.8,label box,0.1804,0.3625,0.0142,0.0114,,
V2L,"secondary visual cortex, lateral area",38,1,-5.15,5.84,5.84,-2.93,label box,0.7753,0.3727,0.0142,0.0114,,
V2M,"secondary visual cortex, medial area",38,0,-5.15,-2.09,2.09,-0.6,label box,0.3643,0.1849,0.0164,0.0119,,
V2M,"secondary visual cortex, medial area",38,1,-5.15,2.13,2.13,-0.64,label box,0.583,0.1882,0.0167,0.0119,,
VLPAG,ventrolateral periaqueductal gray,38,0,-5.15,0.07,0.07,-4.33,label box,0.4764,0.4858,0.0247,0.0125,,
VTA,ventral tegmental area,38,0,-5.15,-0.6,0.6,-6.58,label box,0.4417,0.6679,0.0142,0.0119,,
VTA,ventral tegmental area,38,1,-5.15,0.54,0.54,-6.58,label box,0.5005,0.6676,0.0142,0.0114,,
Zo,zonal layer of the superior colliculus,38,0,-5.15,0.84,0.84,-1.49,label box,0.5162,0.2565,0.0084,0.0119,,
Zo,zonal layer of the superior colliculus,38,1,-5.15,-1.01,1.01,-1.38,label box,0.4205,0.2481,0.0084,0.0114,,
alv,alveus of the hippocampus,38,0,-5.15,5.16,5.16,-3.71,label box,0.74,0.4359,0.0098,0.0119,,
alv,alveus of the hippocampus,38,1,-5.15,-5.02,5.02,-3.74,label box,0.2128,0.4381,0.0098,0.0119,,
bic,brachium of the inferior colliculus,38,0,-5.15,-2.7,2.7,-3.29,label box,0.3328,0.4023,0.0102,0.0114,,
bic,brachium of the inferior colliculus,38,1,-5.15,2.74,2.74,-3.45,label box,0.6145,0.4148,0.0102,0.0114,,
cp,cerebral peduncle,38,0,-5.15,-1.06,1.06,-7.12,label box,0.4177,0.7114,0.0084,0.0114,,
cp,cerebral peduncle,38,1,-5.15,1.11,1.11,-7.22,label box,0.5305,0.7193,0.008,0.0114,,
dcw,deep cerebral white matter,38,0,-5.15,-4.64,4.64,-2.79,label box,0.2324,0.3614,0.0149,0.0119,,
dcw,deep cerebral white matter,38,1,-5.15,5.23,5.23,-3.26,label box,0.7437,0.3998,0.0149,0.0114,,
dhc,dorsal hippocampal commissure,38,0,-5.15,-4.01,4.01,-2.57,label box,0.2647,0.3438,0.0127,0.0119,,
dhc,dorsal hippocampal commissure,38,1,-5.15,4.29,4.29,-2.6,label box,0.6948,0.3467,0.0131,0.0119,,
fmj,forceps major of the corpus callosum,38,0,-5.15,-2.7,2.7,-1.43,label box,0.333,0.252,0.0113,0.0142,,
fmj,forceps major of the corpus callosum,38,1,-5.15,3.29,3.29,-1.68,label box,0.6434,0.2724,0.0113,0.0142,,
mRt,mesencehalic reticular formation,38,0,-5.15,0.88,0.88,-5.2,label box,0.5185,0.5568,0.0153,0.0114,,
mRt,mesencehalic reticular formation,38,1,-5.15,-0.96,0.96,-5.14,label box,0.4231,0.5518,0.0156,0.0119,,
ml,medial lemniscus,38,0,-5.15,-0.86,0.86,-6.77,label box,0.4284,0.6835,0.008,0.0114,,
ml,medial lemniscus,38,1,-5.15,0.82,0.82,-6.79,label box,0.5153,0.6847,0.0084,0.0119,,
mlf,medial longitudinal fasciculus,38,0,-5.15,-0.28,0.28,-5.32,label box,0.4582,0.5659,0.0109,0.0114,,
mlf,medial longitudinal fasciculus,38,1,-5.15,0.31,0.31,-5.32,label box,0.4887,0.5665,0.0109,0.0114,,
rf,rhinal fissure,38,0,-5.15,-6.42,6.42,-5.32,label box,0.1403,0.5659,0.0051,0.0114,,
rf,rhinal fissure,38,1,-5.15,6.27,6.27,-5.46,label box,0.7974,0.5773,0.0055,0.0114,,
4N,trochlear nucleus,39,0,-5.5,-0.29,0.29,-4.93,label box,0.4577,0.5347,0.0098,0.0114,,
4N,trochlear nucleus,39,1,-5.5,0.04,0.04,-5.24,leader tip,0.4821,0.5339,0.0094,0.0114,0.475,0.56
4Sh,trochlear nuclues shell region,39,0,-5.5,-0.32,0.32,-4.73,label box,0.4564,0.5185,0.0138,0.0119,,
4Sh,trochlear nuclues shell region,39,1,-5.5,0.25,0.25,-4.51,leader tip,0.4866,0.5182,0.0138,0.0114,0.4857,0.5004
Aq,aqueduct,39,0,-5.5,-0.07,0.07,-3.84,label box,0.4693,0.4469,0.0091,0.0142,,
CEnt,caudomedial entothinal cortex,39,0,-5.5,-4.04,4.04,-5.67,label box,0.2634,0.594,0.0167,0.0119,,
CEnt,caudomedial entothinal cortex,39,1,-5.5,4.28,4.28,-5.88,label box,0.6944,0.6111,0.0167,0.0119,,
CIC,central nucleus of the inferior colliculus,39,0,-5.5,-2.11,2.11,-3.98,label box,0.3636,0.4577,0.012,0.0119,,
CIC,central nucleus of the inferior colliculus,39,1,-5.5,2.12,2.12,-3.9,label box,0.5827,0.4514,0.012,0.0119,,
CLi,caudal linear nucleus of the raphe,39,0,-5.5,-0.05,0.05,-5.47,label box,0.4701,0.5779,0.0109,0.0119,,
DLPAG,dorsolateral periaqueductal gray,39,0,-5.5,-0.74,0.74,-3.45,label box,0.4342,0.4151,0.0247,0.0119,,
DLPAG,dorsolateral periaqueductal gray,39,1,-5.5,0.6,0.6,-3.43,label box,0.504,0.4134,0.0247,0.0119,,
DMPAG,dorsomedial periaqueductal gray,39,0,-5.5,-0.13,0.13,-3.12,label box,0.4662,0.3884,0.0276,0.0119,,
DRD,"dorsal raphe nucleus, dorsal part",39,0,-5.5,-0.05,0.05,-4.39,label box,0.4703,0.491,0.0163,0.0119,,
DRL,"dorsal raphe nucleus, lateral part",39,0,-5.5,-0.75,0.75,-4.51,label box,0.4337,0.5006,0.0149,0.0114,,
DRL,"dorsal raphe nucleus, lateral part",39,1,-5.5,0.65,0.65,-4.51,label box,0.5062,0.5006,0.0153,0.0114,,
DpG,deep gray layer of the superior colliculus,39,0,-5.5,-1.08,1.08,-2.67,label box,0.4166,0.3523,0.0149,0.0148,,
DpG,deep gray layer of the superior colliculus,39,1,-5.5,0.93,0.93,-2.67,label box,0.5209,0.3517,0.0149,0.0148,,
DpWh,deep white layer of the superior colliculus,39,0,-5.5,1.29,1.29,-4.01,label box,0.5398,0.4605,0.0214,0.0142,,
DpWh,deep white layer of the superior colliculus,39,1,-5.5,-1.43,1.43,-3.91,label box,0.3984,0.4521,0.0214,0.0148,,
ECIC,external cortex of the inferior colliculus,39,0,-5.5,2.58,2.58,-3.56,label box,0.6065,0.4236,0.0167,0.0119,,
ECIC,external cortex of the inferior colliculus,39,1,-5.5,-2.68,2.68,-3.51,label box,0.3341,0.42,0.0171,0.0119,,
Ect,ectorhinal cortex,39,0,-5.5,6.22,6.22,-3.83,label box,0.7951,0.4457,0.0109,0.0119,,
Ect,ectorhinal cortex,39,1,-5.5,-6.28,6.28,-3.99,label box,0.1475,0.4588,0.0109,0.0119,,
IPC,"interpeduncular nucleus, caudal subnucleus",39,0,-5.5,-0.04,0.04,-6.93,label box,0.4708,0.6964,0.0116,0.0125,,
InG,intermediate gray layer of the superior colliculus,39,0,-5.5,-1.09,1.09,-2.11,label box,0.4162,0.3065,0.0113,0.0119,,
InG,intermediate gray layer of the superior colliculus,39,1,-5.5,0.89,0.89,-2.09,label box,0.5189,0.3054,0.0116,0.0119,,
InWh,intermediate white layer of the superior colliculus,39,0,-5.5,-1.06,1.06,-2.35,label box,0.4177,0.3259,0.0178,0.0119,,
InWh,intermediate white layer of the superior colliculus,39,1,-5.5,0.92,0.92,-2.32,label box,0.5205,0.3239,0.0178,0.0114,,
LEnt,lateral entorhinal cortex,39,0,-5.5,5.53,5.53,-5.01,label box,0.7593,0.5409,0.0156,0.0114,,
LEnt,lateral entorhinal cortex,39,1,-5.5,-5.47,5.47,-5.36,label box,0.1895,0.569,0.0156,0.0119,,
LPAG,lateral periaqueductal gray,39,0,-5.5,-0.86,0.86,-3.85,label box,0.4284,0.4474,0.0189,0.0119,,
LPAG,lateral periaqueductal gray,39,1,-5.5,0.67,0.67,-3.85,label box,0.5077,0.4472,0.0192,0.0119,,
MEnt,medial entorhinal cortex,39,0,-5.5,5.03,5.03,-5.94,label box,0.7336,0.6159,0.0182,0.0114,,
MEnt,medial entorhinal cortex,39,1,-5.5,-4.67,4.67,-6.24,label box,0.2309,0.6406,0.0185,0.0119,,
Me5,mesencephalic trigeminal nucleus,39,0,-5.5,1.3,1.3,-3.77,label box,0.5402,0.4409,0.0171,0.017,,
Me5,mesencephalic trigeminal nucleus,39,1,-5.5,-1.39,1.39,-3.66,label box,0.4009,0.4319,0.0185,0.0119,,
MiTg,microcellular tegmental nucleus,39,0,-5.5,-2.49,2.49,-4.65,label box,0.3436,0.5116,0.0171,0.0142,,
MiTg,microcellular tegmental nucleus,39,1,-5.5,2.39,2.39,-4.67,label box,0.5965,0.5139,0.0171,0.0142,,
MnR,median raphe nucleus,39,0,-5.5,-0.02,0.02,-6.41,label box,0.4715,0.654,0.0167,0.0119,,
Op,optic nerve layer of the superior colliculus,39,0,-5.5,-1.1,1.1,-1.84,label box,0.4157,0.2849,0.0094,0.0142,,
Op,optic nerve layer of the superior colliculus,39,1,-5.5,0.89,0.89,-1.91,label box,0.5189,0.2906,0.0094,0.0142,,
PBG,parabigeminal nucleus,39,0,-5.5,-2.83,2.83,-4.99,label box,0.3261,0.5395,0.0149,0.0119,,
PBG,parabigeminal nucleus,39,1,-5.5,2.78,2.78,-5,label box,0.6168,0.5401,0.0149,0.0119,,
PDR,posterodorsal raphe nucleus,39,0,-5.5,-0.78,0.78,-4.69,label box,0.4325,0.5154,0.0156,0.0119,,
PDR,posterodorsal raphe nucleus,39,1,-5.5,0.62,0.62,-4.71,label box,0.5047,0.5171,0.0156,0.0119,,
PMnR,paramedian raphe nucleus,39,0,-5.5,-0.03,0.03,-5.97,label box,0.4713,0.6188,0.0218,0.0114,,
PRh,perirhinal cortex,39,0,-5.5,6,6,-4.23,label box,0.7836,0.4784,0.0142,0.0114,,
PRh,perirhinal cortex,39,1,-5.5,-6.03,6.03,-4.47,label box,0.1602,0.4972,0.0145,0.0114,,
PTg,pedunculopontine tegmental nucleus,39,0,-5.5,-1.55,1.55,-5.55,label box,0.3926,0.5844,0.0134,0.0142,,
PTg,pedunculopontine tegmental nucleus,39,1,-5.5,1.55,1.55,-5.56,label box,0.5529,0.5858,0.0134,0.0148,,
PaS,parasubiculum,39,0,-5.5,-4.02,4.02,-4.68,label box,0.2644,0.5148,0.0134,0.0114,,
PaS,parasubiculum,39,1,-5.5,4.19,4.19,-4.89,label box,0.6897,0.5315,0.0131,0.0119,,
Pn,pontine nuclei,39,0,-5.5,0.75,0.75,-7.24,label box,0.5118,0.7216,0.0084,0.0114,,
Pn,pontine nuclei,39,1,-5.5,-0.96,0.96,-7.12,label box,0.4231,0.7114,0.0084,0.0119,,
PnO,"pontine reticular nucleus, oral part",39,0,-5.5,1.37,1.37,-6.05,label box,0.5436,0.6253,0.0138,0.0119,,
PnO,"pontine reticular nucleus, oral part",39,1,-5.5,-1.29,1.29,-6.07,label box,0.406,0.6268,0.0142,0.0119,,
Post,postsubiculum,39,0,-5.5,-3.49,3.49,-2.7,label box,0.2918,0.3543,0.0153,0.0119,,
Post,postsubiculum,39,1,-5.5,3.83,3.83,-3.01,label box,0.671,0.3798,0.0156,0.0119,,
PrCnF,precuneiform area,39,0,-5.5,-1.56,1.56,-4.39,label box,0.3917,0.4906,0.0211,0.0119,,
PrCnF,precuneiform area,39,1,-5.5,1.38,1.38,-4.37,label box,0.5443,0.4895,0.0211,0.0119,,
Pta,pericollicular tegmental area,39,0,-5.5,-2.39,2.39,-4.23,label box,0.3487,0.4778,0.0113,0.0114,,
Pta,pericollicular tegmental area,39,1,-5.5,2.12,2.12,-4.27,label box,0.5828,0.4815,0.0109,0.0119,,
RR,retrorubral nucleus,39,0,-5.5,-2.19,2.19,-5.47,label box,0.359,0.5784,0.0102,0.0114,,
RR,retrorubral nucleus,39,1,-5.5,2.18,2.18,-5.39,label box,0.5858,0.5716,0.0102,0.0114,,
RRF,retrorubral field,39,0,-5.5,-0.99,0.99,-5.44,label box,0.4213,0.5756,0.0149,0.0114,,
RRF,retrorubral field,39,1,-5.5,0.99,0.99,-5.47,label box,0.524,0.5784,0.0145,0.0114,,
RSD,retrosplenial dysgranular cortex,39,0,-5.5,-1.23,1.23,-0.52,label box,0.4088,0.1787,0.0153,0.0119,,
RSD,retrosplenial dysgranular cortex,39,1,-5.5,1.35,1.35,-0.61,label box,0.5429,0.1855,0.0153,0.0119,,
RSGa,"retrosplenial granular cortex, a region",39,0,-5.5,-2.41,2.41,-1.65,label box,0.3479,0.2696,0.02,0.0119,,
RSGa,"retrosplenial granular cortex, a region",39,1,-5.5,2.57,2.57,-1.67,label box,0.6059,0.271,0.02,0.0125,,
RSGb,"retrosplenial granular cortex, b region",39,0,-5.5,-1.68,1.68,-1.11,label box,0.3859,0.2256,0.0203,0.0114,,
RSGb,"retrosplenial granular cortex, b region",39,1,-5.5,1.82,1.82,-1.18,label box,0.5672,0.2313,0.0203,0.0114,,
Rbd,rhabdoid nucleus,39,0,-5.5,-0.28,0.28,-6.25,label box,0.4582,0.6415,0.0138,0.0114,,
Rbd,rhabdoid nucleus,39,1,-5.5,0.25,0.25,-6.26,label box,0.4855,0.642,0.0138,0.0114,,
Su3,supraoculomotor periaqueductal gray,39,0,-5.5,-0.36,0.36,-4.53,label box,0.4543,0.5026,0.0142,0.0125,,
SuG,superficial gray layer of the superior colliculus,39,0,-5.5,0.87,0.87,-1.64,label box,0.5178,0.269,0.0145,0.0119,,
SuG,superficial gray layer of the superior colliculus,39,1,-5.5,-1.11,1.11,-1.56,label box,0.4152,0.2626,0.0145,0.0119,,
TeA,temporal association cortex,39,0,-5.5,-6.05,6.05,-3.23,label box,0.1592,0.3972,0.0131,0.0114,,
TeA,temporal association cortex,39,1,-5.5,5.96,5.96,-3.24,label box,0.7816,0.3977,0.0131,0.0114,,
V1B,"primary visual cortex, binocular area",39,0,-5.5,-4.75,4.75,-1.82,label box,0.2264,0.2835,0.0145,0.0114,,
V1B,"primary visual cortex, binocular area",39,1,-5.5,4.79,4.79,-1.8,label box,0.7211,0.2819,0.0149,0.0119,,
V1M,"primary visual cortex, monocular area",39,0,-5.5,-3.42,3.42,-1.05,label box,0.2954,0.221,0.016,0.0114,,
V1M,"primary visual cortex, monocular area",39,1,-5.5,3.24,3.24,-0.95,label box,0.6405,0.2132,0.0163,0.0119,,
V2L,"secondary visual cortex, lateral area",39,0,-5.5,-5.39,5.39,-2.43,label box,0.1935,0.333,0.0142,0.0114,,
V2L,"secondary visual cortex, lateral area",39,1,-5.5,5.59,5.59,-2.49,label box,0.7622,0.3375,0.0142,0.0114,,
V2M,"secondary visual cortex, medial area",39,0,-5.5,-1.84,1.84,-0.53,label box,0.3774,0.179,0.0164,0.0114,,
V2M,"secondary visual cortex, medial area",39,1,-5.5,2.01,2.01,-0.62,label box,0.5769,0.1864,0.0164,0.0114,,
VLPAG,ventrolateral periaqueductal gray,39,0,-5.5,-0.06,0.06,-4.18,label box,0.4695,0.4741,0.0247,0.0119,,
Zo,zonal layer of the superior colliculus,39,0,-5.5,0.86,0.86,-1.43,label box,0.5171,0.252,0.008,0.0119,,
Zo,zonal layer of the superior colliculus,39,1,-5.5,-1.1,1.1,-1.38,label box,0.4156,0.2481,0.0087,0.0114,,
bic,brachium of the inferior colliculus,39,0,-5.5,2.53,2.53,-2.81,label box,0.6036,0.3631,0.0102,0.0114,,
bic,brachium of the inferior colliculus,39,1,-5.5,-2.7,2.7,-2.94,label box,0.3328,0.3741,0.0102,0.0119,,
cp,cerebral peduncle,39,0,-5.5,-1.29,1.29,-6.75,label box,0.4059,0.6818,0.008,0.0114,,
cp,cerebral peduncle,39,1,-5.5,1.1,1.1,-6.88,label box,0.5298,0.6924,0.0084,0.0114,,
dcw,deep cerebral white matter,39,0,-5.5,4.63,4.63,-3.55,label box,0.7124,0.4234,0.0149,0.0119,,
dcw,deep cerebral white matter,39,1,-5.5,-4.61,4.61,-3.6,label box,0.2339,0.4273,0.0149,0.0119,,
fmj,forceps major of the corpus callosum,39,0,-5.5,-3.8,3.8,-2.2,label box,0.2756,0.314,0.0113,0.0148,,
fmj,forceps major of the corpus callosum,39,1,-5.5,4.26,4.26,-2.46,label box,0.6936,0.335,0.0113,0.0148,,
isRt,isthmic reticular formation,39,0,-5.5,-1.29,1.29,-5.01,label box,0.4061,0.5412,0.0142,0.0119,,
isRt,isthmic reticular formation,39,1,-5.5,1.07,1.07,-5,label box,0.5283,0.5403,0.0145,0.0114,,
ll,lateral lemniscus,39,0,-5.5,-2.9,2.9,-4.59,label box,0.3225,0.5068,0.0025,0.0114,,
ll,lateral lemniscus,39,1,-5.5,2.77,2.77,-4.62,label box,0.6165,0.5097,0.0025,0.0114,,
ll,lateral lemniscus,39,2,-5.5,-2.03,2.03,-5.95,label box,0.3677,0.617,0.0029,0.0114,,
ll,lateral lemniscus,39,3,-5.5,2.12,2.12,-5.86,label box,0.5824,0.61,0.0025,0.0114,,
ml,medial lemniscus,39,0,-5.5,-1.02,1.02,-6.56,label box,0.4197,0.6662,0.008,0.0108,,
ml,medial lemniscus,39,1,-5.5,0.88,0.88,-6.64,label box,0.5185,0.6724,0.008,0.0108,,
mlf,medial longitudinal fasciculus,39,0,-5.5,0.28,0.28,-5.09,label box,0.4871,0.5477,0.0113,0.0114,,
mlf,medial longitudinal fasciculus,39,1,-5.5,-0.38,0.38,-5.15,label box,0.4528,0.5523,0.0109,0.0114,,
rf,rhinal fissure,39,0,-5.5,6.21,6.21,-4.76,label box,0.7947,0.521,0.0051,0.0114,,
rf,rhinal fissure,39,1,-5.5,-6.14,6.14,-5.07,label box,0.1544,0.546,0.0051,0.0114,,
tfp,transverse fibers of the pons,39,0,-5.5,-0.02,0.02,-7.2,label box,0.4715,0.718,0.0087,0.0114,,
ts,tectospinal tract,39,0,-5.5,-0.43,0.43,-5.38,label box,0.4504,0.5707,0.0062,0.0108,,
ts,tectospinal tract,39,1,-5.5,0.33,0.33,-5.36,label box,0.49,0.569,0.0062,0.0108,,
ts,tectospinal tract,39,2,-5.5,-0.63,0.63,-6.23,label box,0.4399,0.6395,0.0062,0.0108,,
ts,tectospinal tract,39,3,-5.5,0.53,0.53,-6.26,label box,0.5,0.6423,0.0065,0.0108,,
xscp,decussation of the superior cerebellar peduncle,39,0,-5.5,-0.03,0.03,-5.73,label box,0.4711,0.5994,0.0171,0.0114,,
4N,trochlear nucleus,40,0,-5.85,-0.36,0.36,-4.93,label box,0.4539,0.535,0.0098,0.0114,,
4N,trochlear nucleus,40,1,-5.85,0.27,0.27,-4.93,label box,0.4868,0.535,0.0094,0.0114,,
ATg,anterior tegmental nucleus,40,0,-5.85,-0.3,0.3,-5.98,label box,0.4571,0.6196,0.0131,0.0142,,
ATg,anterior tegmental nucleus,40,1,-5.85,0.3,0.3,-5.98,label box,0.4884,0.6196,0.0131,0.0142,,
Aq,aqueduct,40,0,-5.85,-0.07,0.07,-3.84,label box,0.4693,0.4469,0.0091,0.0142,,
CEnt,caudomedial entothinal cortex,40,0,-5.85,4.12,4.12,-5.83,label box,0.6864,0.6077,0.0167,0.0119,,
CIC,central nucleus of the inferior colliculus,40,0,-5.85,-2.13,2.13,-3.73,label box,0.3621,0.4378,0.012,0.0119,,
CIC,central nucleus of the inferior colliculus,40,1,-5.85,2.05,2.05,-3.83,label box,0.579,0.4457,0.012,0.0119,,
DCIC,dorsal cortex of the inferior colliculus,40,0,-5.85,1.84,1.84,-3.16,label box,0.5683,0.3918,0.0174,0.0119,,
DCIC,dorsal cortex of the inferior colliculus,40,1,-5.85,-1.87,1.87,-2.98,label box,0.3757,0.3773,0.0174,0.0119,,
DLPAG,dorsolateral periaqueductal gray,40,0,-5.85,-0.67,0.67,-3.35,label box,0.4379,0.4071,0.0247,0.0119,,
DLPAG,dorsolateral periaqueductal gray,40,1,-5.85,0.62,0.62,-3.39,label box,0.5046,0.4103,0.0247,0.0119,,
DMPAG,dorsomedial periaqueductal gray,40,0,-5.85,-0.01,0.01,-3.16,label box,0.4723,0.3916,0.0276,0.0119,,
DRD,"dorsal raphe nucleus, dorsal part",40,0,-5.85,-0.02,0.02,-4.56,label box,0.4717,0.5046,0.0163,0.0119,,
DRL,"dorsal raphe nucleus, lateral part",40,0,-5.85,-0.35,0.35,-4.43,label box,0.4548,0.4943,0.0149,0.0114,,
DRL,"dorsal raphe nucleus, lateral part",40,1,-5.85,0.42,0.42,-4.44,label box,0.4947,0.4949,0.0149,0.0114,,
DRV,"dorsal raphe nucleus, ventral part",40,0,-5.85,-0.02,0.02,-5.13,label box,0.4718,0.5506,0.0156,0.0114,,
DpG,deep gray layer of the superior colliculus,40,0,-5.85,-1.07,1.07,-2.79,label box,0.4173,0.3614,0.0149,0.0148,,
DpG,deep gray layer of the superior colliculus,40,1,-5.85,1.03,1.03,-2.83,label box,0.526,0.3651,0.0149,0.0142,,
DpWh,deep white layer of the superior colliculus,40,0,-5.85,-1.33,1.33,-3.38,label box,0.4039,0.4094,0.0214,0.0142,,
DpWh,deep white layer of the superior colliculus,40,1,-5.85,1.14,1.14,-3.32,label box,0.5318,0.4043,0.0214,0.0142,,
ECIC,external cortex of the inferior colliculus,40,0,-5.85,2.66,2.66,-3.44,label box,0.6108,0.4139,0.0167,0.0119,,
ECIC,external cortex of the inferior colliculus,40,1,-5.85,-2.74,2.74,-3.51,label box,0.331,0.4202,0.0167,0.0119,,
Ect,ectorhinal cortex,40,0,-5.85,-5.67,5.67,-3.52,label box,0.1788,0.4207,0.0109,0.0119,,
Ect,ectorhinal cortex,40,1,-5.85,5.78,5.78,-3.66,label box,0.7722,0.4324,0.0109,0.0114,,
INLL,intermediate nucleus of the lateral lemniscus,40,0,-5.85,2.58,2.58,-5.19,label box,0.6065,0.556,0.016,0.0119,,
INLL,intermediate nucleus of the lateral lemniscus,40,1,-5.85,-2.53,2.53,-5.11,label box,0.3417,0.5489,0.0163,0.0119,,
IPC,"interpeduncular nucleus, caudal subnucleus",40,0,-5.85,-0.05,0.05,-7.23,label box,0.4702,0.7205,0.0116,0.0125,,
InG,intermediate gray layer of the superior colliculus,40,0,-5.85,0.82,0.82,-2.35,label box,0.5153,0.3265,0.0113,0.0125,,
InG,intermediate gray layer of the superior colliculus,40,1,-5.85,-1.2,1.2,-2.38,label box,0.4103,0.3282,0.0113,0.0125,,
InWh,intermediate white layer of the superior colliculus,40,0,-5.85,1.18,1.18,-2.35,label box,0.534,0.3265,0.0182,0.0114,,
InWh,intermediate white layer of the superior colliculus,40,1,-5.85,-0.85,0.85,-2.38,label box,0.4289,0.3282,0.0178,0.0114,,
LEnt,lateral entorhinal cortex,40,0,-5.85,-5.56,5.56,-4.82,label box,0.1848,0.5256,0.0156,0.0114,,
LEnt,lateral entorhinal cortex,40,1,-5.85,5.63,5.63,-4.96,label box,0.7647,0.5369,0.0156,0.0114,,
LPAG,lateral periaqueductal gray,40,0,-5.85,0.67,0.67,-3.75,label box,0.5076,0.4395,0.0189,0.0119,,
LPAG,lateral periaqueductal gray,40,1,-5.85,-0.8,0.8,-3.78,label box,0.4311,0.4418,0.0193,0.0119,,
MEnt,medial entorhinal cortex,40,0,-5.85,-4.71,4.71,-6,label box,0.2289,0.621,0.0182,0.0114,,
MEnt,medial entorhinal cortex,40,1,-5.85,5.11,5.11,-6.12,label box,0.7373,0.631,0.0182,0.0119,,
Me5,mesencephalic trigeminal nucleus,40,0,-5.85,1.2,1.2,-4.02,label box,0.5347,0.4611,0.0149,0.0142,,
Me5,mesencephalic trigeminal nucleus,40,1,-5.85,-1.24,1.24,-3.88,label box,0.4083,0.4495,0.0174,0.0119,,
MnR,median raphe nucleus,40,0,-5.85,-0.02,0.02,-6.55,label box,0.4717,0.6654,0.0163,0.0119,,
Op,optic nerve layer of the superior colliculus,40,0,-5.85,-1.04,1.04,-2.02,label box,0.4186,0.2997,0.0094,0.0142,,
Op,optic nerve layer of the superior colliculus,40,1,-5.85,0.91,0.91,-2.03,label box,0.52,0.3003,0.0094,0.0142,,
PBG,parabigeminal nucleus,40,0,-5.85,-2.82,2.82,-4.82,label box,0.3265,0.5259,0.0149,0.0119,,
PBG,parabigeminal nucleus,40,1,-5.85,2.89,2.89,-4.97,label box,0.6225,0.5375,0.0153,0.0114,,
PDR,posterodorsal raphe nucleus,40,0,-5.85,-0.67,0.67,-4.71,label box,0.4379,0.5165,0.0156,0.0119,,
PL,paralemniscal nucleus,40,0,-5.85,-2.55,2.55,-4.47,label box,0.3408,0.4977,0.0087,0.0114,,
PL,paralemniscal nucleus,40,1,-5.85,2.6,2.6,-4.6,label box,0.6074,0.508,0.0091,0.0114,,
PMnR,paramedian raphe nucleus,40,0,-5.85,0.32,0.32,-6.34,label box,0.4895,0.6489,0.0211,0.0114,,
PMnR,paramedian raphe nucleus,40,1,-5.85,-0.33,0.33,-6.32,label box,0.4557,0.6472,0.0214,0.0119,,
PRh,perirhinal cortex,40,0,-5.85,-5.76,5.76,-4.03,label box,0.1742,0.4622,0.0142,0.0119,,
PRh,perirhinal cortex,40,1,-5.85,5.85,5.85,-4.21,label box,0.776,0.4767,0.0142,0.0114,,
PTg,pedunculopontine tegmental nucleus,40,0,-5.85,-1.24,1.24,-5.65,label box,0.4086,0.5929,0.0134,0.0142,,
PTg,pedunculopontine tegmental nucleus,40,1,-5.85,1.31,1.31,-5.78,label box,0.5407,0.6029,0.0134,0.0142,,
Pa4,paratrochlear nucleus,40,0,-5.85,-0.71,0.71,-5.09,label box,0.4359,0.5472,0.0131,0.0119,,
Pa4,paratrochlear nucleus,40,1,-5.85,0.75,0.75,-5.14,label box,0.5115,0.5518,0.0131,0.0119,,
PaS,parasubiculum,40,0,-5.85,-3.86,3.86,-4.1,label box,0.2727,0.4676,0.0134,0.0114,,
PaS,parasubiculum,40,1,-5.85,4,4,-4.06,label box,0.6802,0.4645,0.0131,0.0119,,
Pn,pontine nuclei,40,0,-5.85,-0.81,0.81,-7.64,label box,0.4308,0.7537,0.0084,0.0119,,
Pn,pontine nuclei,40,1,-5.85,0.61,0.61,-7.61,label box,0.5042,0.7511,0.0084,0.0114,,
PnO,"pontine reticular nucleus, oral part",40,0,-5.85,-0.96,0.96,-6.38,label box,0.423,0.6514,0.0138,0.0119,,
PnO,"pontine reticular nucleus, oral part",40,1,-5.85,1.07,1.07,-6.37,label box,0.5282,0.6509,0.0142,0.0119,,
Post,postsubiculum,40,0,-5.85,-3.6,3.6,-2.84,label box,0.2863,0.3659,0.0153,0.0114,,
Post,postsubiculum,40,1,-5.85,3.81,3.81,-2.91,label box,0.6702,0.3713,0.0156,0.0119,,
PrCnF,precuneiform area,40,0,-5.85,-1.52,1.52,-4.48,label box,0.3941,0.498,0.0214,0.0119,,
PrCnF,precuneiform area,40,1,-5.85,1.52,1.52,-4.5,label box,0.5516,0.4998,0.0214,0.0125,,
Pta,pericollicular tegmental area,40,0,-5.85,-1.79,1.79,-4.18,label box,0.3799,0.4739,0.0113,0.0114,,
Pta,pericollicular tegmental area,40,1,-5.85,1.55,1.55,-4.06,label box,0.5529,0.4645,0.0156,0.0199,,
RR,retrorubral nucleus,40,0,-5.85,-1.96,1.96,-5.79,label box,0.371,0.6045,0.0102,0.0114,,
RR,retrorubral nucleus,40,1,-5.85,2.06,2.06,-5.79,label box,0.5796,0.604,0.0102,0.0114,,
RSD,retrosplenial dysgranular cortex,40,0,-5.85,2.17,2.17,-1.61,label box,0.585,0.266,0.0156,0.0119,,
RSD,retrosplenial dysgranular cortex,40,1,-5.85,-2.55,2.55,-1.74,label box,0.3406,0.2765,0.0156,0.0125,,
RSG,retrosplenial granular cortex,40,0,-5.85,2.54,2.54,-1.61,label box,0.6042,0.266,0.0156,0.0119,,
RSG,retrosplenial granular cortex,40,1,-5.85,-2.18,2.18,-1.74,label box,0.3599,0.2765,0.0156,0.0125,,
SPTg,subpeduncular tegmental nucleus,40,0,-5.85,0.72,0.72,-5.92,label box,0.51,0.6148,0.0185,0.0148,,
SPTg,subpeduncular tegmental nucleus,40,1,-5.85,-0.71,0.71,-5.93,label box,0.4359,0.6151,0.0189,0.0148,,
SuG,superficial gray layer of the superior colliculus,40,0,-5.85,0.91,0.91,-1.78,label box,0.5198,0.2804,0.0142,0.0119,,
SuG,superficial gray layer of the superior colliculus,40,1,-5.85,-1.03,1.03,-1.79,label box,0.4192,0.2813,0.0145,0.0119,,
V1,primary visual cortex,40,0,-5.85,-4.23,4.23,-1.77,label box,0.2536,0.279,0.008,0.0114,,
V1,primary visual cortex,40,1,-5.85,4.42,4.42,-1.96,label box,0.7017,0.2949,0.008,0.0114,,
V2L,"secondary visual cortex, lateral area",40,0,-5.85,5.58,5.58,-2.95,label box,0.7618,0.3747,0.0142,0.0119,,
V2L,"secondary visual cortex, lateral area",40,1,-5.85,-5.54,5.54,-2.85,label box,0.1858,0.3663,0.0145,0.0114,,
V2M,"secondary visual cortex, medial area",40,0,-5.85,2.37,2.37,-0.9,label box,0.5957,0.2088,0.0164,0.0119,,
V2M,"secondary visual cortex, medial area",40,1,-5.85,-2.14,2.14,-0.83,label box,0.3619,0.2035,0.0167,0.0119,,
VLPAG,ventrolateral periaqueductal gray,40,0,-5.85,-0.55,0.55,-4.22,label box,0.4444,0.477,0.0247,0.0119,,
VLPAG,ventrolateral periaqueductal gray,40,1,-5.85,0.65,0.65,-4.23,label box,0.5062,0.4781,0.0247,0.0119,,
VNLL,ventral nucleus of the lateral lemniscus,40,0,-5.85,-1.69,1.69,-6.18,label box,0.3849,0.6359,0.02,0.0119,,
VNLL,ventral nucleus of the lateral lemniscus,40,1,-5.85,1.75,1.75,-6.19,label box,0.5634,0.6364,0.0196,0.0119,,
Zo,zonal layer of the superior colliculus,40,0,-5.85,0.9,0.9,-1.58,label box,0.5193,0.2636,0.008,0.0114,,
Zo,zonal layer of the superior colliculus,40,1,-5.85,-1.04,1.04,-1.58,label box,0.4187,0.2643,0.0084,0.0119,,
bic,brachium of the inferior colliculus,40,0,-5.85,-2.42,2.42,-2.36,label box,0.3472,0.3267,0.0098,0.0114,,
bic,brachium of the inferior colliculus,40,1,-5.85,2.42,2.42,-2.43,label box,0.5983,0.3327,0.0098,0.0119,,
isRt,isthmic reticular formation,40,0,-5.85,-1.35,1.35,-5.08,label box,0.403,0.5469,0.0145,0.0119,,
isRt,isthmic reticular formation,40,1,-5.85,1.29,1.29,-5.09,label box,0.5396,0.5477,0.0145,0.0114,,
lfp,longitudinal fasciculus of the pons,40,0,-5.85,-0.81,0.81,-7.22,label box,0.4307,0.7199,0.0084,0.0142,,
lfp,longitudinal fasciculus of the pons,40,1,-5.85,0.59,0.59,-7.23,label box,0.5033,0.7208,0.0084,0.0148,,
ll,lateral lemniscus,40,0,-5.85,2.92,2.92,-4.42,label box,0.624,0.4938,0.0029,0.0119,,
ll,lateral lemniscus,40,1,-5.85,2.3,2.3,-5.97,label box,0.5921,0.6185,0.0029,0.0114,,
ll,lateral lemniscus,40,2,-5.85,-2.08,2.08,-6.11,label box,0.365,0.6299,0.0025,0.0114,,
mcp,middle cerebellar peduncle,40,0,-5.85,-1.89,1.89,-7.02,label box,0.3746,0.7034,0.0153,0.0114,,
mcp,middle cerebellar peduncle,40,1,-5.85,1.84,1.84,-7.19,label box,0.5679,0.7174,0.0156,0.0114,,
ml,medial lemniscus,40,0,-5.85,-0.71,0.71,-7.02,label box,0.4357,0.7034,0.008,0.0114,,
ml,medial lemniscus,40,1,-5.85,0.68,0.68,-7,label box,0.508,0.7017,0.008,0.0114,,
mlf,medial longitudinal fasciculus,40,0,-5.85,-0.36,0.36,-5.26,label box,0.4542,0.5614,0.0109,0.0114,,
mlf,medial longitudinal fasciculus,40,1,-5.85,0.32,0.32,-5.23,label box,0.4891,0.5591,0.0109,0.0114,,
rf,rhinal fissure,40,0,-5.85,-5.87,5.87,-4.45,label box,0.1686,0.496,0.0051,0.0114,,
rf,rhinal fissure,40,1,-5.85,6.07,6.07,-4.72,label box,0.7874,0.5176,0.0051,0.0114,,
ts,tectospinal tract,40,0,-5.85,-0.44,0.44,-6.75,label box,0.45,0.6813,0.0062,0.0114,,
ts,tectospinal tract,40,1,-5.85,0.41,0.41,-6.8,label box,0.494,0.6855,0.0062,0.0108,,
xscp,decussation of the superior cerebellar peduncle,40,0,-5.85,-0.03,0.03,-5.69,label box,0.4713,0.5958,0.0171,0.0114,,
4Cb,4th cerebellar lobule,41,0,-6.2,-0.04,0.04,-1.69,label box,0.4706,0.273,0.0145,0.0119,,
4n,trochlear nerve,41,0,-6.2,-0.97,0.97,-4.8,label box,0.4224,0.5239,0.0084,0.0114,,
4n,trochlear nerve,41,1,-6.2,0.91,0.91,-4.74,label box,0.52,0.5196,0.0109,0.0256,,
ATg,anterior tegmental nucleus,41,0,-6.2,0.19,0.19,-5.79,label box,0.4826,0.6037,0.0131,0.0142,,
ATg,anterior tegmental nucleus,41,1,-6.2,-0.27,0.27,-5.77,label box,0.4586,0.6021,0.0134,0.0148,,
Aq,aqueduct,41,0,-6.2,-0.03,0.03,-3.86,label box,0.4712,0.4481,0.0094,0.0148,,
CEnt,caudomedial entothinal cortex,41,0,-6.2,-3.98,3.98,-4.55,label box,0.2664,0.5037,0.0167,0.0119,,
CEnt,caudomedial entothinal cortex,41,1,-6.2,4.07,4.07,-4.69,label box,0.6837,0.5154,0.0171,0.0119,,
CIC,central nucleus of the inferior colliculus,41,0,-6.2,1.99,1.99,-3.47,label box,0.5758,0.417,0.012,0.0125,,
CIC,central nucleus of the inferior colliculus,41,1,-6.2,-1.86,1.86,-3.51,label box,0.3766,0.4202,0.012,0.0119,,
CnF,cuneiform nucleus,41,0,-6.2,-1.61,1.61,-4.8,label box,0.3894,0.5244,0.0134,0.0114,,
CnF,cuneiform nucleus,41,1,-6.2,1.57,1.57,-4.79,label box,0.554,0.523,0.0134,0.0119,,
DCIC,dorsal cortex of the inferior colliculus,41,0,-6.2,1.44,1.44,-2.63,label box,0.5472,0.3486,0.0174,0.0119,,
DCIC,dorsal cortex of the inferior colliculus,41,1,-6.2,-1.14,1.14,-2.71,label box,0.4138,0.3549,0.0174,0.0125,,
DLPAG,dorsolateral periaqueductal gray,41,0,-6.2,0.59,0.59,-3.31,label box,0.5033,0.4037,0.0247,0.0119,,
DLPAG,dorsolateral periaqueductal gray,41,1,-6.2,-0.58,0.58,-3.3,label box,0.4425,0.4032,0.0247,0.0125,,
DMIC,dorsomedial nucleus of the inferior colliculus,41,0,-6.2,-1.22,1.22,-3.5,label box,0.4097,0.419,0.0193,0.0119,,
DMIC,dorsomedial nucleus of the inferior colliculus,41,1,-6.2,1.27,1.27,-3.51,label box,0.5387,0.4196,0.0193,0.0119,,
DMPAG,dorsomedial periaqueductal gray,41,0,-6.2,-0.01,0.01,-3.13,label box,0.4724,0.3893,0.0272,0.0119,,
DNLL,dorsal nucleus of the lateral lemniscus,41,0,-6.2,2.49,2.49,-5.12,label box,0.6015,0.5501,0.0196,0.0119,,
DNLL,dorsal nucleus of the lateral lemniscus,41,1,-6.2,-2.48,2.48,-5.12,label box,0.3444,0.5501,0.0196,0.0119,,
DRD,"dorsal raphe nucleus, dorsal part",41,0,-6.2,-0.04,0.04,-4.82,label box,0.4706,0.5254,0.0163,0.0114,,
DRL,"dorsal raphe nucleus, lateral part",41,0,-6.2,-0.68,0.68,-4.78,label box,0.4375,0.5222,0.0153,0.0114,,
DRL,"dorsal raphe nucleus, lateral part",41,1,-6.2,0.65,0.65,-4.74,label box,0.5065,0.5196,0.0138,0.0256,,
DRV,"dorsal raphe nucleus, ventral part",41,0,-6.2,-0.02,0.02,-5.21,label box,0.4719,0.5575,0.016,0.0119,,
DpG,deep gray layer of the superior colliculus,41,0,-6.2,0.79,0.79,-2.78,label box,0.5136,0.3608,0.0149,0.0148,,
DpG,deep gray layer of the superior colliculus,41,1,-6.2,-0.67,0.67,-2.78,label box,0.4379,0.3606,0.0149,0.0148,,
DpWh,deep white layer of the superior colliculus,41,0,-6.2,0.01,0.01,-2.87,label box,0.4733,0.3685,0.0214,0.0108,,
ECIC,external cortex of the inferior colliculus,41,0,-6.2,-2.64,2.64,-3.09,label box,0.3358,0.3861,0.0167,0.0119,,
ECIC,external cortex of the inferior colliculus,41,1,-6.2,2.59,2.59,-3.02,label box,0.6068,0.3804,0.0167,0.0119,,
Ect,ectorhinal cortex,41,0,-6.2,5.48,5.48,-2.82,label box,0.7565,0.3639,0.0109,0.0119,,
Ect,ectorhinal cortex,41,1,-6.2,-5.62,5.62,-2.94,label box,0.1813,0.3741,0.0109,0.0119,,
INLL,intermediate nucleus of the lateral lemniscus,41,0,-6.2,-2.43,2.43,-5.7,label box,0.3467,0.5972,0.016,0.0114,,
INLL,intermediate nucleus of the lateral lemniscus,41,1,-6.2,2.48,2.48,-5.75,label box,0.601,0.6009,0.016,0.0119,,
InG,intermediate gray layer of the superior colliculus,41,0,-6.2,0.48,0.48,-2.47,label box,0.4978,0.3359,0.0113,0.0119,,
InG,intermediate gray layer of the superior colliculus,41,1,-6.2,-0.76,0.76,-2.48,label box,0.4336,0.3364,0.0113,0.0119,,
InG,intermediate gray layer of the superior colliculus,41,2,-6.2,0.63,0.63,-2.47,label box,0.5053,0.3362,0.0261,0.0125,,
InWh,intermediate white layer of the superior colliculus,41,0,-6.2,0.63,0.63,-2.47,label box,0.5053,0.3362,0.0261,0.0125,,
LEnt,lateral entorhinal cortex,41,0,-6.2,5.43,5.43,-4.19,label box,0.7542,0.475,0.0156,0.0114,,
LEnt,lateral entorhinal cortex,41,1,-6.2,-5.32,5.32,-4.24,label box,0.1968,0.479,0.0156,0.0114,,
LPAG,lateral periaqueductal gray,41,0,-6.2,-0.79,0.79,-3.72,label box,0.4317,0.4372,0.0189,0.0119,,
LPAG,lateral periaqueductal gray,41,1,-6.2,0.68,0.68,-3.69,label box,0.5078,0.4347,0.0189,0.0119,,
MEnt,medial entorhinal cortex,41,0,-6.2,4.8,4.8,-5.14,label box,0.7215,0.5517,0.0185,0.0114,,
MPL,"paralemniscal nucleus, medial part",41,0,-6.2,1.93,1.93,-6.05,label box,0.5727,0.6253,0.016,0.0108,,
MPL,"paralemniscal nucleus, medial part",41,1,-6.2,-1.87,1.87,-6.01,label box,0.3759,0.6219,0.0163,0.0114,,
Me5,mesencephalic trigeminal nucleus,41,0,-6.2,1.24,1.24,-4,label box,0.5372,0.4594,0.0149,0.0165,,
Me5,mesencephalic trigeminal nucleus,41,1,-6.2,-1.36,1.36,-4.16,label box,0.402,0.4725,0.0178,0.0114,,
MnR,median raphe nucleus,41,0,-6.2,-0.01,0.01,-6.49,label box,0.4722,0.6608,0.0164,0.0114,,
PDR,posterodorsal raphe nucleus,41,0,-6.2,-0.52,0.52,-4.99,label box,0.4459,0.5395,0.0153,0.0119,,
PDR,posterodorsal raphe nucleus,41,1,-6.2,0.47,0.47,-4.99,label box,0.4971,0.5392,0.0153,0.0114,,
PL,paralemniscal nucleus,41,0,-6.2,2.2,2.2,-4.8,label box,0.5868,0.5239,0.0087,0.0114,,
PL,paralemniscal nucleus,41,1,-6.2,-1.99,1.99,-4.96,label box,0.3697,0.537,0.0091,0.0119,,
PLV,"perilemniscal nucleus, ventral part",41,0,-6.2,-1.36,1.36,-7.02,label box,0.4021,0.7034,0.0134,0.0114,,
PLV,"perilemniscal nucleus, ventral part",41,1,-6.2,1.48,1.48,-6.97,label box,0.5492,0.6997,0.0134,0.0119,,
PMnR,paramedian raphe nucleus,41,0,-6.2,-0.31,0.31,-6.22,label box,0.4566,0.6392,0.0214,0.0114,,
PMnR,paramedian raphe nucleus,41,1,-6.2,0.29,0.29,-6.22,label box,0.4878,0.6392,0.0214,0.0114,,
PRh,perirhinal cortex,41,0,-6.2,-5.66,5.66,-3.44,label box,0.1793,0.4145,0.0142,0.0119,,
PRh,perirhinal cortex,41,1,-6.2,5.65,5.65,-3.31,label box,0.7654,0.404,0.0142,0.0114,,
PTg,pedunculopontine tegmental nucleus,41,0,-6.2,-1.47,1.47,-5.35,label box,0.3963,0.5685,0.0134,0.0142,,
PTg,pedunculopontine tegmental nucleus,41,1,-6.2,1.55,1.55,-5.39,label box,0.5529,0.5719,0.0134,0.0142,,
Pa4,paratrochlear nucleus,41,0,-6.2,-0.75,0.75,-5.21,label box,0.4339,0.5574,0.0131,0.0114,,
Pa4,paratrochlear nucleus,41,1,-6.2,0.72,0.72,-5.21,label box,0.5102,0.5574,0.0124,0.0114,,
PaS,parasubiculum,41,0,-6.2,-3.94,3.94,-3.16,label box,0.2685,0.3918,0.0131,0.0119,,
PaS,parasubiculum,41,1,-6.2,4.19,4.19,-3.23,label box,0.69,0.3969,0.0131,0.0119,,
Pn,pontine nuclei,41,0,-6.2,-0.56,0.56,-8.17,label box,0.4435,0.796,0.0084,0.0114,,
Pn,pontine nuclei,41,1,-6.2,0.63,0.63,-8.21,label box,0.5056,0.8,0.0084,0.0114,,
PnO,"pontine reticular nucleus, oral part",41,0,-6.2,-1.02,1.02,-6.52,label box,0.4199,0.6634,0.0142,0.0119,,
PnO,"pontine reticular nucleus, oral part",41,1,-6.2,0.96,0.96,-6.55,label box,0.5227,0.6654,0.0145,0.0119,,
PrCnF,precuneiform area,41,0,-6.2,-1.58,1.58,-4.5,label box,0.3908,0.4997,0.0214,0.0119,,
PrCnF,precuneiform area,41,1,-6.2,1.56,1.56,-4.44,label box,0.5534,0.4952,0.0211,0.0119,,
Pta,pericollicular tegmental area,41,0,-6.2,-2.19,2.19,-4.36,label box,0.359,0.4886,0.0109,0.0114,,
Pta,pericollicular tegmental area,41,1,-6.2,2.21,2.21,-4.32,label box,0.5872,0.4852,0.0109,0.0114,,
RSD,retrosplenial dysgranular cortex,41,0,-6.2,-3.63,3.63,-2.47,label box,0.2847,0.3355,0.0149,0.0119,,
RSD,retrosplenial dysgranular cortex,41,1,-6.2,3.85,3.85,-2.54,label box,0.6724,0.3418,0.0156,0.0119,,
RtTg,reticulotegmental nucleus of the pons,41,0,-6.2,0.28,0.28,-7.29,label box,0.487,0.7251,0.0163,0.0142,,
RtTg,reticulotegmental nucleus of the pons,41,1,-6.2,-0.31,0.31,-7.29,label box,0.4565,0.7253,0.0163,0.0148,,
RtTgP,"reticulotegmental nucleus of the pons, pericentral part",41,0,-6.2,0.81,0.81,-7.07,label box,0.5149,0.7074,0.0218,0.0114,,
RtTgP,"reticulotegmental nucleus of the pons, pericentral part",41,1,-6.2,-0.79,0.79,-7.12,label box,0.4319,0.7114,0.0218,0.0142,,
SPTg,subpeduncular tegmental nucleus,41,0,-6.2,-0.82,0.82,-5.84,label box,0.4304,0.608,0.0185,0.0148,,
SPTg,subpeduncular tegmental nucleus,41,1,-6.2,0.71,0.71,-5.82,label box,0.5096,0.6069,0.0189,0.0142,,
Sag,sagulum nucleus,41,0,-6.2,-2.71,2.71,-4.47,label box,0.3321,0.4972,0.0131,0.0148,,
Sag,sagulum nucleus,41,1,-6.2,2.69,2.69,-4.46,label box,0.6123,0.4963,0.0131,0.0142,,
SuG,superficial gray layer of the superior colliculus,41,0,-6.2,0.92,0.92,-1.99,label box,0.5203,0.2969,0.0145,0.0119,,
SuG,superficial gray layer of the superior colliculus,41,1,-6.2,-0.74,0.74,-2.08,label box,0.4342,0.3043,0.0145,0.0119,,
V1,primary visual cortex,41,0,-6.2,-3.22,3.22,-1.19,label box,0.306,0.2321,0.008,0.0108,,
V1,primary visual cortex,41,1,-6.2,3.6,3.6,-1.66,label box,0.6592,0.2702,0.008,0.0119,,
V2L,"secondary visual cortex, lateral area",41,0,-6.2,-5.26,5.26,-2.38,label box,0.2004,0.3284,0.0142,0.0114,,
V2L,"secondary visual cortex, lateral area",41,1,-6.2,5.01,5.01,-2.32,label box,0.7324,0.3239,0.0142,0.0114,,
VLPAG,ventrolateral periaqueductal gray,41,0,-6.2,-0.54,0.54,-4.44,label box,0.4449,0.4949,0.0243,0.0114,,
VLPAG,ventrolateral periaqueductal gray,41,1,-6.2,0.64,0.64,-4.44,label box,0.5058,0.4952,0.0247,0.0119,,
Zo,zonal layer of the superior colliculus,41,0,-6.2,-1.11,1.11,-1.91,label box,0.4152,0.2903,0.0084,0.0114,,
Zo,zonal layer of the superior colliculus,41,1,-6.2,1.23,1.23,-2.16,label box,0.5367,0.3109,0.0084,0.0119,,
cll,commissure of the lateral lemniscus,41,0,-6.2,-2.01,2.01,-5.32,label box,0.3688,0.5662,0.0073,0.0119,,
cll,commissure of the lateral lemniscus,41,1,-6.2,2.15,2.15,-5.35,label box,0.5839,0.5682,0.0073,0.0114,,
dVNLL,"ventral nucleus of the lateral lemniscus, dorsal part",41,0,-6.2,2.12,2.12,-6.3,label box,0.5828,0.645,0.0243,0.0119,,
dVNLL,"ventral nucleus of the lateral lemniscus, dorsal part",41,1,-6.2,-2.08,2.08,-6.35,label box,0.3648,0.6495,0.024,0.0119,,
isRt,isthmic reticular formation,41,0,-6.2,-1.1,1.1,-5.02,label box,0.4155,0.542,0.0142,0.0114,,
isRt,isthmic reticular formation,41,1,-6.2,1.18,1.18,-5,label box,0.534,0.5406,0.0142,0.0119,,
lfp,longitudinal fasciculus of the pons,41,0,-6.2,-0.76,0.76,-7.67,label box,0.4335,0.7562,0.008,0.0148,,
lfp,longitudinal fasciculus of the pons,41,1,-6.2,0.81,0.81,-7.67,label box,0.5145,0.7557,0.008,0.0148,,
ll,lateral lemniscus,41,0,-6.2,-1.71,1.71,-7.27,label box,0.3841,0.7233,0.0029,0.0114,,
ll,lateral lemniscus,41,1,-6.2,1.73,1.73,-7.29,label box,0.5623,0.7256,0.0025,0.0114,,
ll,lateral lemniscus,41,2,-6.2,2.42,2.42,-4.65,label box,0.5979,0.5117,0.0029,0.0114,,
ll,lateral lemniscus,41,3,-6.2,-2.29,2.29,-4.66,label box,0.3539,0.5131,0.0029,0.0119,,
mcp,middle cerebellar peduncle,41,0,-6.2,-2.66,2.66,-6.23,label box,0.3348,0.6398,0.0156,0.0119,,
mcp,middle cerebellar peduncle,41,1,-6.2,2.54,2.54,-6.44,label box,0.6042,0.6569,0.0156,0.0119,,
ml,medial lemniscus,41,0,-6.2,0.53,0.53,-7.43,label box,0.5004,0.737,0.0084,0.0119,,
ml,medial lemniscus,41,1,-6.2,-0.45,0.45,-7.48,label box,0.4492,0.7407,0.0084,0.0114,,
mlf,medial longitudinal fasciculus,41,0,-6.2,-0.34,0.34,-5.28,label box,0.4552,0.5629,0.0109,0.0114,,
mlf,medial longitudinal fasciculus,41,1,-6.2,0.3,0.3,-5.28,label box,0.4882,0.5629,0.0109,0.0114,,
rf,rhinal fissure,41,0,-6.2,5.9,5.9,-3.82,label box,0.7783,0.4446,0.0051,0.0119,,
rf,rhinal fissure,41,1,-6.2,-5.76,5.76,-3.95,label box,0.1742,0.4551,0.0055,0.0114,,
rs,rubrospinal tract,41,0,-6.2,1.62,1.62,-6.49,label box,0.5565,0.6608,0.0062,0.0091,,
rs,rubrospinal tract,41,1,-6.2,-1.64,1.64,-6.43,label box,0.3878,0.6555,0.0062,0.0091,,
scp,superior cerebellar peduncle,41,0,-6.2,-0.75,0.75,-5.54,label box,0.4339,0.5835,0.0124,0.0114,,
scp,superior cerebellar peduncle,41,1,-6.2,0.66,0.66,-5.56,label box,0.5067,0.5858,0.0127,0.0114,,
ts,tectospinal tract,41,0,-6.2,-0.5,0.5,-6.64,label box,0.4468,0.6724,0.0062,0.0108,,
ts,tectospinal tract,41,1,-6.2,0.47,0.47,-6.63,label box,0.4969,0.6716,0.0062,0.0114,,
vVNLL,"ventral nucleus of the lateral lemniscus, ventral part",41,0,-6.2,-1.75,1.75,-6.84,label box,0.3818,0.6893,0.024,0.0119,,
vVNLL,"ventral nucleus of the lateral lemniscus, ventral part",41,1,-6.2,1.89,1.89,-6.95,label box,0.5706,0.6981,0.024,0.0114,,
xscp,decussation of the superior cerebellar peduncle,41,0,-6.2,0,0,-5.56,label box,0.4729,0.5852,0.0171,0.0114,,
4Cb,4th cerebellar lobule,42,0,-6.55,-0.1,0.1,-2.13,label box,0.4675,0.3082,0.0142,0.0119,,
4n,trochlear nerve,42,0,-6.55,-1.1,1.1,-4.63,label box,0.4155,0.5102,0.0084,0.0114,,
4n,trochlear nerve,42,1,-6.55,1.03,1.03,-4.64,label box,0.526,0.5111,0.0087,0.0114,,
5Cb,5th cerebellar lobule,42,0,-6.55,-0.12,0.12,-1.14,label box,0.4664,0.2284,0.0142,0.0114,,
Aq,aqueduct,42,0,-6.55,-0.1,0.1,-3.97,label box,0.4678,0.4571,0.0091,0.0142,,
CIC,central nucleus of the inferior colliculus,42,0,-6.55,-1.59,1.59,-3.49,label box,0.3904,0.4185,0.012,0.0119,,
CIC,central nucleus of the inferior colliculus,42,1,-6.55,1.59,1.59,-3.51,label box,0.5551,0.4202,0.012,0.0119,,
CnF,cuneiform nucleus,42,0,-6.55,-1.71,1.71,-4.65,label box,0.3843,0.5116,0.0134,0.0119,,
CnF,cuneiform nucleus,42,1,-6.55,1.66,1.66,-4.68,label box,0.5587,0.5145,0.0134,0.0119,,
DCIC,dorsal cortex of the inferior colliculus,42,0,-6.55,-1.35,1.35,-2.16,label box,0.4026,0.3111,0.0174,0.0119,,
DCIC,dorsal cortex of the inferior colliculus,42,1,-6.55,1.36,1.36,-2.13,label box,0.5432,0.3085,0.0174,0.0114,,
DLPAG,dorsolateral periaqueductal gray,42,0,-6.55,-0.35,0.35,-3.23,label box,0.4546,0.3974,0.0247,0.0119,,
DLPAG,dorsolateral periaqueductal gray,42,1,-6.55,0.28,0.28,-3.23,label box,0.4873,0.397,0.0251,0.0125,,
DMIC,dorsomedial nucleus of the inferior colliculus,42,0,-6.55,-0.8,0.8,-3.08,label box,0.4314,0.3853,0.0192,0.0119,,
DMIC,dorsomedial nucleus of the inferior colliculus,42,1,-6.55,0.83,0.83,-3.13,label box,0.5156,0.3893,0.0192,0.0119,,
DMPAG,dorsomedial periaqueductal gray,42,0,-6.55,-0.05,0.05,-2.91,label box,0.4703,0.3711,0.0272,0.0119,,
DNLL,dorsal nucleus of the lateral lemniscus,42,0,-6.55,-2.45,2.45,-4.85,label box,0.3457,0.5284,0.02,0.0114,,
DNLL,dorsal nucleus of the lateral lemniscus,42,1,-6.55,2.48,2.48,-5.02,label box,0.6014,0.542,0.0196,0.0114,,
DRD,"dorsal raphe nucleus, dorsal part",42,0,-6.55,-0.04,0.04,-4.91,label box,0.4704,0.5327,0.016,0.0114,,
DRV,"dorsal raphe nucleus, ventral part",42,0,-6.55,-0.04,0.04,-5.2,label box,0.4708,0.5563,0.016,0.0119,,
ECIC,external cortex of the inferior colliculus,42,0,-6.55,-2.58,2.58,-3.44,label box,0.339,0.4139,0.0167,0.0119,,
ECIC,external cortex of the inferior colliculus,42,1,-6.55,2.55,2.55,-3.4,label box,0.6047,0.4111,0.0167,0.0119,,
Ect,ectorhinal cortex,42,0,-6.55,5.53,5.53,-2.92,label box,0.7595,0.3725,0.0109,0.0114,,
Ect,ectorhinal cortex,42,1,-6.55,-5.05,5.05,-3.15,label box,0.2112,0.3904,0.0109,0.0119,,
Ent,entorhinal cortex,42,0,-6.55,-4.6,4.6,-4.06,label box,0.2342,0.4642,0.0113,0.0114,,
Ent,entorhinal cortex,42,1,-6.55,4.57,4.57,-4.2,label box,0.7097,0.4756,0.0109,0.0114,,
INLL,intermediate nucleus of the lateral lemniscus,42,0,-6.55,-2.51,2.51,-5.54,label box,0.3427,0.5841,0.016,0.0114,,
INLL,intermediate nucleus of the lateral lemniscus,42,1,-6.55,2.41,2.41,-5.69,label box,0.5974,0.596,0.016,0.0114,,
LDTg,laterodorsal tegmental nucleus,42,0,-6.55,0.69,0.69,-4.88,label box,0.5087,0.5302,0.0185,0.0142,,
LDTg,laterodorsal tegmental nucleus,42,1,-6.55,-0.73,0.73,-4.9,label box,0.435,0.5322,0.0185,0.0148,,
LPAG,lateral periaqueductal gray,42,0,-6.55,-0.95,0.95,-3.99,label box,0.4237,0.4588,0.0189,0.0119,,
LPAG,lateral periaqueductal gray,42,1,-6.55,0.82,0.82,-4.02,label box,0.5154,0.4611,0.0193,0.0119,,
MPL,"paralemniscal nucleus, medial part",42,0,-6.55,-1.93,1.93,-6.1,label box,0.3725,0.6293,0.016,0.0119,,
MPL,"paralemniscal nucleus, medial part",42,1,-6.55,1.93,1.93,-6.1,label box,0.5727,0.629,0.016,0.0114,,
Me5,mesencephalic trigeminal nucleus,42,0,-6.55,-1.23,1.23,-4.25,label box,0.4088,0.4793,0.0153,0.0176,,
Me5,mesencephalic trigeminal nucleus,42,1,-6.55,1.18,1.18,-4.25,label box,0.534,0.4799,0.0152,0.017,,
MnR,median raphe nucleus,42,0,-6.55,-0.04,0.04,-6.53,label box,0.4707,0.6636,0.0164,0.0114,,
PDR,posterodorsal raphe nucleus,42,0,-6.55,-0.38,0.38,-5.06,label box,0.4531,0.5449,0.0153,0.0114,,
PDR,posterodorsal raphe nucleus,42,1,-6.55,0.3,0.3,-5.06,label box,0.4882,0.5455,0.0149,0.0114,,
PL,paralemniscal nucleus,42,0,-6.55,-2.05,2.05,-5.09,label box,0.3666,0.5472,0.0087,0.0114,,
PL,paralemniscal nucleus,42,1,-6.55,2.09,2.09,-5.18,label box,0.581,0.5551,0.0087,0.0114,,
PLV,"perilemniscal nucleus, ventral part",42,0,-6.55,-1.36,1.36,-7.24,label box,0.4024,0.7211,0.0134,0.0119,,
PLV,"perilemniscal nucleus, ventral part",42,1,-6.55,1.34,1.34,-7.23,label box,0.5421,0.7208,0.0134,0.0114,,
PMnR,paramedian raphe nucleus,42,0,-6.55,-0.38,0.38,-6.25,label box,0.4531,0.6415,0.0211,0.0114,,
PMnR,paramedian raphe nucleus,42,1,-6.55,0.23,0.23,-6.26,label box,0.4849,0.642,0.0214,0.0114,,
PRh,perirhinal cortex,42,0,-6.55,5.21,5.21,-2.92,label box,0.7429,0.3725,0.0142,0.0114,,
PRh,perirhinal cortex,42,1,-6.55,-5.37,5.37,-3.14,label box,0.1947,0.3901,0.0142,0.0114,,
PTg,pedunculopontine tegmental nucleus,42,0,-6.55,1.62,1.62,-5.16,label box,0.5567,0.5534,0.0131,0.0148,,
PTg,pedunculopontine tegmental nucleus,42,1,-6.55,-1.71,1.71,-5.17,label box,0.384,0.5543,0.0138,0.0148,,
PaS,parasubiculum,42,0,-6.55,-4.36,4.36,-3.06,label box,0.2469,0.3838,0.0134,0.0119,,
PaS,parasubiculum,42,1,-6.55,4.55,4.55,-3.23,label box,0.7086,0.3969,0.0131,0.0119,,
Pn,pontine nuclei,42,0,-6.55,-0.73,0.73,-8.36,label box,0.4348,0.8114,0.0084,0.0114,,
Pn,pontine nuclei,42,1,-6.55,0.6,0.6,-8.4,label box,0.5036,0.8148,0.0087,0.0114,,
PnO,"pontine reticular nucleus, oral part",42,0,-6.55,-1.14,1.14,-6.53,label box,0.4137,0.6642,0.0142,0.0114,,
PnO,"pontine reticular nucleus, oral part",42,1,-6.55,0.96,0.96,-6.55,label box,0.5227,0.6654,0.0145,0.0119,,
Pta,pericollicular tegmental area,42,0,-6.55,-2.09,2.09,-4.32,label box,0.3643,0.4852,0.0113,0.0114,,
Pta,pericollicular tegmental area,42,1,-6.55,2.15,2.15,-4.34,label box,0.5843,0.4872,0.0109,0.0119,,
RSD,retrosplenial dysgranular cortex,42,0,-6.55,4.29,4.29,-2.78,label box,0.6949,0.3611,0.0156,0.0119,,
RtTg,reticulotegmental nucleus of the pons,42,0,-6.55,-0.51,0.51,-7.48,label box,0.4464,0.7406,0.0164,0.0142,,
RtTg,reticulotegmental nucleus of the pons,42,1,-6.55,0.42,0.42,-7.44,label box,0.4945,0.7378,0.016,0.0142,,
RtTgP,"reticulotegmental nucleus of the pons, pericentral part",42,0,-6.55,-0.79,0.79,-7.19,label box,0.4317,0.7173,0.0218,0.0142,,
RtTgP,"reticulotegmental nucleus of the pons, pericentral part",42,1,-6.55,0.66,0.66,-7.1,label box,0.5067,0.7097,0.0218,0.0142,,
SPTg,subpeduncular tegmental nucleus,42,0,-6.55,-1.14,1.14,-5.61,label box,0.4137,0.5892,0.0185,0.0148,,
SPTg,subpeduncular tegmental nucleus,42,1,-6.55,0.98,0.98,-5.67,label box,0.5236,0.594,0.0189,0.0142,,
Sag,sagulum nucleus,42,0,-6.55,-2.59,2.59,-4.39,label box,0.3383,0.4912,0.0131,0.0142,,
Sag,sagulum nucleus,42,1,-6.55,2.59,2.59,-4.48,label box,0.6068,0.4983,0.0131,0.0148,,
V1,primary visual cortex,42,0,-6.55,-3.75,3.75,-1.71,label box,0.2782,0.2741,0.0084,0.0119,,
V1,primary visual cortex,42,1,-6.55,3.81,3.81,-1.82,label box,0.6704,0.283,0.008,0.0114,,
VTg,ventral tegmental nucleus,42,0,-6.55,-0.44,0.44,-5.77,label box,0.4497,0.6028,0.0134,0.0148,,
VTg,ventral tegmental nucleus,42,1,-6.55,0.32,0.32,-5.79,label box,0.4893,0.6043,0.0134,0.0142,,
cic,commissure of the inferior colliculus,42,0,-6.55,-0.07,0.07,-2.62,label box,0.4693,0.3477,0.0098,0.0114,,
cll,commissure of the lateral lemniscus,42,0,-6.55,-2.15,2.15,-5.3,label box,0.3612,0.5648,0.0073,0.0114,,
dVNLL,"ventral nucleus of the lateral lemniscus, dorsal part",42,0,-6.55,2.11,2.11,-6.38,label box,0.5819,0.6517,0.0236,0.0114,,
dVNLL,"ventral nucleus of the lateral lemniscus, dorsal part",42,1,-6.55,-2.17,2.17,-6.33,label box,0.3601,0.6481,0.024,0.0114,,
isRt,isthmic reticular formation,42,0,-6.55,-1.15,1.15,-5.04,label box,0.413,0.5437,0.0142,0.0114,,
isRt,isthmic reticular formation,42,1,-6.55,1.09,1.09,-5.07,label box,0.5293,0.546,0.0142,0.0114,,
lfp,longitudinal fasciculus of the pons,42,0,-6.55,0.57,0.57,-7.98,label box,0.5024,0.781,0.008,0.0148,,
lfp,longitudinal fasciculus of the pons,42,1,-6.55,-0.68,0.68,-7.99,label box,0.4374,0.7822,0.008,0.0148,,
ll,lateral lemniscus,42,0,-6.55,1.45,1.45,-7.49,label box,0.5481,0.7418,0.0029,0.0114,,
ll,lateral lemniscus,42,1,-6.55,-1.54,1.54,-7.57,label box,0.3927,0.7478,0.0029,0.0119,,
mcp,middle cerebellar peduncle,42,0,-6.55,-2.86,2.86,-5.93,label box,0.3245,0.6153,0.0153,0.0114,,
mcp,middle cerebellar peduncle,42,1,-6.55,2.77,2.77,-6.02,label box,0.6163,0.6224,0.0153,0.0119,,
ml,medial lemniscus,42,0,-6.55,-0.63,0.63,-7.76,label box,0.44,0.7631,0.008,0.0114,,
ml,medial lemniscus,42,1,-6.55,0.38,0.38,-7.75,label box,0.4924,0.7625,0.008,0.0114,,
mlf,medial longitudinal fasciculus,42,0,-6.55,0.26,0.26,-5.41,label box,0.4864,0.5733,0.0113,0.0114,,
mlf,medial longitudinal fasciculus,42,1,-6.55,-0.33,0.33,-5.4,label box,0.4557,0.5728,0.0113,0.0119,,
rs,rubrospinal tract,42,0,-6.55,1.72,1.72,-6.43,label box,0.562,0.6557,0.0062,0.0091,,
rs,rubrospinal tract,42,1,-6.55,-1.76,1.76,-6.52,label box,0.3814,0.6631,0.0062,0.0091,,
s5,sensory root of the trigeminal nerve,42,0,-6.55,-2.96,2.96,-6.91,label box,0.3192,0.6943,0.0084,0.0114,,
s5,sensory root of the trigeminal nerve,42,1,-6.55,2.87,2.87,-6.75,label box,0.6213,0.6819,0.0084,0.0119,,
scp,superior cerebellar peduncle,42,0,-6.55,-1.11,1.11,-5.34,label box,0.4153,0.5676,0.0124,0.0114,,
scp,superior cerebellar peduncle,42,1,-6.55,1.15,1.15,-5.42,label box,0.5323,0.5741,0.0124,0.0119,,
ts,tectospinal tract,42,0,-6.55,-0.53,0.53,-6.63,label box,0.4451,0.6716,0.0051,0.0114,,
ts,tectospinal tract,42,1,-6.55,0.46,0.46,-6.63,label box,0.4964,0.6716,0.0051,0.0114,,
vVNLL,"ventral nucleus of the lateral lemniscus, ventral part",42,0,-6.55,-1.78,1.78,-7.05,label box,0.3806,0.7063,0.0236,0.0119,,
vVNLL,"ventral nucleus of the lateral lemniscus, ventral part",42,1,-6.55,1.76,1.76,-7.06,label box,0.5637,0.7069,0.024,0.0119,,
2Cb,2nd cerebellar lobule,43,0,-6.9,0,0,-4.2,label box,0.4727,0.4753,0.0145,0.0119,,
3Cb,3rd cerebellar lobule,43,0,-6.9,0.01,0.01,-2.45,label box,0.4731,0.3344,0.0145,0.0119,,
3Cb,3rd cerebellar lobule,43,1,-6.9,0.01,0.01,-3.27,label box,0.4733,0.4006,0.0145,0.0119,,
4Cb,4th cerebellar lobule,43,0,-6.9,-0.02,0.02,-1.8,label box,0.4718,0.2815,0.0142,0.0119,,
4V,4th ventricle,43,0,-6.9,-0.04,0.04,-5.05,leader tip,0.4702,0.517,0.0094,0.0114,0.4707,0.5441
4n,trochlear nerve,43,0,-6.9,2.28,2.28,-4.26,label box,0.591,0.4801,0.0084,0.0114,,
4n,trochlear nerve,43,1,-6.9,0.45,0.45,-4.61,label box,0.4962,0.5089,0.0087,0.0114,,
5Cb,5th cerebellar lobule,43,0,-6.9,-0.01,0.01,-1.06,label box,0.4722,0.2216,0.0142,0.0114,,
5Cb,5th cerebellar lobule,43,1,-6.9,-2.99,2.99,-4.16,label box,0.318,0.4727,0.0138,0.0114,,
5Cb,5th cerebellar lobule,43,2,-6.9,2.7,2.7,-4.28,label box,0.6128,0.4821,0.0142,0.0119,,
5TT,"motor trigeminal nucleus, tensor tympani part",43,0,-6.9,2,2,-6.32,label box,0.5763,0.6467,0.0142,0.0119,,
CAT,nucleus of the central acoustic tract,43,0,-6.9,1.45,1.45,-7.78,label box,0.5478,0.7645,0.0142,0.0119,,
CAT,nucleus of the central acoustic tract,43,1,-6.9,-1.57,1.57,-7.91,label box,0.3912,0.7756,0.0142,0.0114,,
CG,central gray,43,0,-6.9,0.46,0.46,-5.42,label box,0.4966,0.5739,0.0102,0.0119,,
CnF,cuneiform nucleus,43,0,-6.9,-1.75,1.75,-4.04,label box,0.3819,0.4628,0.0138,0.0119,,
CnF,cuneiform nucleus,43,1,-6.9,1.5,1.5,-4.12,label box,0.5503,0.469,0.0134,0.0119,,
Crus1,crus 1 of the ansiform lobule,43,0,-6.9,-3.49,3.49,-2.23,label box,0.2918,0.3165,0.0196,0.0125,,
DCIC,dorsal cortex of the inferior colliculus,43,0,-6.9,-1,1,-2.56,label box,0.4211,0.3435,0.0174,0.0119,,
DCIC,dorsal cortex of the inferior colliculus,43,1,-6.9,0.88,0.88,-2.56,label box,0.5185,0.3429,0.0174,0.0119,,
DMIC,dorsomedial nucleus of the inferior colliculus,43,0,-6.9,-0.86,0.86,-3.07,label box,0.4282,0.3844,0.0193,0.0119,,
DMIC,dorsomedial nucleus of the inferior colliculus,43,1,-6.9,0.75,0.75,-3.08,label box,0.5114,0.3849,0.0193,0.0119,,
DMTg,dorsomedial tegmental area,43,0,-6.9,0.6,0.6,-5.83,label box,0.504,0.6071,0.0211,0.0142,,
DMTg,dorsomedial tegmental area,43,1,-6.9,-0.65,0.65,-5.86,label box,0.439,0.6094,0.0211,0.0142,,
DTgC,"dorsal tegmental nucleus, central part",43,0,-6.9,0.2,0.2,-5.29,label box,0.4833,0.5634,0.0192,0.0148,,
DTgP,"dorsal tegmental nucleus, pericentral part",43,0,-6.9,-0.43,0.43,-5.11,label box,0.4505,0.5495,0.0189,0.0142,,
DTgP,"dorsal tegmental nucleus, pericentral part",43,1,-6.9,0.24,0.24,-5.12,label box,0.485,0.5501,0.0189,0.0142,,
ECIC,external cortex of the inferior colliculus,43,0,-6.9,-2.14,2.14,-2.92,label box,0.3617,0.3719,0.0164,0.0119,,
ECIC,external cortex of the inferior colliculus,43,1,-6.9,2.03,2.03,-2.93,label box,0.5778,0.373,0.0167,0.0119,,
Fl,flocculus,43,0,-6.9,4.03,4.03,-5.05,label box,0.6813,0.5443,0.0051,0.0114,,
Fl,flocculus,43,1,-6.9,-4.46,4.46,-5.34,label box,0.2418,0.5679,0.0047,0.0119,,
GrC,granule cell layer of cochlear nuclei,43,0,-6.9,3.1,3.1,-5.73,label box,0.6334,0.5994,0.0131,0.0125,,
GrC,granule cell layer of cochlear nuclei,43,1,-6.9,-2.61,2.61,-5.2,label box,0.3375,0.5566,0.0131,0.0125,,
GrC,granule cell layer of cochlear nuclei,43,2,-6.9,2.55,2.55,-5.31,label box,0.6048,0.5651,0.0131,0.0125,,
GrC,granule cell layer of cochlear nuclei,43,3,-6.9,-3.13,3.13,-5.6,label box,0.3103,0.589,0.0131,0.0125,,
KF,Kölliker–Fuse nucleus,43,0,-6.9,-2.24,2.24,-5.66,label box,0.3565,0.5932,0.0087,0.0114,,
KF,Kölliker–Fuse nucleus,43,1,-6.9,2.03,2.03,-5.71,label box,0.5781,0.5977,0.0087,0.0114,,
LDTgV,"laterodorsal tegmental nucleus, ventral part",43,0,-6.9,-1.19,1.19,-5.43,label box,0.4109,0.5748,0.024,0.0148,,
LDTgV,"laterodorsal tegmental nucleus, ventral part",43,1,-6.9,1.01,1.01,-5.45,label box,0.5253,0.5765,0.024,0.0148,,
LPBC,"lateral parabrachial nucleus, central part",43,0,-6.9,1.8,1.8,-4.95,label box,0.566,0.5361,0.0193,0.0119,,
LPBC,"lateral parabrachial nucleus, central part",43,1,-6.9,-2.03,2.03,-4.86,label box,0.3675,0.529,0.0192,0.0119,,
LPBI,"lateral parabrachial nucleus, internal part",43,0,-6.9,1.34,1.34,-4.5,label box,0.5422,0.4997,0.016,0.0119,,
LPBI,"lateral parabrachial nucleus, internal part",43,1,-6.9,-1.54,1.54,-4.47,label box,0.3927,0.4975,0.016,0.0114,,
MNTB,medial nucleus of the trapezoid body,43,0,-6.9,1.03,1.03,-7.8,label box,0.5262,0.7665,0.0218,0.0114,,
MNTB,medial nucleus of the trapezoid body,43,1,-6.9,-1.14,1.14,-7.87,label box,0.4139,0.7722,0.0218,0.0114,,
MPB,medial parabrachial nucleus,43,0,-6.9,1.53,1.53,-5.38,label box,0.5518,0.5707,0.0164,0.0119,,
MPB,medial parabrachial nucleus,43,1,-6.9,-1.79,1.79,-5.33,label box,0.38,0.5668,0.0167,0.0114,,
Me5,mesencephalic trigeminal nucleus,43,0,-6.9,1.02,1.02,-4.96,leader tip,0.5209,0.5154,0.0152,0.0119,0.5257,0.5367
MnR,median raphe nucleus,43,0,-6.9,-0.09,0.09,-7.43,label box,0.468,0.7364,0.016,0.0114,,
P5,peritrigeminal zone,43,0,-6.9,-1.77,1.77,-6.06,label box,0.3812,0.6259,0.0087,0.0119,,
P5,peritrigeminal zone,43,1,-6.9,1.64,1.64,-6.06,label box,0.5578,0.6259,0.0087,0.0119,,
PFl,paraflocculus,43,0,-6.9,4.34,4.34,-4.36,label box,0.6977,0.4886,0.0102,0.0114,,
PFl,paraflocculus,43,1,-6.9,-4.67,4.67,-4.48,label box,0.2307,0.498,0.0102,0.0119,,
PLV,"perilemniscal nucleus, ventral part",43,0,-6.9,1.39,1.39,-7.37,label box,0.5445,0.7319,0.0131,0.0119,,
PnO,"pontine reticular nucleus, oral part",43,0,-6.9,-1.05,1.05,-6.66,label box,0.4181,0.6747,0.0142,0.0119,,
PnO,"pontine reticular nucleus, oral part",43,1,-6.9,0.89,0.89,-6.67,label box,0.5187,0.6753,0.0142,0.0119,,
PnR,pontine raphe nucleus,43,0,-6.9,-0.27,0.27,-6.38,label box,0.4589,0.6514,0.0138,0.0108,,
PnR,pontine raphe nucleus,43,1,-6.9,0.07,0.07,-6.38,label box,0.4766,0.6514,0.0142,0.0108,,
Pr5VL,"principal sensory trigeminal nucleus, ventrolateral part",43,0,-6.9,-2.51,2.51,-6.04,label box,0.3428,0.6247,0.0214,0.0119,,
Pr5VL,"principal sensory trigeminal nucleus, ventrolateral part",43,1,-6.9,2.36,2.36,-6.32,label box,0.5948,0.6467,0.0214,0.0119,,
Pta,pericollicular tegmental area,43,0,-6.9,-1.65,1.65,-3.76,label box,0.3874,0.4398,0.0109,0.0114,,
Pta,pericollicular tegmental area,43,1,-6.9,1.36,1.36,-3.82,label box,0.5434,0.4449,0.0113,0.0114,,
RPa,raphe pallidus nucleus,43,0,-6.9,-0.07,0.07,-8.35,label box,0.4692,0.8106,0.0142,0.0114,,
RtTg,reticulotegmental nucleus of the pons,43,0,-6.9,-0.46,0.46,-7.22,label box,0.4491,0.7196,0.016,0.0142,,
RtTg,reticulotegmental nucleus of the pons,43,1,-6.9,0.39,0.39,-7.22,label box,0.4927,0.7196,0.016,0.0142,,
Sag,sagulum nucleus,43,0,-6.9,2.01,2.01,-4.07,label box,0.577,0.4653,0.0131,0.0148,,
Sca,"spherical cell area, ventral cochlear nucleus",43,0,-6.9,-3.38,3.38,-6,label box,0.2976,0.6213,0.0131,0.0119,,
Sca,"spherical cell area, ventral cochlear nucleus",43,1,-6.9,3.21,3.21,-6.09,label box,0.6392,0.6281,0.0131,0.0119,,
Sim,simple lobule,43,0,-6.9,-2.9,2.9,-2.31,label box,0.3225,0.3227,0.0134,0.0125,,
Sim,simple lobule,43,1,-6.9,2.77,2.77,-2.26,label box,0.6162,0.3188,0.0134,0.0119,,
Su5,supratrigeminal nucleus,43,0,-6.9,-1.76,1.76,-5.69,label box,0.3814,0.5957,0.0127,0.0119,,
Su5,supratrigeminal nucleus,43,1,-6.9,1.55,1.55,-5.71,label box,0.5532,0.598,0.0127,0.0119,,
SubCD,"subcoeruleus nucleus, dorsal part",43,0,-6.9,-1.38,1.38,-5.83,label box,0.4013,0.6077,0.0243,0.0119,,
SubCD,"subcoeruleus nucleus, dorsal part",43,1,-6.9,1.15,1.15,-5.83,label box,0.5323,0.6071,0.0247,0.0119,,
SubCV,"subcoeruleus nucleus, ventral part",43,0,-6.9,-1.71,1.71,-6.39,label box,0.384,0.6529,0.0247,0.0119,,
SubCV,"subcoeruleus nucleus, ventral part",43,1,-6.9,1.42,1.42,-6.39,label box,0.5461,0.6529,0.0243,0.0119,,
VCA,"ventral cochlear nucleus, anterior part",43,0,-6.9,3.2,3.2,-5.94,label box,0.6383,0.6162,0.0156,0.0119,,
VCA,"ventral cochlear nucleus, anterior part",43,1,-6.9,-3.29,3.29,-5.83,label box,0.3021,0.6072,0.0156,0.0125,,
VNTB,ventral nucleus of the trapezoid body,43,0,-6.9,1.44,1.44,-8.21,label box,0.5471,0.7994,0.02,0.0114,,
VNTB,ventral nucleus of the trapezoid body,43,1,-6.9,-1.54,1.54,-8.33,label box,0.3929,0.8091,0.02,0.0119,,
cbw,cerebellar white matter,43,0,-6.9,3.01,3.01,-2.68,label box,0.6285,0.3526,0.0149,0.0119,,
cbw,cerebellar white matter,43,1,-6.9,-0.24,0.24,-4,label box,0.4602,0.4591,0.0149,0.0114,,
cbw,cerebellar white matter,43,2,-6.9,-0.44,0.44,-1.79,label box,0.4499,0.2808,0.0149,0.0119,,
cbw,cerebellar white matter,43,3,-6.9,3.53,3.53,-4.85,label box,0.6554,0.5279,0.0149,0.0119,,
cbw,cerebellar white matter,43,4,-6.9,-3.58,3.58,-4.98,label box,0.2871,0.5387,0.0152,0.0119,,
cic,commissure of the inferior colliculus,43,0,-6.9,-1.58,1.58,-3.15,label box,0.3908,0.3912,0.012,0.0119,,
cic,commissure of the inferior colliculus,43,1,-6.9,1.44,1.44,-3.13,label box,0.5474,0.3895,0.012,0.0119,,
lfp,longitudinal fasciculus of the pons,43,0,-6.9,-0.51,0.51,-8.51,label box,0.4465,0.8239,0.008,0.0142,,
lfp,longitudinal fasciculus of the pons,43,1,-6.9,0.6,0.6,-8.51,label box,0.5038,0.8239,0.008,0.0142,,
ll,lateral lemniscus,43,0,-6.9,-2.1,2.1,-6.89,label box,0.3639,0.6932,0.0025,0.0114,,
ll,lateral lemniscus,43,1,-6.9,1.92,1.92,-6.89,label box,0.5721,0.6932,0.0025,0.0114,,
ll,lateral lemniscus,43,2,-6.9,-2.44,2.44,-4.69,label box,0.3463,0.5154,0.0029,0.0119,,
ll,lateral lemniscus,43,3,-6.9,2.21,2.21,-4.74,label box,0.5873,0.5191,0.0029,0.0114,,
m5,motor root of the trigeminal nerve,43,0,-6.9,-2.34,2.34,-6.62,label box,0.3516,0.671,0.0113,0.0114,,
m5,motor root of the trigeminal nerve,43,1,-6.9,2.2,2.2,-6.52,label box,0.5868,0.6634,0.0113,0.0114,,
mcp,middle cerebellar peduncle,43,0,-6.9,-2.89,2.89,-5.34,label box,0.3232,0.568,0.0156,0.0125,,
mcp,middle cerebellar peduncle,43,1,-6.9,2.83,2.83,-5.45,label box,0.6193,0.5765,0.0152,0.0125,,
ml,medial lemniscus,43,0,-6.9,0.29,0.29,-8.03,label box,0.4876,0.7847,0.008,0.0114,,
ml,medial lemniscus,43,1,-6.9,-0.4,0.4,-8.02,label box,0.4521,0.7839,0.0084,0.0114,,
mlf,medial longitudinal fasciculus,43,0,-6.9,-0.33,0.33,-5.59,label box,0.4557,0.5881,0.0109,0.0114,,
mlf,medial longitudinal fasciculus,43,1,-6.9,0.13,0.13,-5.59,label box,0.4793,0.5881,0.0109,0.0114,,
pcn,precentral fissure,43,0,-6.9,-0.55,0.55,-3.44,label box,0.4441,0.414,0.0127,0.0114,,
plf,posterolateral fissure,43,0,-6.9,-4.46,4.46,-4.84,label box,0.2416,0.5276,0.008,0.0142,,
plf,posterolateral fissure,43,1,-6.9,4.16,4.16,-4.67,label box,0.6881,0.5134,0.0084,0.0148,,
prf,primary fissure,43,0,-6.9,1.59,1.59,-1.68,label box,0.5552,0.2717,0.0098,0.0165,,
prf,primary fissure,43,1,-6.9,-2.04,2.04,-1.99,label box,0.367,0.2972,0.0102,0.0165,,
psf,posterior superior fissure,43,0,-6.9,-3.26,3.26,-1.97,label box,0.3036,0.2952,0.0105,0.0142,,
psf,posterior superior fissure,43,1,-6.9,3.02,3.02,-2.02,label box,0.6294,0.2997,0.0109,0.0142,,
py,pyramidal tract,43,0,-6.9,-0.73,0.73,-8.53,label box,0.4349,0.8253,0.008,0.0114,,
py,pyramidal tract,43,1,-6.9,0.38,0.38,-8.53,label box,0.4922,0.8253,0.008,0.0114,,
rs,rubrospinal tract,43,0,-6.9,-1.97,1.97,-6.63,label box,0.3705,0.6716,0.0062,0.0091,,
s5,sensory root of the trigeminal nerve,43,0,-6.9,-3.02,3.02,-6.39,label box,0.3161,0.6523,0.008,0.0114,,
s5,sensory root of the trigeminal nerve,43,1,-6.9,-0.29,0.29,-6.55,label box,0.4577,0.6659,0.0033,0.0091,,
s5,sensory root of the trigeminal nerve,43,2,-6.9,2.77,2.77,-6.73,label box,0.6162,0.6802,0.0084,0.0119,,
scp,superior cerebellar peduncle,43,0,-6.9,-1.76,1.76,-5.06,label box,0.3817,0.5449,0.0127,0.0114,,
scp,superior cerebellar peduncle,43,1,-6.9,1.47,1.47,-5.09,label box,0.549,0.5478,0.0127,0.0119,,
ts,tectospinal tract,43,0,-6.9,1.78,1.78,-6.67,label box,0.5652,0.6753,0.0062,0.0085,,
ts,tectospinal tract,43,1,-6.9,0.14,0.14,-6.52,label box,0.4799,0.6634,0.0065,0.0114,,
ts,tectospinal tract,43,2,-6.9,-0.32,0.32,-6.53,label box,0.4559,0.664,0.0065,0.0114,,
tth,trigeminothalamic tract,43,0,-6.9,-0.29,0.29,-7.8,label box,0.4575,0.7665,0.0087,0.0114,,
tth,trigeminothalamic tract,43,1,-6.9,0.16,0.16,-7.8,label box,0.4809,0.7665,0.0091,0.0114,,
tz,trapezoid body,43,0,-6.9,-2.99,2.99,-6.85,label box,0.3178,0.6901,0.0062,0.0114,,
tz,trapezoid body,43,1,-6.9,2.74,2.74,-7.13,label box,0.6148,0.7123,0.0062,0.0114,,
vVNLL,"ventral nucleus of the lateral lemniscus, ventral part",43,0,-6.9,-1.85,1.85,-7.49,label box,0.3769,0.7418,0.0236,0.0114,,
vsc,ventral spinocerebellar tract,43,0,-6.9,1.62,1.62,-4.4,label box,0.5569,0.4915,0.012,0.0091,,
vsc,ventral spinocerebellar tract,43,1,-6.9,-1.95,1.95,-4.4,label box,0.3715,0.4918,0.012,0.0091,,
2Cb,2nd cerebellar lobule,44,0,-7.25,0.1,0.1,-4.46,label box,0.4777,0.4963,0.0142,0.0119,,
3Cb,3rd cerebellar lobule,44,0,-7.25,0.08,0.08,-2.43,label box,0.4769,0.3327,0.0142,0.0119,,
3Cb,3rd cerebellar lobule,44,1,-7.25,0.09,0.09,-3.28,label box,0.4775,0.4014,0.0145,0.0119,,
4Cb,4th cerebellar lobule,44,0,-7.25,0.09,0.09,-1.83,label box,0.4775,0.2838,0.0145,0.0119,,
4V,4th ventricle,44,0,-7.25,0.02,0.02,-5.08,label box,0.4737,0.5469,0.0102,0.0114,,
4n,trochlear nerve,44,0,-7.25,0.38,0.38,-4.96,label box,0.4922,0.5367,0.0087,0.0114,,
5Cb,5th cerebellar lobule,44,0,-7.25,0.09,0.09,-1.06,label box,0.4773,0.2222,0.0142,0.0125,,
5Cb,5th cerebellar lobule,44,1,-7.25,-2.49,2.49,-4.23,label box,0.3436,0.4781,0.0142,0.0119,,
5Cb,5th cerebellar lobule,44,2,-7.25,2.78,2.78,-4.22,label box,0.6166,0.4776,0.0138,0.0119,,
5N,motor trigeminal nucleus,44,0,-7.25,-1.7,1.7,-6.24,label box,0.3844,0.6404,0.0094,0.0119,,
5N,motor trigeminal nucleus,44,1,-7.25,1.68,1.68,-6.24,label box,0.5596,0.6404,0.0098,0.0119,,
5TT,"motor trigeminal nucleus, tensor tympani part",44,0,-7.25,1.68,1.68,-6.6,label box,0.5598,0.6693,0.0091,0.0114,,
5TT,"motor trigeminal nucleus, tensor tympani part",44,1,-7.25,-1.89,1.89,-6.57,label box,0.3749,0.6671,0.0138,0.0119,,
5Tr,trigeminal transition zone,44,0,-7.25,-1.99,1.99,-5.73,label box,0.3697,0.5989,0.0113,0.0114,,
A5,A5 noradrenaline cells,44,0,-7.25,-1.82,1.82,-7.27,label box,0.3786,0.7233,0.0094,0.0114,,
A5,A5 noradrenaline cells,44,1,-7.25,1.73,1.73,-7.26,label box,0.5625,0.7228,0.0098,0.0119,,
ALPO,anterolateral periolivary nucleus,44,0,-7.25,-1.96,1.96,-7.6,leader tip,0.3392,0.7702,0.02,0.0119,0.3713,0.7507
Bar,Barrington’s nucleus,44,0,-7.25,-1.03,1.03,-5.53,label box,0.4194,0.583,0.012,0.0119,,
Bar,Barrington’s nucleus,44,1,-7.25,0.98,0.98,-5.56,label box,0.5236,0.5853,0.012,0.0119,,
CGB,"central gray, beta part",44,0,-7.25,0.52,0.52,-5.72,label box,0.4995,0.5986,0.0152,0.0125,,
Crus1,crus 1 of the ansiform lobule,44,0,-7.25,3.34,3.34,-1.87,label box,0.6458,0.2876,0.0203,0.0131,,
Crus1,crus 1 of the ansiform lobule,44,1,-7.25,-3.31,3.31,-2.09,label box,0.3011,0.3049,0.0207,0.0125,,
DLPO,dorsolateral periolivary nucleus,44,0,-7.25,-1.65,1.65,-7.44,label box,0.3872,0.7378,0.02,0.0119,,
DLPO,dorsolateral periolivary nucleus,44,1,-7.25,1.48,1.48,-7.42,label box,0.5496,0.7359,0.0203,0.0119,,
DMTg,dorsomedial tegmental area,44,0,-7.25,0.64,0.64,-6.13,label box,0.5057,0.6313,0.0211,0.0142,,
DMTg,dorsomedial tegmental area,44,1,-7.25,-0.7,0.7,-6.13,label box,0.4367,0.6319,0.0211,0.0142,,
DRC,"dorsal raphe nucleus, caudal part",44,0,-7.25,-0.03,0.03,-5.37,label box,0.471,0.57,0.0156,0.0119,,
DTg,dorsal tegmental nucleus,44,0,-7.25,0.29,0.29,-5.51,label box,0.4875,0.5816,0.0138,0.0148,,
ECIC,external cortex of the inferior colliculus,44,0,-7.25,1.4,1.4,-2.84,label box,0.5452,0.3656,0.0164,0.0119,,
Fl,flocculus,44,0,-7.25,4.21,4.21,-5.19,label box,0.691,0.5557,0.0047,0.0114,,
Fl,flocculus,44,1,-7.25,-4.26,4.26,-5.35,label box,0.2522,0.5682,0.0036,0.0114,,
GrC,granule cell layer of cochlear nuclei,44,0,-7.25,3.52,3.52,-5.7,leader tip,0.6295,0.5824,0.0127,0.0125,0.6552,0.5966
GrC,granule cell layer of cochlear nuclei,44,1,-7.25,-2.99,2.99,-5.6,label box,0.3176,0.589,0.0131,0.0125,,
KF,Kölliker–Fuse nucleus,44,0,-7.25,2.33,2.33,-5.55,label box,0.5933,0.5847,0.0084,0.0119,,
LC,locus coeruleus,44,0,-7.25,-1,1,-5.18,label box,0.4209,0.5546,0.0091,0.0119,,
LDTg,laterodorsal tegmental nucleus,44,0,-7.25,0.72,0.72,-5.38,label box,0.5102,0.5708,0.0185,0.0148,,
LDTg,laterodorsal tegmental nucleus,44,1,-7.25,-0.73,0.73,-5.39,label box,0.435,0.5717,0.0185,0.0142,,
LNTB,lateral nucleus of the trapezoid body,44,0,-7.25,-1.8,1.8,-8.09,label box,0.3794,0.7898,0.0189,0.0114,,
LPBC,"lateral parabrachial nucleus, central part",44,0,-7.25,-1.55,1.55,-4.9,label box,0.3922,0.5319,0.0192,0.0119,,
LPBC,"lateral parabrachial nucleus, central part",44,1,-7.25,1.85,1.85,-5.04,label box,0.5685,0.5435,0.0196,0.0125,,
LPBCr,"lateral parabrachial nucleus, crescent part",44,0,-7.25,2.32,2.32,-5.19,label box,0.5927,0.5554,0.0225,0.0119,,
LPBCr,"lateral parabrachial nucleus, crescent part",44,1,-7.25,-2,2,-4.98,label box,0.3693,0.5384,0.0229,0.0125,,
LPBI,"lateral parabrachial nucleus, internal part",44,0,-7.25,-0.95,0.95,-4.75,leader tip,0.4015,0.5159,0.016,0.0114,0.4234,0.5197
LPBI,"lateral parabrachial nucleus, internal part",44,1,-7.25,1.29,1.29,-4.76,label box,0.5396,0.5207,0.016,0.0119,,
LVPO,lateroventral periolivary nucleus,44,0,-7.25,1.66,1.66,-7.8,leader tip,0.5907,0.7832,0.0185,0.0119,0.5589,0.7667
LVPO,lateroventral periolivary nucleus,44,1,-7.25,-2.44,2.44,-8.2,label box,0.3465,0.7991,0.0185,0.0119,,
MNTB,medial nucleus of the trapezoid body,44,0,-7.25,-0.78,0.78,-8.18,label box,0.4322,0.7972,0.0214,0.0114,,
MNTB,medial nucleus of the trapezoid body,44,1,-7.25,0.87,0.87,-8.14,label box,0.5176,0.7937,0.0214,0.0114,,
MPBE,"medial parabrachial nucleus, external part",44,0,-7.25,1.95,1.95,-5.51,label box,0.5739,0.5813,0.0164,0.0239,,
MPBE,"medial parabrachial nucleus, external part",44,1,-7.25,-1.89,1.89,-5.43,label box,0.3748,0.5751,0.0214,0.0119,,
MSO,medial superior olive,44,0,-7.25,-1.47,1.47,-7.92,label box,0.3965,0.7765,0.0171,0.0125,,
MVPO,medioventral periolivary nucleus,44,0,-7.25,-1.91,1.91,-8.57,label box,0.3737,0.8287,0.0222,0.0119,,
MVPO,medioventral periolivary nucleus,44,1,-7.25,1.21,1.21,-8.24,leader tip,0.5645,0.8234,0.0218,0.0119,0.5352,0.8021
Me5,mesencephalic trigeminal nucleus,44,0,-7.25,0.99,0.99,-5,label box,0.5242,0.5401,0.0149,0.0119,,
Me5,mesencephalic trigeminal nucleus,44,1,-7.25,-1.07,1.07,-5,label box,0.4171,0.5404,0.0152,0.0119,,
P5,peritrigeminal zone,44,0,-7.25,-1.43,1.43,-6.17,label box,0.3984,0.6347,0.0091,0.0114,,
P5,peritrigeminal zone,44,1,-7.25,1.41,1.41,-6.17,label box,0.5458,0.6352,0.0087,0.0114,,
PFl,paraflocculus,44,0,-7.25,-4.5,4.5,-4.21,label box,0.2395,0.4767,0.0102,0.0114,,
PFl,paraflocculus,44,1,-7.25,4.73,4.73,-4.17,label box,0.718,0.473,0.0102,0.0119,,
PnC,"pontine reticular nucleus, caudal part",44,0,-7.25,0.8,0.8,-7.14,label box,0.5144,0.7128,0.0138,0.0125,,
PnC,"pontine reticular nucleus, caudal part",44,1,-7.25,-0.99,0.99,-7.17,label box,0.4214,0.7154,0.0138,0.0119,,
Pr5DM,"principal sensory trigeminal nucleus, dorsomedial part",44,0,-7.25,-2.35,2.35,-5.85,label box,0.3508,0.6091,0.0243,0.0114,,
Pr5DM,"principal sensory trigeminal nucleus, dorsomedial part",44,1,-7.25,2.43,2.43,-5.83,label box,0.5987,0.6071,0.0243,0.0119,,
Pr5VL,"principal sensory trigeminal nucleus, ventrolateral part",44,0,-7.25,-2.42,2.42,-6.4,label box,0.3472,0.6531,0.0214,0.0119,,
Pr5VL,"principal sensory trigeminal nucleus, ventrolateral part",44,1,-7.25,2.5,2.5,-6.4,label box,0.6023,0.6537,0.0214,0.0119,,
RMg,raphe magnus nucleus,44,0,-7.25,0.04,0.04,-7.82,label box,0.4746,0.7679,0.0167,0.0142,,
RPO,rostral periolivary nucleus,44,0,-7.25,-1.82,1.82,-7.64,label box,0.3786,0.7535,0.0152,0.0119,,
RPO,rostral periolivary nucleus,44,1,-7.25,1.69,1.69,-7.6,label box,0.5605,0.7501,0.0152,0.0119,,
RPa,raphe pallidus nucleus,44,0,-7.25,0.01,0.01,-8.18,label box,0.4733,0.7975,0.0145,0.0114,,
RtTg,reticulotegmental nucleus of the pons,44,0,-7.25,0.17,0.17,-6.92,label box,0.4813,0.6952,0.0164,0.0142,,
RtTg,reticulotegmental nucleus of the pons,44,1,-7.25,-0.22,0.22,-6.91,label box,0.4612,0.6947,0.0163,0.0148,,
SPN,superior periolivary nucleus,44,0,-7.25,-1.19,1.19,-7.78,label box,0.4112,0.7648,0.0149,0.0114,,
SPN,superior periolivary nucleus,44,1,-7.25,1.09,1.09,-7.75,label box,0.5294,0.7626,0.0149,0.0119,,
Sca,"spherical cell area, ventral cochlear nucleus",44,0,-7.25,-3.32,3.32,-6.17,label box,0.3007,0.6344,0.0134,0.0119,,
Sca,"spherical cell area, ventral cochlear nucleus",44,1,-7.25,3.42,3.42,-6.14,label box,0.6501,0.6327,0.0131,0.0119,,
Sim,simple lobule,44,0,-7.25,-1.78,1.78,-1.12,label box,0.3803,0.2267,0.0134,0.0114,,
Sim,simple lobule,44,1,-7.25,2.03,2.03,-1.26,label box,0.5779,0.2378,0.0134,0.0119,,
Su5,supratrigeminal nucleus,44,0,-7.25,1.69,1.69,-5.72,label box,0.5601,0.5984,0.0131,0.0119,,
Su5,supratrigeminal nucleus,44,1,-7.25,-1.66,1.66,-5.73,label box,0.3869,0.5992,0.0131,0.0125,,
SubCA,"subcoeruleus nucleus, alpha part",44,0,-7.25,-1.09,1.09,-5.74,label box,0.4161,0.5997,0.0247,0.0119,,
SubCA,"subcoeruleus nucleus, alpha part",44,1,-7.25,1.04,1.04,-5.76,label box,0.5265,0.6017,0.0247,0.0125,,
SubCD,"subcoeruleus nucleus, dorsal part",44,0,-7.25,-1.19,1.19,-5.93,label box,0.4112,0.6156,0.0243,0.0119,,
SubCD,"subcoeruleus nucleus, dorsal part",44,1,-7.25,1.17,1.17,-5.96,label box,0.5333,0.6177,0.0247,0.0119,,
SubCV,"subcoeruleus nucleus, ventral part",44,0,-7.25,1.5,1.5,-6.86,label box,0.5507,0.6909,0.0243,0.0125,,
SubCV,"subcoeruleus nucleus, ventral part",44,1,-7.25,-1.69,1.69,-6.88,label box,0.3851,0.6918,0.0247,0.0125,,
VCA,"ventral cochlear nucleus, anterior part",44,0,-7.25,-3.19,3.19,-5.95,label box,0.3072,0.6168,0.0156,0.0119,,
VCA,"ventral cochlear nucleus, anterior part",44,1,-7.25,3.25,3.25,-5.94,label box,0.6412,0.6162,0.0156,0.0119,,
VNTB,ventral nucleus of the trapezoid body,44,0,-7.25,-1.24,1.24,-8.57,label box,0.4083,0.829,0.0203,0.0119,,
cbw,cerebellar white matter,44,0,-7.25,-0.4,0.4,-1.83,label box,0.4519,0.2838,0.0149,0.0119,,
cbw,cerebellar white matter,44,1,-7.25,-2.64,2.64,-2.69,label box,0.3359,0.354,0.0149,0.0114,,
cbw,cerebellar white matter,44,2,-7.25,0.07,0.07,-2.62,label box,0.4764,0.3483,0.0153,0.0114,,
cbw,cerebellar white matter,44,3,-7.25,-0.4,0.4,-1.06,label box,0.4521,0.2222,0.0149,0.0119,,
cbw,cerebellar white matter,44,4,-7.25,2.86,2.86,-2.71,label box,0.6209,0.3552,0.0149,0.0119,,
cbw,cerebellar white matter,44,5,-7.25,-0.48,0.48,-4.33,label box,0.4479,0.4859,0.0152,0.0119,,
cbw,cerebellar white matter,44,6,-7.25,3.53,3.53,-4.87,label box,0.6554,0.5296,0.0149,0.0119,,
cbw,cerebellar white matter,44,7,-7.25,-3.53,3.53,-5.11,label box,0.2896,0.5489,0.0152,0.0119,,
m5,motor root of the trigeminal nerve,44,0,-7.25,2.05,2.05,-6.65,label box,0.5789,0.6733,0.0109,0.0114,,
m5,motor root of the trigeminal nerve,44,1,-7.25,-2.16,2.16,-6.71,label box,0.361,0.6782,0.0113,0.0114,,
mcp,middle cerebellar peduncle,44,0,-7.25,-2.7,2.7,-5.21,label box,0.333,0.5569,0.0156,0.0119,,
mcp,middle cerebellar peduncle,44,1,-7.25,2.87,2.87,-5.28,label box,0.6213,0.5629,0.0156,0.0125,,
me5,mesencephalic trigeminal tract,44,0,-7.25,-1.24,1.24,-5.36,label box,0.4085,0.5691,0.0156,0.0114,,
ml,medial lemniscus,44,0,-7.25,0.43,0.43,-8.25,label box,0.4951,0.8028,0.0084,0.0114,,
ml,medial lemniscus,44,1,-7.25,-0.31,0.31,-8.24,label box,0.4568,0.802,0.0084,0.0114,,
mlf,medial longitudinal fasciculus,44,0,-7.25,0.29,0.29,-6.03,label box,0.4879,0.6231,0.0109,0.0114,,
mlf,medial longitudinal fasciculus,44,1,-7.25,-0.31,0.31,-6.07,label box,0.4566,0.6265,0.0109,0.0114,,
pcn,precentral fissure,44,0,-7.25,-0.39,0.39,-3.71,label box,0.4525,0.4359,0.0127,0.0119,,
pfs,parafloccular sulcus,44,0,-7.25,-3.31,3.31,-3.83,label box,0.3011,0.4455,0.0105,0.0136,,
pfs,parafloccular sulcus,44,1,-7.25,3.56,3.56,-3.87,label box,0.6573,0.4486,0.0102,0.0142,,
plf,posterolateral fissure,44,0,-7.25,4.27,4.27,-4.66,label box,0.6942,0.5128,0.0084,0.0142,,
plf,posterolateral fissure,44,1,-7.25,-4.13,4.13,-4.88,label box,0.2585,0.5307,0.0084,0.0148,,
prf,primary fissure,44,0,-7.25,-1.82,1.82,-1.99,label box,0.3786,0.2972,0.0102,0.0148,,
prf,primary fissure,44,1,-7.25,2.04,2.04,-1.96,label box,0.5785,0.2947,0.0098,0.0148,,
psf,posterior superior fissure,44,0,-7.25,-3.07,3.07,-2.55,leader tip,0.3239,0.2895,0.0134,0.0142,0.3139,0.3427
py,pyramidal tract,44,0,-7.25,0.44,0.44,-8.71,label box,0.4953,0.8403,0.008,0.0114,,
py,pyramidal tract,44,1,-7.25,-0.33,0.33,-8.74,label box,0.4554,0.8427,0.0084,0.0119,,
rs,rubrospinal tract,44,0,-7.25,1.86,1.86,-7.1,label box,0.5692,0.7097,0.0062,0.0091,,
rs,rubrospinal tract,44,1,-7.25,-2.11,2.11,-7.17,label box,0.3636,0.7153,0.0062,0.0091,,
s5,sensory root of the trigeminal nerve,44,0,-7.25,-2.86,2.86,-6.35,label box,0.3245,0.6494,0.008,0.0114,,
s5,sensory root of the trigeminal nerve,44,1,-7.25,2.89,2.89,-6.42,label box,0.6226,0.6551,0.0084,0.0114,,
scp,superior cerebellar peduncle,44,0,-7.25,-1.7,1.7,-5.23,label box,0.3846,0.5586,0.0127,0.0119,,
scp,superior cerebellar peduncle,44,1,-7.25,1.72,1.72,-5.26,label box,0.5621,0.5611,0.0127,0.0114,,
ts,tectospinal tract,44,0,-7.25,-0.73,0.73,-7.36,label box,0.4348,0.731,0.0055,0.0108,,
ts,tectospinal tract,44,1,-7.25,0.52,0.52,-7.34,label box,0.4996,0.7295,0.0051,0.0114,,
tth,trigeminothalamic tract,44,0,-7.25,-0.33,0.33,-8.04,label box,0.4557,0.7861,0.0091,0.0114,,
tth,trigeminothalamic tract,44,1,-7.25,0.38,0.38,-8.04,label box,0.4924,0.7861,0.0091,0.0114,,
tz,trapezoid body,44,0,-7.25,-2.96,2.96,-6.86,label box,0.3194,0.6906,0.0058,0.0108,,
tz,trapezoid body,44,1,-7.25,2.9,2.9,-6.93,label box,0.6228,0.6963,0.0058,0.0108,,
tz,trapezoid body,44,2,-7.25,0.72,0.72,-8.49,label box,0.51,0.8219,0.0058,0.0114,,
tz,trapezoid body,44,3,-7.25,-0.7,0.7,-8.56,label box,0.4367,0.8279,0.0058,0.0108,,
tzx,decussation of the trapezoid body,44,0,-7.25,0.04,0.04,-8.5,label box,0.4746,0.8234,0.0105,0.0108,,
vsc,ventral spinocerebellar tract,44,0,-7.25,-1.91,1.91,-4.79,label box,0.3735,0.5233,0.0124,0.0091,,
vsc,ventral spinocerebellar tract,44,1,-7.25,-2.22,2.22,-7.54,label box,0.3575,0.7452,0.0123,0.0091,,
vsc,ventral spinocerebellar tract,44,2,-7.25,2.04,2.04,-7.56,label box,0.5785,0.7469,0.012,0.0091,,
2Cb,2nd cerebellar lobule,45,0,-7.6,-0.11,0.11,-4.9,label box,0.4671,0.5321,0.0142,0.0119,,
3Cb,3rd cerebellar lobule,45,0,-7.6,-0.1,0.1,-3.22,label box,0.4675,0.3966,0.0142,0.0125,,
4Cb,4th cerebellar lobule,45,0,-7.6,-0.18,0.18,-1.84,label box,0.4634,0.2853,0.0142,0.0119,,
4V,4th ventricle,45,0,-7.6,0.05,0.05,-5.43,label box,0.4752,0.5748,0.0102,0.0114,,
5ADi,"motor trigeminal nucleus, anterior digastric part",45,0,-7.6,1.31,1.31,-6.51,label box,0.5407,0.6619,0.0167,0.0114,,
5Cb,5th cerebellar lobule,45,0,-7.6,-0.17,0.17,-0.83,label box,0.4638,0.2031,0.0142,0.0119,,
5N,motor trigeminal nucleus,45,0,-7.6,1.7,1.7,-6.37,label box,0.5607,0.6506,0.0094,0.0114,,
5N,motor trigeminal nucleus,45,1,-7.6,-1.65,1.65,-6.35,label box,0.3873,0.6492,0.0094,0.0114,,
5Tr,trigeminal transition zone,45,0,-7.6,2.08,2.08,-5.74,label box,0.5806,0.6004,0.0113,0.0114,,
7n,facial nerve,45,0,-7.6,2.29,2.29,-7.33,label box,0.5914,0.7284,0.0084,0.0114,,
7n,facial nerve,45,1,-7.6,-2.38,2.38,-7.25,label box,0.3493,0.7219,0.0084,0.0114,,
A5,A5 noradrenaline cells,45,0,-7.6,-1.76,1.76,-7.33,label box,0.3814,0.7284,0.0091,0.0114,,
CGA,"central gray, alpha part",45,0,-7.6,-0.25,0.25,-6.05,label box,0.4597,0.6253,0.016,0.0119,,
CGA,"central gray, alpha part",45,1,-7.6,0.23,0.23,-6.06,label box,0.4847,0.6259,0.016,0.0119,,
CGB,"central gray, beta part",45,0,-7.6,-0.59,0.59,-5.93,label box,0.4423,0.6154,0.0156,0.0119,,
CGB,"central gray, beta part",45,1,-7.6,0.53,0.53,-5.93,label box,0.5,0.6157,0.0156,0.0125,,
CGO,"central gray, nucleus O",45,0,-7.6,0.12,0.12,-6.32,label box,0.4788,0.6469,0.016,0.0125,,
CGPn,central gray of the pons,45,0,-7.6,0.71,0.71,-5.55,label box,0.5093,0.5849,0.02,0.0119,,
CGPn,central gray of the pons,45,1,-7.6,-0.67,0.67,-5.53,label box,0.4378,0.583,0.0196,0.0119,,
Crus1,crus 1 of the ansiform lobule,45,0,-7.6,3.14,3.14,-1.74,label box,0.6356,0.2768,0.0203,0.0119,,
Crus1,crus 1 of the ansiform lobule,45,1,-7.6,-3.13,3.13,-1.8,label box,0.3107,0.2816,0.0203,0.0125,,
DLPO,dorsolateral periolivary nucleus,45,0,-7.6,-1.85,1.85,-7.51,label box,0.377,0.7429,0.02,0.0119,,
DLPO,dorsolateral periolivary nucleus,45,1,-7.6,1.73,1.73,-7.55,label box,0.5623,0.7463,0.02,0.0119,,
DMTg,dorsomedial tegmental area,45,0,-7.6,0.53,0.53,-6.51,label box,0.5,0.6622,0.0211,0.0142,,
DMTg,dorsomedial tegmental area,45,1,-7.6,-0.53,0.53,-6.5,label box,0.4454,0.6617,0.0211,0.0148,,
DPO,dorsal periolivary nucleus,45,0,-7.6,1.41,1.41,-7.73,label box,0.546,0.7609,0.0152,0.0119,,
Fl,flocculus,45,0,-7.6,4.1,4.1,-5.01,label box,0.685,0.5412,0.0051,0.0119,,
Fl,flocculus,45,1,-7.6,-4.24,4.24,-5.35,label box,0.2529,0.5682,0.0051,0.0114,,
GrC,granule cell layer of cochlear nuclei,45,0,-7.6,2.68,2.68,-5.5,label box,0.6116,0.5804,0.0131,0.0119,,
GrC,granule cell layer of cochlear nuclei,45,1,-7.6,-2.54,2.54,-5.5,label box,0.3412,0.581,0.0131,0.0119,,
LC,locus coeruleus,45,0,-7.6,0.96,0.96,-5.32,label box,0.5225,0.5663,0.0091,0.0125,,
LNTB,lateral nucleus of the trapezoid body,45,0,-7.6,2.02,2.02,-8.43,label box,0.5772,0.817,0.0193,0.0114,,
LNTB,lateral nucleus of the trapezoid body,45,1,-7.6,-1.95,1.95,-8.47,label box,0.3715,0.8205,0.0193,0.0114,,
LPB,lateral parabrachial nucleus,45,0,-7.6,-2.14,2.14,-5.3,label box,0.3619,0.5648,0.0138,0.0114,,
LPB,lateral parabrachial nucleus,45,1,-7.6,2.25,2.25,-5.38,label box,0.5894,0.571,0.0138,0.0114,,
LR4V,lateral recess of the 4th ventricle,45,0,-7.6,3.12,3.12,-5.32,label box,0.6344,0.5665,0.0196,0.0114,,
LSO,lateral superior olive,45,0,-7.6,-1.84,1.84,-7.75,label box,0.3775,0.7628,0.0138,0.0119,,
LVPO,lateroventral periolivary nucleus,45,0,-7.6,2.22,2.22,-8.23,label box,0.5878,0.8011,0.0185,0.0125,,
MNTB,medial nucleus of the trapezoid body,45,0,-7.6,0.69,0.69,-8.42,label box,0.5084,0.8165,0.0214,0.0119,,
MPB,medial parabrachial nucleus,45,0,-7.6,1.7,1.7,-5.46,label box,0.5609,0.5773,0.0164,0.0114,,
MSO,medial superior olive,45,0,-7.6,-1.31,1.31,-8.22,label box,0.4048,0.8003,0.0167,0.0119,,
MSO,medial superior olive,45,1,-7.6,1.35,1.35,-8.2,label box,0.5427,0.7991,0.0171,0.0119,,
MVPO,medioventral periolivary nucleus,45,0,-7.6,-1.82,1.82,-8.65,label box,0.3786,0.8355,0.0218,0.0119,,
MVPO,medioventral periolivary nucleus,45,1,-7.6,1.05,1.05,-8.42,leader tip,0.5701,0.8327,0.0218,0.0119,0.527,0.8168
Me5,mesencephalic trigeminal nucleus,45,0,-7.6,1.24,1.24,-5.46,label box,0.5369,0.5771,0.0152,0.0114,,
P5,peritrigeminal zone,45,0,-7.6,-1.74,1.74,-6.87,label box,0.3826,0.6915,0.0087,0.0114,,
P5,peritrigeminal zone,45,1,-7.6,1.77,1.77,-5.95,label box,0.5647,0.6171,0.0091,0.0119,,
P5,peritrigeminal zone,45,2,-7.6,-1.73,1.73,-5.97,label box,0.3831,0.6188,0.0091,0.0119,,
P5,peritrigeminal zone,45,3,-7.6,1.79,1.79,-6.87,label box,0.5656,0.6915,0.0087,0.0119,,
PDTg,posterodorsal tegmental nucleus,45,0,-7.6,-0.25,0.25,-5.76,label box,0.4598,0.602,0.0193,0.0142,,
PDTg,posterodorsal tegmental nucleus,45,1,-7.6,0.23,0.23,-5.77,label box,0.4849,0.6026,0.0193,0.0142,,
PFl,paraflocculus,45,0,-7.6,-4.5,4.5,-4.21,label box,0.2395,0.4767,0.0102,0.0114,,
PFl,paraflocculus,45,1,-7.6,4.44,4.44,-4.17,label box,0.7028,0.4733,0.0102,0.0114,,
PnC,"pontine reticular nucleus, caudal part",45,0,-7.6,-0.54,0.54,-7.09,label box,0.4448,0.7094,0.0138,0.0119,,
PnC,"pontine reticular nucleus, caudal part",45,1,-7.6,0.51,0.51,-7.09,label box,0.4989,0.7094,0.0138,0.0119,,
PnV,"pontine reticular nucleus, ventral part",45,0,-7.6,0.02,0.02,-7.62,label box,0.4738,0.7517,0.0138,0.0114,,
Pr5DM,"principal sensory trigeminal nucleus, dorsomedial part",45,0,-7.6,2.35,2.35,-5.96,label box,0.5943,0.6176,0.0243,0.0114,,
Pr5VL,"principal sensory trigeminal nucleus, ventrolateral part",45,0,-7.6,-2.41,2.41,-6.59,label box,0.3479,0.669,0.0214,0.0119,,
Pr5VL,"principal sensory trigeminal nucleus, ventrolateral part",45,1,-7.6,2.4,2.4,-6.65,label box,0.5973,0.6739,0.0214,0.0119,,
RMg,raphe magnus nucleus,45,0,-7.6,0.03,0.03,-8.01,label box,0.4742,0.7832,0.0167,0.0142,,
RPa,raphe pallidus nucleus,45,0,-7.6,0.01,0.01,-8.21,label box,0.4735,0.7997,0.0145,0.0108,,
RtTg,reticulotegmental nucleus of the pons,45,0,-7.6,-0.16,0.16,-6.83,label box,0.4646,0.6878,0.0164,0.0142,,
RtTg,reticulotegmental nucleus of the pons,45,1,-7.6,0.22,0.22,-6.83,label box,0.484,0.6878,0.0167,0.0142,,
SMV,superior medullary velum,45,0,-7.6,-0.61,0.61,-5.3,label box,0.4411,0.5645,0.0167,0.0119,,
SPN,superior periolivary nucleus,45,0,-7.6,-1.1,1.1,-7.95,label box,0.4159,0.7784,0.0149,0.0114,,
SPN,superior periolivary nucleus,45,1,-7.6,1.07,1.07,-7.89,label box,0.5282,0.7741,0.0149,0.0119,,
Sca,"spherical cell area, ventral cochlear nucleus",45,0,-7.6,-2.97,2.97,-5.84,label box,0.3187,0.6082,0.0131,0.0119,,
Sca,"spherical cell area, ventral cochlear nucleus",45,1,-7.6,3.11,3.11,-5.79,label box,0.634,0.604,0.0134,0.0119,,
Sim,simple lobule,45,0,-7.6,1.58,1.58,-1.12,label box,0.5547,0.2264,0.0134,0.0108,,
Sim,simple lobule,45,1,-7.6,-1.88,1.88,-1.25,label box,0.3755,0.2372,0.0134,0.0119,,
Su5,supratrigeminal nucleus,45,0,-7.6,-1.56,1.56,-5.74,label box,0.392,0.6001,0.0131,0.0119,,
Su5,supratrigeminal nucleus,45,1,-7.6,1.65,1.65,-5.76,label box,0.5583,0.6018,0.0131,0.0119,,
SubCD,"subcoeruleus nucleus, dorsal part",45,0,-7.6,-1.16,1.16,-6.17,label box,0.4128,0.6344,0.0247,0.0119,,
SubCD,"subcoeruleus nucleus, dorsal part",45,1,-7.6,1.17,1.17,-6.15,label box,0.5331,0.633,0.0251,0.0119,,
SubCV,"subcoeruleus nucleus, ventral part",45,0,-7.6,-1.62,1.62,-7.07,label box,0.389,0.7077,0.0243,0.0119,,
SubCV,"subcoeruleus nucleus, ventral part",45,1,-7.6,1.6,1.6,-7.06,label box,0.5558,0.7065,0.0243,0.0119,,
VCA,"ventral cochlear nucleus, anterior part",45,0,-7.6,3.44,3.44,-6.03,label box,0.651,0.6236,0.0156,0.0119,,
VCA,"ventral cochlear nucleus, anterior part",45,1,-7.6,-3.3,3.3,-6.1,label box,0.3018,0.6293,0.0156,0.0119,,
VNTB,ventral nucleus of the trapezoid body,45,0,-7.6,1.09,1.09,-8.8,label box,0.5293,0.8472,0.02,0.0114,,
VNTB,ventral nucleus of the trapezoid body,45,1,-7.6,-0.99,0.99,-8.83,label box,0.4216,0.8495,0.02,0.0119,,
cbw,cerebellar white matter,45,0,-7.6,-0.75,0.75,-2.02,label box,0.434,0.2991,0.0149,0.0119,,
cbw,cerebellar white matter,45,1,-7.6,3.57,3.57,-2.36,label box,0.6575,0.327,0.0149,0.0119,,
cbw,cerebellar white matter,45,2,-7.6,-3.44,3.44,-2.88,label box,0.2943,0.3688,0.0145,0.0114,,
cbw,cerebellar white matter,45,3,-7.6,-2.43,2.43,-2.83,label box,0.3468,0.3651,0.0149,0.0119,,
cbw,cerebellar white matter,45,4,-7.6,2.47,2.47,-2.79,label box,0.6005,0.3616,0.0149,0.0119,,
cbw,cerebellar white matter,45,5,-7.6,4.02,4.02,-4.05,label box,0.6811,0.4639,0.0149,0.0119,,
cbw,cerebellar white matter,45,6,-7.6,-4.05,4.05,-4.3,label box,0.2631,0.4838,0.0145,0.0119,,
cbw,cerebellar white matter,45,7,-7.6,-0.8,0.8,-1.56,label box,0.4312,0.2626,0.0152,0.0119,,
cbw,cerebellar white matter,45,8,-7.6,-0.77,0.77,-3.75,label box,0.433,0.4393,0.0152,0.0119,,
cbw,cerebellar white matter,45,9,-7.6,-0.67,0.67,-4.67,label box,0.4379,0.514,0.0149,0.0125,,
cbw,cerebellar white matter,45,10,-7.6,3.26,3.26,-4.96,label box,0.6414,0.5367,0.0152,0.0114,,
cbw,cerebellar white matter,45,11,-7.6,-2.92,2.92,-4.99,label box,0.3212,0.5393,0.0152,0.0119,,
chp,choroid plexus,45,0,-7.6,-2.94,2.94,-5.48,label box,0.3205,0.5787,0.0131,0.0142,,
m5,motor root of the trigeminal nerve,45,0,-7.6,-2.05,2.05,-6.4,label box,0.3666,0.6534,0.0109,0.0114,,
m5,motor root of the trigeminal nerve,45,1,-7.6,2.16,2.16,-6.38,label box,0.5848,0.6517,0.0105,0.0114,,
mcp,middle cerebellar peduncle,45,0,-7.6,-2.64,2.64,-4.86,label box,0.3361,0.5293,0.0153,0.0119,,
mcp,middle cerebellar peduncle,45,1,-7.6,2.85,2.85,-4.82,label box,0.6206,0.5256,0.0156,0.0119,,
me5,mesencephalic trigeminal tract,45,0,-7.6,-1.26,1.26,-5.61,label box,0.4074,0.5898,0.0156,0.0119,,
ml,medial lemniscus,45,0,-7.6,-0.27,0.27,-8.32,label box,0.4586,0.8089,0.0084,0.0114,,
ml,medial lemniscus,45,1,-7.6,0.31,0.31,-8.34,label box,0.4888,0.81,0.0084,0.0114,,
mlf,medial longitudinal fasciculus,45,0,-7.6,-0.24,0.24,-6.33,label box,0.4605,0.6475,0.0113,0.0114,,
pcn,precentral fissure,45,0,-7.6,-0.43,0.43,-4.18,label box,0.4506,0.4737,0.0127,0.0114,,
pcuf,preculminate fissure,45,0,-7.6,-0.53,0.53,-2.3,label box,0.4452,0.3222,0.0156,0.0142,,
pfs,parafloccular sulcus,45,0,-7.6,3.39,3.39,-3.62,label box,0.6483,0.4285,0.0109,0.0142,,
pfs,parafloccular sulcus,45,1,-7.6,-3.23,3.23,-3.71,label box,0.3054,0.4362,0.0105,0.0148,,
plf,posterolateral fissure,45,0,-7.6,-3.37,3.37,-4.76,label box,0.2981,0.521,0.0084,0.0148,,
plf,posterolateral fissure,45,1,-7.6,-1.82,1.82,-2.07,label box,0.3786,0.3038,0.0102,0.0148,,
plf,posterolateral fissure,45,2,-7.6,4.29,4.29,-4.58,label box,0.6948,0.506,0.0087,0.0148,,
prf,primary fissure,45,0,-7.6,1.9,1.9,-2.04,label box,0.5714,0.3009,0.0102,0.0148,,
psf,posterior superior fissure,45,0,-7.6,3.12,3.12,-2.34,label box,0.6346,0.3251,0.0109,0.0142,,
psf,posterior superior fissure,45,1,-7.6,-3.02,3.02,-2.44,label box,0.3161,0.3333,0.0109,0.0148,,
py,pyramidal tract,45,0,-7.6,0.34,0.34,-8.73,label box,0.4902,0.842,0.008,0.0114,,
py,pyramidal tract,45,1,-7.6,-0.25,0.25,-8.76,label box,0.46,0.8438,0.008,0.0114,,
rs,rubrospinal tract,45,0,-7.6,1.97,1.97,-7.28,label box,0.5748,0.7242,0.0062,0.0091,,
rs,rubrospinal tract,45,1,-7.6,-2.06,2.06,-7.28,label box,0.366,0.7248,0.0062,0.0091,,
s5,sensory root of the trigeminal nerve,45,0,-7.6,2.86,2.86,-6.31,label box,0.6209,0.6458,0.0084,0.0114,,
s5,sensory root of the trigeminal nerve,45,1,-7.6,-2.77,2.77,-6.34,label box,0.3292,0.6486,0.0087,0.0114,,
scp,superior cerebellar peduncle,45,0,-7.6,1.75,1.75,-5.26,label box,0.5632,0.5609,0.0127,0.0119,,
ts,tectospinal tract,45,0,-7.6,-0.72,0.72,-7.36,label box,0.4355,0.731,0.0062,0.0108,,
ts,tectospinal tract,45,1,-7.6,0.71,0.71,-7.36,label box,0.5096,0.731,0.0062,0.0108,,
tth,trigeminothalamic tract,45,0,-7.6,-0.35,0.35,-8.19,label box,0.4544,0.7983,0.0091,0.0114,,
tth,trigeminothalamic tract,45,1,-7.6,0.33,0.33,-8.21,label box,0.4896,0.7994,0.0091,0.0114,,
tz,trapezoid body,45,0,-7.6,0.62,0.62,-8.7,label box,0.5049,0.8392,0.0062,0.0114,,
tz,trapezoid body,45,1,-7.6,-2.84,2.84,-6.75,label box,0.3256,0.6813,0.0058,0.0108,,
vsc,ventral spinocerebellar tract,45,0,-7.6,-2.26,2.26,-7.53,label box,0.3556,0.7449,0.012,0.0091,,
vsc,ventral spinocerebellar tract,45,1,-7.6,1.56,1.56,-4.84,label box,0.5536,0.5276,0.0123,0.0091,,
vsc,ventral spinocerebellar tract,45,2,-7.6,2.16,2.16,-7.58,label box,0.5844,0.7489,0.0123,0.0097,,
1Cb,1st cerebellar lobule (lingula),46,0,-7.95,0.05,0.05,-4.93,label box,0.4751,0.5349,0.0142,0.0119,,
2Cb,2nd cerebellar lobule,46,0,-7.95,0.05,0.05,-3.8,label box,0.4751,0.4437,0.0142,0.0114,,
3Cb,3rd cerebellar lobule,46,0,-7.95,0.09,0.09,-2.81,label box,0.4775,0.3631,0.0145,0.0114,,
4Cb,4th cerebellar lobule,46,0,-7.95,0.1,0.1,-2.24,label box,0.478,0.3173,0.0142,0.0119,,
4V,4th ventricle,46,0,-7.95,-0.06,0.06,-5.55,label box,0.4695,0.585,0.0098,0.0114,,
5ADi,"motor trigeminal nucleus, anterior digastric part",46,0,-7.95,-1.33,1.33,-6.77,label box,0.4039,0.6835,0.0171,0.0114,,
5ADi,"motor trigeminal nucleus, anterior digastric part",46,1,-7.95,1.32,1.32,-6.73,label box,0.5409,0.6801,0.0171,0.0114,,
5Cb,5th cerebellar lobule,46,0,-7.95,0.1,0.1,-1.64,label box,0.478,0.2685,0.0142,0.0119,,
5Tr,trigeminal transition zone,46,0,-7.95,1.86,1.86,-5.98,label box,0.5692,0.6196,0.0113,0.0119,,
5Tr,trigeminal transition zone,46,1,-7.95,-1.87,1.87,-5.94,label box,0.376,0.6165,0.0116,0.0119,,
6n,abducens nerve,46,0,-7.95,-0.67,0.67,-7.34,label box,0.438,0.7293,0.0084,0.0119,,
6n,abducens nerve,46,1,-7.95,0.63,0.63,-7.33,label box,0.5056,0.7287,0.0084,0.0119,,
7n,facial nerve,46,0,-7.95,1.98,1.98,-7.15,label box,0.5752,0.7142,0.0087,0.0114,,
7n,facial nerve,46,1,-7.95,-2,2,-7.06,label box,0.3693,0.7066,0.0084,0.0114,,
8n,vestibulocochlear nerve,46,0,-7.95,-2.63,2.63,-5.87,label box,0.3367,0.6108,0.0084,0.0114,,
8n,vestibulocochlear nerve,46,1,-7.95,2.68,2.68,-5.94,label box,0.6114,0.6165,0.0084,0.0114,,
8n,vestibulocochlear nerve,46,2,-7.95,-3.68,3.68,-6.53,label box,0.2818,0.6639,0.0084,0.0119,,
8n,vestibulocochlear nerve,46,3,-7.95,3.54,3.54,-6.91,label box,0.6561,0.6946,0.0084,0.0119,,
A5,A5 noradrenaline cells,46,0,-7.95,-1.66,1.66,-7.29,label box,0.3866,0.725,0.0094,0.0114,,
A5,A5 noradrenaline cells,46,1,-7.95,1.53,1.53,-7.3,label box,0.5521,0.7262,0.0094,0.0119,,
CGA,"central gray, alpha part",46,0,-7.95,0.27,0.27,-6.17,label box,0.4869,0.6349,0.016,0.0119,,
CGG,"central gray, gamma part",46,0,-7.95,-0.71,0.71,-5.97,label box,0.4357,0.619,0.016,0.0119,,
CGG,"central gray, gamma part",46,1,-7.95,0.75,0.75,-5.99,label box,0.5118,0.6202,0.0156,0.0119,,
Crus1,crus 1 of the ansiform lobule,46,0,-7.95,2.68,2.68,-1.27,label box,0.6117,0.239,0.0203,0.0125,,
Crus1,crus 1 of the ansiform lobule,46,1,-7.95,-3.21,3.21,-1.73,label box,0.3063,0.2759,0.0203,0.0125,,
Crus1,crus 1 of the ansiform lobule,46,2,-7.95,3.92,3.92,-2.18,label box,0.6759,0.3126,0.0203,0.0119,,
DLPO,dorsolateral periolivary nucleus,46,0,-7.95,1.69,1.69,-7.49,label box,0.5601,0.7418,0.02,0.0119,,
DLPO,dorsolateral periolivary nucleus,46,1,-7.95,-1.75,1.75,-7.52,label box,0.3821,0.7435,0.02,0.0119,,
DPO,dorsal periolivary nucleus,46,0,-7.95,1.09,1.09,-7.7,label box,0.5291,0.7588,0.0153,0.0119,,
DPO,dorsal periolivary nucleus,46,1,-7.95,-1.14,1.14,-7.69,label box,0.4138,0.7574,0.0152,0.0119,,
Fl,flocculus,46,0,-7.95,-4.25,4.25,-5.02,label box,0.2527,0.542,0.0047,0.0114,,
Fl,flocculus,46,1,-7.95,4.17,4.17,-5.11,label box,0.6886,0.5491,0.0051,0.0119,,
Gca,"globular cell area, ventral cochlear nucleus",46,0,-7.95,-3.59,3.59,-6.14,label box,0.2869,0.6321,0.0134,0.0119,,
Gca,"globular cell area, ventral cochlear nucleus",46,1,-7.95,3.56,3.56,-6.28,label box,0.6573,0.6435,0.0138,0.0119,,
IRt,intermediate reticular nucleus,46,0,-7.95,-1.33,1.33,-7.05,label box,0.4037,0.7063,0.0094,0.0114,,
IRt,intermediate reticular nucleus,46,1,-7.95,1.4,1.4,-7.06,label box,0.5451,0.7071,0.0094,0.0119,,
LNTB,lateral nucleus of the trapezoid body,46,0,-7.95,-1.98,1.98,-8.49,label box,0.3703,0.8219,0.0189,0.0119,,
LR4V,lateral recess of the 4th ventricle,46,0,-7.95,3.2,3.2,-5.29,label box,0.6386,0.5636,0.0193,0.0114,,
LSO,lateral superior olive,46,0,-7.95,1.66,1.66,-7.87,label box,0.5585,0.7724,0.0145,0.0119,,
LSO,lateral superior olive,46,1,-7.95,-1.67,1.67,-7.91,label box,0.3861,0.7753,0.0142,0.0119,,
LVPO,lateroventral periolivary nucleus,46,0,-7.95,-2.31,2.31,-8.23,label box,0.353,0.8009,0.0185,0.0119,,
LVPO,lateroventral periolivary nucleus,46,1,-7.95,2.28,2.28,-8.16,label box,0.591,0.7952,0.0185,0.0119,,
Lat,lateral (dentate) cerebellar nucleus,46,0,-7.95,-2.7,2.7,-4,label box,0.333,0.4591,0.0105,0.0114,,
Lat,lateral (dentate) cerebellar nucleus,46,1,-7.95,2.79,2.79,-4.19,label box,0.6171,0.4745,0.0109,0.0119,,
LatPC,"lateral cerebellar nucleus, parvicellular part",46,0,-7.95,-2.84,2.84,-4.68,label box,0.3254,0.5145,0.0207,0.0119,,
LatPC,"lateral cerebellar nucleus, parvicellular part",46,1,-7.95,2.94,2.94,-4.86,label box,0.6252,0.5287,0.0207,0.0119,,
MNTB,medial nucleus of the trapezoid body,46,0,-7.95,-0.8,0.8,-8.44,label box,0.4311,0.8185,0.0236,0.0233,,
MNTB,medial nucleus of the trapezoid body,46,1,-7.95,0.83,0.83,-8.36,label box,0.5155,0.812,0.0218,0.0119,,
MSO,medial superior olive,46,0,-7.95,-1.33,1.33,-8.36,label box,0.4039,0.8116,0.0185,0.021,,
MSO,medial superior olive,46,1,-7.95,1.31,1.31,-8.39,label box,0.5405,0.8139,0.0193,0.0233,,
MVPO,medioventral periolivary nucleus,46,0,-7.95,-1.85,1.85,-8.76,label box,0.3768,0.844,0.0218,0.0119,,
MVPO,medioventral periolivary nucleus,46,1,-7.95,1.8,1.8,-8.71,label box,0.5661,0.8398,0.0221,0.0119,,
MVeMC,"medial vestibular nucleus, magnocellular part",46,0,-7.95,-1.46,1.46,-5.68,label box,0.3972,0.5952,0.0276,0.0119,,
MVeMC,"medial vestibular nucleus, magnocellular part",46,1,-7.95,1.47,1.47,-5.74,label box,0.5487,0.5997,0.0276,0.0119,,
MVePC,"medial vestibular nucleus, parvicellular part",46,0,-7.95,-1.14,1.14,-5.36,label box,0.4139,0.569,0.0254,0.0119,,
MVePC,"medial vestibular nucleus, parvicellular part",46,1,-7.95,1.14,1.14,-5.42,label box,0.5316,0.5741,0.0254,0.0119,,
P5,peritrigeminal zone,46,0,-7.95,-1.62,1.62,-6.54,label box,0.3888,0.6645,0.0087,0.0119,,
P5,peritrigeminal zone,46,1,-7.95,1.59,1.59,-6.52,label box,0.5551,0.6628,0.0091,0.0119,,
PCGS,paracochlear glial substance,46,0,-7.95,-2.44,2.44,-5.4,label box,0.3463,0.5724,0.0203,0.0187,,
PCGS,paracochlear glial substance,46,1,-7.95,2.39,2.39,-5.49,label box,0.5965,0.5798,0.0207,0.0187,,
PCRt,parvicellular reticular nucleus,46,0,-7.95,-2.01,2.01,-6.55,label box,0.3685,0.6653,0.0182,0.0125,,
PCRt,parvicellular reticular nucleus,46,1,-7.95,1.96,1.96,-6.56,label box,0.5741,0.6662,0.0182,0.0119,,
PFl,paraflocculus,46,0,-7.95,-4.87,4.87,-4.16,label box,0.2202,0.4722,0.0102,0.0114,,
PFl,paraflocculus,46,1,-7.95,4.9,4.9,-4.46,label box,0.7267,0.4966,0.0102,0.0114,,
Pa6,paraabducens nucleus,46,0,-7.95,0.4,0.4,-6.36,label box,0.4937,0.6501,0.0131,0.0119,,
PnC,"pontine reticular nucleus, caudal part",46,0,-7.95,0.9,0.9,-7.39,label box,0.5193,0.733,0.0138,0.0114,,
PnV,"pontine reticular nucleus, ventral part",46,0,-7.95,-0.39,0.39,-8.03,label box,0.4526,0.7847,0.0138,0.0119,,
PnV,"pontine reticular nucleus, ventral part",46,1,-7.95,0.4,0.4,-8.02,label box,0.4935,0.7841,0.0142,0.0119,,
Pr5DM,"principal sensory trigeminal nucleus, dorsomedial part",46,0,-7.95,-2.31,2.31,-6.24,label box,0.353,0.6401,0.0243,0.0119,,
Pr5DM,"principal sensory trigeminal nucleus, dorsomedial part",46,1,-7.95,2.25,2.25,-6.26,label box,0.5892,0.642,0.0243,0.0114,,
Pr5VL,"principal sensory trigeminal nucleus, ventrolateral part",46,0,-7.95,-2.35,2.35,-6.75,label box,0.3508,0.6813,0.0214,0.0114,,
Pr5VL,"principal sensory trigeminal nucleus, ventrolateral part",46,1,-7.95,2.31,2.31,-6.78,label box,0.5926,0.6842,0.0214,0.0119,,
RIP,raphe interpositus nucleus,46,0,-7.95,0.01,0.01,-7.36,label box,0.4735,0.7312,0.0124,0.0114,,
RMg,raphe magnus nucleus,46,0,-7.95,0,0,-7.99,label box,0.4729,0.7821,0.0164,0.0142,,
RPa,raphe pallidus nucleus,46,0,-7.95,0.01,0.01,-8.26,label box,0.4733,0.804,0.0142,0.0114,,
SGe,supragenual nucleus,46,0,-7.95,-0.37,0.37,-5.98,label box,0.4537,0.6196,0.0142,0.0119,,
SGe,supragenual nucleus,46,1,-7.95,0.34,0.34,-5.99,label box,0.4902,0.6202,0.0145,0.0119,,
SMV,superior medullary velum,46,0,-7.95,-0.62,0.62,-5.4,label box,0.4407,0.5728,0.0167,0.0119,,
SPN,superior periolivary nucleus,46,0,-7.95,-1.05,1.05,-7.99,label box,0.4184,0.7821,0.0149,0.0119,,
SPN,superior periolivary nucleus,46,1,-7.95,1.08,1.08,-8.01,label box,0.5285,0.7838,0.0149,0.0119,,
Sca,"spherical cell area, ventral cochlear nucleus",46,0,-7.95,2.88,2.88,-5.73,label box,0.6221,0.5991,0.0131,0.0119,,
Sca,"spherical cell area, ventral cochlear nucleus",46,1,-7.95,-2.9,2.9,-5.6,label box,0.3225,0.5884,0.0134,0.0125,,
Sim,simple lobule,46,0,-7.95,-1.41,1.41,-0.98,label box,0.3999,0.2156,0.0134,0.0119,,
Sim,simple lobule,46,1,-7.95,1.63,1.63,-0.97,label box,0.5572,0.2148,0.0134,0.0125,,
SuVe,superior vestibular nucleus,46,0,-7.95,-1.93,1.93,-5.35,label box,0.3728,0.5685,0.0167,0.0199,,
SuVe,superior vestibular nucleus,46,1,-7.95,1.84,1.84,-5.35,label box,0.5679,0.5682,0.0178,0.0119,,
VCA,"ventral cochlear nucleus, anterior part",46,0,-7.95,-3.19,3.19,-5.81,label box,0.3074,0.606,0.0153,0.0119,,
VCA,"ventral cochlear nucleus, anterior part",46,1,-7.95,3.16,3.16,-5.97,label box,0.6364,0.6185,0.0156,0.0119,,
VNTB,ventral nucleus of the trapezoid body,46,0,-7.95,-1.12,1.12,-8.69,label box,0.4148,0.8386,0.02,0.0114,,
VNTB,ventral nucleus of the trapezoid body,46,1,-7.95,1.15,1.15,-8.71,label box,0.5322,0.8398,0.02,0.0114,,
VeCb,vestibulocerebellar nucleus,46,0,-7.95,-1.14,1.14,-4.89,label box,0.4137,0.5315,0.0185,0.0119,,
VeCb,vestibulocerebellar nucleus,46,1,-7.95,1.14,1.14,-4.95,label box,0.5318,0.5361,0.0185,0.0119,,
cbw,cerebellar white matter,46,0,-7.95,2.44,2.44,-3.23,label box,0.599,0.3974,0.0149,0.0119,,
cbw,cerebellar white matter,46,1,-7.95,3.27,3.27,-3.13,label box,0.6423,0.3895,0.0149,0.0119,,
cbw,cerebellar white matter,46,2,-7.95,1.76,1.76,-3.79,label box,0.564,0.4423,0.0145,0.0119,,
cbw,cerebellar white matter,46,3,-7.95,-3.58,3.58,-4.02,label box,0.2874,0.4608,0.0145,0.0114,,
cbw,cerebellar white matter,46,4,-7.95,-3.58,3.58,-5.1,label box,0.2871,0.5486,0.0145,0.0119,,
cbw,cerebellar white matter,46,5,-7.95,-0.64,0.64,-2.15,label box,0.4394,0.3103,0.0149,0.0119,,
cbw,cerebellar white matter,46,6,-7.95,-2.38,2.38,-3,label box,0.3492,0.3785,0.0152,0.0119,,
cbw,cerebellar white matter,46,7,-7.95,-3.43,3.43,-3.07,label box,0.2949,0.3847,0.0149,0.0119,,
cbw,cerebellar white matter,46,8,-7.95,-1.57,1.57,-3.65,label box,0.3915,0.431,0.0149,0.0125,,
cbw,cerebellar white matter,46,9,-7.95,3.65,3.65,-4.22,label box,0.662,0.4776,0.0149,0.0125,,
cbw,cerebellar white matter,46,10,-7.95,3.6,3.6,-5.13,label box,0.6594,0.5504,0.0149,0.0125,,
chp,choroid plexus,46,0,-7.95,-3.14,3.14,-5.18,label box,0.3101,0.5548,0.0127,0.0142,,
g7,genu of the facial nerve,46,0,-7.95,0.81,0.81,-6.18,label box,0.5147,0.6359,0.0087,0.0142,,
g7,genu of the facial nerve,46,1,-7.95,-0.86,0.86,-6.2,label box,0.4283,0.637,0.0087,0.0142,,
icp,inferior cerebellar peduncle (restiform body),46,0,-7.95,-2.39,2.39,-4.86,label box,0.349,0.5287,0.0098,0.0119,,
icp,inferior cerebellar peduncle (restiform body),46,1,-7.95,2.42,2.42,-4.89,label box,0.5983,0.5312,0.0098,0.0148,,
mcp,middle cerebellar peduncle,46,0,-7.95,-3.16,3.16,-4.01,label box,0.3092,0.4599,0.0153,0.0119,,
mcp,middle cerebellar peduncle,46,1,-7.95,3.15,3.15,-4.08,label box,0.6362,0.4657,0.0156,0.0125,,
ml,medial lemniscus,46,0,-7.95,0.26,0.26,-8.39,label box,0.4862,0.8145,0.0084,0.0114,,
ml,medial lemniscus,46,1,-7.95,-0.24,0.24,-8.41,label box,0.4605,0.8157,0.0084,0.0114,,
mlf,medial longitudinal fasciculus,46,0,-7.95,0.01,0.01,-6.48,label box,0.4735,0.6602,0.0109,0.0114,,
ocb,olivocochlear bundle,46,0,-7.95,-2.13,2.13,-5.75,label box,0.3623,0.6006,0.0131,0.0114,,
ocb,olivocochlear bundle,46,1,-7.95,2.28,2.28,-5.83,label box,0.5907,0.6074,0.0127,0.0114,,
pcn,precentral fissure,46,0,-7.95,-0.53,0.53,-3.25,label box,0.4452,0.3989,0.0127,0.0119,,
pfs,parafloccular sulcus,46,0,-7.95,-3.33,3.33,-3.48,label box,0.3003,0.4177,0.0105,0.0142,,
pfs,parafloccular sulcus,46,1,-7.95,3.4,3.4,-3.58,label box,0.6491,0.4256,0.0152,0.0142,,
plf,posterolateral fissure,46,0,-7.95,-4.2,4.2,-4.76,label box,0.2549,0.5205,0.0084,0.0136,,
plf,posterolateral fissure,46,1,-7.95,4.29,4.29,-4.91,label box,0.6949,0.5327,0.0084,0.0142,,
prf,primary fissure,46,0,-7.95,-1.49,1.49,-2.13,label box,0.3953,0.3086,0.0102,0.0176,,
psf,posterior superior fissure,46,0,-7.95,-2.23,2.23,-1.7,label box,0.3572,0.2736,0.0109,0.0142,,
psf,posterior superior fissure,46,1,-7.95,2.38,2.38,-1.66,label box,0.5962,0.2708,0.0113,0.0193,,
py,pyramidal tract,46,0,-7.95,-0.43,0.43,-8.93,label box,0.4502,0.8574,0.008,0.0114,,
py,pyramidal tract,46,1,-7.95,0.46,0.46,-8.88,label box,0.4968,0.8537,0.0084,0.0114,,
rs,rubrospinal tract,46,0,-7.95,-2.06,2.06,-7.35,label box,0.3661,0.7298,0.0062,0.0085,,
rs,rubrospinal tract,46,1,-7.95,1.87,1.87,-7.35,label box,0.5694,0.7305,0.0062,0.0091,,
s5,sensory root of the trigeminal nerve,46,0,-7.95,2.78,2.78,-6.58,label box,0.6166,0.6676,0.008,0.0114,,
s5,sensory root of the trigeminal nerve,46,1,-7.95,-2.85,2.85,-6.52,label box,0.325,0.6634,0.0084,0.0114,,
scp,superior cerebellar peduncle,46,0,-7.95,-1.65,1.65,-4.77,label box,0.3874,0.5213,0.0124,0.0119,,
scp,superior cerebellar peduncle,46,1,-7.95,1.6,1.6,-4.82,label box,0.5556,0.5254,0.0127,0.0125,,
ts,tectospinal tract,46,0,-7.95,-0.37,0.37,-7.01,label box,0.4535,0.7028,0.0058,0.0102,,
ts,tectospinal tract,46,1,-7.95,0.36,0.36,-7.01,label box,0.4916,0.7023,0.0058,0.0102,,
tz,trapezoid body,46,0,-7.95,-2.7,2.7,-7.25,label box,0.3328,0.7224,0.0058,0.0108,,
tz,trapezoid body,46,1,-7.95,2.5,2.5,-7.48,label box,0.6021,0.741,0.0062,0.0108,,
tz,trapezoid body,46,2,-7.95,-0.64,0.64,-8.51,label box,0.4398,0.8242,0.0062,0.0114,,
tz,trapezoid body,46,3,-7.95,0.72,0.72,-8.61,label box,0.5102,0.8319,0.0062,0.0108,,
tzx,decussation of the trapezoid body,46,0,-7.95,0.02,0.02,-8.6,label box,0.4737,0.8313,0.0102,0.0108,,
veme,vestibulomesencephalic tract,46,0,-7.95,-1.39,1.39,-6.1,label box,0.4006,0.6295,0.0193,0.0091,,
veme,vestibulomesencephalic tract,46,1,-7.95,1.33,1.33,-6.08,label box,0.5416,0.6276,0.0196,0.0091,,
vsc,ventral spinocerebellar tract,46,0,-7.95,-2.25,2.25,-7.47,label box,0.3561,0.7401,0.0123,0.0091,,
vsc,ventral spinocerebellar tract,46,1,-7.95,2.22,2.22,-7.51,label box,0.5877,0.743,0.0123,0.0091,,
1Cb,1st cerebellar lobule (lingula),47,0,-8.3,0.11,0.11,-4.95,label box,0.4782,0.5361,0.0142,0.0125,,
3Cb,3rd cerebellar lobule,47,0,-8.3,0.13,0.13,-3.9,label box,0.4795,0.4514,0.0142,0.0119,,
4Cb,4th cerebellar lobule,47,0,-8.3,0.11,0.11,-3.06,label box,0.4786,0.3838,0.0145,0.0119,,
4V,4th ventricle,47,0,-8.3,0.06,0.06,-5.57,label box,0.476,0.5864,0.0094,0.0114,,
5Cb,5th cerebellar lobule,47,0,-8.3,0.06,0.06,-1.81,label box,0.476,0.2827,0.0145,0.0119,,
6Cb,6th cerebellar lobule,47,0,-8.3,0.06,0.06,-0.95,label box,0.4757,0.2131,0.0145,0.0125,,
6N,abducens nucleus,47,0,-8.3,-0.4,0.4,-6.38,label box,0.452,0.6517,0.0094,0.0114,,
6N,abducens nucleus,47,1,-8.3,0.38,0.38,-6.37,label box,0.4924,0.6511,0.0094,0.0114,,
6n,abducens nerve,47,0,-8.3,-0.59,0.59,-7.1,label box,0.4424,0.7102,0.0084,0.0114,,
7n,facial nerve,47,0,-8.3,1.44,1.44,-6.67,label box,0.5474,0.6748,0.0087,0.0114,,
7n,facial nerve,47,1,-8.3,-1.53,1.53,-6.74,label box,0.3933,0.6805,0.0084,0.0114,,
8n,vestibulocochlear nerve,47,0,-8.3,-2.33,2.33,-5.96,label box,0.3519,0.6176,0.0084,0.0114,,
8n,vestibulocochlear nerve,47,1,-8.3,3.56,3.56,-6.71,label box,0.6572,0.6784,0.0084,0.0114,,
8n,vestibulocochlear nerve,47,2,-8.3,-3.56,3.56,-6.8,label box,0.2882,0.6855,0.008,0.0119,,
8n,vestibulocochlear nerve,47,3,-8.3,2.28,2.28,-5.85,label box,0.591,0.6092,0.0087,0.0119,,
A5,A5 noradrenaline cells,47,0,-8.3,1.82,1.82,-7.41,label box,0.5669,0.7347,0.0094,0.0114,,
A5,A5 noradrenaline cells,47,1,-8.3,-1.81,1.81,-7.44,label box,0.3791,0.7376,0.0098,0.0119,,
Crus1,crus 1 of the ansiform lobule,47,0,-8.3,-2.53,2.53,-1.5,label box,0.3416,0.2577,0.0203,0.0119,,
Crus1,crus 1 of the ansiform lobule,47,1,-8.3,-3.72,3.72,-2.23,label box,0.2802,0.3162,0.0196,0.0119,,
Crus1,crus 1 of the ansiform lobule,47,2,-8.3,3.78,3.78,-2.44,label box,0.6686,0.3332,0.0203,0.0119,,
Crus1,crus 1 of the ansiform lobule,47,3,-8.3,2.59,2.59,-1.67,label box,0.607,0.2714,0.0203,0.0125,,
DLPO,dorsolateral periolivary nucleus,47,0,-8.3,-1.59,1.59,-7.64,label box,0.3904,0.7537,0.02,0.0119,,
DLPO,dorsolateral periolivary nucleus,47,1,-8.3,1.54,1.54,-7.62,label box,0.5523,0.752,0.0203,0.0119,,
DPO,dorsal periolivary nucleus,47,0,-8.3,-1.14,1.14,-7.89,label box,0.4139,0.7736,0.0153,0.0119,,
DPO,dorsal periolivary nucleus,47,1,-8.3,1.08,1.08,-7.81,label box,0.5285,0.7671,0.0152,0.0119,,
EVe,nucleus of origin of efferents of the vestibular nerve,47,0,-8.3,0.8,0.8,-5.83,label box,0.5144,0.6077,0.0127,0.0119,,
EVe,nucleus of origin of efferents of the vestibular nerve,47,1,-8.3,-0.82,0.82,-5.92,label box,0.4303,0.6148,0.0127,0.0119,,
Fl,flocculus,47,0,-8.3,4.6,4.6,-5.23,label box,0.7113,0.5591,0.0047,0.0114,,
Fl,flocculus,47,1,-8.3,-4.59,4.59,-5.4,label box,0.2347,0.5724,0.0051,0.0119,,
Gca,"globular cell area, ventral cochlear nucleus",47,0,-8.3,3.3,3.3,-5.92,label box,0.6438,0.6148,0.0142,0.0119,,
Gca,"globular cell area, ventral cochlear nucleus",47,1,-8.3,-3.37,3.37,-6.04,label box,0.2982,0.6239,0.0142,0.0119,,
Gi,gigantocellular reticular nucleus,47,0,-8.3,0.78,0.78,-7.64,label box,0.5133,0.7532,0.0065,0.0125,,
GrC,granule cell layer of cochlear nuclei,47,0,-8.3,-3.1,3.1,-5.6,label box,0.3121,0.5887,0.0131,0.0119,,
IRt,intermediate reticular nucleus,47,0,-8.3,-1.51,1.51,-7.13,label box,0.3943,0.7125,0.0094,0.0114,,
IRt,intermediate reticular nucleus,47,1,-8.3,1.61,1.61,-7.13,label box,0.556,0.7122,0.0094,0.0119,,
IntA,"interposed cerebellar nucleus, anterior part",47,0,-8.3,-1.66,1.66,-4.34,label box,0.3868,0.4872,0.0134,0.0119,,
IntA,"interposed cerebellar nucleus, anterior part",47,1,-8.3,1.83,1.83,-4.28,label box,0.5676,0.4818,0.0138,0.0114,,
IntDL,"interposed cerebellar nucleus, dorsolateral hump",47,0,-8.3,-2.27,2.27,-4.24,label box,0.3552,0.479,0.0185,0.0114,,
IntDL,"interposed cerebellar nucleus, dorsolateral hump",47,1,-8.3,2.4,2.4,-4.15,label box,0.5972,0.4717,0.0189,0.0119,,
LNTB,lateral nucleus of the trapezoid body,47,0,-8.3,1.95,1.95,-8.41,label box,0.5736,0.816,0.0189,0.0119,,
LNTB,lateral nucleus of the trapezoid body,47,1,-8.3,-1.55,1.55,-8.4,leader tip,0.371,0.8245,0.0189,0.0119,0.3922,0.8149
LR4V,lateral recess of the 4th ventricle,47,0,-8.3,3.22,3.22,-5.18,label box,0.6396,0.5549,0.0196,0.0114,,
LSO,lateral superior olive,47,0,-8.3,-1.61,1.61,-8,label box,0.3894,0.7827,0.0142,0.0119,,
LSO,lateral superior olive,47,1,-8.3,1.59,1.59,-7.94,label box,0.5552,0.7778,0.0145,0.0114,,
LVPO,lateroventral periolivary nucleus,47,0,-8.3,2.17,2.17,-8.18,label box,0.5852,0.7969,0.0185,0.0119,,
LVPO,lateroventral periolivary nucleus,47,1,-8.3,-2.17,2.17,-8.25,label box,0.3601,0.8028,0.0189,0.0114,,
LVe,lateral vestibular nucleus,47,0,-8.3,-2.01,2.01,-5.66,label box,0.3688,0.5932,0.0116,0.0114,,
LVe,lateral vestibular nucleus,47,1,-8.3,2,2,-5.64,label box,0.5765,0.5921,0.0116,0.0119,,
Lat,lateral (dentate) cerebellar nucleus,47,0,-8.3,-2.78,2.78,-4.39,label box,0.3289,0.4909,0.0109,0.0114,,
Lat,lateral (dentate) cerebellar nucleus,47,1,-8.3,2.91,2.91,-4.31,label box,0.6234,0.4849,0.0105,0.0119,,
LatPC,"lateral cerebellar nucleus, parvicellular part",47,0,-8.3,2.94,2.94,-4.7,label box,0.625,0.5162,0.0211,0.0119,,
LatPC,"lateral cerebellar nucleus, parvicellular part",47,1,-8.3,-2.8,2.8,-4.77,label box,0.3276,0.5219,0.0207,0.0119,,
MNTB,medial nucleus of the trapezoid body,47,0,-8.3,-0.8,0.8,-8.39,label box,0.4311,0.8145,0.0207,0.0119,,
MSO,medial superior olive,47,0,-8.3,-1.26,1.26,-8.43,label box,0.4073,0.8176,0.0174,0.0205,,
MSO,medial superior olive,47,1,-8.3,1.3,1.3,-8.3,label box,0.54,0.8072,0.0171,0.0125,,
MVPO,medioventral periolivary nucleus,47,0,-8.3,-1.61,1.61,-8.77,label box,0.3895,0.8452,0.0218,0.0119,,
MVPO,medioventral periolivary nucleus,47,1,-8.3,1.2,1.2,-8.43,leader tip,0.5578,0.8344,0.0221,0.0148,0.5351,0.8171
MVeMC,"medial vestibular nucleus, magnocellular part",47,0,-8.3,-1.44,1.44,-5.87,label box,0.3983,0.6105,0.0276,0.0119,,
MVeMC,"medial vestibular nucleus, magnocellular part",47,1,-8.3,1.51,1.51,-5.87,label box,0.5512,0.6105,0.0276,0.0119,,
MVePC,"medial vestibular nucleus, parvicellular part",47,0,-8.3,1.03,1.03,-5.5,label box,0.5262,0.5804,0.0254,0.0119,,
MVePC,"medial vestibular nucleus, parvicellular part",47,1,-8.3,-1,1,-5.53,label box,0.4208,0.5832,0.0254,0.0119,,
Med,medial (fastigial) cerebellar nucleus,47,0,-8.3,-0.63,0.63,-4.48,label box,0.4402,0.4986,0.0149,0.0119,,
Med,medial (fastigial) cerebellar nucleus,47,1,-8.3,0.91,0.91,-4.47,label box,0.5198,0.4974,0.0149,0.0119,,
Oca,"octopus cell area, ventral cochlear nucleus",47,0,-8.3,3.13,3.13,-6.22,label box,0.6348,0.6389,0.0138,0.0119,,
Oca,"octopus cell area, ventral cochlear nucleus",47,1,-8.3,-3.08,3.08,-6.34,label box,0.313,0.6486,0.0134,0.0119,,
PCRt,parvicellular reticular nucleus,47,0,-8.3,-1.81,1.81,-6.59,label box,0.3788,0.6687,0.0178,0.0114,,
PCRt,parvicellular reticular nucleus,47,1,-8.3,1.89,1.89,-6.57,label box,0.5705,0.6673,0.0182,0.0119,,
PFl,paraflocculus,47,0,-8.3,-5.14,5.14,-4.28,label box,0.2066,0.4818,0.0098,0.0114,,
PFl,paraflocculus,47,1,-8.3,5.11,5.11,-4.29,label box,0.7375,0.483,0.0098,0.0114,,
Pa6,paraabducens nucleus,47,0,-8.3,-0.39,0.39,-6.57,label box,0.4525,0.6668,0.0134,0.0125,,
Pa6,paraabducens nucleus,47,1,-8.3,0.4,0.4,-6.56,label box,0.4935,0.6665,0.0134,0.0119,,
PnC,"pontine reticular nucleus, caudal part",47,0,-8.3,0.51,0.51,-7.64,label box,0.4993,0.7532,0.0142,0.0125,,
PnC,"pontine reticular nucleus, caudal part",47,1,-8.3,-0.75,0.75,-7.65,label box,0.4341,0.754,0.0138,0.0119,,
PnV,"pontine reticular nucleus, ventral part",47,0,-8.3,0.34,0.34,-8.09,label box,0.4902,0.7898,0.0142,0.0119,,
Pr,prepositus nucleus,47,0,-8.3,0.46,0.46,-6.06,label box,0.4964,0.6261,0.0073,0.0114,,
Pr,prepositus nucleus,47,1,-8.3,-0.38,0.38,-6.05,label box,0.4528,0.6251,0.0076,0.0119,,
Pr5DM,"principal sensory trigeminal nucleus, dorsomedial part",47,0,-8.3,-2.07,2.07,-6.27,label box,0.3657,0.6432,0.0243,0.0119,,
Pr5DM,"principal sensory trigeminal nucleus, dorsomedial part",47,1,-8.3,2.18,2.18,-6.29,label box,0.5857,0.6444,0.0243,0.0119,,
Pr5VL,"principal sensory trigeminal nucleus, ventrolateral part",47,0,-8.3,2.42,2.42,-6.72,label box,0.5982,0.6793,0.0218,0.0114,,
Pr5VL,"principal sensory trigeminal nucleus, ventrolateral part",47,1,-8.3,-2.34,2.34,-6.86,label box,0.3517,0.6904,0.0218,0.0119,,
RIP,raphe interpositus nucleus,47,0,-8.3,0,0,-7.51,label box,0.4726,0.743,0.0123,0.0114,,
RMg,raphe magnus nucleus,47,0,-8.3,0,0,-8.13,label box,0.4726,0.7935,0.0164,0.0142,,
SMV,superior medullary velum,47,0,-8.3,-0.43,0.43,-5.34,label box,0.4503,0.568,0.0171,0.0159,,
SPN,superior periolivary nucleus,47,0,-8.3,-1.04,1.04,-8.13,label box,0.4188,0.7929,0.0149,0.0119,,
SPN,superior periolivary nucleus,47,1,-8.3,1.01,1.01,-8.08,label box,0.5249,0.7889,0.0149,0.0119,,
Sim,simple lobule,47,0,-8.3,-1.34,1.34,-1.22,label box,0.4033,0.2347,0.0131,0.0114,,
Sim,simple lobule,47,1,-8.3,1.4,1.4,-1.22,label box,0.5452,0.2347,0.0134,0.0114,,
SuVe,superior vestibular nucleus,47,0,-8.3,-1.7,1.7,-5.12,label box,0.3846,0.5503,0.0178,0.0119,,
SuVe,superior vestibular nucleus,47,1,-8.3,1.75,1.75,-5.11,label box,0.5636,0.5491,0.0182,0.0119,,
VCA,"ventral cochlear nucleus, anterior part",47,0,-8.3,-2.99,2.99,-5.85,label box,0.318,0.6088,0.0153,0.0119,,
VCA,"ventral cochlear nucleus, anterior part",47,1,-8.3,3.01,3.01,-5.74,label box,0.6285,0.6003,0.0156,0.0119,,
VCP,"ventral cochlear nucleus, posterior part",47,0,-8.3,2.86,2.86,-5.99,label box,0.6211,0.62,0.0152,0.0119,,
VCP,"ventral cochlear nucleus, posterior part",47,1,-8.3,-2.88,2.88,-6.13,label box,0.3236,0.6316,0.0156,0.0125,,
VNTB,ventral nucleus of the trapezoid body,47,0,-8.3,1.11,1.11,-8.63,label box,0.53,0.8335,0.02,0.0114,,
VeCb,vestibulocerebellar nucleus,47,0,-8.3,-1.05,1.05,-4.73,label box,0.4184,0.5182,0.0185,0.0114,,
VeCb,vestibulocerebellar nucleus,47,1,-8.3,1.19,1.19,-4.74,label box,0.5343,0.519,0.0185,0.0119,,
cbw,cerebellar white matter,47,0,-8.3,0.08,0.08,-2.36,label box,0.4771,0.327,0.0153,0.0119,,
cbw,cerebellar white matter,47,1,-8.3,-2.27,2.27,-3.35,label box,0.3552,0.4068,0.0149,0.0114,,
cbw,cerebellar white matter,47,2,-8.3,-1.2,1.2,-3.62,label box,0.4104,0.429,0.0149,0.0114,,
cbw,cerebellar white matter,47,3,-8.3,-3.65,3.65,-4.31,label box,0.2838,0.4847,0.0145,0.0114,,
cbw,cerebellar white matter,47,4,-8.3,3.47,3.47,-4.27,label box,0.6524,0.4813,0.0149,0.0114,,
cbw,cerebellar white matter,47,5,-8.3,3.09,3.09,-2.96,label box,0.6329,0.3751,0.0149,0.0119,,
cbw,cerebellar white matter,47,6,-8.3,-3.07,3.07,-3.17,label box,0.3138,0.3921,0.0149,0.0119,,
cbw,cerebellar white matter,47,7,-8.3,2.44,2.44,-3.24,label box,0.5992,0.3978,0.0149,0.0119,,
cbw,cerebellar white matter,47,8,-8.3,1.47,1.47,-3.66,label box,0.5487,0.4319,0.0149,0.0119,,
cbw,cerebellar white matter,47,9,-8.3,3.61,3.61,-5.07,label box,0.6596,0.5458,0.0152,0.0125,,
cbw,cerebellar white matter,47,10,-8.3,-3.56,3.56,-5.24,label box,0.2885,0.5597,0.0152,0.0119,,
chp,choroid plexus,47,0,-8.3,-3.14,3.14,-5.26,label box,0.3098,0.5616,0.0127,0.0142,,
g7,genu of the facial nerve,47,0,-8.3,0.75,0.75,-6.21,label box,0.5118,0.6384,0.0084,0.0142,,
g7,genu of the facial nerve,47,1,-8.3,-0.62,0.62,-6.19,label box,0.4405,0.6364,0.0084,0.0142,,
icp,inferior cerebellar peduncle (restiform body),47,0,-8.3,-2.45,2.45,-5.2,label box,0.3459,0.5563,0.0102,0.0148,,
icp,inferior cerebellar peduncle (restiform body),47,1,-8.3,2.47,2.47,-5.17,label box,0.6008,0.5538,0.0102,0.0148,,
mlf,medial longitudinal fasciculus,47,0,-8.3,0.01,0.01,-6.41,label box,0.4735,0.654,0.0113,0.0119,,
ocb,olivocochlear bundle,47,0,-8.3,-0.27,0.27,-6.21,label box,0.4588,0.6381,0.0131,0.0119,,
pcuf,preculminate fissure,47,0,-8.3,-0.27,0.27,-3.56,label box,0.4585,0.4237,0.016,0.0205,,
pfs,parafloccular sulcus,47,0,-8.3,3.34,3.34,-3.53,label box,0.6456,0.4211,0.0105,0.0142,,
pfs,parafloccular sulcus,47,1,-8.3,-3.33,3.33,-3.6,label box,0.3001,0.4268,0.0109,0.0142,,
plf,posterolateral fissure,47,0,-8.3,-4.05,4.05,-5.02,label box,0.2629,0.542,0.0084,0.0136,,
plf,posterolateral fissure,47,1,-8.3,3.77,3.77,-4.75,leader tip,0.6905,0.5285,0.0087,0.0142,0.6683,0.5202
prf,primary fissure,47,0,-8.3,-0.51,0.51,-1.64,label box,0.4465,0.2685,0.0102,0.0182,,
psf,posterior superior fissure,47,0,-8.3,2.17,2.17,-1.4,label box,0.5854,0.2497,0.0109,0.0142,,
psf,posterior superior fissure,47,1,-8.3,-1.93,1.93,-1.36,label box,0.3729,0.2458,0.0113,0.0148,,
py,pyramidal tract,47,0,-8.3,-0.43,0.43,-8.86,label box,0.4502,0.8523,0.008,0.0114,,
py,pyramidal tract,47,1,-8.3,0.47,0.47,-8.85,label box,0.4973,0.8511,0.0084,0.0114,,
rs,rubrospinal tract,47,0,-8.3,-2.12,2.12,-7.42,label box,0.3628,0.7358,0.0062,0.0091,,
s5,sensory root of the trigeminal nerve,47,0,-8.3,-2.73,2.73,-6.57,label box,0.3314,0.667,0.008,0.0114,,
s5,sensory root of the trigeminal nerve,47,1,-8.3,2.75,2.75,-6.56,label box,0.6153,0.666,0.008,0.0119,,
scp,superior cerebellar peduncle,47,0,-8.3,-1.73,1.73,-4.69,label box,0.383,0.5156,0.0124,0.0119,,
scp,superior cerebellar peduncle,47,1,-8.3,1.88,1.88,-4.65,label box,0.5701,0.5122,0.0124,0.0119,,
simf,simplex fissure,47,0,-8.3,-1,1,-0.81,label box,0.4211,0.202,0.0153,0.0119,,
simf,simplex fissure,47,1,-8.3,1.33,1.33,-0.82,label box,0.5414,0.2028,0.0153,0.0114,,
ts,tectospinal tract,47,0,-8.3,-0.37,0.37,-7.03,label box,0.4537,0.704,0.0091,0.0182,,
ts,tectospinal tract,47,1,-8.3,0.38,0.38,-7.02,label box,0.4924,0.7031,0.0058,0.0108,,
tz,trapezoid body,47,0,-8.3,2.43,2.43,-7.37,label box,0.5988,0.7321,0.0058,0.0108,,
tz,trapezoid body,47,1,-8.3,-2.72,2.72,-7.16,label box,0.3317,0.7148,0.0058,0.0108,,
tz,trapezoid body,47,2,-8.3,-0.49,0.49,-8.32,label box,0.4474,0.8083,0.0062,0.0114,,
tzx,decussation of the trapezoid body,47,0,-8.3,-0.01,0.01,-8.57,label box,0.4723,0.829,0.0102,0.0108,,
veme,vestibulomesencephalic tract,47,0,-8.3,-1.29,1.29,-6.17,label box,0.4057,0.6352,0.0193,0.0091,,
veme,vestibulomesencephalic tract,47,1,-8.3,1.34,1.34,-6.15,label box,0.5421,0.6333,0.0192,0.0091,,
vsc,ventral spinocerebellar tract,47,0,-8.3,2.11,2.11,-7.53,label box,0.5823,0.7449,0.012,0.0091,,
vsc,ventral spinocerebellar tract,47,1,-8.3,-2.12,2.12,-7.61,label box,0.3628,0.7509,0.012,0.0091,,
1Cb,1st cerebellar lobule (lingula),48,0,-8.65,0.05,0.05,-4.98,label box,0.4751,0.5386,0.0142,0.0114,,
3Cb,3rd cerebellar lobule,48,0,-8.65,0.11,0.11,-4.21,label box,0.4782,0.4762,0.0142,0.0119,,
4Cb,4th cerebellar lobule,48,0,-8.65,0.12,0.12,-3.39,label box,0.4789,0.4105,0.0145,0.0119,,
4V,4th ventricle,48,0,-8.65,-0.06,0.06,-5.55,label box,0.4695,0.585,0.0098,0.0114,,
5Cb,5th cerebellar lobule,48,0,-8.65,0.16,0.16,-2.18,label box,0.4809,0.3122,0.0142,0.0119,,
5Sol,trigeminal-solitary transition zone,48,0,-8.65,1.93,1.93,-6.28,label box,0.5729,0.6435,0.0156,0.0119,,
5Sol,trigeminal-solitary transition zone,48,1,-8.65,-1.76,1.76,-6.28,label box,0.3817,0.6438,0.0156,0.0119,,
6Cb,6th cerebellar lobule,48,0,-8.65,0.13,0.13,-1.18,label box,0.4795,0.2313,0.0142,0.0114,,
7DI,"facial nucleus, dorsal intermediate subnucleus",48,0,-8.65,1.51,1.51,-7.49,label box,0.551,0.7413,0.0116,0.0114,,
7DL,"facial nucleus, dorsolateral subnucleus",48,0,-8.65,-1.79,1.79,-7.31,label box,0.3801,0.7267,0.0145,0.0114,,
7DL,"facial nucleus, dorsolateral subnucleus",48,1,-8.65,1.78,1.78,-7.3,label box,0.5652,0.7265,0.0145,0.0114,,
7DM,"facial nucleus, dorsomedial subnucleus",48,0,-8.65,1.22,1.22,-7.71,label box,0.5358,0.7592,0.0167,0.0119,,
7DM,"facial nucleus, dorsomedial subnucleus",48,1,-8.65,-1.28,1.28,-7.72,label box,0.4062,0.7597,0.0167,0.0119,,
7VI,"facial nucleus, ventral intermediate subnucleus",48,0,-8.65,1.8,1.8,-7.62,label box,0.566,0.752,0.0113,0.0108,,
7VI,"facial nucleus, ventral intermediate subnucleus",48,1,-8.65,-1.89,1.89,-7.62,label box,0.3749,0.752,0.0109,0.0114,,
7VM,"facial nucleus, ventromedial subnucleus",48,0,-8.65,-1.25,1.25,-7.98,label box,0.4081,0.7807,0.016,0.0114,,
7VM,"facial nucleus, ventromedial subnucleus",48,1,-8.65,1.11,1.11,-8.01,label box,0.5303,0.7836,0.016,0.0119,,
8n,vestibulocochlear nerve,48,0,-8.65,3.43,3.43,-6.47,label box,0.6503,0.6594,0.0084,0.0119,,
8n,vestibulocochlear nerve,48,1,-8.65,-2.2,2.2,-5.76,label box,0.3588,0.6018,0.0084,0.0119,,
8n,vestibulocochlear nerve,48,2,-8.65,2.6,2.6,-6.08,label box,0.6075,0.6273,0.0084,0.0119,,
8n,vestibulocochlear nerve,48,3,-8.65,-3.44,3.44,-6.5,label box,0.2945,0.6614,0.0084,0.0119,,
CPO,caudal periolivary nucleus,48,0,-8.65,1.49,1.49,-8.29,label box,0.5501,0.806,0.0153,0.0119,,
CPO,caudal periolivary nucleus,48,1,-8.65,-1.34,1.34,-8.34,label box,0.4035,0.8105,0.0156,0.0119,,
Crus1,crus 1 of the ansiform lobule,48,0,-8.65,3.59,3.59,-1.86,label box,0.6586,0.2866,0.02,0.0119,,
Crus1,crus 1 of the ansiform lobule,48,1,-8.65,-3.81,3.81,-2.2,label box,0.2755,0.3137,0.0203,0.0119,,
Crus1,crus 1 of the ansiform lobule,48,2,-8.65,3.61,3.61,-2.85,label box,0.66,0.3666,0.0203,0.0119,,
Crus1,crus 1 of the ansiform lobule,48,3,-8.65,-3.32,3.32,-3.19,label box,0.3005,0.3944,0.0203,0.0119,,
DCFu,"dorsal cochlear nucleus, fusiform layer",48,0,-8.65,-2.99,2.99,-5.26,label box,0.318,0.5611,0.0182,0.0119,,
DCFu,"dorsal cochlear nucleus, fusiform layer",48,1,-8.65,3.39,3.39,-5.23,label box,0.6485,0.5592,0.0185,0.0119,,
DCMo,"dorsal cochlear nucleus, molecular layer",48,0,-8.65,3.5,3.5,-5.47,label box,0.6541,0.5781,0.0218,0.0119,,
DCMo,"dorsal cochlear nucleus, molecular layer",48,1,-8.65,-3.07,3.07,-5.49,leader tip,0.2883,0.5893,0.0229,0.0119,0.3136,0.58
DMSp5,dorsomedial spinal trigeminal nucleus,48,0,-8.65,2.22,2.22,-6.45,label box,0.5879,0.6577,0.0262,0.0142,,
DMSp5,dorsomedial spinal trigeminal nucleus,48,1,-8.65,-2.12,2.12,-6.47,label box,0.3631,0.6589,0.0265,0.0148,,
DPGi,dorsal paragigantocellular nucleus,48,0,-8.65,0.38,0.38,-6.58,label box,0.4924,0.6679,0.0174,0.0119,,
DPGi,dorsal paragigantocellular nucleus,48,1,-8.65,-0.33,0.33,-6.57,label box,0.4556,0.6671,0.0174,0.0119,,
Fl,flocculus,48,0,-8.65,-3.8,3.8,-5.34,label box,0.2758,0.5676,0.0051,0.0114,,
Fl,flocculus,48,1,-8.65,4.04,4.04,-5.13,label box,0.6821,0.5509,0.0051,0.0114,,
Gca,"globular cell area, ventral cochlear nucleus",48,0,-8.65,3.2,3.2,-6.29,label box,0.6384,0.6446,0.0138,0.0119,,
Gca,"globular cell area, ventral cochlear nucleus",48,1,-8.65,-3.17,3.17,-6.33,label box,0.3085,0.6478,0.0138,0.0119,,
Gi,gigantocellular reticular nucleus,48,0,-8.65,0.64,0.64,-7.15,label box,0.5058,0.7143,0.0069,0.0119,,
Gi,gigantocellular reticular nucleus,48,1,-8.65,-0.64,0.64,-7.16,label box,0.4394,0.7148,0.0069,0.0119,,
GiA,"gigantocellular reticular nucleus, alpha part",48,0,-8.65,-0.02,0.02,-7.89,label box,0.4715,0.7734,0.0123,0.0119,,
GrC,granule cell layer of cochlear nuclei,48,0,-8.65,2.56,2.56,-4.89,label box,0.6055,0.531,0.0131,0.0125,,
GrC,granule cell layer of cochlear nuclei,48,1,-8.65,-2.48,2.48,-4.92,label box,0.3441,0.5342,0.0131,0.0119,,
GrC,granule cell layer of cochlear nuclei,48,2,-8.65,3.29,3.29,-5.75,leader tip,0.6632,0.6143,0.0131,0.0119,0.6433,0.6008
IRt,intermediate reticular nucleus,48,0,-8.65,-1.2,1.2,-6.91,label box,0.4108,0.6949,0.0098,0.0114,,
IRt,intermediate reticular nucleus,48,1,-8.65,1.17,1.17,-6.84,label box,0.5331,0.6889,0.0094,0.0119,,
IntA,"interposed cerebellar nucleus, anterior part",48,0,-8.65,-1.74,1.74,-4.12,label box,0.3828,0.4688,0.0134,0.0114,,
IntA,"interposed cerebellar nucleus, anterior part",48,1,-8.65,2.02,2.02,-4.16,label box,0.5776,0.4724,0.0134,0.0119,,
IntDL,"interposed cerebellar nucleus, dorsolateral hump",48,0,-8.65,-2.33,2.33,-3.85,label box,0.3519,0.4474,0.0185,0.0119,,
IntDL,"interposed cerebellar nucleus, dorsolateral hump",48,1,-8.65,2.46,2.46,-3.89,label box,0.6002,0.4506,0.0185,0.0119,,
IntDM,"interposed cerebellar nucleus, dorsomedial crest",48,0,-8.65,-1.25,1.25,-3.96,label box,0.4077,0.4562,0.0203,0.0114,,
IntDM,"interposed cerebellar nucleus, dorsomedial crest",48,1,-8.65,1.39,1.39,-4.05,label box,0.5449,0.4634,0.0207,0.0119,,
LPGiA,"lateral paragigantocellular nucleus, alpha part",48,0,-8.65,-0.7,0.7,-8.08,label box,0.4364,0.7895,0.0218,0.0119,,
LPGiA,"lateral paragigantocellular nucleus, alpha part",48,1,-8.65,0.59,0.59,-8.1,label box,0.5035,0.7906,0.0222,0.0119,,
LPGiE,"lateral paragigantocellular nucleus, external part",48,0,-8.65,0.81,0.81,-8.36,label box,0.5149,0.8119,0.0211,0.0114,,
LPGiE,"lateral paragigantocellular nucleus, external part",48,1,-8.65,-0.86,0.86,-8.36,label box,0.4281,0.8116,0.0211,0.0119,,
LR4V,lateral recess of the 4th ventricle,48,0,-8.65,2.97,2.97,-4.9,label box,0.6266,0.5319,0.0196,0.0119,,
LVe,lateral vestibular nucleus,48,0,-8.65,-1.63,1.63,-5.05,label box,0.3884,0.5446,0.0116,0.0119,,
LVe,lateral vestibular nucleus,48,1,-8.65,1.85,1.85,-5.02,label box,0.5687,0.542,0.0116,0.0114,,
Lat,lateral (dentate) cerebellar nucleus,48,0,-8.65,-2.75,2.75,-4.21,label box,0.3301,0.4767,0.0105,0.0114,,
Lat,lateral (dentate) cerebellar nucleus,48,1,-8.65,2.89,2.89,-4.29,label box,0.6223,0.483,0.0105,0.0114,,
LatPC,"lateral cerebellar nucleus, parvicellular part",48,0,-8.65,-2.48,2.48,-4.57,label box,0.3443,0.5054,0.0207,0.0119,,
LatPC,"lateral cerebellar nucleus, parvicellular part",48,1,-8.65,2.58,2.58,-4.6,label box,0.6063,0.5077,0.0207,0.0119,,
MVeMC,"medial vestibular nucleus, magnocellular part",48,0,-8.65,-1.23,1.23,-5.93,label box,0.4088,0.6156,0.0276,0.0119,,
MVeMC,"medial vestibular nucleus, magnocellular part",48,1,-8.65,1.41,1.41,-5.92,label box,0.5456,0.6146,0.0276,0.0125,,
MVePC,"medial vestibular nucleus, parvicellular part",48,0,-8.65,0.92,0.92,-5.5,label box,0.5202,0.5804,0.0258,0.0119,,
MVePC,"medial vestibular nucleus, parvicellular part",48,1,-8.65,-0.77,0.77,-5.53,label box,0.4328,0.5827,0.0254,0.0119,,
Med,medial (fastigial) cerebellar nucleus,48,0,-8.65,-0.65,0.65,-4.37,label box,0.4388,0.4895,0.0149,0.0119,,
Med,medial (fastigial) cerebellar nucleus,48,1,-8.65,0.9,0.9,-4.4,label box,0.5194,0.4915,0.0149,0.0114,,
Oca,"octopus cell area, ventral cochlear nucleus",48,0,-8.65,-2.95,2.95,-5.76,label box,0.3198,0.602,0.0138,0.0119,,
Oca,"octopus cell area, ventral cochlear nucleus",48,1,-8.65,2.99,2.99,-5.71,label box,0.6275,0.5978,0.0142,0.0119,,
P7,perifacial zone,48,0,-8.65,1.43,1.43,-7.32,label box,0.5469,0.7276,0.0091,0.0114,,
P7,perifacial zone,48,1,-8.65,1.56,1.56,-7.78,label box,0.5534,0.7645,0.0091,0.0114,,
P7,perifacial zone,48,2,-8.65,-1.67,1.67,-7.79,label box,0.3864,0.7654,0.0091,0.0119,,
PCRt,parvicellular reticular nucleus,48,0,-8.65,1.68,1.68,-6.73,label box,0.5598,0.6804,0.0178,0.0119,,
PCRt,parvicellular reticular nucleus,48,1,-8.65,-1.65,1.65,-6.78,label box,0.387,0.6844,0.0182,0.0119,,
PFl,paraflocculus,48,0,-8.65,4.4,4.4,-4.19,label box,0.7009,0.475,0.0102,0.0114,,
PFl,paraflocculus,48,1,-8.65,-4.39,4.39,-4.35,label box,0.2453,0.4875,0.0102,0.0114,,
Pr,prepositus nucleus,48,0,-8.65,0.39,0.39,-6.06,label box,0.4929,0.6256,0.0069,0.0114,,
Pr,prepositus nucleus,48,1,-8.65,-0.31,0.31,-6.05,label box,0.4568,0.6251,0.0076,0.0119,,
RIP,raphe interpositus nucleus,48,0,-8.65,-0.02,0.02,-7.47,label box,0.4718,0.7398,0.012,0.0114,,
RMg,raphe magnus nucleus,48,0,-8.65,-0.04,0.04,-8.31,label box,0.4709,0.8077,0.0167,0.0142,,
RPa,raphe pallidus nucleus,48,0,-8.65,-0.04,0.04,-8.71,leader tip,0.4693,0.8648,0.0142,0.0114,0.4704,0.8401
Sim,simple lobule,48,0,-8.65,2.18,2.18,-1.28,label box,0.5859,0.2401,0.0134,0.0119,,
Sim,simple lobule,48,1,-8.65,-2.16,2.16,-1.35,label box,0.361,0.2452,0.0134,0.0119,,
Sp5O,"spinal trigeminal nucleus, oral part",48,0,-8.65,-2.32,2.32,-6.84,label box,0.3525,0.6889,0.0196,0.0142,,
Sp5O,"spinal trigeminal nucleus, oral part",48,1,-8.65,2.35,2.35,-6.8,label box,0.5945,0.6855,0.0196,0.0142,,
SpVe,spinal vestibular nucleus,48,0,-8.65,2.06,2.06,-5.93,label box,0.5797,0.6151,0.0182,0.0148,,
SpVe,spinal vestibular nucleus,48,1,-8.65,-1.94,1.94,-5.94,label box,0.3724,0.6163,0.0182,0.0148,,
VCP,"ventral cochlear nucleus, posterior part",48,0,-8.65,3.09,3.09,-5.98,label box,0.6331,0.6191,0.0152,0.0125,,
VCP,"ventral cochlear nucleus, posterior part",48,1,-8.65,-3.11,3.11,-6.09,label box,0.3118,0.6282,0.0152,0.0125,,
VeCb,vestibulocerebellar nucleus,48,0,-8.65,-1.09,1.09,-4.63,label box,0.4162,0.5102,0.0185,0.0114,,
VeCb,vestibulocerebellar nucleus,48,1,-8.65,1.31,1.31,-4.64,label box,0.5405,0.5114,0.0185,0.0125,,
X,nucleus X,48,0,-8.65,2.1,2.1,-5.68,label box,0.5817,0.5952,0.0047,0.0114,,
asc7,ascending fibers of the facial nerve,48,0,-8.65,-0.74,0.74,-6.63,label box,0.4344,0.6716,0.0171,0.0114,,
asc7,ascending fibers of the facial nerve,48,1,-8.65,0.8,0.8,-6.61,label box,0.514,0.6705,0.0171,0.0114,,
cbw,cerebellar white matter,48,0,-8.65,0.15,0.15,-3,label box,0.4804,0.3784,0.0153,0.0114,,
cbw,cerebellar white matter,48,1,-8.65,-2.54,2.54,-3.3,label box,0.341,0.4031,0.0149,0.0119,,
cbw,cerebellar white matter,48,2,-8.65,2.36,2.36,-3.37,label box,0.5948,0.4086,0.0149,0.0119,,
cbw,cerebellar white matter,48,3,-8.65,3.65,3.65,-4.52,label box,0.662,0.5018,0.0149,0.0119,,
cbw,cerebellar white matter,48,4,-8.65,-3.56,3.56,-4.59,label box,0.2882,0.5069,0.0152,0.0119,,
chp,choroid plexus,48,0,-8.65,-3.04,3.04,-5.06,label box,0.3154,0.5452,0.0131,0.0142,,
chp,choroid plexus,48,1,-8.65,3.1,3.1,-5.06,label box,0.6335,0.5455,0.0131,0.0142,,
g7,genu of the facial nerve,48,0,-8.65,-0.66,0.66,-6.29,label box,0.4385,0.6444,0.0087,0.0142,,
g7,genu of the facial nerve,48,1,-8.65,0.73,0.73,-6.31,label box,0.5104,0.6461,0.0087,0.0142,,
icp,inferior cerebellar peduncle (restiform body),48,0,-8.65,-2.41,2.41,-5.52,label box,0.3479,0.5821,0.0098,0.0142,,
icp,inferior cerebellar peduncle (restiform body),48,1,-8.65,2.5,2.5,-5.55,label box,0.6021,0.5844,0.0102,0.0142,,
ml,medial lemniscus,48,0,-8.65,-0.48,0.48,-8.47,label box,0.4481,0.8208,0.0084,0.0114,,
ml,medial lemniscus,48,1,-8.65,0.37,0.37,-8.48,label box,0.4919,0.8214,0.008,0.0114,,
mlf,medial longitudinal fasciculus,48,0,-8.65,0.02,0.02,-6.45,label box,0.4739,0.6577,0.0113,0.0114,,
pfs,parafloccular sulcus,48,0,-8.65,-3.51,3.51,-3.81,label box,0.2911,0.444,0.0102,0.0142,,
pfs,parafloccular sulcus,48,1,-8.65,3.53,3.53,-3.82,label box,0.6557,0.4452,0.0105,0.0142,,
plf,posterolateral fissure,48,0,-8.65,4.08,4.08,-4.86,label box,0.684,0.5293,0.0084,0.0142,,
plf,posterolateral fissure,48,1,-8.65,-4.04,4.04,-5.18,label box,0.2636,0.5551,0.0084,0.0148,,
prf,primary fissure,48,0,-8.65,-0.33,0.33,-1.73,label box,0.4557,0.2762,0.0098,0.0142,,
psf,posterior superior fissure,48,0,-8.65,2.93,2.93,-1.67,label box,0.6248,0.271,0.0105,0.0148,,
psf,posterior superior fissure,48,1,-8.65,-2.75,2.75,-1.82,label box,0.3303,0.2833,0.0123,0.0148,,
py,pyramidal tract,48,0,-8.65,-1.47,1.47,-7.58,leader tip,0.3999,0.7312,0.0091,0.0114,0.3964,0.7486
py,pyramidal tract,48,1,-8.65,-0.5,0.5,-8.82,label box,0.4469,0.8486,0.008,0.0119,,
py,pyramidal tract,48,2,-8.65,0.41,0.41,-8.81,label box,0.4942,0.8484,0.0084,0.0119,,
rs,rubrospinal tract,48,0,-8.65,2.2,2.2,-7.36,label box,0.5867,0.7307,0.0062,0.0091,,
rs,rubrospinal tract,48,1,-8.65,-2.25,2.25,-7.47,label box,0.3559,0.7401,0.0062,0.0091,,
scp,superior cerebellar peduncle,48,0,-8.65,-1.53,1.53,-4.46,label box,0.3936,0.4967,0.0127,0.0119,,
scp,superior cerebellar peduncle,48,1,-8.65,1.7,1.7,-4.5,label box,0.561,0.5001,0.0127,0.0119,,
simf,simplex fissure,48,0,-8.65,-1.71,1.71,-1.67,label box,0.3842,0.2714,0.0163,0.0114,,
simf,simplex fissure,48,1,-8.65,2.04,2.04,-1.7,label box,0.5783,0.2739,0.0152,0.0119,,
sp5,spinal trigeminal tract,48,0,-8.65,-2.59,2.59,-6.52,label box,0.3385,0.6628,0.0127,0.0142,,
sp5,spinal trigeminal tract,48,1,-8.65,2.66,2.66,-6.54,label box,0.6106,0.6648,0.0131,0.0142,,
ts,tectospinal tract,48,0,-8.65,-0.34,0.34,-7.01,label box,0.4551,0.7026,0.0062,0.0108,,
ts,tectospinal tract,48,1,-8.65,0.38,0.38,-7.02,label box,0.4926,0.7031,0.0062,0.0108,,
tz,trapezoid body,48,0,-8.65,2.52,2.52,-7.39,label box,0.6034,0.733,0.0055,0.0114,,
tz,trapezoid body,48,1,-8.65,-2.52,2.52,-7.49,label box,0.3421,0.7415,0.0062,0.0108,,
veme,vestibulomesencephalic tract,48,0,-8.65,-1.31,1.31,-6.27,label box,0.405,0.6426,0.0193,0.0091,,
veme,vestibulomesencephalic tract,48,1,-8.65,1.32,1.32,-6.31,label box,0.5409,0.646,0.0193,0.0091,,
vsc,ventral spinocerebellar tract,48,0,-8.65,2.07,2.07,-7.7,label box,0.5799,0.7588,0.0124,0.0085,,
vsc,ventral spinocerebellar tract,48,1,-8.65,-2.11,2.11,-7.75,label box,0.3632,0.7625,0.012,0.0091,,
3Cb,3rd cerebellar lobule,49,0,-9,0,0,-3.86,label box,0.4726,0.4484,0.0218,0.0119,,
4Cb,4th cerebellar lobule,49,0,-9,0.07,0.07,-3.86,label box,0.4762,0.4484,0.0145,0.0119,,
4Cb,4th cerebellar lobule,49,1,-9,0,0,-3.86,label box,0.4726,0.4484,0.0218,0.0119,,
4V,4th ventricle,49,0,-9,0.01,0.01,-5.37,label box,0.4735,0.5699,0.0094,0.0114,,
5Cb,5th cerebellar lobule,49,0,-9,-0.01,0.01,-3.08,label box,0.4724,0.3849,0.0145,0.0119,,
5Sol,trigeminal-solitary transition zone,49,0,-9,1.52,1.52,-6.39,label box,0.5514,0.6526,0.0156,0.0119,,
6Cb,6th cerebellar lobule,49,0,-9,-0.02,0.02,-1.5,label box,0.4717,0.2571,0.0145,0.0119,,
7DI,"facial nucleus, dorsal intermediate subnucleus",49,0,-9,1.55,1.55,-7.3,label box,0.5532,0.7265,0.0116,0.0114,,
7DI,"facial nucleus, dorsal intermediate subnucleus",49,1,-9,-1.46,1.46,-7.35,label box,0.3971,0.7299,0.0116,0.0114,,
7DL,"facial nucleus, dorsolateral subnucleus",49,0,-9,1.9,1.9,-7.16,label box,0.571,0.7148,0.0145,0.0119,,
7DL,"facial nucleus, dorsolateral subnucleus",49,1,-9,-1.71,1.71,-7.2,label box,0.384,0.718,0.0145,0.0114,,
7DM,"facial nucleus, dorsomedial subnucleus",49,0,-9,1.2,1.2,-7.54,label box,0.5351,0.7458,0.0167,0.0114,,
7DM,"facial nucleus, dorsomedial subnucleus",49,1,-9,-1.18,1.18,-7.65,label box,0.4116,0.7546,0.0167,0.0119,,
7L,"facial nucleus, lateral subnucleus",49,0,-9,-1.82,1.82,-7.54,label box,0.3783,0.7452,0.0087,0.0119,,
7L,"facial nucleus, lateral subnucleus",49,1,-9,1.95,1.95,-7.46,label box,0.5739,0.7387,0.0087,0.0119,,
7VI,"facial nucleus, ventral intermediate subnucleus",49,0,-9,1.61,1.61,-7.53,label box,0.556,0.7443,0.0109,0.0114,,
7VI,"facial nucleus, ventral intermediate subnucleus",49,1,-9,-1.53,1.53,-7.53,label box,0.3935,0.7449,0.0109,0.0119,,
7VM,"facial nucleus, ventromedial subnucleus",49,0,-9,-1.16,1.16,-7.95,label box,0.4127,0.7788,0.016,0.0114,,
7VM,"facial nucleus, ventromedial subnucleus",49,1,-9,1.23,1.23,-7.96,label box,0.5363,0.7793,0.0163,0.0114,,
Cop,copula of the pyramis,49,0,-9,-3,3,-4.17,label box,0.3174,0.4736,0.0142,0.0142,,
Cop,copula of the pyramis,49,1,-9,3,3,-4.12,label box,0.6281,0.4688,0.0134,0.025,,
Crus1,crus 1 of the ansiform lobule,49,0,-9,-3.55,3.55,-1.65,label box,0.2889,0.2693,0.0196,0.0125,,
Crus1,crus 1 of the ansiform lobule,49,1,-9,3.09,3.09,-1.65,label box,0.633,0.2696,0.0203,0.0119,,
Crus1,crus 1 of the ansiform lobule,49,2,-9,-3.35,3.35,-1.94,label box,0.2989,0.2929,0.02,0.0119,,
Crus1,crus 1 of the ansiform lobule,49,3,-9,3.79,3.79,-2.13,label box,0.6691,0.308,0.02,0.0125,,
Crus1,crus 1 of the ansiform lobule,49,4,-9,3.16,3.16,-2.59,label box,0.6363,0.3452,0.0203,0.0119,,
Crus1,crus 1 of the ansiform lobule,49,5,-9,-3.19,3.19,-2.6,label box,0.3074,0.3461,0.0203,0.0119,,
Crus2,crus 2 of the ansiform lobule,49,0,-9,-2.88,2.88,-3.44,label box,0.3236,0.4139,0.0214,0.0119,,
Crus2,crus 2 of the ansiform lobule,49,1,-9,3.08,3.08,-3.46,label box,0.6324,0.4162,0.0214,0.0119,,
DCDp,"dorsal cochlear nucleus, deep core",49,0,-9,-2.35,2.35,-5.15,label box,0.351,0.5523,0.0203,0.0148,,
DCDp,"dorsal cochlear nucleus, deep core",49,1,-9,2.53,2.53,-5.17,label box,0.6036,0.5543,0.0203,0.0142,,
DCFu,"dorsal cochlear nucleus, fusiform layer",49,0,-9,2.53,2.53,-4.73,label box,0.6036,0.5185,0.0182,0.0119,,
DCFu,"dorsal cochlear nucleus, fusiform layer",49,1,-9,-2.85,2.85,-5.24,label box,0.325,0.5599,0.0185,0.0119,,
DCMo,"dorsal cochlear nucleus, molecular layer",49,0,-9,3.05,3.05,-4.86,label box,0.6308,0.5287,0.0218,0.0119,,
DCMo,"dorsal cochlear nucleus, molecular layer",49,1,-9,-2.46,2.46,-4.9,label box,0.3454,0.5319,0.0221,0.0119,,
DMSp5,dorsomedial spinal trigeminal nucleus,49,0,-9,1.83,1.83,-6.23,label box,0.5676,0.6396,0.0265,0.0148,,
DPGi,dorsal paragigantocellular nucleus,49,0,-9,0.39,0.39,-6.29,label box,0.4931,0.6446,0.0174,0.0119,,
Gca,"globular cell area, ventral cochlear nucleus",49,0,-9,3.01,3.01,-6.17,label box,0.6289,0.6344,0.0142,0.0125,,
Gca,"globular cell area, ventral cochlear nucleus",49,1,-9,-2.93,2.93,-6.17,label box,0.3207,0.635,0.0142,0.0125,,
Gi,gigantocellular reticular nucleus,49,0,-9,0.57,0.57,-7.14,label box,0.5025,0.7134,0.0065,0.0119,,
Gi,gigantocellular reticular nucleus,49,1,-9,-0.59,0.59,-7.16,label box,0.442,0.7151,0.0069,0.0119,,
GiA,"gigantocellular reticular nucleus, alpha part",49,0,-9,-0.01,0.01,-7.72,label box,0.4724,0.7599,0.0124,0.0119,,
GrC,granule cell layer of cochlear nuclei,49,0,-9,2.22,2.22,-4.6,label box,0.5878,0.5082,0.0127,0.0119,,
GrC,granule cell layer of cochlear nuclei,49,1,-9,-1.93,1.93,-4.65,label box,0.3728,0.5117,0.0131,0.0125,,
GrC,granule cell layer of cochlear nuclei,49,2,-9,3.19,3.19,-5.67,label box,0.6382,0.5947,0.0131,0.0125,,
GrC,granule cell layer of cochlear nuclei,49,3,-9,-3.23,3.23,-5.76,label box,0.3056,0.6018,0.0131,0.0119,,
IRt,intermediate reticular nucleus,49,0,-9,1.17,1.17,-6.84,label box,0.5331,0.6889,0.0094,0.0119,,
IRt,intermediate reticular nucleus,49,1,-9,-1.11,1.11,-6.78,label box,0.4151,0.6842,0.0098,0.0119,,
IntA,"interposed cerebellar nucleus, anterior part",49,0,-9,-1.95,1.95,-3.77,label box,0.3719,0.441,0.0134,0.0119,,
IntA,"interposed cerebellar nucleus, anterior part",49,1,-9,1.85,1.85,-3.79,label box,0.5687,0.4427,0.0134,0.0119,,
IntDL,"interposed cerebellar nucleus, dorsolateral hump",49,0,-9,-2.33,2.33,-3.64,label box,0.3519,0.4307,0.0185,0.0114,,
IntDL,"interposed cerebellar nucleus, dorsolateral hump",49,1,-9,2.33,2.33,-3.6,label box,0.5937,0.4268,0.0185,0.0119,,
IntDM,"interposed cerebellar nucleus, dorsomedial crest",49,0,-9,-1.59,1.59,-3.75,label box,0.3904,0.4393,0.0207,0.0119,,
IntP,"interposed cerebellar nucleus, posterior part",49,0,-9,-1.89,1.89,-3.99,label box,0.3748,0.4588,0.0134,0.0119,,
IntP,"interposed cerebellar nucleus, posterior part",49,1,-9,1.98,1.98,-4.04,label box,0.5752,0.4631,0.0131,0.0114,,
IntPPC,"interposed cerebellar nucleus, posterior parvicellular part",49,0,-9,2.02,2.02,-4.37,label box,0.5772,0.4895,0.0236,0.0119,,
IntPPC,"interposed cerebellar nucleus, posterior parvicellular part",49,1,-9,-2.1,2.1,-4.28,label box,0.3637,0.4819,0.024,0.0119,,
LPGiA,"lateral paragigantocellular nucleus, alpha part",49,0,-9,-0.63,0.63,-8.04,label box,0.4402,0.7861,0.0222,0.0119,,
LPGiA,"lateral paragigantocellular nucleus, alpha part",49,1,-9,0.59,0.59,-8.03,label box,0.5033,0.7853,0.0221,0.0119,,
LPGiE,"lateral paragigantocellular nucleus, external part",49,0,-9,-0.95,0.95,-8.27,label box,0.4233,0.8043,0.0211,0.0119,,
LPGiE,"lateral paragigantocellular nucleus, external part",49,1,-9,0.88,0.88,-8.29,label box,0.5185,0.8057,0.0211,0.0125,,
LR4V,lateral recess of the 4th ventricle,49,0,-9,-2.45,2.45,-4.66,label box,0.3459,0.5125,0.0196,0.0114,,
LR4V,lateral recess of the 4th ventricle,49,1,-9,2.89,2.89,-4.6,label box,0.6226,0.508,0.0193,0.0114,,
LVe,lateral vestibular nucleus,49,0,-9,1.72,1.72,-5.25,label box,0.5621,0.5605,0.0116,0.0119,,
LVe,lateral vestibular nucleus,49,1,-9,-1.68,1.68,-5.3,label box,0.3858,0.5648,0.0116,0.0119,,
Lat,lateral (dentate) cerebellar nucleus,49,0,-9,-2.4,2.4,-4.02,label box,0.3483,0.4611,0.0105,0.0119,,
Lat,lateral (dentate) cerebellar nucleus,49,1,-9,-2.69,2.69,-4.14,label box,0.3334,0.471,0.0105,0.0114,,
Lat,lateral (dentate) cerebellar nucleus,49,2,-9,2.37,2.37,-4.05,label box,0.5954,0.4636,0.0105,0.0114,,
Lat,lateral (dentate) cerebellar nucleus,49,3,-9,2.66,2.66,-4.09,label box,0.6108,0.4668,0.0102,0.0119,,
MVeMC,"medial vestibular nucleus, magnocellular part",49,0,-9,1.16,1.16,-5.89,label box,0.5327,0.6122,0.0269,0.0119,,
MVeMC,"medial vestibular nucleus, magnocellular part",49,1,-9,-1.15,1.15,-5.88,label box,0.4133,0.6114,0.0272,0.0119,,
MVePC,"medial vestibular nucleus, parvicellular part",49,0,-9,-0.71,0.71,-5.47,label box,0.4359,0.5781,0.0251,0.0119,,
MVePC,"medial vestibular nucleus, parvicellular part",49,1,-9,0.81,0.81,-5.45,label box,0.5149,0.577,0.0247,0.0119,,
Med,medial (fastigial) cerebellar nucleus,49,0,-9,-0.74,0.74,-4.12,label box,0.4344,0.4693,0.0149,0.0114,,
Med,medial (fastigial) cerebellar nucleus,49,1,-9,0.84,0.84,-4.14,label box,0.5162,0.471,0.0149,0.0114,,
MedDL,"medial cerebellar nucleus, dorsolateral protuberance",49,0,-9,-1.02,1.02,-3.7,label box,0.4201,0.4355,0.0254,0.0119,,
MedDL,"medial cerebellar nucleus, dorsolateral protuberance",49,1,-9,0.98,0.98,-3.67,label box,0.5234,0.433,0.0254,0.0119,,
MedL,"medial cerebellar nucleus, lateral part",49,0,-9,1.39,1.39,-4.32,label box,0.5445,0.4852,0.02,0.0114,,
MedL,"medial cerebellar nucleus, lateral part",49,1,-9,-1.43,1.43,-4.24,label box,0.3984,0.479,0.02,0.0119,,
Oca,"octopus cell area, ventral cochlear nucleus",49,0,-9,2.83,2.83,-5.6,label box,0.6195,0.5884,0.0138,0.0119,,
Oca,"octopus cell area, ventral cochlear nucleus",49,1,-9,-2.74,2.74,-5.63,label box,0.3305,0.591,0.0134,0.0119,,
P7,perifacial zone,49,0,-9,-1.6,1.6,-7.81,label box,0.39,0.7674,0.0091,0.0114,,
P7,perifacial zone,49,1,-9,1.59,1.59,-7.82,label box,0.5549,0.7682,0.0091,0.0119,,
PCRt,parvicellular reticular nucleus,49,0,-9,-1.61,1.61,-6.65,label box,0.3894,0.6736,0.0178,0.0119,,
PCRt,parvicellular reticular nucleus,49,1,-9,1.57,1.57,-6.71,label box,0.5541,0.6787,0.0182,0.0119,,
PFl,paraflocculus,49,0,-9,-4.33,4.33,-4.42,label box,0.2482,0.4933,0.0087,0.0119,,
PFl,paraflocculus,49,1,-9,3.95,3.95,-4.56,label box,0.6774,0.5046,0.0087,0.0119,,
PM,paramedian lobule,49,0,-9,2.97,2.97,-3.91,label box,0.6267,0.4518,0.0113,0.0119,,
PM,paramedian lobule,49,1,-9,-3.03,3.03,-3.93,label box,0.3159,0.4535,0.0113,0.0119,,
PPy,parapyramidal nucleus,49,0,-9,-0.98,0.98,-8.63,label box,0.4219,0.8332,0.0138,0.0256,,
PPy,parapyramidal nucleus,49,1,-9,0.87,0.87,-8.76,label box,0.518,0.8444,0.0138,0.0142,,
Pr,prepositus nucleus,49,0,-9,-0.27,0.27,-5.92,label box,0.4586,0.6148,0.0073,0.0114,,
Pr,prepositus nucleus,49,1,-9,0.34,0.34,-5.93,label box,0.4902,0.6153,0.0073,0.0114,,
RMg,raphe magnus nucleus,49,0,-9,-0.02,0.02,-8.09,label box,0.4717,0.7898,0.0163,0.0142,,
RPa,raphe pallidus nucleus,49,0,-9,-0.02,0.02,-8.5,leader tip,0.4723,0.8501,0.0145,0.0119,0.4719,0.8231
Sim,simple lobule,49,0,-9,-1.79,1.79,-1.31,label box,0.3799,0.2418,0.0134,0.0119,,
Sim,simple lobule,49,1,-9,1.85,1.85,-1.39,label box,0.5685,0.2486,0.0134,0.0119,,
Sol,nucleus of the solitary tract,49,0,-9,-1.37,1.37,-6.06,label box,0.4015,0.6262,0.0109,0.0119,,
Sol,nucleus of the solitary tract,49,1,-9,1.45,1.45,-6.07,label box,0.548,0.6268,0.0105,0.0119,,
Sp5I,"spinal trigeminal nucleus, interpolar part",49,0,-9,-2.2,2.2,-7.02,label box,0.3586,0.7032,0.016,0.0148,,
Sp5I,"spinal trigeminal nucleus, interpolar part",49,1,-9,2.28,2.28,-7.04,label box,0.591,0.7049,0.016,0.0148,,
Sp5O,"spinal trigeminal nucleus, oral part",49,0,-9,-2.13,2.13,-6.59,label box,0.3622,0.6691,0.0196,0.0148,,
Sp5O,"spinal trigeminal nucleus, oral part",49,1,-9,2.2,2.2,-6.59,label box,0.5866,0.6691,0.0196,0.0148,,
SpVe,spinal vestibular nucleus,49,0,-9,-1.78,1.78,-5.83,label box,0.3806,0.6071,0.0178,0.0142,,
SpVe,spinal vestibular nucleus,49,1,-9,1.85,1.85,-5.82,label box,0.5685,0.6062,0.0178,0.0148,,
VCP,"ventral cochlear nucleus, posterior part",49,0,-9,2.97,2.97,-5.9,label box,0.6268,0.6128,0.0153,0.0119,,
VCP,"ventral cochlear nucleus, posterior part",49,1,-9,-2.92,2.92,-5.88,label box,0.3212,0.6114,0.0152,0.0119,,
VeCb,vestibulocerebellar nucleus,49,0,-9,1.24,1.24,-4.59,label box,0.5372,0.5074,0.0185,0.0114,,
VeCb,vestibulocerebellar nucleus,49,1,-9,-1.21,1.21,-4.47,label box,0.41,0.4975,0.0185,0.0125,,
X,nucleus X,49,0,-9,-2.13,2.13,-5.82,label box,0.3626,0.6068,0.0044,0.0114,,
X,nucleus X,49,1,-9,2.15,2.15,-5.82,label box,0.5841,0.6068,0.0047,0.0114,,
cbw,cerebellar white matter,49,0,-9,-0.66,0.66,-1.51,label box,0.4384,0.2585,0.0149,0.0114,,
cbw,cerebellar white matter,49,1,-9,-1.83,1.83,-2.94,label box,0.3777,0.3736,0.0149,0.0119,,
cbw,cerebellar white matter,49,2,-9,1.77,1.77,-2.94,label box,0.5645,0.3736,0.0149,0.0119,,
chp,choroid plexus,49,0,-9,-3.18,3.18,-5.13,label box,0.308,0.5506,0.0127,0.0136,,
das,dorsal acoustic stria,49,0,-9,-1.63,1.63,-5,label box,0.3881,0.5406,0.0124,0.0119,,
das,dorsal acoustic stria,49,1,-9,1.7,1.7,-5.04,label box,0.5607,0.5432,0.0124,0.0114,,
icf,intercrural fissure,49,0,-9,-3.24,3.24,-3.12,label box,0.3047,0.3886,0.0084,0.0148,,
icf,intercrural fissure,49,1,-9,3.47,3.47,-3.17,label box,0.6526,0.3926,0.008,0.0148,,
icp,inferior cerebellar peduncle (restiform body),49,0,-9,2.36,2.36,-5.55,label box,0.595,0.5844,0.0102,0.0148,,
icp,inferior cerebellar peduncle (restiform body),49,1,-9,-2.31,2.31,-5.65,label box,0.353,0.593,0.0105,0.0148,,
ml,medial lemniscus,49,0,-9,0.32,0.32,-8.35,label box,0.4891,0.8108,0.008,0.0114,,
ml,medial lemniscus,49,1,-9,-0.46,0.46,-8.32,label box,0.449,0.8089,0.008,0.0114,,
mlf,medial longitudinal fasciculus,49,0,-9,0.02,0.02,-6.64,label box,0.4737,0.6727,0.0113,0.0114,,
pfs,parafloccular sulcus,49,0,-9,-3.53,3.53,-3.84,label box,0.2898,0.4463,0.0098,0.0142,,
pfs,parafloccular sulcus,49,1,-9,3.55,3.55,-3.78,label box,0.6568,0.4418,0.0105,0.0142,,
prf,primary fissure,49,0,-9,-0.63,0.63,-2.25,label box,0.4401,0.3183,0.0098,0.0176,,
py,pyramidal tract,49,0,-9,0.37,0.37,-8.59,label box,0.492,0.8307,0.008,0.0114,,
py,pyramidal tract,49,1,-9,-0.47,0.47,-8.65,label box,0.4484,0.8352,0.008,0.0114,,
rs,rubrospinal tract,49,0,-9,-2.16,2.16,-7.29,label box,0.361,0.7256,0.0062,0.0091,,
rs,rubrospinal tract,49,1,-9,2.26,2.26,-7.29,label box,0.5896,0.7256,0.0062,0.0091,,
scp,superior cerebellar peduncle,49,0,-9,-1.22,1.22,-4.11,label box,0.4097,0.4682,0.0127,0.0114,,
scp,superior cerebellar peduncle,49,1,-9,1.28,1.28,-4.15,label box,0.5389,0.4713,0.0124,0.0119,,
simf,simplex fissure,49,0,-9,1.65,1.65,-1.62,label box,0.5581,0.2671,0.0156,0.0119,,
sp5,spinal trigeminal tract,49,0,-9,2.47,2.47,-6.27,label box,0.6006,0.643,0.0127,0.0148,,
sp5,spinal trigeminal tract,49,1,-9,-2.42,2.42,-6.28,label box,0.3474,0.6438,0.0131,0.0142,,
ts,tectospinal tract,49,0,-9,-0.12,0.12,-6.93,label box,0.4664,0.6963,0.0062,0.0108,,
ts,tectospinal tract,49,1,-9,0.21,0.21,-6.93,label box,0.4835,0.696,0.0062,0.0114,,
tz,trapezoid body,49,0,-9,-2.62,2.62,-7.05,label box,0.3372,0.706,0.0058,0.0108,,
tz,trapezoid body,49,1,-9,2.29,2.29,-7.51,label box,0.5912,0.7432,0.0058,0.0114,,
vesp,vestibulospinal tract,49,0,-9,0.76,0.76,-6.16,label box,0.5122,0.6336,0.0167,0.0119,,
vesp,vestibulospinal tract,49,1,-9,-0.72,0.72,-6.18,label box,0.4354,0.6353,0.0171,0.0119,,
vsc,ventral spinocerebellar tract,49,0,-9,1.9,1.9,-7.77,label box,0.571,0.764,0.0123,0.0091,,
10Cb,10th cerebellar lobule (nodule),50,0,-9.35,0.05,0.05,-4.78,label box,0.4755,0.5224,0.0185,0.0119,,
4V,4th ventricle,50,0,-9.35,0.01,0.01,-5.74,label box,0.4735,0.6004,0.0098,0.0114,,
5Cb,5th cerebellar lobule,50,0,-9.35,0.01,0.01,-3.63,label box,0.4733,0.4296,0.0145,0.0119,,
6Cb,6th cerebellar lobule,50,0,-9.35,0,0,-1.64,label box,0.4729,0.269,0.0142,0.0119,,
6Cb,6th cerebellar lobule,50,1,-9.35,0.01,0.01,-2.93,label box,0.4733,0.373,0.0142,0.0119,,
7DI,"facial nucleus, dorsal intermediate subnucleus",50,0,-9.35,-1.56,1.56,-7.37,label box,0.3918,0.7316,0.012,0.0114,,
7DL,"facial nucleus, dorsolateral subnucleus",50,0,-9.35,-1.79,1.79,-7.28,label box,0.3801,0.7241,0.0145,0.0119,,
7DL,"facial nucleus, dorsolateral subnucleus",50,1,-9.35,1.81,1.81,-7.31,label box,0.5667,0.7273,0.0145,0.0187,,
7DM,"facial nucleus, dorsomedial subnucleus",50,0,-9.35,-1.39,1.39,-7.55,label box,0.4008,0.746,0.0167,0.0114,,
7DM,"facial nucleus, dorsomedial subnucleus",50,1,-9.35,1.54,1.54,-7.28,leader tip,0.5443,0.7446,0.0167,0.0119,0.5523,0.7248
7L,"facial nucleus, lateral subnucleus",50,0,-9.35,-1.99,1.99,-7.48,label box,0.3694,0.7403,0.0091,0.0114,,
7L,"facial nucleus, lateral subnucleus",50,1,-9.35,2.03,2.03,-7.44,label box,0.5781,0.7373,0.0091,0.0114,,
7VI,"facial nucleus, ventral intermediate subnucleus",50,0,-9.35,-1.74,1.74,-7.67,label box,0.3824,0.7563,0.0113,0.0119,,
7VI,"facial nucleus, ventral intermediate subnucleus",50,1,-9.35,1.75,1.75,-7.69,label box,0.5636,0.758,0.0113,0.0119,,
7VM,"facial nucleus, ventromedial subnucleus",50,0,-9.35,-1.19,1.19,-7.95,label box,0.4113,0.7787,0.016,0.0119,,
7VM,"facial nucleus, ventromedial subnucleus",50,1,-9.35,1.23,1.23,-7.97,label box,0.5367,0.7801,0.016,0.0114,,
9Cb,9th cerebellar lobule,50,0,-9.35,0.03,0.03,-4.28,label box,0.4742,0.4821,0.0145,0.0119,,
Cop,copula of the pyramis,50,0,-9.35,-2.47,2.47,-4.36,label box,0.3445,0.4884,0.0138,0.0142,,
Cop,copula of the pyramis,50,1,-9.35,2.6,2.6,-4.39,label box,0.6072,0.4912,0.0138,0.0142,,
Crus1,crus 1 of the ansiform lobule,50,0,-9.35,-2.74,2.74,-1.71,label box,0.331,0.2745,0.0203,0.0119,,
Crus1,crus 1 of the ansiform lobule,50,1,-9.35,2.98,2.98,-1.75,label box,0.6269,0.2774,0.0203,0.0119,,
Crus1,crus 1 of the ansiform lobule,50,2,-9.35,2.74,2.74,-2.46,label box,0.6148,0.3353,0.0207,0.0119,,
Crus1,crus 1 of the ansiform lobule,50,3,-9.35,-2.68,2.68,-2.55,label box,0.3339,0.3421,0.0203,0.0119,,
Crus2,crus 2 of the ansiform lobule,50,0,-9.35,3.16,3.16,-3.44,label box,0.6364,0.4145,0.0214,0.0119,,
Crus2,crus 2 of the ansiform lobule,50,1,-9.35,-2.89,2.89,-3.49,label box,0.3232,0.4185,0.0214,0.0119,,
DCDp,"dorsal cochlear nucleus, deep core",50,0,-9.35,-2.52,2.52,-5.48,label box,0.3423,0.5787,0.0203,0.0142,,
DCDp,"dorsal cochlear nucleus, deep core",50,1,-9.35,2.61,2.61,-5.39,label box,0.6079,0.5716,0.0203,0.0148,,
DCFu,"dorsal cochlear nucleus, fusiform layer",50,0,-9.35,-2.3,2.3,-4.99,label box,0.3534,0.5392,0.0185,0.0114,,
DCFu,"dorsal cochlear nucleus, fusiform layer",50,1,-9.35,2.19,2.19,-4.98,label box,0.5863,0.5387,0.0189,0.0119,,
DCMo,"dorsal cochlear nucleus, molecular layer",50,0,-9.35,2.51,2.51,-5.15,label box,0.6027,0.552,0.0222,0.0119,,
DCMo,"dorsal cochlear nucleus, molecular layer",50,1,-9.35,-2.53,2.53,-5.18,label box,0.3417,0.5552,0.0221,0.0119,,
DPGi,dorsal paragigantocellular nucleus,50,0,-9.35,0.4,0.4,-6.34,label box,0.4933,0.6486,0.0174,0.0125,,
DPGi,dorsal paragigantocellular nucleus,50,1,-9.35,-0.36,0.36,-6.35,label box,0.4541,0.6495,0.0174,0.0119,,
Gi,gigantocellular reticular nucleus,50,0,-9.35,-0.55,0.55,-7.08,label box,0.4442,0.7082,0.0069,0.0119,,
Gi,gigantocellular reticular nucleus,50,1,-9.35,0.51,0.51,-7.09,label box,0.4993,0.7088,0.0065,0.0119,,
GiA,"gigantocellular reticular nucleus, alpha part",50,0,-9.35,0.07,0.07,-8.04,label box,0.4764,0.7861,0.0124,0.0119,,
GrC,granule cell layer of cochlear nuclei,50,0,-9.35,-3.08,3.08,-5.93,label box,0.3132,0.6154,0.0131,0.0119,,
GrC,granule cell layer of cochlear nuclei,50,1,-9.35,3.05,3.05,-5.99,label box,0.6309,0.6205,0.0131,0.0119,,
IRt,intermediate reticular nucleus,50,0,-9.35,-1.11,1.11,-6.81,label box,0.415,0.6866,0.0094,0.0119,,
IRt,intermediate reticular nucleus,50,1,-9.35,1.19,1.19,-6.81,label box,0.5342,0.6869,0.0094,0.0114,,
IntDL,"interposed cerebellar nucleus, dorsolateral hump",50,0,-9.35,-2.18,2.18,-3.82,label box,0.3596,0.4449,0.0185,0.0114,,
IntDL,"interposed cerebellar nucleus, dorsolateral hump",50,1,-9.35,2.35,2.35,-3.8,label box,0.5945,0.4432,0.0182,0.0114,,
IntDM,"interposed cerebellar nucleus, dorsomedial crest",50,0,-9.35,1.66,1.66,-3.82,leader tip,0.5754,0.4273,0.0207,0.0114,0.5586,0.4448
IntDM,"interposed cerebellar nucleus, dorsomedial crest",50,1,-9.35,-1.57,1.57,-3.81,leader tip,0.3769,0.4279,0.0207,0.0119,0.3916,0.4441
IntP,"interposed cerebellar nucleus, posterior part",50,0,-9.35,-1.54,1.54,-4.12,label box,0.393,0.4688,0.0134,0.0114,,
IntP,"interposed cerebellar nucleus, posterior part",50,1,-9.35,1.65,1.65,-4.17,label box,0.5583,0.4734,0.0131,0.0119,,
IntPPC,"interposed cerebellar nucleus, posterior parvicellular part",50,0,-9.35,-1.61,1.61,-4.4,label box,0.3892,0.4918,0.024,0.0119,,
IntPPC,"interposed cerebellar nucleus, posterior parvicellular part",50,1,-9.35,1.78,1.78,-4.46,label box,0.5652,0.4963,0.0236,0.0119,,
LPGiA,"lateral paragigantocellular nucleus, alpha part",50,0,-9.35,-0.58,0.58,-8.02,label box,0.4428,0.7844,0.0222,0.0119,,
LPGiA,"lateral paragigantocellular nucleus, alpha part",50,1,-9.35,0.59,0.59,-8.04,label box,0.5035,0.7861,0.0222,0.0119,,
LPGiE,"lateral paragigantocellular nucleus, external part",50,0,-9.35,-0.95,0.95,-8.34,label box,0.4233,0.8099,0.0211,0.0119,,
LPGiE,"lateral paragigantocellular nucleus, external part",50,1,-9.35,0.9,0.9,-8.34,label box,0.5194,0.8099,0.0214,0.0119,,
LR4V,lateral recess of the 4th ventricle,50,0,-9.35,-2.07,2.07,-4.77,label box,0.3657,0.5216,0.0193,0.0114,,
LR4V,lateral recess of the 4th ventricle,50,1,-9.35,2.23,2.23,-4.82,label box,0.5883,0.5256,0.0196,0.0114,,
MVeMC,"medial vestibular nucleus, magnocellular part",50,0,-9.35,-0.98,0.98,-5.95,label box,0.4222,0.6168,0.0269,0.0119,,
MVeMC,"medial vestibular nucleus, magnocellular part",50,1,-9.35,1.07,1.07,-5.98,label box,0.5283,0.6197,0.0272,0.0125,,
MVePC,"medial vestibular nucleus, parvicellular part",50,0,-9.35,-0.54,0.54,-5.52,label box,0.4448,0.5821,0.0247,0.0119,,
MVePC,"medial vestibular nucleus, parvicellular part",50,1,-9.35,0.64,0.64,-5.51,label box,0.5058,0.5818,0.0247,0.0125,,
Med,medial (fastigial) cerebellar nucleus,50,0,-9.35,-0.82,0.82,-4.02,label box,0.4301,0.4614,0.0149,0.0114,,
Med,medial (fastigial) cerebellar nucleus,50,1,-9.35,0.96,0.96,-4.03,label box,0.5225,0.4616,0.0153,0.0119,,
MedDL,"medial cerebellar nucleus, dorsolateral protuberance",50,0,-9.35,1.2,1.2,-3.65,label box,0.5349,0.431,0.0254,0.0119,,
MedDL,"medial cerebellar nucleus, dorsolateral protuberance",50,1,-9.35,-1.06,1.06,-3.71,label box,0.4179,0.4361,0.0254,0.0119,,
MedL,"medial cerebellar nucleus, lateral part",50,0,-9.35,1.01,1.01,-4.35,label box,0.5251,0.4881,0.0196,0.0114,,
MedL,"medial cerebellar nucleus, lateral part",50,1,-9.35,-0.82,0.82,-4.35,label box,0.4304,0.4875,0.02,0.0114,,
Mx,matrix region of the medulla,50,0,-9.35,-1.83,1.83,-5.93,label box,0.3777,0.6153,0.0105,0.0114,,
Mx,matrix region of the medulla,50,1,-9.35,1.89,1.89,-5.96,label box,0.5709,0.6176,0.0102,0.0114,,
P7,perifacial zone,50,0,-9.35,-1.56,1.56,-7.93,label box,0.3919,0.7773,0.0091,0.0114,,
P7,perifacial zone,50,1,-9.35,1.59,1.59,-7.91,label box,0.5549,0.7756,0.0091,0.0119,,
PCRt,parvicellular reticular nucleus,50,0,-9.35,-1.53,1.53,-6.67,label box,0.3937,0.6753,0.0178,0.0119,,
PCRt,parvicellular reticular nucleus,50,1,-9.35,1.57,1.57,-6.71,label box,0.5541,0.6787,0.0182,0.0119,,
PFl,paraflocculus,50,0,-9.35,-4.08,4.08,-4.85,label box,0.2613,0.5278,0.0102,0.0114,,
PFl,paraflocculus,50,1,-9.35,-3.27,3.27,-4.79,label box,0.3034,0.5233,0.0102,0.0114,,
PFl,paraflocculus,50,2,-9.35,3.48,3.48,-4.94,label box,0.6533,0.5358,0.0102,0.0114,,
PM,paramedian lobule,50,0,-9.35,3.42,3.42,-4.12,label box,0.6501,0.469,0.0109,0.0119,,
PM,paramedian lobule,50,1,-9.35,-3.2,3.2,-4.01,label box,0.3069,0.46,0.0113,0.0114,,
PPy,parapyramidal nucleus,50,0,-9.35,0.62,0.62,-8.52,leader tip,0.5193,0.8469,0.0138,0.0142,0.5051,0.8243
PPy,parapyramidal nucleus,50,1,-9.35,-0.81,0.81,-8.49,leader tip,0.4163,0.8449,0.0138,0.0142,0.4306,0.8221
Pr,prepositus nucleus,50,0,-9.35,-0.17,0.17,-6,label box,0.4637,0.621,0.0073,0.0114,,
Pr,prepositus nucleus,50,1,-9.35,0.25,0.25,-6,label box,0.4855,0.621,0.0073,0.0114,,
RMg,raphe magnus nucleus,50,0,-9.35,-0.06,0.06,-8.21,label box,0.4697,0.7998,0.0167,0.0148,,
ROb,raphe obscurus nucleus,50,0,-9.35,-0.04,0.04,-7.69,label box,0.4706,0.7577,0.0153,0.0119,,
RPa,raphe pallidus nucleus,50,0,-9.35,-0.09,0.09,-8.5,leader tip,0.4684,0.8503,0.0142,0.0114,0.4679,0.8231
Sol,nucleus of the solitary tract,50,0,-9.35,1.46,1.46,-6.08,label box,0.5485,0.6279,0.0109,0.0119,,
Sp5I,"spinal trigeminal nucleus, interpolar part",50,0,-9.35,-2.19,2.19,-6.89,label box,0.359,0.6932,0.016,0.0148,,
Sp5I,"spinal trigeminal nucleus, interpolar part",50,1,-9.35,2.27,2.27,-6.92,label box,0.5901,0.6955,0.016,0.0148,,
Sp5O,"spinal trigeminal nucleus, oral part",50,0,-9.35,-1.91,1.91,-6.16,leader tip,0.3674,0.6594,0.0196,0.0119,0.3735,0.6339
Sp5O,"spinal trigeminal nucleus, oral part",50,1,-9.35,2.05,2.05,-6.48,label box,0.579,0.6597,0.0193,0.0148,,
SpVe,spinal vestibular nucleus,50,0,-9.35,-1.49,1.49,-5.5,label box,0.3957,0.5807,0.0182,0.0148,,
SpVe,spinal vestibular nucleus,50,1,-9.35,1.58,1.58,-5.51,label box,0.5547,0.5813,0.0178,0.0148,,
X,nucleus X,50,0,-9.35,-1.92,1.92,-5.7,label box,0.373,0.5972,0.0047,0.0114,,
X,nucleus X,50,1,-9.35,2.05,2.05,-5.74,label box,0.5787,0.6003,0.0047,0.0119,,
cbw,cerebellar white matter,50,0,-9.35,-1.36,1.36,-2.36,label box,0.4023,0.327,0.0145,0.0119,,
cbw,cerebellar white matter,50,1,-9.35,1.22,1.22,-2.4,label box,0.5358,0.3298,0.0149,0.0119,,
cbw,cerebellar white matter,50,2,-9.35,2.88,2.88,-3.66,label box,0.6219,0.4321,0.0149,0.0119,,
cbw,cerebellar white matter,50,3,-9.35,-2.83,2.83,-3.7,label box,0.3259,0.4355,0.0145,0.0119,,
cbw,cerebellar white matter,50,4,-9.35,0,0,-1.99,label box,0.4726,0.2972,0.0152,0.0119,,
cbw,cerebellar white matter,50,5,-9.35,0.03,0.03,-3.91,label box,0.4741,0.4521,0.0152,0.0125,,
chp,choroid plexus,50,0,-9.35,-1.29,1.29,-4.82,label box,0.4057,0.5259,0.0127,0.0142,,
chp,choroid plexus,50,1,-9.35,1.43,1.43,-4.84,label box,0.5469,0.527,0.0131,0.0142,,
chp,choroid plexus,50,2,-9.35,-3.44,3.44,-5.38,label box,0.2943,0.5713,0.0124,0.0142,,
das,dorsal acoustic stria,50,0,-9.35,-1.89,1.89,-5.19,label box,0.375,0.5554,0.0124,0.0119,,
das,dorsal acoustic stria,50,1,-9.35,1.75,1.75,-5.22,label box,0.5632,0.558,0.0124,0.0114,,
icf,intercrural fissure,50,0,-9.35,-3.23,3.23,-3.05,label box,0.3056,0.383,0.008,0.0159,,
icf,intercrural fissure,50,1,-9.35,3.21,3.21,-2.8,label box,0.6391,0.3629,0.0084,0.0159,,
icp,inferior cerebellar peduncle (restiform body),50,0,-9.35,2.45,2.45,-5.78,label box,0.5999,0.6034,0.0102,0.0136,,
icp,inferior cerebellar peduncle (restiform body),50,1,-9.35,-2.31,2.31,-5.76,label box,0.3532,0.6018,0.0102,0.0142,,
ml,medial lemniscus,50,0,-9.35,-0.39,0.39,-8.46,label box,0.4523,0.8197,0.008,0.0114,,
ml,medial lemniscus,50,1,-9.35,0.21,0.21,-8.46,label box,0.4835,0.8199,0.008,0.0119,,
mlf,medial longitudinal fasciculus,50,0,-9.35,0.03,0.03,-6.28,label box,0.4742,0.6435,0.0113,0.0114,,
oc,olivocerebellar tract,50,0,-9.35,-2.72,2.72,-6.81,label box,0.3316,0.6869,0.0084,0.0091,,
oc,olivocerebellar tract,50,1,-9.35,2.89,2.89,-6.85,label box,0.6226,0.6898,0.0084,0.0091,,
pfs,parafloccular sulcus,50,0,-9.35,-2.98,2.98,-4.36,label box,0.3183,0.4889,0.0102,0.0142,,
pfs,parafloccular sulcus,50,1,-9.35,3.32,3.32,-4.49,label box,0.6446,0.4994,0.0102,0.0136,,
plf,posterolateral fissure,50,0,-9.35,0.05,0.05,-4.56,leader tip,0.4548,0.4943,0.0084,0.017,0.4755,0.5044
pms,paramedian sulcus,50,0,-9.35,1.32,1.32,-1.29,label box,0.5411,0.2409,0.0153,0.0114,,
pms,paramedian sulcus,50,1,-9.35,-1.24,1.24,-1.34,label box,0.4084,0.2443,0.0153,0.0114,,
prf,primary fissure,50,0,-9.35,-0.33,0.33,-3.29,label box,0.4557,0.4021,0.0098,0.0182,,
py,pyramidal tract,50,0,-9.35,0.39,0.39,-8.66,label box,0.4927,0.8361,0.008,0.0119,,
py,pyramidal tract,50,1,-9.35,-0.53,0.53,-8.65,label box,0.4451,0.8352,0.008,0.0114,,
rs,rubrospinal tract,50,0,-9.35,-2.23,2.23,-7.5,label box,0.3574,0.742,0.0062,0.0091,,
rs,rubrospinal tract,50,1,-9.35,2.21,2.21,-7.46,label box,0.587,0.7389,0.0105,0.0131,,
sp5,spinal trigeminal tract,50,0,-9.35,1.99,1.99,-6.25,label box,0.5759,0.6412,0.0138,0.0142,,
sp5,spinal trigeminal tract,50,1,-9.35,2.44,2.44,-6.29,label box,0.5994,0.6446,0.0127,0.0142,,
sp5,spinal trigeminal tract,50,2,-9.35,-2.35,2.35,-6.31,label box,0.351,0.6458,0.0131,0.0148,,
ts,tectospinal tract,50,0,-9.35,-0.29,0.29,-6.82,label box,0.4577,0.6872,0.0062,0.0108,,
ts,tectospinal tract,50,1,-9.35,0.31,0.31,-6.83,label box,0.4887,0.6884,0.0065,0.0108,,
vsc,ventral spinocerebellar tract,50,0,-9.35,2.06,2.06,-7.87,label box,0.5797,0.7725,0.0123,0.0091,,
vsc,ventral spinocerebellar tract,50,1,-9.35,-1.96,1.96,-7.94,label box,0.371,0.7782,0.0123,0.0091,,
10Cb,10th cerebellar lobule (nodule),51,0,-9.7,0.12,0.12,-4.41,label box,0.4787,0.4926,0.0185,0.0125,,
12N,hypoglossal nucleus,51,0,-9.7,-0.12,0.12,-6.07,label box,0.4664,0.6264,0.0142,0.0119,,
12N,hypoglossal nucleus,51,1,-9.7,0.33,0.33,-6.07,label box,0.4897,0.6268,0.0138,0.0119,,
4V,4th ventricle,51,0,-9.7,0.09,0.09,-5.81,label box,0.4775,0.606,0.0098,0.0114,,
5Sol,trigeminal-solitary transition zone,51,0,-9.7,1.52,1.52,-6.36,label box,0.5514,0.6498,0.016,0.0125,,
6Cb,6th cerebellar lobule,51,0,-9.7,0.04,0.04,-1.69,label box,0.4747,0.2727,0.0142,0.0125,,
7Cb,7th cerebellar lobule,51,0,-9.7,0.02,0.02,-2.08,label box,0.474,0.304,0.0142,0.0125,,
7L,"facial nucleus, lateral subnucleus",51,0,-9.7,-1.78,1.78,-7.53,label box,0.3804,0.7444,0.0087,0.0119,,
7L,"facial nucleus, lateral subnucleus",51,1,-9.7,1.98,1.98,-7.51,label box,0.5754,0.7427,0.0087,0.0119,,
8Cb,8th cerebellar lobule,51,0,-9.7,0.09,0.09,-2.92,label box,0.4775,0.3719,0.0145,0.0119,,
9Cb,9th cerebellar lobule,51,0,-9.7,0.1,0.1,-3.78,label box,0.478,0.4418,0.0142,0.0119,,
Cop,copula of the pyramis,51,0,-9.7,-2.61,2.61,-4.42,label box,0.3376,0.4935,0.0138,0.0142,,
Cop,copula of the pyramis,51,1,-9.7,2.78,2.78,-4.43,label box,0.6166,0.494,0.0138,0.0142,,
Crus1,crus 1 of the ansiform lobule,51,0,-9.7,-3.02,3.02,-1.81,label box,0.3163,0.2824,0.02,0.0125,,
Crus1,crus 1 of the ansiform lobule,51,1,-9.7,2.91,2.91,-1.77,label box,0.6237,0.2795,0.02,0.0114,,
Crus2,crus 2 of the ansiform lobule,51,0,-9.7,3.64,3.64,-2.35,label box,0.6615,0.3264,0.0214,0.0119,,
Crus2,crus 2 of the ansiform lobule,51,1,-9.7,-2.89,2.89,-2.78,label box,0.3229,0.3611,0.0214,0.0119,,
Crus2,crus 2 of the ansiform lobule,51,2,-9.7,3.13,3.13,-2.79,label box,0.6348,0.3619,0.0218,0.0125,,
DMSp5,dorsomedial spinal trigeminal nucleus,51,0,-9.7,1.9,1.9,-6.24,label box,0.571,0.6401,0.0265,0.0142,,
DPGi,dorsal paragigantocellular nucleus,51,0,-9.7,-0.34,0.34,-6.34,label box,0.4549,0.6486,0.0174,0.0119,,
DPGi,dorsal paragigantocellular nucleus,51,1,-9.7,0.47,0.47,-6.33,label box,0.4971,0.648,0.0174,0.0119,,
Gi,gigantocellular reticular nucleus,51,0,-9.7,-0.4,0.4,-7.1,label box,0.452,0.7099,0.0065,0.0119,,
Gi,gigantocellular reticular nucleus,51,1,-9.7,0.51,0.51,-7.09,label box,0.4993,0.7088,0.0065,0.0119,,
GiA,"gigantocellular reticular nucleus, alpha part",51,0,-9.7,-0.26,0.26,-7.92,label box,0.4595,0.7764,0.012,0.0119,,
GiA,"gigantocellular reticular nucleus, alpha part",51,1,-9.7,0.29,0.29,-7.92,label box,0.4875,0.7759,0.0123,0.0125,,
GiV,"gigantocellular reticular nucleus, ventral part",51,0,-9.7,-0.65,0.65,-7.91,label box,0.4388,0.7753,0.012,0.0119,,
GiV,"gigantocellular reticular nucleus, ventral part",51,1,-9.7,0.72,0.72,-7.91,label box,0.5102,0.7753,0.0124,0.0119,,
IRt,intermediate reticular nucleus,51,0,-9.7,-1.01,1.01,-6.72,label box,0.4204,0.6795,0.0094,0.0114,,
IRt,intermediate reticular nucleus,51,1,-9.7,1.24,1.24,-6.78,label box,0.5371,0.6844,0.0094,0.0119,,
LPGi,lateral paragigantocellular nucleus,51,0,-9.7,1.26,1.26,-8.06,label box,0.538,0.7878,0.0164,0.0119,,
LPGi,lateral paragigantocellular nucleus,51,1,-9.7,-1.15,1.15,-8.11,label box,0.4129,0.7915,0.0163,0.0119,,
LR4V,lateral recess of the 4th ventricle,51,0,-9.7,2.64,2.64,-5.28,label box,0.6097,0.5625,0.0196,0.0114,,
Li,linear nucleus of the medulla,51,0,-9.7,-1.05,1.05,-7.05,label box,0.4181,0.7057,0.0055,0.0114,,
Li,linear nucleus of the medulla,51,1,-9.7,1.13,1.13,-7.14,label box,0.5311,0.7131,0.0055,0.0114,,
Li,linear nucleus of the medulla,51,2,-9.7,1.8,1.8,-6.9,label box,0.5661,0.6935,0.0054,0.0114,,
MVeMC,"medial vestibular nucleus, magnocellular part",51,0,-9.7,0.94,0.94,-5.64,label box,0.5213,0.5918,0.0273,0.0119,,
MVeMC,"medial vestibular nucleus, magnocellular part",51,1,-9.7,-0.74,0.74,-5.62,label box,0.4343,0.5907,0.0272,0.0125,,
MVePC,"medial vestibular nucleus, parvicellular part",51,0,-9.7,-0.39,0.39,-5.43,label box,0.4526,0.5753,0.0251,0.0119,,
Mx,matrix region of the medulla,51,0,-9.7,-1.71,1.71,-5.92,label box,0.3841,0.6142,0.0102,0.0114,,
Mx,matrix region of the medulla,51,1,-9.7,1.88,1.88,-5.98,label box,0.5699,0.6193,0.0105,0.0114,,
P7,perifacial zone,51,0,-9.7,1.74,1.74,-7.5,label box,0.5628,0.7421,0.0091,0.0119,,
PCRt,parvicellular reticular nucleus,51,0,-9.7,-1.55,1.55,-6.63,label box,0.3924,0.6716,0.0182,0.0114,,
PCRt,parvicellular reticular nucleus,51,1,-9.7,1.65,1.65,-6.66,label box,0.5583,0.6741,0.0178,0.0119,,
PM,paramedian lobule,51,0,-9.7,-3.13,3.13,-3.62,label box,0.3107,0.429,0.0109,0.0114,,
PM,paramedian lobule,51,1,-9.7,3.5,3.5,-3.74,label box,0.6543,0.4386,0.0113,0.0114,,
Pr,prepositus nucleus,51,0,-9.7,-0.21,0.21,-5.88,label box,0.4618,0.6114,0.0116,0.025,,
RMg,raphe magnus nucleus,51,0,-9.7,-0.01,0.01,-8.08,label box,0.4723,0.7895,0.0167,0.0148,,
ROb,raphe obscurus nucleus,51,0,-9.7,0.06,0.06,-7.55,label box,0.4757,0.746,0.0153,0.0125,,
RPa,raphe pallidus nucleus,51,0,-9.7,-0.04,0.04,-8.44,leader tip,0.4711,0.8449,0.0142,0.0114,0.4708,0.818
Sp5I,"spinal trigeminal nucleus, interpolar part",51,0,-9.7,-2.25,2.25,-6.75,label box,0.3559,0.6813,0.0156,0.0148,,
Sp5I,"spinal trigeminal nucleus, interpolar part",51,1,-9.7,2.35,2.35,-6.77,label box,0.5947,0.683,0.0156,0.0148,,
Sp5O,"spinal trigeminal nucleus, oral part",51,0,-9.7,2.05,2.05,-6.45,label box,0.5792,0.6574,0.0196,0.0148,,
Sp5O,"spinal trigeminal nucleus, oral part",51,1,-9.7,-1.9,1.9,-6.14,leader tip,0.369,0.6538,0.0192,0.0148,0.3745,0.6322
SpVe,spinal vestibular nucleus,51,0,-9.7,-1.38,1.38,-5.46,label box,0.401,0.5773,0.0178,0.0148,,
SpVe,spinal vestibular nucleus,51,1,-9.7,1.6,1.6,-5.5,label box,0.5554,0.581,0.0178,0.0142,,
X,nucleus X,51,0,-9.7,-1.86,1.86,-5.61,label box,0.3761,0.5892,0.0044,0.0114,,
X,nucleus X,51,1,-9.7,2.09,2.09,-5.7,label box,0.5808,0.5967,0.0051,0.0119,,
cbw,cerebellar white matter,51,0,-9.7,-1.95,1.95,-3.08,label box,0.3715,0.3852,0.0149,0.0114,,
cbw,cerebellar white matter,51,1,-9.7,2.54,2.54,-3.08,label box,0.6041,0.3849,0.0149,0.0119,,
cbw,cerebellar white matter,51,2,-9.7,-0.37,0.37,-4.39,label box,0.4535,0.4912,0.0145,0.0119,,
chp,choroid plexus,51,0,-9.7,-1.81,1.81,-4.84,label box,0.379,0.527,0.0131,0.0142,,
chp,choroid plexus,51,1,-9.7,2,2,-5.02,label box,0.5765,0.5418,0.0127,0.0142,,
chp,choroid plexus,51,2,-9.7,-2.89,2.89,-5.32,label box,0.3229,0.5662,0.0127,0.0142,,
chp,choroid plexus,51,3,-9.7,3.31,3.31,-5.51,label box,0.6444,0.5818,0.0127,0.0148,,
chp,choroid plexus,51,4,-9.7,0.13,0.13,-5.37,label box,0.4795,0.57,0.0131,0.0142,,
icf,intercrural fissure,51,0,-9.7,-2.25,2.25,-1.71,label box,0.3559,0.2741,0.0084,0.0153,,
icf,intercrural fissure,51,1,-9.7,2.35,2.35,-1.89,label box,0.5943,0.2892,0.0084,0.0114,,
icp,inferior cerebellar peduncle (restiform body),51,0,-9.7,-2.22,2.22,-5.79,label box,0.3579,0.6043,0.0102,0.0142,,
icp,inferior cerebellar peduncle (restiform body),51,1,-9.7,2.48,2.48,-5.86,label box,0.6014,0.6099,0.0102,0.0142,,
ml,medial lemniscus,51,0,-9.7,-0.38,0.38,-8.35,label box,0.4529,0.8108,0.0084,0.0114,,
ml,medial lemniscus,51,1,-9.7,0.26,0.26,-8.34,label box,0.4862,0.8102,0.008,0.0114,,
mlf,medial longitudinal fasciculus,51,0,-9.7,0.07,0.07,-6.21,label box,0.4764,0.6384,0.0113,0.0114,,
oc,olivocerebellar tract,51,0,-9.7,-2.81,2.81,-6.7,label box,0.3272,0.6773,0.0084,0.0091,,
oc,olivocerebellar tract,51,1,-9.7,2.91,2.91,-6.77,label box,0.6235,0.683,0.008,0.0091,,
plf,posterolateral fissure,51,0,-9.7,-0.7,0.7,-3.99,label box,0.4363,0.4589,0.0087,0.0148,,
pms,paramedian sulcus,51,0,-9.7,1.32,1.32,-1.29,label box,0.5411,0.2409,0.0153,0.0114,,
pms,paramedian sulcus,51,1,-9.7,-1.28,1.28,-1.34,label box,0.4066,0.2446,0.0153,0.0119,,
ppf,prepyramidal fissure,51,0,-9.7,-3.22,3.22,-4.31,label box,0.3058,0.4842,0.0113,0.0142,,
ppf,prepyramidal fissure,51,1,-9.7,3.61,3.61,-4.32,label box,0.6598,0.4856,0.0113,0.0148,,
py,pyramidal tract,51,0,-9.7,-0.42,0.42,-8.57,label box,0.4509,0.8284,0.008,0.0114,,
py,pyramidal tract,51,1,-9.7,0.36,0.36,-8.56,label box,0.4915,0.8281,0.0084,0.0119,,
rs,rubrospinal tract,51,0,-9.7,2.21,2.21,-7.4,label box,0.5872,0.7339,0.0062,0.0091,,
rs,rubrospinal tract,51,1,-9.7,-2.23,2.23,-7.44,label box,0.3573,0.7378,0.0062,0.0091,,
sol,solitary tract,51,0,-9.7,1.15,1.15,-6.02,label box,0.5323,0.623,0.0109,0.0119,,
sol,solitary tract,51,1,-9.7,1.37,1.37,-5.92,label box,0.5438,0.6148,0.0098,0.0114,,
sol,solitary tract,51,2,-9.7,-1.24,1.24,-5.87,label box,0.4085,0.6109,0.0098,0.0119,,
sp5,spinal trigeminal tract,51,0,-9.7,2.57,2.57,-6.34,label box,0.606,0.6484,0.0127,0.0142,,
sp5,spinal trigeminal tract,51,1,-9.7,-2.48,2.48,-6.34,label box,0.3443,0.6489,0.0127,0.0142,,
ts,tectospinal tract,51,0,-9.7,-0.04,0.04,-6.9,label box,0.4704,0.6935,0.0062,0.0108,,
ts,tectospinal tract,51,1,-9.7,0.13,0.13,-6.9,label box,0.4797,0.6935,0.0065,0.0108,,
vsc,ventral spinocerebellar tract,51,0,-9.7,-1.82,1.82,-7.99,label box,0.3785,0.7815,0.012,0.0085,,
vsc,ventral spinocerebellar tract,51,1,-9.7,1.68,1.68,-7.99,label box,0.5599,0.7819,0.012,0.0085,,
10Cb,10th cerebellar lobule (nodule),52,0,-10.05,-0.01,0.01,-4.55,label box,0.4724,0.5043,0.0189,0.0119,,
10n,vagus nerve,52,0,-10.05,-0.78,0.78,-5.96,label box,0.4322,0.6176,0.0142,0.0205,,
10n,vagus nerve,52,1,-10.05,-1.56,1.56,-6.67,label box,0.3921,0.6756,0.0131,0.0114,,
10n,vagus nerve,52,2,-10.05,1.69,1.69,-6.64,label box,0.5603,0.673,0.0131,0.0119,,
12N,hypoglossal nucleus,52,0,-10.05,-0.28,0.28,-6.1,label box,0.4583,0.6288,0.0142,0.0114,,
12N,hypoglossal nucleus,52,1,-10.05,0.16,0.16,-6.11,label box,0.4808,0.6302,0.0142,0.0119,,
4V,4th ventricle,52,0,-10.05,-0.05,0.05,-5.75,label box,0.4703,0.6009,0.0098,0.0114,,
5Sol,trigeminal-solitary transition zone,52,0,-10.05,1.44,1.44,-6.04,label box,0.5474,0.6247,0.0156,0.0119,,
5Sol,trigeminal-solitary transition zone,52,1,-10.05,-1.39,1.39,-6.13,label box,0.4005,0.6313,0.0156,0.0119,,
6Cb,6th cerebellar lobule,52,0,-10.05,-0.07,0.07,-1.52,label box,0.4689,0.2588,0.0142,0.0119,,
7Cb,7th cerebellar lobule,52,0,-10.05,-0.01,0.01,-2.45,label box,0.4723,0.3339,0.0145,0.0125,,
8Cb,8th cerebellar lobule,52,0,-10.05,-0.04,0.04,-3.2,label box,0.4704,0.3946,0.0142,0.0199,,
9aCb,"9th cerebellar lobule, a",52,0,-10.05,0.01,0.01,-3.75,label box,0.4732,0.439,0.0258,0.0125,,
9bCb,"9th cerebellar lobule, b",52,0,-10.05,0.01,0.01,-3.75,label box,0.4732,0.439,0.0258,0.0125,,
9cCb,"9th cerebellar lobule, c",52,0,-10.05,0,0,-4.08,label box,0.4727,0.4659,0.0189,0.0125,,
AmbC,"ambiguus nucleus, compact part",52,0,-10.05,-1.64,1.64,-7.84,leader tip,0.3875,0.7349,0.0222,0.0119,0.388,0.7697
AmbC,"ambiguus nucleus, compact part",52,1,-10.05,1.63,1.63,-7.34,label box,0.557,0.7293,0.0218,0.0119,,
Bo,Bötzinger complex,52,0,-10.05,1.71,1.71,-7.56,label box,0.5612,0.7475,0.0087,0.0114,,
Bo,Bötzinger complex,52,1,-10.05,-1.71,1.71,-7.62,label box,0.384,0.752,0.0087,0.0114,,
Cop,copula of the pyramis,52,0,-10.05,-2.14,2.14,-4.41,label box,0.3617,0.4929,0.0193,0.0244,,
Cop,copula of the pyramis,52,1,-10.05,2.03,2.03,-4.46,label box,0.5778,0.4966,0.0138,0.0148,,
Crus1,crus 1 of the ansiform lobule,52,0,-10.05,2.77,2.77,-1.82,label box,0.6165,0.2832,0.02,0.0119,,
Crus1,crus 1 of the ansiform lobule,52,1,-10.05,-2.96,2.96,-1.9,label box,0.3194,0.2901,0.0203,0.0119,,
Crus2,crus 2 of the ansiform lobule,52,0,-10.05,-2.13,2.13,-2.56,label box,0.3621,0.3435,0.0214,0.0119,,
Crus2,crus 2 of the ansiform lobule,52,1,-10.05,2.19,2.19,-2.48,label box,0.5863,0.3364,0.0214,0.0125,,
Crus2,crus 2 of the ansiform lobule,52,2,-10.05,3.64,3.64,-2.89,label box,0.6612,0.3696,0.0214,0.0119,,
Crus2,crus 2 of the ansiform lobule,52,3,-10.05,-3.23,3.23,-3.18,label box,0.3052,0.3935,0.0218,0.0119,,
Cu,cuneate nucleus,52,0,-10.05,1.85,1.85,-5.58,label box,0.5687,0.5873,0.0091,0.0125,,
Cu,cuneate nucleus,52,1,-10.05,-1.9,1.9,-5.66,label box,0.3744,0.5932,0.0091,0.0119,,
DMSp5,dorsomedial spinal trigeminal nucleus,52,0,-10.05,-1.72,1.72,-6.31,label box,0.3835,0.646,0.0265,0.0148,,
DMSp5,dorsomedial spinal trigeminal nucleus,52,1,-10.05,1.85,1.85,-6.23,label box,0.5685,0.6398,0.0265,0.0148,,
ECu,external cuneate nucleus,52,0,-10.05,1.92,1.92,-5.36,label box,0.5721,0.569,0.0134,0.0119,,
FVe,F cell group of the vestibular complex,52,0,-10.05,1.56,1.56,-5.28,label box,0.5538,0.5631,0.0124,0.0114,,
FVe,F cell group of the vestibular complex,52,1,-10.05,-1.52,1.52,-5.35,label box,0.3942,0.5688,0.0123,0.0119,,
Gi,gigantocellular reticular nucleus,52,0,-10.05,-0.54,0.54,-7.23,label box,0.4448,0.7207,0.0065,0.0119,,
Gi,gigantocellular reticular nucleus,52,1,-10.05,0.47,0.47,-7.21,label box,0.4973,0.719,0.0069,0.0119,,
GiV,"gigantocellular reticular nucleus, ventral part",52,0,-10.05,-0.48,0.48,-7.8,label box,0.4477,0.7668,0.0124,0.0119,,
GiV,"gigantocellular reticular nucleus, ventral part",52,1,-10.05,0.45,0.45,-7.8,label box,0.4958,0.7662,0.012,0.0119,,
IOD,"inferior olive, dorsal nucleus",52,0,-10.05,0.84,0.84,-8.28,label box,0.5164,0.8052,0.0127,0.0119,,
IOD,"inferior olive, dorsal nucleus",52,1,-10.05,-0.81,0.81,-8.3,label box,0.431,0.8069,0.0127,0.0119,,
IODM,"inferior olive, dorsomedial cell group",52,0,-10.05,0.19,0.19,-8.18,label box,0.4826,0.7974,0.0196,0.0119,,
IODM,"inferior olive, dorsomedial cell group",52,1,-10.05,-0.25,0.25,-8.17,label box,0.4599,0.7966,0.0196,0.0119,,
IOM,"inferior olive, medial nucleus",52,0,-10.05,-0.2,0.2,-8.44,label box,0.4624,0.8179,0.0134,0.0119,,
IOPr,"inferior olive, principal nucleus",52,0,-10.05,0.72,0.72,-8.43,label box,0.51,0.8177,0.0152,0.0119,,
IOPr,"inferior olive, principal nucleus",52,1,-10.05,-0.71,0.71,-8.48,label box,0.4359,0.8214,0.0152,0.0125,,
IRt,intermediate reticular nucleus,52,0,-10.05,-0.92,0.92,-6.64,label box,0.4253,0.673,0.0091,0.0119,,
IRt,intermediate reticular nucleus,52,1,-10.05,0.98,0.98,-6.69,label box,0.5236,0.677,0.0094,0.0119,,
LPGi,lateral paragigantocellular nucleus,52,0,-10.05,-0.93,0.93,-8.01,label box,0.4246,0.7838,0.0164,0.0119,,
LPGi,lateral paragigantocellular nucleus,52,1,-10.05,1.25,1.25,-8,label box,0.5376,0.7827,0.0164,0.0119,,
Li,linear nucleus of the medulla,52,0,-10.05,1.77,1.77,-6.96,label box,0.5647,0.6983,0.0051,0.0114,,
Li,linear nucleus of the medulla,52,1,-10.05,-1.62,1.62,-7.03,label box,0.3886,0.704,0.0055,0.0114,,
Li,linear nucleus of the medulla,52,2,-10.05,-1.1,1.1,-7.02,label box,0.4159,0.7031,0.0055,0.0108,,
Li,linear nucleus of the medulla,52,3,-10.05,1.03,1.03,-7.02,label box,0.5262,0.7032,0.0054,0.0114,,
MVeMC,"medial vestibular nucleus, magnocellular part",52,0,-10.05,0.7,0.7,-6,leader tip,0.5158,0.5881,0.0276,0.0119,0.509,0.6207
MVePC,"medial vestibular nucleus, parvicellular part",52,0,-10.05,-0.61,0.61,-5.43,label box,0.441,0.5751,0.0254,0.0119,,
MVePC,"medial vestibular nucleus, parvicellular part",52,1,-10.05,0.51,0.51,-5.43,label box,0.4989,0.5751,0.0258,0.0119,,
Mx,matrix region of the medulla,52,0,-10.05,-1.65,1.65,-5.87,label box,0.387,0.6102,0.0102,0.0114,,
Mx,matrix region of the medulla,52,1,-10.05,1.66,1.66,-5.79,label box,0.5585,0.6038,0.0105,0.0114,,
PCRt,parvicellular reticular nucleus,52,0,-10.05,1.4,1.4,-6.47,label box,0.5454,0.6594,0.0182,0.0119,,
PCRt,parvicellular reticular nucleus,52,1,-10.05,-1.24,1.24,-6.45,label box,0.4083,0.6572,0.0182,0.0125,,
PM,paramedian lobule,52,0,-10.05,3.11,3.11,-3.8,label box,0.6341,0.4432,0.0109,0.0114,,
PM,paramedian lobule,52,1,-10.05,-2.82,2.82,-3.92,label box,0.3267,0.4534,0.0109,0.0114,,
Pr,prepositus nucleus,52,0,-10.05,0.26,0.26,-5.94,label box,0.4862,0.6159,0.0073,0.0114,,
Pr,prepositus nucleus,52,1,-10.05,-0.37,0.37,-5.92,label box,0.4536,0.6148,0.0076,0.0119,,
ROb,raphe obscurus nucleus,52,0,-10.05,-0.02,0.02,-7.56,label box,0.4717,0.7472,0.0138,0.0114,,
RPa,raphe pallidus nucleus,52,0,-10.05,-0.04,0.04,-8.76,label box,0.4708,0.8444,0.0145,0.0119,,
Ro,nucleus of Roller,52,0,-10.05,-0.37,0.37,-6.27,label box,0.4537,0.6432,0.0091,0.0114,,
Ro,nucleus of Roller,52,1,-10.05,0.27,0.27,-6.3,label box,0.4866,0.6452,0.0094,0.0119,,
Sp5I,"spinal trigeminal nucleus, interpolar part",52,0,-10.05,-2.15,2.15,-6.61,label box,0.3614,0.6707,0.0156,0.0142,,
Sp5I,"spinal trigeminal nucleus, interpolar part",52,1,-10.05,2.27,2.27,-6.51,label box,0.5906,0.6623,0.016,0.0148,,
SpVe,spinal vestibular nucleus,52,0,-10.05,1.37,1.37,-5.49,label box,0.5438,0.5795,0.0178,0.0148,,
SpVe,spinal vestibular nucleus,52,1,-10.05,-1.39,1.39,-5.53,label box,0.4007,0.583,0.0182,0.0142,,
apmf,ansoparamedian fissure,52,0,-10.05,3.14,3.14,-3.1,label box,0.6353,0.387,0.0182,0.0153,,
apmf,ansoparamedian fissure,52,1,-10.05,-2.8,2.8,-3.32,label box,0.3277,0.4043,0.0182,0.0148,,
cbw,cerebellar white matter,52,0,-10.05,-1.93,1.93,-3.23,label box,0.3726,0.3969,0.0149,0.0119,,
cbw,cerebellar white matter,52,1,-10.05,2.05,2.05,-3.2,label box,0.579,0.3949,0.0149,0.0114,,
cbw,cerebellar white matter,52,2,-10.05,1.11,1.11,-3.84,label box,0.5303,0.4463,0.0149,0.0119,,
cbw,cerebellar white matter,52,3,-10.05,-0.49,0.49,-4.54,label box,0.4471,0.5031,0.0149,0.0119,,
cbw,cerebellar white matter,52,4,-10.05,1.88,1.88,-4.58,label box,0.5699,0.5062,0.0149,0.0114,,
cbw,cerebellar white matter,52,5,-10.05,-0.47,0.47,-1.61,label box,0.4485,0.2666,0.0149,0.0119,,
cbw,cerebellar white matter,52,6,-10.05,-1.05,1.05,-2.54,label box,0.4182,0.3416,0.0152,0.0119,,
cbw,cerebellar white matter,52,7,-10.05,1.28,1.28,-2.56,label box,0.5392,0.3433,0.0149,0.0119,,
cbw,cerebellar white matter,52,8,-10.05,-0.5,0.5,-3.21,label box,0.447,0.3958,0.0149,0.0125,,
cbw,cerebellar white matter,52,9,-10.05,-1.1,1.1,-3.8,label box,0.4158,0.4433,0.0149,0.0119,,
cbw,cerebellar white matter,52,10,-10.05,-1.64,1.64,-4.36,label box,0.388,0.4887,0.0152,0.0119,,
chp,choroid plexus,52,0,-10.05,-1.95,1.95,-4.81,label box,0.3717,0.5253,0.0131,0.0142,,
chp,choroid plexus,52,1,-10.05,2.98,2.98,-5.32,label box,0.6272,0.5665,0.0131,0.0136,,
chp,choroid plexus,52,2,-10.05,-2.64,2.64,-5.5,label box,0.3358,0.581,0.0131,0.0142,,
chp,choroid plexus,52,3,-10.05,-0.07,0.07,-5.39,label box,0.4693,0.5719,0.0131,0.0148,,
dsc,dorsal spinocerebellar tract,52,0,-10.05,-2.81,2.81,-7.12,label box,0.327,0.7114,0.0123,0.0119,,
dsc,dorsal spinocerebellar tract,52,1,-10.05,2.71,2.71,-7.25,label box,0.6133,0.7222,0.0127,0.0119,,
icf,intercrural fissure,52,0,-10.05,-1.79,1.79,-2.01,label box,0.3798,0.2989,0.0084,0.0165,,
icp,inferior cerebellar peduncle (restiform body),52,0,-10.05,-2.12,2.12,-5.76,label box,0.363,0.6017,0.0102,0.0114,,
icp,inferior cerebellar peduncle (restiform body),52,1,-10.05,2.32,2.32,-5.69,label box,0.5932,0.5957,0.0098,0.0142,,
ml,medial lemniscus,52,0,-10.05,0.17,0.17,-8.55,label box,0.4813,0.8273,0.012,0.0261,,
mlf,medial longitudinal fasciculus,52,0,-10.05,-0.04,0.04,-6.29,label box,0.4706,0.6449,0.0109,0.0114,,
oc,olivocerebellar tract,52,0,-10.05,2.98,2.98,-7.27,label box,0.6273,0.7236,0.008,0.0091,,
plf,posterolateral fissure,52,0,-10.05,-0.87,0.87,-4.14,label box,0.4279,0.4705,0.0084,0.0148,,
pms,paramedian sulcus,52,0,-10.05,-1.35,1.35,-1.41,label box,0.403,0.2506,0.0153,0.0114,,
pms,paramedian sulcus,52,1,-10.05,1.15,1.15,-1.37,label box,0.5322,0.2472,0.0149,0.0114,,
ppf,prepyramidal fissure,52,0,-10.05,-0.83,0.83,-2.91,label box,0.4296,0.3714,0.0113,0.0148,,
ppf,prepyramidal fissure,52,1,-10.05,-2.9,2.9,-4.55,label box,0.3227,0.5038,0.0109,0.0148,,
ppf,prepyramidal fissure,52,2,-10.05,3.09,3.09,-4.58,label box,0.6329,0.5063,0.0113,0.0142,,
psf,posterior superior fissure,52,0,-10.05,-0.69,0.69,-2.04,label box,0.4371,0.3009,0.0109,0.0153,,
py,pyramidal tract,52,0,-10.05,0.45,0.45,-8.66,label box,0.496,0.8358,0.008,0.0114,,
py,pyramidal tract,52,1,-10.05,-0.45,0.45,-8.69,label box,0.4492,0.8387,0.0084,0.0119,,
rs,rubrospinal tract,52,0,-10.05,2.23,2.23,-7.4,label box,0.5883,0.7344,0.0062,0.0091,,
rs,rubrospinal tract,52,1,-10.05,-2.11,2.11,-7.51,label box,0.3635,0.7427,0.0062,0.0097,,
sol,solitary tract,52,0,-10.05,-1.06,1.06,-5.93,label box,0.4179,0.6156,0.0109,0.0119,,
sol,solitary tract,52,1,-10.05,1.07,1.07,-5.98,leader tip,0.5313,0.5998,0.0098,0.0114,0.5282,0.6191
sol,solitary tract,52,2,-10.05,-1.25,1.25,-5.76,label box,0.4082,0.6018,0.0098,0.0119,,
sp5,spinal trigeminal tract,52,0,-10.05,-2.46,2.46,-6.36,label box,0.3454,0.6503,0.0127,0.0142,,
sp5,spinal trigeminal tract,52,1,-10.05,2.57,2.57,-6.27,label box,0.6059,0.643,0.0131,0.0148,,
ts,tectospinal tract,52,0,-10.05,-0.13,0.13,-6.78,label box,0.4658,0.6844,0.0058,0.0108,,
ts,tectospinal tract,52,1,-10.05,0.05,0.05,-6.78,label box,0.4755,0.6844,0.0062,0.0108,,
vsc,ventral spinocerebellar tract,52,0,-10.05,-1.85,1.85,-7.94,label box,0.377,0.7778,0.012,0.0091,,
vsc,ventral spinocerebellar tract,52,1,-10.05,1.78,1.78,-7.99,label box,0.5649,0.7818,0.012,0.0091,,
10Cb,10th cerebellar lobule (nodule),53,0,-10.4,0.04,0.04,-4.95,label box,0.4749,0.5364,0.0189,0.0125,,
10N,dorsal motor nucleus of vagus,53,0,-10.4,-0.53,0.53,-5.91,label box,0.4452,0.6137,0.0142,0.0119,,
12N,hypoglossal nucleus,53,0,-10.4,-0.16,0.16,-6.16,label box,0.4644,0.6336,0.0142,0.0119,,
12N,hypoglossal nucleus,53,1,-10.4,0.17,0.17,-6.16,label box,0.4813,0.6336,0.0145,0.0119,,
12n,hypoglossal nerve,53,0,-10.4,-1.15,1.15,-8.37,label box,0.4133,0.8128,0.0134,0.0182,,
4V,4th ventricle,53,0,-10.4,0.06,0.06,-5.78,label box,0.4757,0.6029,0.0098,0.0119,,
5Sol,trigeminal-solitary transition zone,53,0,-10.4,-1.3,1.3,-6.05,label box,0.4054,0.6251,0.016,0.0119,,
5Sol,trigeminal-solitary transition zone,53,1,-10.4,1.38,1.38,-6.05,label box,0.5443,0.6251,0.0156,0.0119,,
6Cb,6th cerebellar lobule,53,0,-10.4,0,0,-1.51,label box,0.4727,0.2582,0.0145,0.0119,,
7Cb,7th cerebellar lobule,53,0,-10.4,0,0,-2.21,label box,0.4726,0.3151,0.0145,0.0125,,
8Cb,8th cerebellar lobule,53,0,-10.4,0.03,0.03,-3.01,label box,0.4744,0.3793,0.0142,0.0119,,
9aCb,"9th cerebellar lobule, a",53,0,-10.4,0,0,-3.6,label box,0.4726,0.4271,0.0254,0.0125,,
9bCb,"9th cerebellar lobule, b",53,0,-10.4,0,0,-3.6,label box,0.4726,0.4271,0.0254,0.0125,,
9cCb,"9th cerebellar lobule, c",53,0,-10.4,0.03,0.03,-4.1,label box,0.4742,0.4673,0.0189,0.0119,,
AmbSC,"ambiguus nucleus, subcompact part",53,0,-10.4,1.75,1.75,-6.94,label box,0.5636,0.6969,0.0269,0.0119,,
AmbSC,"ambiguus nucleus, subcompact part",53,1,-10.4,-1.58,1.58,-7.21,label box,0.3909,0.7185,0.0276,0.0125,,
CVL,caudoventrolateral reticular nucleus,53,0,-10.4,1.68,1.68,-7.52,label box,0.56,0.7435,0.0145,0.0119,,
Cop,copula of the pyramis,53,0,-10.4,2.03,2.03,-4.46,label box,0.5778,0.4966,0.0138,0.0148,,
Cop,copula of the pyramis,53,1,-10.4,-1.76,1.76,-4.4,label box,0.3815,0.4918,0.0138,0.0148,,
Crus1,crus 1 of the ansiform lobule,53,0,-10.4,2.77,2.77,-1.72,label box,0.6165,0.2753,0.02,0.0119,,
Crus1,crus 1 of the ansiform lobule,53,1,-10.4,-2.69,2.69,-1.85,label box,0.3334,0.2855,0.02,0.0119,,
Crus2,crus 2 of the ansiform lobule,53,0,-10.4,-2.26,2.26,-2.34,label box,0.3556,0.3253,0.0214,0.0119,,
Crus2,crus 2 of the ansiform lobule,53,1,-10.4,2.6,2.6,-2.29,label box,0.6076,0.3213,0.0211,0.0119,,
Cu,cuneate nucleus,53,0,-10.4,1.55,1.55,-5.55,label box,0.5529,0.5844,0.0091,0.0119,,
Cu,cuneate nucleus,53,1,-10.4,-1.54,1.54,-5.62,label box,0.3929,0.5907,0.0091,0.0125,,
DMSp5,dorsomedial spinal trigeminal nucleus,53,0,-10.4,1.81,1.81,-5.95,label box,0.5665,0.6174,0.0265,0.0148,,
ECu,external cuneate nucleus,53,0,-10.4,1.69,1.69,-5.32,label box,0.5605,0.5662,0.0134,0.0119,,
ECu,external cuneate nucleus,53,1,-10.4,-1.65,1.65,-5.38,label box,0.3873,0.5708,0.0138,0.0125,,
Gi,gigantocellular reticular nucleus,53,0,-10.4,-0.56,0.56,-7.18,label box,0.4437,0.7168,0.0065,0.0119,,
Gi,gigantocellular reticular nucleus,53,1,-10.4,0.54,0.54,-7.19,label box,0.5007,0.7173,0.0065,0.0119,,
IOD,"inferior olive, dorsal nucleus",53,0,-10.4,-0.9,0.9,-8.07,label box,0.4261,0.7881,0.0123,0.0119,,
IOD,"inferior olive, dorsal nucleus",53,1,-10.4,0.83,0.83,-8.52,leader tip,0.5195,0.7944,0.0123,0.0119,0.5159,0.8248
IODM,"inferior olive, dorsomedial cell group",53,0,-10.4,0.27,0.27,-7.85,label box,0.4867,0.7707,0.0193,0.0119,,
IODM,"inferior olive, dorsomedial cell group",53,1,-10.4,-0.26,0.26,-7.86,label box,0.4595,0.7711,0.0196,0.0119,,
IOM,"inferior olive, medial nucleus",53,0,-10.4,-0.26,0.26,-8.25,label box,0.4592,0.8029,0.0138,0.0119,,
IOM,"inferior olive, medial nucleus",53,1,-10.4,0.19,0.19,-8.28,label box,0.4828,0.8055,0.0138,0.0125,,
IRt,intermediate reticular nucleus,53,0,-10.4,-1.1,1.1,-6.66,label box,0.4157,0.6744,0.0094,0.0114,,
IRt,intermediate reticular nucleus,53,1,-10.4,1.27,1.27,-6.66,label box,0.5385,0.6744,0.0094,0.0114,,
IRt,intermediate reticular nucleus,53,2,-10.4,2.08,2.08,-7.24,label box,0.5805,0.7216,0.0098,0.0114,,
LPGi,lateral paragigantocellular nucleus,53,0,-10.4,-0.85,0.85,-7.75,label box,0.4286,0.7628,0.0164,0.0119,,
LPGi,lateral paragigantocellular nucleus,53,1,-10.4,0.95,0.95,-7.77,label box,0.522,0.7639,0.0164,0.0119,,
Li,linear nucleus of the medulla,53,0,-10.4,-0.94,0.94,-6.88,label box,0.4239,0.692,0.0055,0.0114,,
Li,linear nucleus of the medulla,53,1,-10.4,1.03,1.03,-6.83,label box,0.526,0.6881,0.0055,0.0114,,
MVe,medial vestibular nucleus,53,0,-10.4,-0.73,0.73,-5.48,label box,0.435,0.5793,0.0145,0.0119,,
MVe,medial vestibular nucleus,53,1,-10.4,0.81,0.81,-5.49,label box,0.5149,0.5801,0.0145,0.0114,,
Mx,matrix region of the medulla,53,0,-10.4,1.5,1.5,-5.77,label box,0.5505,0.6026,0.0105,0.0114,,
PCRt,parvicellular reticular nucleus,53,0,-10.4,-1.51,1.51,-6.44,label box,0.3943,0.6565,0.0182,0.0119,,
PCRt,parvicellular reticular nucleus,53,1,-10.4,1.7,1.7,-6.46,label box,0.5607,0.6582,0.0182,0.0119,,
PM,paramedian lobule,53,0,-10.4,-2.34,2.34,-3.5,label box,0.3517,0.4193,0.0109,0.0114,,
PM,paramedian lobule,53,1,-10.4,2.63,2.63,-3.56,label box,0.609,0.4236,0.0109,0.0119,,
Pr,prepositus nucleus,53,0,-10.4,0.22,0.22,-5.97,label box,0.484,0.6185,0.0102,0.0312,,
Pr,prepositus nucleus,53,1,-10.4,-0.22,0.22,-5.93,label box,0.4614,0.6154,0.0073,0.0119,,
ROb,raphe obscurus nucleus,53,0,-10.4,0.04,0.04,-7.1,label box,0.4746,0.7097,0.0167,0.0239,,
RPa,raphe pallidus nucleus,53,0,-10.4,-0.04,0.04,-8.23,leader tip,0.4706,0.827,0.0142,0.0114,0.4708,0.8009
RVRG,rostral ventral respiratory group,53,0,-10.4,1.67,1.67,-7.25,label box,0.5592,0.7224,0.0211,0.0119,,
RVRG,rostral ventral respiratory group,53,1,-10.4,-1.66,1.66,-7.44,label box,0.3866,0.7372,0.0211,0.0119,,
Ro,nucleus of Roller,53,0,-10.4,-0.26,0.26,-6.32,label box,0.4591,0.6466,0.0091,0.0114,,
Ro,nucleus of Roller,53,1,-10.4,0.3,0.3,-6.36,label box,0.4882,0.6503,0.0091,0.0119,,
Sp5I,"spinal trigeminal nucleus, interpolar part",53,0,-10.4,-2.18,2.18,-6.36,label box,0.3599,0.6498,0.0156,0.0148,,
Sp5I,"spinal trigeminal nucleus, interpolar part",53,1,-10.4,2.31,2.31,-6.37,label box,0.5924,0.6512,0.016,0.0142,,
SpVe,spinal vestibular nucleus,53,0,-10.4,1.22,1.22,-5.45,label box,0.5362,0.5767,0.0178,0.0148,,
apmf,ansoparamedian fissure,53,0,-10.4,-2.54,2.54,-2.79,label box,0.3412,0.3619,0.0182,0.0159,,
apmf,ansoparamedian fissure,53,1,-10.4,2.69,2.69,-2.7,label box,0.6122,0.3546,0.0185,0.0165,,
cbw,cerebellar white matter,53,0,-10.4,-1.41,1.41,-1.99,label box,0.3995,0.2969,0.0149,0.0119,,
cbw,cerebellar white matter,53,1,-10.4,1.94,1.94,-2.08,label box,0.5732,0.3043,0.0149,0.0119,,
cbw,cerebellar white matter,53,2,-10.4,-0.42,0.42,-3.09,label box,0.4511,0.3861,0.0149,0.0119,,
cbw,cerebellar white matter,53,3,-10.4,2.05,2.05,-3.18,label box,0.579,0.3935,0.0149,0.0119,,
cbw,cerebellar white matter,53,4,-10.4,-0.96,0.96,-3.89,label box,0.4228,0.4503,0.0149,0.0119,,
cbw,cerebellar white matter,53,5,-10.4,-0.45,0.45,-2.27,label box,0.4492,0.3194,0.0149,0.0119,,
cbw,cerebellar white matter,53,6,-10.4,-1.95,1.95,-3.19,label box,0.3717,0.3944,0.0152,0.0119,,
cbw,cerebellar white matter,53,7,-10.4,-0.47,0.47,-4.79,label box,0.4483,0.5234,0.0152,0.0119,,
chp,choroid plexus,53,0,-10.4,2.7,2.7,-5.29,label box,0.6125,0.5639,0.0127,0.0142,,
chp,choroid plexus,53,1,-10.4,-2.59,2.59,-5.31,label box,0.3385,0.5656,0.0127,0.0142,,
chp,choroid plexus,53,2,-10.4,0.07,0.07,-5.55,label box,0.4764,0.5844,0.0131,0.0142,,
dsc,dorsal spinocerebellar tract,53,0,-10.4,2.66,2.66,-7.13,label box,0.6108,0.7123,0.0127,0.0114,,
dsc,dorsal spinocerebellar tract,53,1,-10.4,-2.68,2.68,-7.19,label box,0.3341,0.7171,0.0127,0.0119,,
icf,intercrural fissure,53,0,-10.4,3.74,3.74,-2.27,label box,0.6667,0.3197,0.0084,0.0159,,
icf,intercrural fissure,53,1,-10.4,-3.47,3.47,-2.46,label box,0.2929,0.3353,0.0087,0.0165,,
icp,inferior cerebellar peduncle (restiform body),53,0,-10.4,2.02,2.02,-5.63,label box,0.5772,0.5913,0.0102,0.0148,,
icp,inferior cerebellar peduncle (restiform body),53,1,-10.4,-2.15,2.15,-5.73,label box,0.3611,0.5995,0.0102,0.0142,,
mlf,medial longitudinal fasciculus,53,0,-10.4,0.02,0.02,-6.35,label box,0.474,0.6494,0.0113,0.0114,,
oc,olivocerebellar tract,53,0,-10.4,2.93,2.93,-7.15,label box,0.6247,0.714,0.008,0.0091,,
plf,posterolateral fissure,53,0,-10.4,-0.86,0.86,-4.25,label box,0.4281,0.4796,0.0084,0.0176,,
pms,paramedian sulcus,53,0,-10.4,-1.01,1.01,-1.32,label box,0.4204,0.2432,0.0153,0.0114,,
pms,paramedian sulcus,53,1,-10.4,1.13,1.13,-1.32,label box,0.5314,0.2432,0.0149,0.0114,,
ppf,prepyramidal fissure,53,0,-10.4,-0.68,0.68,-2.66,label box,0.4376,0.3509,0.0113,0.017,,
ppf,prepyramidal fissure,53,1,-10.4,-2.63,2.63,-4.54,label box,0.3366,0.5029,0.0113,0.0142,,
ppf,prepyramidal fissure,53,2,-10.4,2.85,2.85,-4.56,label box,0.6202,0.5049,0.0113,0.0148,,
psf,posterior superior fissure,53,0,-10.4,-0.67,0.67,-1.77,label box,0.438,0.2793,0.0105,0.0142,,
py,pyramidal tract,53,0,-10.4,-0.68,0.68,-8.53,label box,0.4376,0.8251,0.0084,0.0119,,
py,pyramidal tract,53,1,-10.4,0.49,0.49,-8.53,label box,0.4982,0.8256,0.0084,0.0119,,
rs,rubrospinal tract,53,0,-10.4,-2.13,2.13,-7.43,label box,0.3625,0.7369,0.0062,0.0091,,
rs,rubrospinal tract,53,1,-10.4,2.35,2.35,-7.31,label box,0.5944,0.7273,0.0062,0.0085,,
sf,secondary fissure,53,0,-10.4,-0.63,0.63,-1.75,label box,0.4399,0.2779,0.0065,0.0119,,
sol,solitary tract,53,0,-10.4,0.86,0.86,-5.88,label box,0.5174,0.6111,0.0109,0.0119,,
sol,solitary tract,53,1,-10.4,-0.9,0.9,-5.73,label box,0.4263,0.5989,0.0098,0.0119,,
sol,solitary tract,53,2,-10.4,-0.84,0.84,-5.9,label box,0.429,0.6128,0.0109,0.0125,,
sp5,spinal trigeminal tract,53,0,-10.4,2.72,2.72,-6.35,label box,0.6136,0.6494,0.0127,0.0136,,
sp5,spinal trigeminal tract,53,1,-10.4,-2.59,2.59,-6.38,label box,0.3385,0.6518,0.0127,0.0142,,
ts,tectospinal tract,53,0,-10.4,-0.12,0.12,-7.01,label box,0.4664,0.7023,0.0065,0.0108,,
ts,tectospinal tract,53,1,-10.4,0.12,0.12,-7.01,label box,0.4792,0.7023,0.0065,0.0108,,
vsc,ventral spinocerebellar tract,53,0,-10.4,-1.85,1.85,-7.69,label box,0.377,0.7574,0.012,0.0091,,
vsc,ventral spinocerebellar tract,53,1,-10.4,1.97,1.97,-7.61,label box,0.5747,0.7514,0.012,0.0085,,
10Cb,10th cerebellar lobule (nodule),54,0,-10.75,0.04,0.04,-4.77,label box,0.4749,0.5213,0.0189,0.0119,,
10N,dorsal motor nucleus of vagus,54,0,-10.75,-0.41,0.41,-5.9,label box,0.4513,0.6128,0.0138,0.0119,,
10N,dorsal motor nucleus of vagus,54,1,-10.75,0.48,0.48,-5.89,label box,0.4978,0.6119,0.0138,0.0114,,
12N,hypoglossal nucleus,54,0,-10.75,-0.14,0.14,-6.19,label box,0.4655,0.6361,0.0138,0.0119,,
12N,hypoglossal nucleus,54,1,-10.75,0.28,0.28,-6.18,label box,0.4873,0.6355,0.0138,0.0119,,
12n,hypoglossal nerve,54,0,-10.75,0.6,0.6,-7.12,label box,0.504,0.7119,0.0131,0.0114,,
12n,hypoglossal nerve,54,1,-10.75,-0.5,0.5,-7.1,label box,0.4468,0.7103,0.0131,0.0119,,
4V,4th ventricle,54,0,-10.75,0.06,0.06,-5.75,label box,0.4757,0.6006,0.0094,0.0114,,
5Sol,trigeminal-solitary transition zone,54,0,-10.75,1.25,1.25,-5.97,label box,0.5376,0.6185,0.0156,0.0119,,
5Sol,trigeminal-solitary transition zone,54,1,-10.75,-1.17,1.17,-6.06,label box,0.4123,0.6262,0.016,0.0119,,
6Cb,6th cerebellar lobule,54,0,-10.75,0.04,0.04,-1.67,label box,0.4747,0.2713,0.0142,0.0119,,
7Cb,7th cerebellar lobule,54,0,-10.75,0.04,0.04,-2.16,label box,0.4747,0.3105,0.0142,0.0119,,
8Cb,8th cerebellar lobule,54,0,-10.75,0.05,0.05,-3.2,label box,0.4751,0.3952,0.0142,0.0119,,
9aCb,"9th cerebellar lobule, a",54,0,-10.75,0.04,0.04,-3.6,label box,0.475,0.4268,0.0258,0.0119,,
9bCb,"9th cerebellar lobule, b",54,0,-10.75,0.04,0.04,-3.6,label box,0.475,0.4268,0.0258,0.0119,,
9cCb,"9th cerebellar lobule, c",54,0,-10.75,0.06,0.06,-4.21,label box,0.476,0.4764,0.0189,0.0119,,
AmbSC,"ambiguus nucleus, subcompact part",54,0,-10.75,-1.35,1.35,-7.18,label box,0.4028,0.7168,0.0273,0.0119,,
AmbSC,"ambiguus nucleus, subcompact part",54,1,-10.75,1.6,1.6,-7.11,label box,0.5558,0.7111,0.0273,0.0119,,
Cop,copula of the pyramis,54,0,-10.75,-1.7,1.7,-4.28,label box,0.3848,0.4824,0.0138,0.0148,,
Cop,copula of the pyramis,54,1,-10.75,1.84,1.84,-4.23,label box,0.5681,0.4778,0.0142,0.0148,,
Crus1,crus 1 of the ansiform lobule,54,0,-10.75,3.02,3.02,-1.74,label box,0.6294,0.277,0.0203,0.0119,,
Crus1,crus 1 of the ansiform lobule,54,1,-10.75,-2.62,2.62,-1.83,label box,0.3372,0.2842,0.0203,0.0119,,
Crus2,crus 2 of the ansiform lobule,54,0,-10.75,2.46,2.46,-2.2,label box,0.6001,0.3139,0.0214,0.0119,,
Crus2,crus 2 of the ansiform lobule,54,1,-10.75,-1.76,1.76,-2.22,label box,0.3817,0.3156,0.0214,0.0119,,
Cu,cuneate nucleus,54,0,-10.75,1.32,1.32,-5.36,label box,0.5411,0.5696,0.0087,0.0119,,
Cu,cuneate nucleus,54,1,-10.75,-1.34,1.34,-5.47,label box,0.4034,0.5785,0.0091,0.0119,,
DMSp5,dorsomedial spinal trigeminal nucleus,54,0,-10.75,1.83,1.83,-5.88,label box,0.5674,0.6114,0.0265,0.0148,,
ECu,external cuneate nucleus,54,0,-10.75,1.61,1.61,-5.18,label box,0.5561,0.5546,0.0138,0.0119,,
ECu,external cuneate nucleus,54,1,-10.75,-1.56,1.56,-5.34,label box,0.392,0.5677,0.0138,0.0119,,
Gi,gigantocellular reticular nucleus,54,0,-10.75,-0.62,0.62,-7.39,label box,0.4405,0.7333,0.0069,0.0125,,
Gi,gigantocellular reticular nucleus,54,1,-10.75,0.7,0.7,-7.4,label box,0.5091,0.7342,0.0069,0.0119,,
IOD,"inferior olive, dorsal nucleus",54,0,-10.75,-0.87,0.87,-8.11,label box,0.4277,0.7918,0.0124,0.0119,,
IOD,"inferior olive, dorsal nucleus",54,1,-10.75,1.06,1.06,-8.06,label box,0.5276,0.7878,0.0124,0.0119,,
IOM,"inferior olive, medial nucleus",54,0,-10.75,0.28,0.28,-8.2,label box,0.4873,0.7991,0.0138,0.0119,,
IOM,"inferior olive, medial nucleus",54,1,-10.75,-0.16,0.16,-8.19,label box,0.4646,0.7984,0.0138,0.0119,,
IOPr,"inferior olive, principal nucleus",54,0,-10.75,0.98,0.98,-8.33,label box,0.5234,0.8091,0.0152,0.0119,,
IOPr,"inferior olive, principal nucleus",54,1,-10.75,-0.83,0.83,-8.41,label box,0.4296,0.8157,0.0156,0.0125,,
IRt,intermediate reticular nucleus,54,0,-10.75,1.27,1.27,-6.66,label box,0.5385,0.6744,0.0094,0.0114,,
IRt,intermediate reticular nucleus,54,1,-10.75,-0.85,0.85,-6.58,label box,0.4285,0.6682,0.0098,0.0119,,
LRt,lateral reticular nucleus,54,0,-10.75,-1.01,1.01,-7.55,label box,0.4206,0.746,0.012,0.0114,,
LRt,lateral reticular nucleus,54,1,-10.75,1.13,1.13,-7.6,label box,0.5314,0.7506,0.012,0.0114,,
LRt,lateral reticular nucleus,54,2,-10.75,2.03,2.03,-7.27,label box,0.5779,0.7239,0.0123,0.0119,,
LRt,lateral reticular nucleus,54,3,-10.75,-1.85,1.85,-7.39,label box,0.3771,0.733,0.0123,0.0119,,
Mx,matrix region of the medulla,54,0,-10.75,1.38,1.38,-5.74,label box,0.5441,0.5998,0.0109,0.0114,,
PCRt,parvicellular reticular nucleus,54,0,-10.75,-1.28,1.28,-6.42,label box,0.4064,0.6551,0.0171,0.0114,,
PCRt,parvicellular reticular nucleus,54,1,-10.75,1.69,1.69,-6.46,label box,0.5601,0.6585,0.0171,0.0114,,
PM,paramedian lobule,54,0,-10.75,-1.99,1.99,-3.33,label box,0.3694,0.4057,0.0113,0.0114,,
PM,paramedian lobule,54,1,-10.75,2.25,2.25,-3.31,label box,0.5892,0.4037,0.0113,0.0119,,
PSol,parasolitary nucleus,54,0,-10.75,0.69,0.69,-5.51,label box,0.5087,0.5813,0.0156,0.0119,,
Pa5,paratrigeminal nucleus,54,0,-10.75,2.17,2.17,-5.61,label box,0.585,0.5898,0.0127,0.0119,,
Pa5,paratrigeminal nucleus,54,1,-10.75,-2.06,2.06,-5.8,label box,0.3662,0.6052,0.0131,0.0119,,
ROb,raphe obscurus nucleus,54,0,-10.75,0.07,0.07,-7.16,label box,0.4764,0.7148,0.0138,0.0114,,
RPa,raphe pallidus nucleus,54,0,-10.75,0.04,0.04,-8.18,leader tip,0.4746,0.8239,0.0142,0.0119,0.4748,0.7975
Ro,nucleus of Roller,54,0,-10.75,-0.24,0.24,-6.51,label box,0.4602,0.6619,0.0091,0.0114,,
Ro,nucleus of Roller,54,1,-10.75,0.35,0.35,-6.56,label box,0.4911,0.6665,0.0091,0.0114,,
Sp5I,"spinal trigeminal nucleus, interpolar part",54,0,-10.75,2.33,2.33,-6.25,label box,0.5936,0.6409,0.0156,0.0148,,
Sp5I,"spinal trigeminal nucleus, interpolar part",54,1,-10.75,-2.14,2.14,-6.4,label box,0.3617,0.6531,0.0156,0.0142,,
apmf,ansoparamedian fissure,54,0,-10.75,1.91,1.91,-2.51,leader tip,0.6213,0.3444,0.0185,0.0187,0.5719,0.3387
apmf,ansoparamedian fissure,54,1,-10.75,-2.87,2.87,-2.7,label box,0.3239,0.3543,0.0185,0.0148,,
cbw,cerebellar white matter,54,0,-10.75,-1.6,1.6,-3.08,label box,0.3897,0.3849,0.0149,0.0119,,
cbw,cerebellar white matter,54,1,-10.75,1.83,1.83,-3.02,label box,0.5674,0.3804,0.0149,0.0119,,
cbw,cerebellar white matter,54,2,-10.75,-0.86,0.86,-3.97,label box,0.4282,0.4574,0.0149,0.0114,,
cbw,cerebellar white matter,54,3,-10.75,-0.3,0.3,-2.34,label box,0.4572,0.3251,0.0149,0.0119,,
cbw,cerebellar white matter,54,4,-10.75,-2.32,2.32,-2.38,label box,0.3524,0.3285,0.0152,0.0119,,
cbw,cerebellar white matter,54,5,-10.75,-0.64,0.64,-3.22,label box,0.4396,0.3967,0.0152,0.0119,,
chp,choroid plexus,54,0,-10.75,0.08,0.08,-5.53,label box,0.4767,0.5832,0.0131,0.0142,,
cu,cuneate fasciculus,54,0,-10.75,2.3,2.3,-5.51,leader tip,0.573,0.5747,0.008,0.0085,0.5917,0.5812
cu,cuneate fasciculus,54,1,-10.75,-1.9,1.9,-5.52,label box,0.3741,0.5821,0.0113,0.0233,,
dsc,dorsal spinocerebellar tract,54,0,-10.75,2.81,2.81,-6.97,label box,0.6184,0.6992,0.0127,0.0114,,
dsc,dorsal spinocerebellar tract,54,1,-10.75,-2.68,2.68,-7.19,label box,0.3341,0.7171,0.0127,0.0119,,
icf,intercrural fissure,54,0,-10.75,-3.13,3.13,-2.03,label box,0.3103,0.3004,0.0087,0.0159,,
ml,medial lemniscus,54,0,-10.75,-0.43,0.43,-8.34,label box,0.4506,0.81,0.0084,0.0114,,
mlf,medial longitudinal fasciculus,54,0,-10.75,-0.07,0.07,-6.88,label box,0.4691,0.692,0.0109,0.0114,,
mlf,medial longitudinal fasciculus,54,1,-10.75,0.23,0.23,-6.87,label box,0.4847,0.6912,0.0109,0.0119,,
oc,olivocerebellar tract,54,0,-10.75,3.08,3.08,-6.99,label box,0.6324,0.7009,0.008,0.0091,,
plf,posterolateral fissure,54,0,-10.75,-0.56,0.56,-4.28,label box,0.4439,0.4818,0.0084,0.017,,
pms,paramedian sulcus,54,0,-10.75,-0.86,0.86,-1.71,label box,0.4281,0.2744,0.0153,0.0114,,
pms,paramedian sulcus,54,1,-10.75,1.05,1.05,-1.76,label box,0.5273,0.2784,0.0153,0.0114,,
ppf,prepyramidal fissure,54,0,-10.75,-0.57,0.57,-2.64,label box,0.4434,0.3492,0.0113,0.0148,,
py,pyramidal tract,54,0,-10.75,-0.44,0.44,-8.53,label box,0.4499,0.8256,0.008,0.0114,,
py,pyramidal tract,54,1,-10.75,0.58,0.58,-8.47,label box,0.5026,0.8205,0.0084,0.0119,,
rs,rubrospinal tract,54,0,-10.75,2.37,2.37,-7.26,label box,0.5957,0.7227,0.0062,0.0091,,
rs,rubrospinal tract,54,1,-10.75,-2.16,2.16,-7.35,label box,0.3606,0.7305,0.0062,0.0091,,
sf,secondary fissure,54,0,-10.75,-0.32,0.32,-1.83,label box,0.4563,0.2842,0.0065,0.0119,,
sf,secondary fissure,54,1,-10.75,-0.56,0.56,-3.46,label box,0.4436,0.4157,0.0065,0.0159,,
sol,solitary tract,54,0,-10.75,1.08,1.08,-5.37,leader tip,0.5245,0.5912,0.0098,0.0119,0.5288,0.5702
sol,solitary tract,54,1,-10.75,-0.91,0.91,-5.32,leader tip,0.4268,0.5957,0.0098,0.0119,0.4258,0.5663
sol,solitary tract,54,2,-10.75,-0.53,0.53,-5.46,leader tip,0.4408,0.5974,0.0109,0.0119,0.4454,0.5776
sp5,spinal trigeminal tract,54,0,-10.75,2.96,2.96,-6.42,label box,0.6262,0.6552,0.0131,0.0142,,
sp5,spinal trigeminal tract,54,1,-10.75,-2.66,2.66,-6.46,label box,0.335,0.6583,0.0131,0.0148,,
ts,tectospinal tract,54,0,-10.75,0.24,0.24,-7.31,label box,0.4853,0.727,0.0065,0.0114,,
ts,tectospinal tract,54,1,-10.75,-0.11,0.11,-7.32,label box,0.4672,0.7279,0.0065,0.0108,,
vsc,ventral spinocerebellar tract,54,0,-10.75,1.86,1.86,-7.77,label box,0.5692,0.7639,0.012,0.0085,,
vsc,ventral spinocerebellar tract,54,1,-10.75,-1.85,1.85,-7.7,label box,0.3768,0.7583,0.0123,0.0091,,
10Cb,10th cerebellar lobule (nodule),55,0,-11.1,0.01,0.01,-5.08,label box,0.4735,0.5469,0.0189,0.0119,,
10N,dorsal motor nucleus of vagus,55,0,-11.1,-0.26,0.26,-5.95,label box,0.4593,0.6168,0.0138,0.0119,,
10N,dorsal motor nucleus of vagus,55,1,-11.1,0.39,0.39,-5.93,label box,0.4931,0.6154,0.0142,0.0119,,
12N,hypoglossal nucleus,55,0,-11.1,-0.11,0.11,-6.3,label box,0.4669,0.6452,0.0138,0.0119,,
12N,hypoglossal nucleus,55,1,-11.1,0.31,0.31,-6.29,label box,0.4887,0.6449,0.0138,0.0114,,
12n,hypoglossal nerve,55,0,-11.1,-0.46,0.46,-7.33,label box,0.4488,0.7287,0.0131,0.0119,,
5Sol,trigeminal-solitary transition zone,55,0,-11.1,-1.29,1.29,-5.94,label box,0.4061,0.6159,0.0156,0.0125,,
5Sol,trigeminal-solitary transition zone,55,1,-11.1,1.44,1.44,-5.92,label box,0.5474,0.6145,0.0156,0.0119,,
7Cb,7th cerebellar lobule,55,0,-11.1,-0.05,0.05,-1.71,label box,0.4701,0.2742,0.0145,0.0125,,
8Cb,8th cerebellar lobule,55,0,-11.1,-0.04,0.04,-2.58,label box,0.4707,0.3446,0.0142,0.0119,,
9aCb,"9th cerebellar lobule, a",55,0,-11.1,-0.05,0.05,-3.51,label box,0.4699,0.4202,0.0258,0.0125,,
9bCb,"9th cerebellar lobule, b",55,0,-11.1,-0.05,0.05,-3.51,label box,0.4699,0.4202,0.0258,0.0125,,
9cCb,"9th cerebellar lobule, c",55,0,-11.1,0,0,-4.65,label box,0.4726,0.5117,0.0189,0.0125,,
AP,area postrema,55,0,-11.1,0.11,0.11,-5.49,label box,0.4782,0.5795,0.0102,0.0114,,
AmbL,"ambiguus nucleus, loose part",55,0,-11.1,-1.29,1.29,-7.12,label box,0.4059,0.7114,0.0211,0.0114,,
AmbL,"ambiguus nucleus, loose part",55,1,-11.1,1.45,1.45,-7.02,label box,0.5481,0.7031,0.0214,0.0119,,
Cop,copula of the pyramis,55,0,-11.1,-1.82,1.82,-4.09,label box,0.3783,0.4668,0.0138,0.0142,,
Cop,copula of the pyramis,55,1,-11.1,1.73,1.73,-4.04,label box,0.5625,0.4625,0.0138,0.0148,,
Crus2,crus 2 of the ansiform lobule,55,0,-11.1,-2.34,2.34,-2.16,label box,0.3516,0.3111,0.0214,0.0119,,
Crus2,crus 2 of the ansiform lobule,55,1,-11.1,2.6,2.6,-2.2,label box,0.6074,0.3139,0.0214,0.0119,,
Cu,cuneate nucleus,55,0,-11.1,1.37,1.37,-5.6,label box,0.5438,0.5884,0.0091,0.0119,,
Cu,cuneate nucleus,55,1,-11.1,-1.29,1.29,-5.63,label box,0.4061,0.5912,0.0091,0.0119,,
CuR,"cuneate nucleus, rotundus part",55,0,-11.1,1,1,-5.45,label box,0.5243,0.5764,0.0145,0.0119,,
CuR,"cuneate nucleus, rotundus part",55,1,-11.1,-0.81,0.81,-5.44,label box,0.4307,0.5756,0.0149,0.0119,,
ECu,external cuneate nucleus,55,0,-11.1,-1.27,1.27,-5.34,label box,0.4068,0.5679,0.0134,0.0119,,
ECu,external cuneate nucleus,55,1,-11.1,1.43,1.43,-5.29,label box,0.5467,0.5634,0.0138,0.0125,,
Gr,gracile nucleus,55,0,-11.1,0.69,0.69,-5.45,label box,0.5084,0.577,0.008,0.0119,,
IOD,"inferior olive, dorsal nucleus",55,0,-11.1,-0.94,0.94,-8.28,leader tip,0.431,0.7804,0.0124,0.0119,0.4239,0.8049
IOD,"inferior olive, dorsal nucleus",55,1,-11.1,0.9,0.9,-7.91,label box,0.5196,0.7753,0.0124,0.0119,,
IODM,"inferior olive, dorsomedial cell group",55,0,-11.1,-0.19,0.19,-7.64,label box,0.4629,0.7537,0.0196,0.0119,,
IODM,"inferior olive, dorsomedial cell group",55,1,-11.1,0.28,0.28,-7.63,label box,0.4871,0.7529,0.0196,0.0119,,
IOM,"inferior olive, medial nucleus",55,0,-11.1,0.25,0.25,-8.04,label box,0.4857,0.7856,0.0138,0.0125,,
IOM,"inferior olive, medial nucleus",55,1,-11.1,-0.17,0.17,-8.05,label box,0.4639,0.787,0.0138,0.0119,,
IRt,intermediate reticular nucleus,55,0,-11.1,-0.96,0.96,-6.67,label box,0.423,0.6756,0.0094,0.0114,,
IRt,intermediate reticular nucleus,55,1,-11.1,1.14,1.14,-6.67,label box,0.532,0.6753,0.0094,0.0119,,
IRt,intermediate reticular nucleus,55,2,-11.1,-1.42,1.42,-7.58,label box,0.3993,0.7491,0.0094,0.0119,,
IRt,intermediate reticular nucleus,55,3,-11.1,1.61,1.61,-7.46,label box,0.5559,0.7387,0.0098,0.0119,,
LRt,lateral reticular nucleus,55,0,-11.1,1.13,1.13,-7.6,label box,0.5314,0.7506,0.012,0.0114,,
LRt,lateral reticular nucleus,55,1,-11.1,-1.11,1.11,-7.7,label box,0.4153,0.7585,0.0124,0.0114,,
LRtS5,"lateral reticular nucleus, subtrigeminal part",55,0,-11.1,-1.74,1.74,-7.28,label box,0.3824,0.7247,0.0214,0.0119,,
LRtS5,"lateral reticular nucleus, subtrigeminal part",55,1,-11.1,1.97,1.97,-7.26,label box,0.575,0.723,0.0214,0.0119,,
MdD,"medullary reticular nucleus, dorsal part",55,0,-11.1,1.39,1.39,-6.42,label box,0.5449,0.6551,0.0164,0.0114,,
MdD,"medullary reticular nucleus, dorsal part",55,1,-11.1,-1.14,1.14,-6.41,label box,0.4134,0.654,0.0167,0.0119,,
MdV,"medullary reticular nucleus, ventral part",55,0,-11.1,-0.62,0.62,-7.07,label box,0.4404,0.7077,0.016,0.0119,,
MdV,"medullary reticular nucleus, ventral part",55,1,-11.1,0.81,0.81,-7.04,label box,0.5145,0.7051,0.016,0.0114,,
Mx,matrix region of the medulla,55,0,-11.1,-1.04,1.04,-5.75,label box,0.419,0.6006,0.0102,0.0114,,
Mx,matrix region of the medulla,55,1,-11.1,1.17,1.17,-5.76,label box,0.5333,0.6018,0.0102,0.0119,,
PM,paramedian lobule,55,0,-11.1,-1.77,1.77,-2.9,label box,0.3812,0.3702,0.0109,0.0119,,
PM,paramedian lobule,55,1,-11.1,1.74,1.74,-2.88,label box,0.5629,0.3688,0.0109,0.0114,,
PSol,parasolitary nucleus,55,0,-11.1,0.82,0.82,-5.63,label box,0.5153,0.591,0.0156,0.0119,,
PSol,parasolitary nucleus,55,1,-11.1,-0.65,0.65,-5.62,label box,0.439,0.5904,0.0156,0.0119,,
Pa5,paratrigeminal nucleus,55,0,-11.1,1.95,1.95,-5.62,label box,0.5738,0.5906,0.0131,0.0119,,
Pa5,paratrigeminal nucleus,55,1,-11.1,-1.82,1.82,-5.7,label box,0.3786,0.5972,0.0131,0.0119,,
ROb,raphe obscurus nucleus,55,0,-11.1,0.07,0.07,-7.17,label box,0.4761,0.7154,0.0142,0.0119,,
RPa,raphe pallidus nucleus,55,0,-11.1,0.04,0.04,-7.99,leader tip,0.4747,0.8068,0.0142,0.017,0.4748,0.7822
Ro,nucleus of Roller,55,0,-11.1,-0.16,0.16,-6.6,label box,0.4644,0.6696,0.0094,0.0119,,
Ro,nucleus of Roller,55,1,-11.1,0.37,0.37,-6.63,label box,0.4918,0.6716,0.0091,0.0114,,
SolC,"nucleus of the solitary tract, commissural part",55,0,-11.1,0.07,0.07,-5.76,label box,0.4764,0.6018,0.0156,0.0119,,
Sp5C,"spinal trigeminal nucleus, caudal part",55,0,-11.1,1.66,1.66,-6.15,label box,0.559,0.6332,0.0193,0.0142,,
Sp5C,"spinal trigeminal nucleus, caudal part",55,1,-11.1,-1.49,1.49,-6.22,label box,0.3953,0.6392,0.0189,0.0148,,
Sp5I,"spinal trigeminal nucleus, interpolar part",55,0,-11.1,2.29,2.29,-6.51,label box,0.5912,0.6625,0.016,0.0148,,
Sp5I,"spinal trigeminal nucleus, interpolar part",55,1,-11.1,-2.04,2.04,-6.6,label box,0.3672,0.6699,0.0156,0.0148,,
apmf,ansoparamedian fissure,55,0,-11.1,-1.38,1.38,-2.01,label box,0.4012,0.2989,0.0182,0.0182,,
apmf,ansoparamedian fissure,55,1,-11.1,1.56,1.56,-2,label box,0.5534,0.2978,0.0185,0.0142,,
cbw,cerebellar white matter,55,0,-11.1,-0.59,0.59,-2.83,label box,0.4424,0.3653,0.0149,0.0114,,
cbw,cerebellar white matter,55,1,-11.1,-0.86,0.86,-3.97,label box,0.4282,0.4574,0.0149,0.0114,,
cu,cuneate fasciculus,55,0,-11.1,-1.05,1.05,-5.47,label box,0.4182,0.5782,0.008,0.0091,,
dsc,dorsal spinocerebellar tract,55,0,-11.1,2.59,2.59,-7.11,label box,0.6068,0.7108,0.0124,0.0114,,
dsc,dorsal spinocerebellar tract,55,1,-11.1,-2.45,2.45,-7.18,label box,0.3459,0.7162,0.0124,0.0119,,
gr,gracile fasciculus,55,0,-11.1,-0.5,0.5,-5.46,label box,0.4468,0.5778,0.0069,0.0114,,
mlf,medial longitudinal fasciculus,55,0,-11.1,-0.07,0.07,-6.88,label box,0.4691,0.692,0.0109,0.0114,,
mlf,medial longitudinal fasciculus,55,1,-11.1,0.24,0.24,-6.86,label box,0.485,0.6907,0.0109,0.0114,,
plf,posterolateral fissure,55,0,-11.1,1.05,1.05,-4.62,label box,0.5269,0.5094,0.0084,0.017,,
pms,paramedian sulcus,55,0,-11.1,-1.1,1.1,-1.61,label box,0.4157,0.2662,0.0153,0.0119,,
pms,paramedian sulcus,55,1,-11.1,1.03,1.03,-1.75,label box,0.5263,0.2776,0.0149,0.0119,,
py,pyramidal tract,55,0,-11.1,-0.44,0.44,-8.36,label box,0.4499,0.8114,0.008,0.0114,,
py,pyramidal tract,55,1,-11.1,0.54,0.54,-8.31,label box,0.5007,0.808,0.008,0.0114,,
rs,rubrospinal tract,55,0,-11.1,2.32,2.32,-7.21,label box,0.593,0.7191,0.0062,0.0091,,
rs,rubrospinal tract,55,1,-11.1,-2.19,2.19,-7.33,label box,0.3592,0.7282,0.0062,0.0091,,
sf,secondary fissure,55,0,-11.1,0.82,0.82,-3.43,label box,0.5154,0.4131,0.0062,0.0114,,
sol,solitary tract,55,0,-11.1,0.02,0.02,-5.76,label box,0.4737,0.6018,0.0109,0.0119,,
sp5,spinal trigeminal tract,55,0,-11.1,2.76,2.76,-6.27,label box,0.6155,0.6432,0.0127,0.0142,,
sp5,spinal trigeminal tract,55,1,-11.1,-2.52,2.52,-6.29,label box,0.3419,0.6447,0.0131,0.0148,,
ts,tectospinal tract,55,0,-11.1,-0.11,0.11,-7.36,label box,0.4671,0.731,0.0062,0.0108,,
ts,tectospinal tract,55,1,-11.1,0.23,0.23,-7.37,label box,0.4846,0.7315,0.0062,0.0108,,
vsc,ventral spinocerebellar tract,55,0,-11.1,1.88,1.88,-7.61,label box,0.5699,0.7514,0.012,0.0085,,
vsc,ventral spinocerebellar tract,55,1,-11.1,-1.85,1.85,-7.63,label box,0.3768,0.7526,0.0123,0.0091,,
10N,dorsal motor nucleus of vagus,56,0,-11.45,0.33,0.33,-6.07,label box,0.4899,0.6268,0.0142,0.0119,,
10N,dorsal motor nucleus of vagus,56,1,-11.45,-0.26,0.26,-6.07,label box,0.4594,0.6268,0.0142,0.0119,,
12N,hypoglossal nucleus,56,0,-11.45,0.6,0.6,-7.31,label box,0.5038,0.727,0.0127,0.0119,,
12N,hypoglossal nucleus,56,1,-11.45,-0.17,0.17,-6.38,label box,0.4637,0.6521,0.0142,0.0114,,
12N,hypoglossal nucleus,56,2,-11.45,0.25,0.25,-6.38,label box,0.4859,0.6521,0.0142,0.0114,,
12n,hypoglossal nerve,56,0,-11.45,-0.5,0.5,-7.31,label box,0.4468,0.727,0.0131,0.0114,,
7Cb,7th cerebellar lobule,56,0,-11.45,0.02,0.02,-1.71,label box,0.4737,0.2741,0.0142,0.0119,,
8Cb,8th cerebellar lobule,56,0,-11.45,0.01,0.01,-2.4,label box,0.4735,0.3298,0.0145,0.0119,,
9aCb,"9th cerebellar lobule, a",56,0,-11.45,0.01,0.01,-3.52,label box,0.4732,0.4205,0.0258,0.0131,,
9bCb,"9th cerebellar lobule, b",56,0,-11.45,0.01,0.01,-3.52,label box,0.4732,0.4205,0.0258,0.0131,,
9cCb,"9th cerebellar lobule, c",56,0,-11.45,-0.01,0.01,-4.65,label box,0.472,0.5122,0.0189,0.0119,,
AP,area postrema,56,0,-11.45,0.01,0.01,-5.48,label box,0.4733,0.579,0.0102,0.0119,,
CC,central canal,56,0,-11.45,0.01,0.01,-6.2,label box,0.473,0.6376,0.0102,0.0119,,
CeCv,central cervical nucleus of the spinal cord,56,0,-11.45,0.6,0.6,-6.28,label box,0.5038,0.644,0.0185,0.0119,,
CeCv,central cervical nucleus of the spinal cord,56,1,-11.45,-0.53,0.53,-5.81,leader tip,0.4427,0.645,0.0185,0.0119,0.4454,0.6055
Cop,copula of the pyramis,56,0,-11.45,-1.38,1.38,-3.44,label box,0.4013,0.4139,0.0142,0.0142,,
Cop,copula of the pyramis,56,1,-11.45,1.42,1.42,-3.44,label box,0.5463,0.4139,0.0142,0.0142,,
CuR,"cuneate nucleus, rotundus part",56,0,-11.45,-0.88,0.88,-5.64,label box,0.4273,0.5923,0.0145,0.0119,,
CuR,"cuneate nucleus, rotundus part",56,1,-11.45,0.91,0.91,-5.64,label box,0.52,0.5923,0.0145,0.0119,,
ECu,external cuneate nucleus,56,0,-11.45,-1.23,1.23,-5.4,label box,0.409,0.5727,0.0134,0.0114,,
ECu,external cuneate nucleus,56,1,-11.45,1.24,1.24,-5.39,label box,0.5369,0.5719,0.0134,0.0119,,
Gr,gracile nucleus,56,0,-11.45,-0.38,0.38,-5.49,label box,0.4532,0.5802,0.0084,0.0119,,
Gr,gracile nucleus,56,1,-11.45,0.45,0.45,-5.5,label box,0.4962,0.5807,0.008,0.0119,,
IOB,"inferior olive, subnucleus B of medial nucleus",56,0,-11.45,0.47,0.47,-7.93,label box,0.4969,0.777,0.012,0.0119,,
IOBe,"inferior olive, beta subnucleus",56,0,-11.45,0.35,0.35,-7.57,label box,0.4907,0.748,0.0164,0.0119,,
IOC,"inferior olive, subnucleus C of medial nucleus",56,0,-11.45,0.21,0.21,-7.8,label box,0.4838,0.7662,0.012,0.0119,,
IOD,"inferior olive, dorsal nucleus",56,0,-11.45,0.68,0.68,-7.76,label box,0.5078,0.7631,0.0123,0.0119,,
IOK,"inferior olive, cap of Kooy of the medial nucleus",56,0,-11.45,0.2,0.2,-7.39,label box,0.4833,0.733,0.0127,0.0119,,
IOPr,"inferior olive, principal nucleus",56,0,-11.45,1.06,1.06,-7.98,label box,0.5274,0.7813,0.0152,0.0119,,
IRt,intermediate reticular nucleus,56,0,-11.45,-0.91,0.91,-6.7,label box,0.4255,0.6776,0.0094,0.0119,,
IRt,intermediate reticular nucleus,56,1,-11.45,1.09,1.09,-6.71,label box,0.5291,0.6781,0.0094,0.0119,,
LRt,lateral reticular nucleus,56,0,-11.45,-1.1,1.1,-7.69,label box,0.4155,0.7574,0.012,0.0114,,
LRt,lateral reticular nucleus,56,1,-11.45,1.71,1.71,-7.99,leader tip,0.5391,0.7574,0.012,0.0114,0.5614,0.782
LRtPC,"lateral reticular nucleus, parvicellular part",56,0,-11.45,-1.72,1.72,-7.99,label box,0.3837,0.7815,0.0218,0.0119,,
LRtS5,"lateral reticular nucleus, subtrigeminal part",56,0,-11.45,1.99,1.99,-7.43,label box,0.5757,0.7367,0.0218,0.0125,,
MdD,"medullary reticular nucleus, dorsal part",56,0,-11.45,-1.19,1.19,-6.46,label box,0.4112,0.658,0.0164,0.0114,,
MdD,"medullary reticular nucleus, dorsal part",56,1,-11.45,1.35,1.35,-6.44,label box,0.5427,0.6563,0.0167,0.0119,,
MdV,"medullary reticular nucleus, ventral part",56,0,-11.45,-0.57,0.57,-7.03,label box,0.4433,0.7043,0.016,0.0119,,
MdV,"medullary reticular nucleus, ventral part",56,1,-11.45,0.8,0.8,-7.03,label box,0.5142,0.7046,0.0163,0.0119,,
Mx,matrix region of the medulla,56,0,-11.45,-1.06,1.06,-6.04,label box,0.4176,0.6242,0.0105,0.0114,,
Mx,matrix region of the medulla,56,1,-11.45,0.99,0.99,-6.04,label box,0.524,0.6242,0.0105,0.0114,,
PM,paramedian lobule,56,0,-11.45,-1.71,1.71,-2.55,label box,0.3841,0.3426,0.0109,0.0114,,
Pa5,paratrigeminal nucleus,56,0,-11.45,1.87,1.87,-5.76,label box,0.5696,0.6017,0.0127,0.0114,,
Pa5,paratrigeminal nucleus,56,1,-11.45,-1.89,1.89,-5.88,label box,0.3749,0.6111,0.0131,0.0114,,
RAmb,retroambiguus nucleus,56,0,-11.45,1.37,1.37,-7.04,label box,0.5438,0.7052,0.0218,0.0119,,
RAmb,retroambiguus nucleus,56,1,-11.45,-1.28,1.28,-7.16,label box,0.4065,0.7148,0.0218,0.0119,,
RPa,raphe pallidus nucleus,56,0,-11.45,0.03,0.03,-7.88,leader tip,0.4747,0.8011,0.0142,0.0114,0.4741,0.7731
Ro,nucleus of Roller,56,0,-11.45,-0.24,0.24,-6.7,label box,0.4604,0.6773,0.0087,0.0114,,
Ro,nucleus of Roller,56,1,-11.45,0.35,0.35,-6.68,label box,0.4911,0.6761,0.0091,0.0114,,
Sp5C,"spinal trigeminal nucleus, caudal part",56,0,-11.45,-1.53,1.53,-6.07,label box,0.3936,0.6271,0.0192,0.0148,,
Sp5C,"spinal trigeminal nucleus, caudal part",56,1,-11.45,1.57,1.57,-6.08,label box,0.5541,0.6276,0.0192,0.0148,,
Sp5I,"spinal trigeminal nucleus, interpolar part",56,0,-11.45,2.19,2.19,-6.6,label box,0.5863,0.6699,0.0156,0.0148,,
Sp5I,"spinal trigeminal nucleus, interpolar part",56,1,-11.45,-2.04,2.04,-6.59,label box,0.367,0.6685,0.016,0.0148,,
cbw,cerebellar white matter,56,0,-11.45,-0.51,0.51,-4.43,label box,0.4464,0.4946,0.0149,0.0119,,
cbw,cerebellar white matter,56,1,-11.45,-0.52,0.52,-2.52,label box,0.4459,0.3399,0.0149,0.0119,,
cbw,cerebellar white matter,56,2,-11.45,-0.51,0.51,-3.71,label box,0.4463,0.4364,0.0149,0.0119,,
cu,cuneate fasciculus,56,0,-11.45,0.95,0.95,-5.35,label box,0.5218,0.5687,0.008,0.0091,,
cu,cuneate fasciculus,56,1,-11.45,-1.19,1.19,-5.69,label box,0.4112,0.5957,0.0091,0.0119,,
cu,cuneate fasciculus,56,2,-11.45,-0.93,0.93,-5.35,label box,0.4247,0.5682,0.008,0.0097,,
dsc,dorsal spinocerebellar tract,56,0,-11.45,-2.29,2.29,-7.33,label box,0.3539,0.7284,0.0116,0.0114,,
gr,gracile fasciculus,56,0,-11.45,0.24,0.24,-5.63,label box,0.485,0.5915,0.0073,0.0119,,
gr,gracile fasciculus,56,1,-11.45,-0.14,0.14,-5.66,label box,0.4657,0.5932,0.0073,0.0119,,
mlx,medial lemniscal decussation,56,0,-11.45,0.04,0.04,-6.85,label box,0.475,0.6898,0.0127,0.0119,,
ppf,prepyramidal fissure,56,0,-11.45,-0.26,0.26,-1.97,label box,0.4594,0.2958,0.0113,0.0159,,
py,pyramidal tract,56,0,-11.45,0.53,0.53,-8.16,label box,0.5,0.7955,0.008,0.0114,,
py,pyramidal tract,56,1,-11.45,-0.54,0.54,-8.17,label box,0.4448,0.7961,0.0084,0.0119,,
rs,rubrospinal tract,56,0,-11.45,-2.07,2.07,-7.29,label box,0.3657,0.7256,0.0062,0.0097,,
rs,rubrospinal tract,56,1,-11.45,2.16,2.16,-7.29,label box,0.5846,0.7256,0.0062,0.0097,,
sf,secondary fissure,56,0,-11.45,0.61,0.61,-2.89,label box,0.5044,0.3699,0.0051,0.0114,,
sp5,spinal trigeminal tract,56,0,-11.45,2.57,2.57,-6.38,label box,0.6061,0.652,0.0131,0.0142,,
sp5,spinal trigeminal tract,56,1,-11.45,-2.49,2.49,-6.42,label box,0.3436,0.6551,0.0127,0.0136,,
ts,tectospinal tract,56,0,-11.45,-0.28,0.28,-7.23,label box,0.4583,0.7208,0.0062,0.0114,,
uf,uvular fissure,56,0,-11.45,-0.04,0.04,-3.88,label box,0.4704,0.45,0.0055,0.0159,,
vsc,ventral spinocerebellar tract,56,0,-11.45,-1.75,1.75,-7.73,label box,0.3821,0.7608,0.012,0.0091,,
vsc,ventral spinocerebellar tract,56,1,-11.45,1.9,1.9,-7.79,label box,0.5712,0.7653,0.0124,0.0091,,
10N,dorsal motor nucleus of vagus,57,0,-11.8,-0.19,0.19,-6.25,label box,0.463,0.6415,0.0142,0.0119,,
10N,dorsal motor nucleus of vagus,57,1,-11.8,0.31,0.31,-6.26,label box,0.4888,0.6421,0.0142,0.0119,,
12GH,"hypoglossal nucleus, geniohyoid part",57,0,-11.8,0.6,0.6,-6.53,label box,0.504,0.6637,0.02,0.0119,,
12N,hypoglossal nucleus,57,0,-11.8,0.25,0.25,-6.52,label box,0.4855,0.6628,0.0142,0.0114,,
12N,hypoglossal nucleus,57,1,-11.8,-0.13,0.13,-6.53,label box,0.4659,0.6637,0.0142,0.0119,,
12n,hypoglossal nerve,57,0,-11.8,-0.47,0.47,-7.08,label box,0.4486,0.7082,0.0127,0.0119,,
12n,hypoglossal nerve,57,1,-11.8,0.58,0.58,-7.09,label box,0.5028,0.7092,0.0131,0.0119,,
8Cb,8th cerebellar lobule,57,0,-11.8,-0.01,0.01,-2.58,label box,0.4722,0.3446,0.0142,0.0119,,
9aCb,"9th cerebellar lobule, a",57,0,-11.8,0.04,0.04,-3.57,label box,0.4746,0.4251,0.0258,0.0131,,
9bCb,"9th cerebellar lobule, b",57,0,-11.8,0.04,0.04,-3.57,label box,0.4746,0.4251,0.0258,0.0131,,
9cCb,"9th cerebellar lobule, c",57,0,-11.8,0,0,-4.49,label box,0.4727,0.4991,0.0189,0.0119,,
Cop,copula of the pyramis,57,0,-11.8,-1.4,1.4,-3.52,label box,0.4004,0.4205,0.0138,0.0148,,
Cop,copula of the pyramis,57,1,-11.8,1.44,1.44,-3.52,label box,0.5472,0.4205,0.0138,0.0148,,
Cu,cuneate nucleus,57,0,-11.8,-0.7,0.7,-5.69,label box,0.4366,0.5957,0.0091,0.0119,,
Cu,cuneate nucleus,57,1,-11.8,0.82,0.82,-5.67,label box,0.5151,0.594,0.0091,0.0119,,
Ge5,gelatinous layer of the caudal spinal trigeminal nucleus,57,0,-11.8,2.12,2.12,-6.17,label box,0.5828,0.6344,0.0142,0.0125,,
Ge5,gelatinous layer of the caudal spinal trigeminal nucleus,57,1,-11.8,-2.02,2.02,-6.2,label box,0.3682,0.6376,0.0142,0.0119,,
Gr,gracile nucleus,57,0,-11.8,0.32,0.32,-5.54,label box,0.4891,0.5836,0.0084,0.0119,,
Gr,gracile nucleus,57,1,-11.8,-0.28,0.28,-5.55,label box,0.4583,0.5844,0.0084,0.0125,,
IB,interstitial nucleus of the medulla,57,0,-11.8,-0.59,0.59,-6.26,leader tip,0.4522,0.5997,0.0062,0.0119,0.4422,0.6419
IB,interstitial nucleus of the medulla,57,1,-11.8,0.45,0.45,-5.64,label box,0.496,0.5923,0.0087,0.0222,,
IOA,"inferior olive, subnucleus A of medial nucleus",57,0,-11.8,-0.8,0.8,-7.95,label box,0.4312,0.779,0.0123,0.0119,,
IOB,"inferior olive, subnucleus B of medial nucleus",57,0,-11.8,0.56,0.56,-7.79,label box,0.5018,0.7654,0.012,0.0119,,
IOB,"inferior olive, subnucleus B of medial nucleus",57,1,-11.8,-0.55,0.55,-7.81,label box,0.4441,0.7674,0.012,0.0125,,
IOBe,"inferior olive, beta subnucleus",57,0,-11.8,-0.16,0.16,-7.61,label box,0.4643,0.7515,0.0167,0.0125,,
IOBe,"inferior olive, beta subnucleus",57,1,-11.8,0.27,0.27,-7.61,label box,0.4866,0.7515,0.0163,0.0125,,
IOC,"inferior olive, subnucleus C of medial nucleus",57,0,-11.8,0.25,0.25,-7.78,label box,0.4857,0.7651,0.0123,0.0125,,
IOC,"inferior olive, subnucleus C of medial nucleus",57,1,-11.8,-0.18,0.18,-7.8,label box,0.4632,0.7663,0.0123,0.0125,,
IOK,"inferior olive, cap of Kooy of the medial nucleus",57,0,-11.8,0.22,0.22,-7.43,label box,0.484,0.7366,0.0124,0.0119,,
IRt,intermediate reticular nucleus,57,0,-11.8,-0.78,0.78,-6.57,label box,0.4321,0.6674,0.0098,0.0114,,
IRt,intermediate reticular nucleus,57,1,-11.8,1.11,1.11,-6.59,label box,0.5305,0.6685,0.0098,0.0114,,
LRt,lateral reticular nucleus,57,0,-11.8,1.65,1.65,-7.41,label box,0.5583,0.7347,0.012,0.0114,,
LRt,lateral reticular nucleus,57,1,-11.8,-1.46,1.46,-7.52,label box,0.3973,0.744,0.012,0.0119,,
LRtPC,"lateral reticular nucleus, parvicellular part",57,0,-11.8,1.73,1.73,-8,label box,0.5623,0.7827,0.0222,0.0119,,
LRtPC,"lateral reticular nucleus, parvicellular part",57,1,-11.8,-1.74,1.74,-8.06,label box,0.3824,0.7873,0.0221,0.0125,,
MdD,"medullary reticular nucleus, dorsal part",57,0,-11.8,-0.94,0.94,-6.3,label box,0.4242,0.6455,0.0164,0.0114,,
MdD,"medullary reticular nucleus, dorsal part",57,1,-11.8,1.28,1.28,-6.32,label box,0.5389,0.6466,0.016,0.0114,,
MdV,"medullary reticular nucleus, ventral part",57,0,-11.8,0.96,0.96,-7.2,label box,0.5225,0.7179,0.016,0.0119,,
Mx,matrix region of the medulla,57,0,-11.8,-0.88,0.88,-6,label box,0.4273,0.621,0.0102,0.0114,,
Mx,matrix region of the medulla,57,1,-11.8,1.03,1.03,-6.01,label box,0.5262,0.6216,0.0102,0.0114,,
Obex,obex,57,0,-11.8,0.04,0.04,-5.59,leader tip,0.474,0.5702,0.0178,0.0119,0.4749,0.5878
Pa5,paratrigeminal nucleus,57,0,-11.8,-1.67,1.67,-5.66,label box,0.3864,0.5938,0.0127,0.0114,,
Pa5,paratrigeminal nucleus,57,1,-11.8,1.81,1.81,-5.58,label box,0.5665,0.5869,0.0131,0.0114,,
RAmb,retroambiguus nucleus,57,0,-11.8,1.38,1.38,-7.05,label box,0.5441,0.7057,0.0214,0.0114,,
RAmb,retroambiguus nucleus,57,1,-11.8,-1.28,1.28,-7.08,label box,0.4062,0.7086,0.0218,0.0119,,
ROb,raphe obscurus nucleus,57,0,-11.8,0.06,0.06,-7.05,label box,0.4757,0.7063,0.0142,0.0119,,
RPa,raphe pallidus nucleus,57,0,-11.8,0.03,0.03,-8.14,label box,0.4744,0.794,0.0142,0.0119,,
Sp5C,"spinal trigeminal nucleus, caudal part",57,0,-11.8,-1.63,1.63,-6.04,label box,0.3883,0.6244,0.0193,0.0148,,
Sp5C,"spinal trigeminal nucleus, caudal part",57,1,-11.8,1.79,1.79,-6,label box,0.5654,0.6214,0.0192,0.0148,,
cbw,cerebellar white matter,57,0,-11.8,-0.42,0.42,-3.74,label box,0.4512,0.4381,0.0152,0.0119,,
cu,cuneate fasciculus,57,0,-11.8,-0.94,0.94,-5.46,label box,0.4241,0.5773,0.008,0.0091,,
cu,cuneate fasciculus,57,1,-11.8,1.03,1.03,-5.41,label box,0.5262,0.5731,0.0084,0.0091,,
dsc,dorsal spinocerebellar tract,57,0,-11.8,-2.3,2.3,-7.11,label box,0.3536,0.7105,0.0124,0.0119,,
dsc,dorsal spinocerebellar tract,57,1,-11.8,2.32,2.32,-7.07,label box,0.593,0.7077,0.0124,0.0119,,
gr,gracile fasciculus,57,0,-11.8,-0.14,0.14,-5.66,label box,0.4657,0.5932,0.0073,0.0119,,
gr,gracile fasciculus,57,1,-11.8,0.26,0.26,-5.71,label box,0.4864,0.5978,0.0073,0.0119,,
mlf,medial longitudinal fasciculus,57,0,-11.8,0.23,0.23,-6.89,label box,0.4848,0.693,0.0113,0.0114,,
mlf,medial longitudinal fasciculus,57,1,-11.8,-0.17,0.17,-6.9,label box,0.4637,0.6935,0.0113,0.0114,,
py,pyramidal tract,57,0,-11.8,0.42,0.42,-8.05,label box,0.4945,0.7869,0.008,0.0114,,
py,pyramidal tract,57,1,-11.8,-0.38,0.38,-8.08,label box,0.4528,0.7892,0.008,0.0114,,
pyx,pyramidal decussation,57,0,-11.8,0.06,0.06,-7.25,label box,0.4757,0.7224,0.0124,0.0119,,
rs,rubrospinal tract,57,0,-11.8,1.98,1.98,-7.12,label box,0.5754,0.7116,0.0113,0.0244,,
rs,rubrospinal tract,57,1,-11.8,-1.93,1.93,-7.25,label box,0.3729,0.7222,0.0062,0.0085,,
sf,secondary fissure,57,0,-11.8,-0.75,0.75,-3.12,label box,0.434,0.3881,0.0062,0.0114,,
sol,solitary tract,57,0,-11.8,0.03,0.03,-5.99,label box,0.4744,0.6199,0.0149,0.0227,,
sol,solitary tract,57,1,-11.8,0.58,0.58,-5.92,label box,0.5028,0.6148,0.0102,0.0119,,
sol,solitary tract,57,2,-11.8,-0.54,0.54,-5.94,label box,0.445,0.6165,0.0102,0.0119,,
sp5,spinal trigeminal tract,57,0,-11.8,2.42,2.42,-6.35,label box,0.5979,0.6491,0.0127,0.0142,,
sp5,spinal trigeminal tract,57,1,-11.8,-2.32,2.32,-6.44,label box,0.3524,0.6569,0.0131,0.0142,,
ts,tectospinal tract,57,0,-11.8,-0.24,0.24,-7.24,label box,0.4602,0.7216,0.0062,0.0114,,
ts,tectospinal tract,57,1,-11.8,0.35,0.35,-7.23,label box,0.4907,0.7207,0.0062,0.0108,,
uf,uvular fissure,57,0,-11.8,0,0,-4.21,label box,0.4726,0.4761,0.0062,0.017,,
vsc,ventral spinocerebellar tract,57,0,-11.8,1.96,1.96,-7.52,label box,0.5743,0.7438,0.012,0.0091,,
vsc,ventral spinocerebellar tract,57,1,-11.8,-1.86,1.86,-7.62,label box,0.3761,0.7517,0.0124,0.0091,,
10N,dorsal motor nucleus of vagus,58,0,-12.15,-0.8,0.8,-7.71,label box,0.4311,0.7594,0.012,0.0119,,
12GH,"hypoglossal nucleus, geniohyoid part",58,0,-12.15,0.57,0.57,-6.68,label box,0.5024,0.6762,0.0196,0.0119,,
12N,hypoglossal nucleus,58,0,-12.15,0.09,0.09,-6,leader tip,0.4828,0.6705,0.0138,0.0119,0.4773,0.6214
12N,hypoglossal nucleus,58,1,-12.15,-0.18,0.18,-6.13,leader tip,0.4617,0.6717,0.0138,0.0119,0.4635,0.6317
12n,hypoglossal nerve,58,0,-12.15,0.5,0.5,-7.01,label box,0.4984,0.7026,0.0131,0.0114,,
12n,hypoglossal nerve,58,1,-12.15,-0.55,0.55,-7.02,label box,0.4443,0.7032,0.0131,0.0114,,
8Cb,8th cerebellar lobule,58,0,-12.15,-0.07,0.07,-2.54,label box,0.4693,0.3418,0.0142,0.0119,,
9aCb,"9th cerebellar lobule, a",58,0,-12.15,-0.06,0.06,-3.52,label box,0.4695,0.4208,0.0258,0.0125,,
9bCb,"9th cerebellar lobule, b",58,0,-12.15,-0.06,0.06,-3.52,label box,0.4695,0.4208,0.0258,0.0125,,
9cCb,"9th cerebellar lobule, c",58,0,-12.15,-0.07,0.07,-4.49,label box,0.4693,0.4991,0.0185,0.0119,,
CeCv,central cervical nucleus of the spinal cord,58,0,-12.15,-0.43,0.43,-6.48,label box,0.4505,0.6597,0.0189,0.0119,,
Cu,cuneate nucleus,58,0,-12.15,-0.69,0.69,-5.94,label box,0.4368,0.6165,0.0087,0.0125,,
Cu,cuneate nucleus,58,1,-12.15,0.63,0.63,-5.94,label box,0.5053,0.6162,0.0091,0.0119,,
Ge5,gelatinous layer of the caudal spinal trigeminal nucleus,58,0,-12.15,-2,2,-6.23,label box,0.3693,0.6398,0.0142,0.0119,,
Ge5,gelatinous layer of the caudal spinal trigeminal nucleus,58,1,-12.15,1.95,1.95,-6.27,label box,0.5739,0.6427,0.0138,0.0119,,
Gr,gracile nucleus,58,0,-12.15,-0.29,0.29,-5.85,label box,0.4575,0.6086,0.0084,0.0119,,
IB,interstitial nucleus of the medulla,58,0,-12.15,-0.45,0.45,-6.06,label box,0.4492,0.6256,0.0062,0.0119,,
IB,interstitial nucleus of the medulla,58,1,-12.15,0.35,0.35,-6.06,label box,0.491,0.6256,0.0062,0.0119,,
IOBe,"inferior olive, beta subnucleus",58,0,-12.15,-0.25,0.25,-7.37,label box,0.4598,0.7321,0.0164,0.0119,,
IOBe,"inferior olive, beta subnucleus",58,1,-12.15,0.3,0.3,-7.7,leader tip,0.4813,0.7319,0.0167,0.0119,0.4881,0.7583
IOC,"inferior olive, subnucleus C of medial nucleus",58,0,-12.15,-0.24,0.24,-7.53,label box,0.4603,0.7447,0.0123,0.0125,,
IRt,intermediate reticular nucleus,58,0,-12.15,1,1,-6.72,label box,0.5243,0.679,0.0094,0.0114,,
IRt,intermediate reticular nucleus,58,1,-12.15,-1,1,-6.68,label box,0.4209,0.6762,0.0098,0.0119,,
LRt,lateral reticular nucleus,58,0,-12.15,-1.43,1.43,-7.5,label box,0.3988,0.7426,0.012,0.0114,,
LRt,lateral reticular nucleus,58,1,-12.15,1.36,1.36,-7.49,label box,0.5434,0.7418,0.0123,0.0114,,
LRt,lateral reticular nucleus,58,2,-12.15,-2.06,2.06,-7.73,label box,0.3659,0.7611,0.0123,0.0114,,
LRtPC,"lateral reticular nucleus, parvicellular part",58,0,-12.15,1.83,1.83,-7.72,label box,0.5677,0.76,0.0225,0.0125,,
MdD,"medullary reticular nucleus, dorsal part",58,0,-12.15,-1.11,1.11,-6.33,label box,0.4152,0.6474,0.0164,0.0119,,
MdD,"medullary reticular nucleus, dorsal part",58,1,-12.15,1.13,1.13,-6.34,label box,0.5311,0.6489,0.0164,0.0114,,
MdV,"medullary reticular nucleus, ventral part",58,0,-12.15,0.83,0.83,-7.1,label box,0.5156,0.7103,0.0163,0.0119,,
MdV,"medullary reticular nucleus, ventral part",58,1,-12.15,-0.87,0.87,-7.11,label box,0.4278,0.7109,0.0163,0.0119,,
Mx,matrix region of the medulla,58,0,-12.15,1,1,-5.96,label box,0.5247,0.6176,0.0102,0.0114,,
Mx,matrix region of the medulla,58,1,-12.15,-1.01,1.01,-5.97,label box,0.4205,0.6188,0.0105,0.0119,,
RAmb,retroambiguus nucleus,58,0,-12.15,1.38,1.38,-7.05,label box,0.5441,0.7057,0.0214,0.0114,,
RAmb,retroambiguus nucleus,58,1,-12.15,-1.31,1.31,-6.98,label box,0.4047,0.7006,0.0218,0.0119,,
RPa,raphe pallidus nucleus,58,0,-12.15,-0.07,0.07,-7.54,leader tip,0.4697,0.7734,0.0145,0.0119,0.4693,0.7458
Sp5C,"spinal trigeminal nucleus, caudal part",58,0,-12.15,-1.71,1.71,-6.08,label box,0.3843,0.6278,0.0193,0.0148,,
Sp5C,"spinal trigeminal nucleus, caudal part",58,1,-12.15,1.72,1.72,-6.12,label box,0.5616,0.6304,0.0193,0.0142,,
cu,cuneate fasciculus,58,0,-12.15,-0.83,0.83,-5.74,label box,0.4299,0.6,0.008,0.0091,,
cu,cuneate fasciculus,58,1,-12.15,0.72,0.72,-5.74,label box,0.5102,0.6,0.008,0.0091,,
dsc,dorsal spinocerebellar tract,58,0,-12.15,2.02,2.02,-7.22,label box,0.5774,0.7196,0.0124,0.0119,,
dsc,dorsal spinocerebellar tract,58,1,-12.15,-2.16,2.16,-7.16,label box,0.361,0.7148,0.0127,0.0119,,
gr,gracile fasciculus,58,0,-12.15,-0.15,0.15,-6,label box,0.465,0.6211,0.0073,0.0119,,
mlf,medial longitudinal fasciculus,58,0,-12.15,0.19,0.19,-6.89,label box,0.4824,0.6927,0.0109,0.0119,,
mlf,medial longitudinal fasciculus,58,1,-12.15,-0.17,0.17,-6.9,label box,0.4637,0.6935,0.0113,0.0114,,
py,pyramidal tract,58,0,-12.15,-0.26,0.26,-7.7,label box,0.4594,0.7586,0.0084,0.0119,,
pyx,pyramidal decussation,58,0,-12.15,-0.02,0.02,-7.22,label box,0.4719,0.7194,0.0123,0.0119,,
rs,rubrospinal tract,58,0,-12.15,-1.83,1.83,-7.22,label box,0.3781,0.7199,0.0062,0.0091,,
rs,rubrospinal tract,58,1,-12.15,1.77,1.77,-7.21,label box,0.5647,0.7185,0.0062,0.0091,,
sf,secondary fissure,58,0,-12.15,-0.69,0.69,-2.73,label box,0.4371,0.3571,0.0051,0.0108,,
sp5,spinal trigeminal tract,58,0,-12.15,2.21,2.21,-6.44,label box,0.587,0.6563,0.0131,0.0142,,
sp5,spinal trigeminal tract,58,1,-12.15,-2.23,2.23,-6.44,label box,0.3572,0.6569,0.0131,0.0142,,
ts,tectospinal tract,58,0,-12.15,-0.28,0.28,-7.2,label box,0.4583,0.718,0.0062,0.0114,,
uf,uvular fissure,58,0,-12.15,-0.13,0.13,-4.12,label box,0.466,0.469,0.0055,0.0165,,
vsc,ventral spinocerebellar tract,58,0,-12.15,1.86,1.86,-7.42,label box,0.5692,0.7355,0.012,0.0085,,
vsc,ventral spinocerebellar tract,58,1,-12.15,-1.89,1.89,-7.55,label box,0.3748,0.746,0.012,0.0091,,
9aCb,"9th cerebellar lobule, a",59,0,-12.5,-0.1,0.1,-4.02,label box,0.4677,0.4609,0.0258,0.0131,,
9bCb,"9th cerebellar lobule, b",59,0,-12.5,-0.1,0.1,-4.02,label box,0.4677,0.4609,0.0258,0.0131,,
9cCb,"9th cerebellar lobule, c",59,0,-12.5,-0.1,0.1,-4.49,label box,0.4673,0.4991,0.0189,0.0119,,
Cu,cuneate nucleus,59,0,-12.5,0.52,0.52,-6.13,label box,0.4998,0.6315,0.0091,0.0119,,
Ge5,gelatinous layer of the caudal spinal trigeminal nucleus,59,0,-12.5,1.49,1.49,-5.86,label box,0.55,0.6099,0.0134,0.0119,,
Ge5,gelatinous layer of the caudal spinal trigeminal nucleus,59,1,-12.5,-1.46,1.46,-5.87,label box,0.3969,0.6109,0.0142,0.0119,,
IB,interstitial nucleus of the medulla,59,0,-12.5,-0.41,0.41,-6.34,label box,0.4515,0.6486,0.0062,0.0119,,
IB,interstitial nucleus of the medulla,59,1,-12.5,0.5,0.5,-6.28,label box,0.4987,0.644,0.0062,0.0119,,
IRt,intermediate reticular nucleus,59,0,-12.5,-0.95,0.95,-6.62,label box,0.4233,0.671,0.0094,0.0114,,
IRt,intermediate reticular nucleus,59,1,-12.5,1,1,-6.62,label box,0.5247,0.6711,0.0098,0.0119,,
LRt,lateral reticular nucleus,59,0,-12.5,1.27,1.27,-7.54,label box,0.5383,0.7455,0.012,0.0114,,
MdD,"medullary reticular nucleus, dorsal part",59,0,-12.5,-0.87,0.87,-6.37,label box,0.4276,0.6506,0.0167,0.0119,,
MdD,"medullary reticular nucleus, dorsal part",59,1,-12.5,1.02,1.02,-6.38,label box,0.5254,0.6518,0.0163,0.0119,,
MdV,"medullary reticular nucleus, ventral part",59,0,-12.5,-0.92,0.92,-7.12,label box,0.4251,0.7114,0.016,0.0114,,
MdV,"medullary reticular nucleus, ventral part",59,1,-12.5,0.83,0.83,-7.1,label box,0.5156,0.7102,0.016,0.0114,,
MnA,median accessory nucleus of the medulla,59,0,-12.5,0.04,0.04,-5.62,label box,0.4746,0.5907,0.0156,0.0114,,
Mx,matrix region of the medulla,59,0,-12.5,-0.83,0.83,-6.15,label box,0.4295,0.6335,0.0102,0.0114,,
Mx,matrix region of the medulla,59,1,-12.5,0.8,0.8,-6.18,label box,0.5142,0.6356,0.0105,0.0114,,
Sp5C,"spinal trigeminal nucleus, caudal part",59,0,-12.5,-1.42,1.42,-6.2,label box,0.3993,0.6372,0.0247,0.0244,,
Sp5C,"spinal trigeminal nucleus, caudal part",59,1,-12.5,1.53,1.53,-6.23,label box,0.5518,0.6395,0.0193,0.0142,,
cu,cuneate fasciculus,59,0,-12.5,-0.55,0.55,-5.97,label box,0.4444,0.6188,0.008,0.0091,,
cu,cuneate fasciculus,59,1,-12.5,0.52,0.52,-5.94,label box,0.4996,0.6165,0.008,0.0091,,
cu,cuneate fasciculus,59,2,-12.5,-0.51,0.51,-6.17,label box,0.4461,0.6344,0.0094,0.0125,,
dsc,dorsal spinocerebellar tract,59,0,-12.5,-1.59,1.59,-7.29,label box,0.3903,0.7253,0.0124,0.0119,,
dsc,dorsal spinocerebellar tract,59,1,-12.5,1.66,1.66,-7.14,label box,0.5589,0.7128,0.0116,0.0222,,
mlf,medial longitudinal fasciculus,59,0,-12.5,0.29,0.29,-7.18,label box,0.4876,0.7165,0.0109,0.0114,,
mlf,medial longitudinal fasciculus,59,1,-12.5,-0.23,0.23,-7.18,label box,0.461,0.7165,0.0109,0.0119,,
pyx,pyramidal decussation,59,0,-12.5,0.03,0.03,-7.36,label box,0.4742,0.7312,0.0124,0.0114,,
rs,rubrospinal tract,59,0,-12.5,-1.66,1.66,-7.12,label box,0.3868,0.7114,0.0062,0.0091,,
rs,rubrospinal tract,59,1,-12.5,1.66,1.66,-7.05,label box,0.5588,0.7057,0.0062,0.0097,,
sp5,spinal trigeminal tract,59,0,-12.5,2.11,2.11,-6.5,label box,0.5819,0.6614,0.0127,0.0136,,
sp5,spinal trigeminal tract,59,1,-12.5,-2.11,2.11,-6.53,label box,0.3635,0.6637,0.0127,0.0142,,
ts,tectospinal tract,59,0,-12.5,-0.26,0.26,-7.37,label box,0.4593,0.7321,0.0065,0.0108,,
ts,tectospinal tract,59,1,-12.5,0.29,0.29,-7.36,label box,0.4875,0.7312,0.0062,0.0114,,
uf,uvular fissure,59,0,-12.5,0.37,0.37,-4.28,label box,0.492,0.4818,0.0051,0.0102,,
vsc,ventral spinocerebellar tract,59,0,-12.5,1.6,1.6,-7.43,label box,0.5556,0.7369,0.0124,0.0091,,
vsc,ventral spinocerebellar tract,59,1,-12.5,-1.55,1.55,-7.48,label box,0.3922,0.7407,0.012,0.0091,,
11N,accessory nerve nucleus,60,0,-12.85,0.38,0.38,-7.19,label box,0.4924,0.7171,0.0142,0.0119,,
11N,accessory nerve nucleus,60,1,-12.85,-0.48,0.48,-7.2,label box,0.4481,0.7177,0.0142,0.0119,,
CC,central canal,60,0,-12.85,-0.02,0.02,-6.43,leader tip,0.4704,0.6756,0.0102,0.0119,0.4719,0.6555
Cu,cuneate nucleus,60,0,-12.85,0.43,0.43,-6.45,leader tip,0.4977,0.6364,0.0094,0.0119,0.4951,0.6572
Cu,cuneate nucleus,60,1,-12.85,-0.52,0.52,-6.22,label box,0.4459,0.6387,0.0091,0.0119,,
Ge5,gelatinous layer of the caudal spinal trigeminal nucleus,60,0,-12.85,-1.61,1.61,-6.25,label box,0.3895,0.6412,0.0138,0.0119,,
Ge5,gelatinous layer of the caudal spinal trigeminal nucleus,60,1,-12.85,1.6,1.6,-6.28,label box,0.5558,0.6435,0.0142,0.0119,,
IB,interstitial nucleus of the medulla,60,0,-12.85,-0.56,0.56,-6.38,label box,0.4439,0.6521,0.0065,0.0114,,
IRt,intermediate reticular nucleus,60,0,-12.85,-1.13,1.13,-6.83,label box,0.4142,0.6884,0.0094,0.0119,,
IRt,intermediate reticular nucleus,60,1,-12.85,0.95,0.95,-6.83,label box,0.5218,0.6881,0.0094,0.0114,,
MdD,"medullary reticular nucleus, dorsal part",60,0,-12.85,0.92,0.92,-6.53,label box,0.5205,0.6639,0.0164,0.0119,,
MdD,"medullary reticular nucleus, dorsal part",60,1,-12.85,-0.94,0.94,-6.53,label box,0.4238,0.6637,0.0163,0.0119,,
MdV,"medullary reticular nucleus, ventral part",60,0,-12.85,0.78,0.78,-7.16,label box,0.5134,0.7145,0.016,0.0119,,
MdV,"medullary reticular nucleus, ventral part",60,1,-12.85,-0.9,0.9,-7.15,label box,0.4263,0.7137,0.0163,0.0119,,
MnA,median accessory nucleus of the medulla,60,0,-12.85,-0.03,0.03,-6.36,label box,0.4713,0.6498,0.0156,0.0114,,
SolC,"nucleus of the solitary tract, commissural part",60,0,-12.85,-0.05,0.05,-6.51,label box,0.4699,0.662,0.0156,0.0119,,
Sp5C,"spinal trigeminal nucleus, caudal part",60,0,-12.85,-1.52,1.52,-6.53,label box,0.394,0.664,0.0192,0.0148,,
cu,cuneate fasciculus,60,0,-12.85,0.62,0.62,-6.01,label box,0.5049,0.6217,0.008,0.0097,,
cu,cuneate fasciculus,60,1,-12.85,-0.6,0.6,-6.03,label box,0.4414,0.6231,0.008,0.0091,,
dcs,dorsal corticospinal tract,60,0,-12.85,-0.33,0.33,-6.46,label box,0.4556,0.6583,0.0123,0.0114,,
dcs,dorsal corticospinal tract,60,1,-12.85,0.31,0.31,-6.45,label box,0.4886,0.6572,0.0123,0.0114,,
dsc,dorsal spinocerebellar tract,60,0,-12.85,-1.39,1.39,-7.36,label box,0.4009,0.7307,0.0127,0.0119,,
dsc,dorsal spinocerebellar tract,60,1,-12.85,1.28,1.28,-7.36,label box,0.5392,0.7307,0.0127,0.0119,,
mlf,medial longitudinal fasciculus,60,0,-12.85,0.18,0.18,-7.35,label box,0.4822,0.7302,0.0113,0.0119,,
mlf,medial longitudinal fasciculus,60,1,-12.85,-0.3,0.3,-7.36,label box,0.4572,0.7313,0.0113,0.0119,,
pyx,pyramidal decussation,60,0,-12.85,-0.05,0.05,-7.21,label box,0.4702,0.719,0.0124,0.0119,,
rs,rubrospinal tract,60,0,-12.85,1.49,1.49,-7.2,label box,0.5498,0.718,0.0062,0.0091,,
sp5,spinal trigeminal tract,60,0,-12.85,-1.89,1.89,-6.42,label box,0.3749,0.6546,0.0131,0.0142,,
sp5,spinal trigeminal tract,60,1,-12.85,1.86,1.86,-6.47,label box,0.5692,0.6592,0.0131,0.0142,,
ts,tectospinal tract,60,0,-12.85,-1.67,1.67,-7.15,label box,0.3864,0.7136,0.0062,0.0091,,
ts,tectospinal tract,60,1,-12.85,-0.34,0.34,-7.72,label box,0.4551,0.7599,0.0062,0.0108,,
ts,tectospinal tract,60,2,-12.85,0.27,0.27,-7.72,label box,0.4867,0.7597,0.0062,0.0114,,
vsc,ventral spinocerebellar tract,60,0,-12.85,-0.9,0.9,-7.63,label box,0.4261,0.7528,0.012,0.0091,,
vsc,ventral spinocerebellar tract,60,1,-12.85,0.87,0.87,-7.67,label box,0.5178,0.7557,0.0124,0.0091,,
11N,accessory nerve nucleus,61,0,-13.2,-0.33,0.33,-7.27,label box,0.4557,0.7239,0.0138,0.0114,,
11N,accessory nerve nucleus,61,1,-13.2,0.39,0.39,-7.27,label box,0.4929,0.7233,0.0142,0.0114,,
Cu,cuneate nucleus,61,0,-13.2,0.58,0.58,-6.42,label box,0.5027,0.6554,0.012,0.0222,,
Ge5,gelatinous layer of the caudal spinal trigeminal nucleus,61,0,-13.2,1.32,1.32,-6.35,label box,0.5411,0.6491,0.0138,0.0119,,
Ge5,gelatinous layer of the caudal spinal trigeminal nucleus,61,1,-13.2,-1.27,1.27,-6.28,label box,0.4067,0.6435,0.0142,0.0125,,
Gr,gracile nucleus,61,0,-13.2,-0.03,0.03,-6.22,label box,0.4713,0.6387,0.0084,0.0119,,
IB,interstitial nucleus of the medulla,61,0,-13.2,-0.31,0.31,-6.65,label box,0.4569,0.6733,0.0062,0.0114,,
IB,interstitial nucleus of the medulla,61,1,-13.2,0.45,0.45,-6.64,label box,0.4962,0.6727,0.0062,0.0114,,
IRt,intermediate reticular nucleus,61,0,-13.2,0.8,0.8,-6.9,label box,0.5142,0.694,0.0094,0.0119,,
IRt,intermediate reticular nucleus,61,1,-13.2,-0.81,0.81,-6.88,label box,0.4307,0.6924,0.0098,0.0114,,
MdD,"medullary reticular nucleus, dorsal part",61,0,-13.2,-0.82,0.82,-6.63,label box,0.4303,0.6717,0.0163,0.0119,,
MdD,"medullary reticular nucleus, dorsal part",61,1,-13.2,0.88,0.88,-6.63,label box,0.5185,0.6719,0.0163,0.0114,,
MdV,"medullary reticular nucleus, ventral part",61,0,-13.2,-0.75,0.75,-7.23,label box,0.4339,0.7205,0.0163,0.0119,,
MdV,"medullary reticular nucleus, ventral part",61,1,-13.2,0.74,0.74,-7.26,label box,0.5113,0.7228,0.0163,0.0119,,
MnA,median accessory nucleus of the medulla,61,0,-13.2,0.07,0.07,-6.56,label box,0.4761,0.6663,0.0156,0.0114,,
SolC,"nucleus of the solitary tract, commissural part",61,0,-13.2,0.04,0.04,-6.7,label box,0.4746,0.6773,0.0156,0.0119,,
Sp5C,"spinal trigeminal nucleus, caudal part",61,0,-13.2,-1.41,1.41,-6.75,label box,0.3998,0.6816,0.0192,0.0148,,
Sp5C,"spinal trigeminal nucleus, caudal part",61,1,-13.2,1.34,1.34,-6.78,label box,0.5421,0.6839,0.0192,0.0148,,
cu,cuneate fasciculus,61,0,-13.2,-0.54,0.54,-6.17,label box,0.4448,0.6347,0.008,0.0091,,
cu,cuneate fasciculus,61,1,-13.2,0.67,0.67,-6.17,label box,0.5076,0.6347,0.008,0.0091,,
dcs,dorsal corticospinal tract,61,0,-13.2,-0.21,0.21,-6.42,label box,0.4621,0.6549,0.0123,0.0114,,
dcs,dorsal corticospinal tract,61,1,-13.2,0.32,0.32,-6.42,label box,0.4893,0.6549,0.0123,0.0114,,
dsc,dorsal spinocerebellar tract,61,0,-13.2,0.95,0.95,-7.57,label box,0.5222,0.748,0.0138,0.021,,
dsc,dorsal spinocerebellar tract,61,1,-13.2,-1.06,1.06,-7.48,label box,0.4178,0.741,0.0123,0.0119,,
mlf,medial longitudinal fasciculus,61,0,-13.2,0.19,0.19,-7.57,label box,0.4826,0.7483,0.0109,0.0114,,
mlf,medial longitudinal fasciculus,61,1,-13.2,-0.12,0.12,-7.57,label box,0.4666,0.7478,0.0113,0.0119,,
pyx,pyramidal decussation,61,0,-13.2,0.03,0.03,-7.34,label box,0.4744,0.7296,0.0123,0.0119,,
rs,rubrospinal tract,61,0,-13.2,-1.25,1.25,-7.39,label box,0.4079,0.733,0.0062,0.0091,,
rs,rubrospinal tract,61,1,-13.2,1.1,1.1,-7.49,label box,0.5298,0.7413,0.0062,0.0091,,
sp5,spinal trigeminal tract,61,0,-13.2,-1.73,1.73,-6.64,label box,0.3832,0.673,0.0127,0.0142,,
sp5,spinal trigeminal tract,61,1,-13.2,1.65,1.65,-6.62,label box,0.5581,0.671,0.0131,0.0136,,
ts,tectospinal tract,61,0,-13.2,-0.18,0.18,-7.85,label box,0.4635,0.7707,0.0062,0.0108,,
ts,tectospinal tract,61,1,-13.2,0.2,0.2,-7.85,label box,0.4833,0.7707,0.0051,0.0108,,
vsc,ventral spinocerebellar tract,61,0,-13.2,-0.86,0.86,-7.69,label box,0.4282,0.758,0.012,0.0091,,
vsc,ventral spinocerebellar tract,61,1,-13.2,0.63,0.63,-7.74,label box,0.5053,0.7617,0.0123,0.0091,,
11N,accessory nerve nucleus,62,0,-13.55,0.53,0.53,-7.81,label box,0.5002,0.7671,0.0138,0.0119,,
11N,accessory nerve nucleus,62,1,-13.55,0.45,0.45,-7.82,label box,0.4962,0.768,0.0218,0.0125,,
9N,glossopharyngeal nerve nucleus,62,0,-13.55,0.45,0.45,-7.82,label box,0.4962,0.768,0.0218,0.0125,,
Cu,cuneate nucleus,62,0,-13.55,0.48,0.48,-6.36,label box,0.4977,0.6501,0.0094,0.0119,,
Cu,cuneate nucleus,62,1,-13.55,-0.46,0.46,-6.37,label box,0.4488,0.6512,0.0091,0.0119,,
Ge5,gelatinous layer of the caudal spinal trigeminal nucleus,62,0,-13.55,1.1,1.1,-6.19,label box,0.5296,0.6364,0.0138,0.0119,,
Ge5,gelatinous layer of the caudal spinal trigeminal nucleus,62,1,-13.55,-1.15,1.15,-6.2,label box,0.4133,0.6376,0.0142,0.0119,,
IB,interstitial nucleus of the medulla,62,0,-13.55,0.38,0.38,-6.5,label box,0.4922,0.6614,0.0076,0.0182,,
IB,interstitial nucleus of the medulla,62,1,-13.55,-0.39,0.39,-6.47,label box,0.4524,0.6591,0.0065,0.0205,,
IRt,intermediate reticular nucleus,62,0,-13.55,-0.81,0.81,-6.92,label box,0.431,0.6957,0.0094,0.0119,,
IRt,intermediate reticular nucleus,62,1,-13.55,0.8,0.8,-6.9,label box,0.5142,0.694,0.0094,0.0119,,
MdD,"medullary reticular nucleus, dorsal part",62,0,-13.55,0.74,0.74,-6.6,label box,0.5113,0.6694,0.0163,0.0119,,
MdD,"medullary reticular nucleus, dorsal part",62,1,-13.55,-0.81,0.81,-6.61,label box,0.431,0.6705,0.0163,0.0119,,
MdV,"medullary reticular nucleus, ventral part",62,0,-13.55,-0.81,0.81,-7.16,label box,0.4308,0.7148,0.0164,0.0114,,
MdV,"medullary reticular nucleus, ventral part",62,1,-13.55,0.81,0.81,-7.13,label box,0.5149,0.712,0.0163,0.0119,,
MnA,median accessory nucleus of the medulla,62,0,-13.55,-0.01,0.01,-6.62,label box,0.4724,0.6714,0.0156,0.0114,,
SolC,"nucleus of the solitary tract, commissural part",62,0,-13.55,-0.03,0.03,-6.75,label box,0.471,0.6819,0.0156,0.0119,,
Sp5C,"spinal trigeminal nucleus, caudal part",62,0,-13.55,1.19,1.19,-6.56,label box,0.5345,0.6665,0.0192,0.0142,,
Sp5C,"spinal trigeminal nucleus, caudal part",62,1,-13.55,-1.26,1.26,-6.57,label box,0.4074,0.6674,0.0192,0.0148,,
cu,cuneate fasciculus,62,0,-13.55,-0.45,0.45,-6.2,label box,0.4495,0.6369,0.008,0.0091,,
cu,cuneate fasciculus,62,1,-13.55,0.47,0.47,-6.2,label box,0.4971,0.6369,0.008,0.0091,,
dcs,dorsal corticospinal tract,62,0,-13.55,-0.21,0.21,-6.42,label box,0.4621,0.6549,0.0123,0.0114,,
dcs,dorsal corticospinal tract,62,1,-13.55,0.24,0.24,-6.42,label box,0.485,0.6549,0.0123,0.0114,,
dsc,dorsal spinocerebellar tract,62,0,-13.55,-1.32,1.32,-7.32,label box,0.4044,0.7276,0.0124,0.0119,,
dsc,dorsal spinocerebellar tract,62,1,-13.55,1.18,1.18,-7.39,label box,0.5338,0.7335,0.0124,0.0114,,
gr,gracile fasciculus,62,0,-13.55,-0.08,0.08,-6.24,label box,0.4686,0.6404,0.0073,0.0119,,
mlf,medial longitudinal fasciculus,62,0,-13.55,0.15,0.15,-7.54,label box,0.4806,0.7455,0.0113,0.0114,,
mlf,medial longitudinal fasciculus,62,1,-13.55,-0.18,0.18,-7.54,label box,0.4634,0.7455,0.0113,0.0119,,
pyx,pyramidal decussation,62,0,-13.55,-0.15,0.15,-6.8,leader tip,0.472,0.7188,0.0124,0.0114,0.4648,0.6857
rs,rubrospinal tract,62,0,-13.55,-1.39,1.39,-7.12,label box,0.4006,0.7114,0.0062,0.0091,,
rs,rubrospinal tract,62,1,-13.55,1.25,1.25,-7.18,label box,0.5376,0.7165,0.0062,0.0091,,
sp5,spinal trigeminal tract,62,0,-13.55,1.53,1.53,-6.43,label box,0.5521,0.6557,0.0131,0.0142,,
sp5,spinal trigeminal tract,62,1,-13.55,-1.61,1.61,-6.44,label box,0.3895,0.6563,0.0131,0.0142,,
ts,tectospinal tract,62,0,-13.55,0.2,0.2,-7.94,label box,0.4831,0.7776,0.0065,0.0114,,
vsc,ventral spinocerebellar tract,62,0,-13.55,0.87,0.87,-7.69,label box,0.5176,0.758,0.012,0.0091,,
vsc,ventral spinocerebellar tract,62,1,-13.55,-0.94,0.94,-7.7,label box,0.4238,0.7583,0.012,0.0091,,
