{"type":"FeatureCollection","name":"GerbilAtlas plate 30","note":"Region extents cut from the atlas drawing (METHODS.md, Region extents). Coordinates are [ML, DV] in mm, ML positive to the right of the plate as printed, DV negative below the dorsal surface; AP is the plate bregma. traced_fraction is the share of each polygon boundary the atlas actually draws; below 0.5 the boundary is an estimate. no_drawn_outline marks a feature that lies only inside boundaries the atlas draws round more than one name and prints nothing within, so the whole of its outline is where the extraction cut it. Not a segmentation.","plate":30,"ap_bregma_mm":-2.35,"features":[{"type":"Feature","geometry":{"type":"MultiPolygon","coordinates":[[[[1.389,-0.478],[1.284,-1.533],[0.947,-1.512],[0.863,-1.54],[0.842,-1.526],[0.716,-1.272],[0.59,-1.075],[0.569,-1.061],[0.373,-0.766],[0.281,-0.668],[0.358,-0.583],[0.471,-0.506],[0.688,-0.414],[0.996,-0.421],[1.389,-0.478]]],[[[-0.287,-0.689],[-0.315,-0.703],[-0.385,-0.815],[-0.413,-0.836],[-0.63,-1.139],[-0.707,-1.286],[-0.82,-1.603],[-0.939,-1.61],[-1.016,-1.638],[-1.177,-1.666],[-1.373,-1.68],[-1.422,-1.673],[-1.422,-1.596],[-1.464,-1.413],[-1.486,-1.223],[-1.535,-1.012],[-1.612,-0.534],[-1.507,-0.506],[-1.121,-0.45],[-0.904,-0.45],[-0.728,-0.485],[-0.546,-0.541],[-0.392,-0.611],[-0.308,-0.661],[-0.287,-0.689]]]]},"properties":{"abbr":"RSD","name":"retrosplenial dysgranular cortex","plate":30,"ap_bregma_mm":-2.35,"area_mm2":1.9529,"traced_fraction":[1.0,1.0],"n_labels":2,"no_drawn_outline":false}},{"type":"Feature","geometry":{"type":"MultiPolygon","coordinates":[[[[-3.021,-0.794],[-3.0,-0.942],[-2.783,-1.842],[-2.853,-1.877],[-2.993,-1.912],[-3.119,-1.962],[-3.421,-2.074],[-4.017,-2.37],[-4.192,-2.081],[-4.29,-1.948],[-4.479,-1.624],[-4.599,-1.455],[-4.641,-1.357],[-4.536,-1.286],[-4.15,-1.104],[-3.954,-1.04],[-3.771,-0.963],[-3.365,-0.85],[-3.021,-0.794]]]]},"properties":{"abbr":"LPtA","name":"lateral parietal association cortex","plate":30,"ap_bregma_mm":-2.35,"area_mm2":1.7768,"traced_fraction":[1.0],"n_labels":1,"no_drawn_outline":false}},{"type":"Feature","geometry":{"type":"MultiPolygon","coordinates":[[[[0.281,-0.668],[0.373,-0.766],[0.569,-1.061],[0.59,-1.075],[0.716,-1.272],[0.842,-1.526],[0.863,-1.54],[0.821,-1.624],[0.772,-1.673],[0.723,-1.765],[0.555,-1.997],[0.534,-2.032],[0.534,-2.06],[0.513,-2.095],[0.435,-2.159],[0.302,-2.187],[0.253,-2.159],[0.253,-2.053],[0.092,-2.053],[0.092,-1.694],[0.064,-1.139],[0.078,-1.012],[0.106,-0.928],[0.218,-0.752],[0.232,-0.71],[0.281,-0.668]]],[[[-0.287,-0.689],[-0.231,-0.724],[-0.231,-0.738],[-0.161,-0.794],[-0.09,-0.886],[-0.041,-0.977],[-0.013,-1.118],[0.001,-1.125],[0.015,-2.081],[0.029,-2.201],[-0.034,-2.201],[-0.076,-2.166],[-0.118,-2.159],[-0.146,-2.187],[-0.146,-2.215],[-0.266,-2.201],[-0.406,-2.145],[-0.413,-2.109],[-0.532,-1.955],[-0.651,-1.723],[-0.728,-1.645],[-0.82,-1.603],[-0.707,-1.286],[-0.63,-1.139],[-0.413,-0.836],[-0.385,-0.815],[-0.315,-0.703],[-0.287,-0.689]]]]},"properties":{"abbr":"RSGc","name":"retrosplenial granular cortex, c region","plate":30,"ap_bregma_mm":-2.35,"area_mm2":1.6036,"traced_fraction":[0.936,1.0],"n_labels":2,"no_drawn_outline":false}},{"type":"Feature","geometry":{"type":"MultiPolygon","coordinates":[[[[1.284,-1.533],[1.347,-1.554],[1.627,-1.582],[1.655,-1.596],[1.915,-1.631],[1.901,-1.666],[1.634,-1.645],[1.291,-1.631],[1.144,-1.652],[1.053,-1.68],[0.87,-1.786],[0.66,-1.99],[0.583,-2.046],[0.534,-2.06],[0.534,-2.032],[0.555,-1.997],[0.723,-1.765],[0.772,-1.673],[0.821,-1.624],[0.863,-1.54],[0.947,-1.512],[1.284,-1.533]]],[[[-0.82,-1.603],[-0.728,-1.645],[-0.651,-1.723],[-0.532,-1.955],[-0.413,-2.109],[-0.406,-2.145],[-0.434,-2.145],[-0.553,-2.074],[-0.679,-1.955],[-0.693,-1.955],[-0.749,-1.877],[-0.848,-1.793],[-1.072,-1.758],[-1.373,-1.758],[-1.373,-1.68],[-1.177,-1.666],[-1.016,-1.638],[-0.939,-1.61],[-0.82,-1.603]]]]},"properties":{"abbr":"cg","name":"cingulum","plate":30,"ap_bregma_mm":-2.35,"area_mm2":0.3017,"traced_fraction":[0.998,0.988],"n_labels":2,"no_drawn_outline":false}},{"type":"Feature","geometry":{"type":"MultiPolygon","coordinates":[[[[3.331,-2.433],[3.303,-2.51],[3.247,-2.496],[3.198,-2.461],[2.953,-2.356],[2.658,-2.264],[2.532,-2.208],[2.188,-2.109],[1.852,-2.053],[1.501,-2.053],[1.333,-2.088],[1.214,-2.145],[0.968,-2.334],[0.821,-2.489],[0.821,-2.503],[0.709,-2.602],[0.45,-2.742],[0.337,-2.749],[0.33,-2.721],[0.365,-2.658],[0.45,-2.644],[0.527,-2.595],[0.548,-2.595],[0.709,-2.482],[0.933,-2.257],[1.165,-2.074],[1.333,-1.997],[1.606,-1.948],[1.789,-1.948],[1.964,-1.969],[2.336,-2.046],[2.686,-2.173],[2.84,-2.215],[2.903,-2.25],[3.121,-2.327],[3.331,-2.433]]],[[[-0.259,-2.658],[-0.308,-2.728],[-0.483,-2.714],[-0.665,-2.623],[-0.756,-2.56],[-0.883,-2.433],[-0.974,-2.306],[-1.107,-2.194],[-1.324,-2.116],[-1.514,-2.088],[-1.899,-2.095],[-2.264,-2.152],[-2.509,-2.208],[-3.021,-2.37],[-3.196,-2.461],[-3.309,-2.503],[-3.61,-2.665],[-3.652,-2.623],[-3.666,-2.581],[-3.491,-2.482],[-3.267,-2.384],[-3.147,-2.349],[-2.923,-2.236],[-2.663,-2.152],[-2.383,-2.081],[-2.082,-2.025],[-1.892,-2.011],[-1.871,-1.997],[-1.605,-1.99],[-1.577,-2.004],[-1.373,-2.018],[-1.121,-2.095],[-0.974,-2.18],[-0.721,-2.44],[-0.63,-2.51],[-0.448,-2.602],[-0.322,-2.623],[-0.294,-2.651],[-0.259,-2.658]]]]},"properties":{"abbr":"CA1","name":"field CA1 of the hippocampus","plate":30,"ap_bregma_mm":-2.35,"area_mm2":0.6518,"traced_fraction":[1.0,1.0],"n_labels":2,"no_drawn_outline":false}},{"type":"Feature","geometry":{"type":"MultiPolygon","coordinates":[[[[4.215,-1.16],[4.516,-1.308],[4.579,-1.357],[4.727,-1.427],[4.86,-1.526],[4.86,-1.547],[4.236,-2.468],[4.222,-2.51],[4.138,-2.475],[3.969,-2.356],[3.801,-2.271],[3.71,-2.208],[4.145,-1.322],[4.173,-1.237],[4.215,-1.181],[4.215,-1.16]]],[[[-4.641,-1.357],[-4.599,-1.455],[-4.479,-1.624],[-4.29,-1.948],[-4.192,-2.081],[-4.017,-2.37],[-4.451,-2.665],[-4.465,-2.665],[-4.465,-2.651],[-4.5,-2.623],[-4.704,-2.341],[-4.914,-2.095],[-5.195,-1.709],[-4.998,-1.568],[-4.641,-1.357]]]]},"properties":{"abbr":"PtP","name":"parietal cortex, posterior area","plate":30,"ap_bregma_mm":-2.35,"area_mm2":1.5013,"traced_fraction":[1.0,1.0],"n_labels":2,"no_drawn_outline":false}},{"type":"Feature","geometry":{"type":"MultiPolygon","coordinates":[[[[-1.422,-1.673],[-1.373,-1.68],[-1.373,-1.758],[-1.422,-1.751],[-1.43,-1.786],[-1.815,-1.793],[-2.11,-1.814],[-2.411,-1.863],[-2.614,-1.926],[-3.112,-2.088],[-3.119,-1.962],[-2.993,-1.912],[-2.853,-1.877],[-2.783,-1.842],[-2.734,-1.842],[-2.621,-1.807],[-2.418,-1.779],[-2.299,-1.744],[-2.082,-1.709],[-1.5,-1.687],[-1.422,-1.673]]],[[[2.097,-1.8],[2.322,-1.835],[2.897,-1.997],[3.023,-2.053],[3.03,-2.067],[3.184,-2.123],[3.577,-2.334],[3.556,-2.384],[3.408,-2.299],[3.275,-2.25],[3.163,-2.187],[3.065,-2.145],[2.911,-2.102],[2.819,-2.053],[2.77,-2.046],[2.581,-1.969],[2.083,-1.842],[2.097,-1.8]]],[[[3.023,-6.808],[3.037,-6.786],[3.156,-6.786],[3.331,-6.836],[3.528,-6.836],[3.766,-6.78],[3.948,-6.688],[4.102,-6.569],[4.222,-6.414],[4.257,-6.336],[4.264,-6.287],[4.292,-6.161],[4.292,-6.048],[4.271,-5.978],[4.215,-5.935],[4.102,-5.942],[4.018,-5.978],[3.99,-5.978],[3.913,-6.02],[3.64,-6.231],[3.5,-6.322],[3.352,-6.393],[3.254,-6.407],[3.282,-6.357],[3.471,-6.238],[3.492,-6.238],[3.528,-6.203],[3.703,-6.097],[3.703,-6.083],[3.766,-6.041],[3.836,-5.964],[3.899,-5.921],[4.004,-5.872],[4.145,-5.83],[4.341,-5.844],[4.411,-5.921],[4.432,-5.992],[4.432,-6.118],[4.404,-6.252],[4.376,-6.308],[4.348,-6.336],[4.32,-6.4],[4.292,-6.421],[4.285,-6.449],[4.257,-6.47],[4.201,-6.561],[4.187,-6.561],[4.18,-6.59],[4.166,-6.59],[4.166,-6.604],[4.096,-6.674],[4.081,-6.674],[4.081,-6.688],[3.948,-6.786],[3.822,-6.85],[3.612,-6.892],[3.331,-6.892],[3.093,-6.85],[3.03,-6.829],[3.023,-6.808]]]]},"properties":{"abbr":"alv","name":"alveus of the hippocampus","plate":30,"ap_bregma_mm":-2.35,"area_mm2":0.557,"traced_fraction":[0.975,1.0,1.0],"n_labels":3,"no_drawn_outline":false}},{"type":"Feature","geometry":{"type":"MultiPolygon","coordinates":[[[[4.86,-1.526],[5.323,-1.828],[5.589,-2.046],[5.323,-2.327],[5.323,-2.341],[5.182,-2.468],[5.182,-2.482],[5.007,-2.651],[5.007,-2.665],[4.755,-2.925],[4.677,-2.876],[4.481,-2.686],[4.236,-2.524],[4.229,-2.517],[4.222,-2.51],[4.236,-2.468],[4.86,-1.547],[4.86,-1.526]]],[[[-5.195,-1.709],[-4.914,-2.095],[-4.704,-2.341],[-4.5,-2.623],[-4.465,-2.651],[-4.465,-2.665],[-4.451,-2.665],[-4.879,-3.059],[-5.791,-2.152],[-5.629,-2.011],[-5.195,-1.709]]]]},"properties":{"abbr":"S1","name":"primary somatosensory cortex","plate":30,"ap_bregma_mm":-2.35,"area_mm2":1.76,"traced_fraction":[1.0,1.0],"n_labels":2,"no_drawn_outline":false}},{"type":"Feature","geometry":{"type":"MultiPolygon","coordinates":[[[[2.96,-2.827],[2.903,-2.799],[2.791,-2.778],[2.504,-2.644],[2.244,-2.566],[1.908,-2.517],[1.705,-2.517],[1.55,-2.552],[1.396,-2.623],[1.249,-2.728],[1.165,-2.813],[1.017,-2.904],[0.926,-2.981],[0.681,-3.101],[0.548,-3.108],[0.527,-3.087],[0.527,-2.946],[0.625,-2.911],[0.835,-2.792],[1.172,-2.496],[1.277,-2.426],[1.445,-2.349],[1.719,-2.278],[1.873,-2.278],[2.146,-2.327],[2.455,-2.412],[2.763,-2.524],[2.932,-2.609],[3.037,-2.7],[3.03,-2.792],[2.96,-2.827]]],[[[-0.679,-2.862],[-0.693,-3.01],[-1.03,-2.82],[-1.107,-2.764],[-1.31,-2.658],[-1.479,-2.588],[-1.612,-2.552],[-1.829,-2.545],[-2.257,-2.595],[-2.699,-2.728],[-2.895,-2.827],[-3.07,-2.855],[-3.203,-2.855],[-3.203,-2.792],[-3.091,-2.7],[-2.818,-2.56],[-2.65,-2.489],[-2.411,-2.426],[-2.173,-2.384],[-1.675,-2.349],[-1.577,-2.356],[-1.422,-2.398],[-1.177,-2.503],[-0.679,-2.862]]]]},"properties":{"abbr":"LMol","name":"lacunosum moleculare layer of the hippocampus","plate":30,"ap_bregma_mm":-2.35,"area_mm2":1.0874,"traced_fraction":[0.985,0.984],"n_labels":2,"no_drawn_outline":false}},{"type":"Feature","geometry":{"type":"MultiPolygon","coordinates":[[[[2.96,-0.745],[3.436,-0.829],[3.731,-0.935],[4.215,-1.16],[4.215,-1.181],[4.173,-1.237],[4.145,-1.322],[3.71,-2.208],[3.408,-2.074],[3.296,-2.011],[3.072,-1.934],[2.988,-1.891],[2.798,-1.835],[2.714,-1.793],[2.96,-0.745]]],[[[-6.295,-7.216],[-6.281,-7.279],[-6.246,-7.342],[-6.183,-7.391],[-5.987,-7.595],[-5.917,-7.645],[-5.91,-7.673],[-5.798,-7.785],[-5.559,-7.954],[-5.363,-8.067],[-5.321,-8.081],[-5.237,-8.081],[-5.251,-8.172],[-5.272,-8.214],[-5.363,-8.193],[-5.657,-8.06],[-5.749,-7.996],[-5.847,-7.954],[-6.064,-7.806],[-6.19,-7.694],[-6.26,-7.652],[-6.323,-7.581],[-6.337,-7.581],[-6.387,-7.518],[-6.506,-7.412],[-6.604,-7.265],[-6.295,-7.216]]]]},"properties":{"abbr":"1","name":"layer 1 of cortex","plate":30,"ap_bregma_mm":-2.35,"area_mm2":1.6717,"traced_fraction":[1.0,1.0],"n_labels":2,"no_drawn_outline":false}},{"type":"Feature","geometry":{"type":"MultiPolygon","coordinates":[[[[2.96,-2.827],[2.932,-2.848],[2.644,-2.834],[2.546,-2.841],[2.525,-2.806],[2.42,-2.799],[2.223,-2.742],[1.978,-2.728],[1.747,-2.735],[1.564,-2.785],[1.557,-2.799],[1.466,-2.834],[1.235,-2.981],[1.151,-3.052],[1.074,-3.073],[0.996,-3.073],[0.898,-3.101],[0.807,-3.157],[0.786,-3.192],[0.786,-3.263],[0.842,-3.305],[0.996,-3.305],[1.144,-3.27],[1.249,-3.263],[1.382,-3.214],[1.501,-3.15],[1.712,-3.101],[1.992,-3.108],[2.146,-3.136],[2.223,-3.164],[2.28,-3.164],[2.314,-3.214],[2.322,-3.249],[1.845,-3.319],[1.817,-3.326],[1.803,-3.354],[1.536,-3.396],[1.417,-3.446],[1.347,-3.495],[1.305,-3.502],[1.095,-3.502],[0.8,-3.467],[0.625,-3.368],[0.59,-3.298],[0.555,-3.277],[0.534,-3.207],[0.548,-3.108],[0.681,-3.101],[0.926,-2.981],[1.017,-2.904],[1.165,-2.813],[1.249,-2.728],[1.396,-2.623],[1.55,-2.552],[1.705,-2.517],[1.908,-2.517],[2.244,-2.566],[2.504,-2.644],[2.756,-2.764],[2.903,-2.799],[2.96,-2.827]]],[[[-0.693,-3.01],[-0.553,-3.087],[-0.567,-3.164],[-0.56,-3.185],[-0.546,-3.185],[-0.588,-3.277],[-0.637,-3.298],[-0.735,-3.418],[-0.805,-3.453],[-1.03,-3.425],[-1.212,-3.495],[-1.275,-3.502],[-1.409,-3.474],[-1.626,-3.389],[-1.759,-3.375],[-1.801,-3.354],[-1.885,-3.347],[-1.983,-3.319],[-2.313,-3.284],[-2.453,-3.249],[-2.411,-3.185],[-2.39,-3.178],[-2.383,-3.192],[-2.313,-3.192],[-2.215,-3.157],[-2.032,-3.129],[-1.724,-3.115],[-1.493,-3.178],[-1.31,-3.277],[-1.219,-3.27],[-1.128,-3.214],[-1.037,-3.221],[-0.974,-3.249],[-0.805,-3.263],[-0.777,-3.256],[-0.749,-3.228],[-0.749,-3.171],[-0.805,-3.108],[-0.981,-3.017],[-1.051,-3.01],[-1.107,-3.024],[-1.212,-3.024],[-1.472,-2.834],[-1.577,-2.778],[-1.633,-2.764],[-1.906,-2.749],[-2.075,-2.756],[-2.264,-2.792],[-2.495,-2.813],[-2.572,-2.841],[-2.706,-2.855],[-2.734,-2.869],[-2.734,-2.883],[-2.93,-2.932],[-3.126,-2.932],[-3.175,-2.918],[-3.196,-2.897],[-3.203,-2.855],[-3.07,-2.855],[-2.895,-2.827],[-2.699,-2.728],[-2.257,-2.595],[-1.829,-2.545],[-1.612,-2.552],[-1.479,-2.588],[-1.31,-2.658],[-1.107,-2.764],[-1.03,-2.82],[-0.693,-3.01]]]]},"properties":{"abbr":"MoDG","name":"molecular layer of the dentate gyrus","plate":30,"ap_bregma_mm":-2.35,"area_mm2":1.6167,"traced_fraction":[0.999,1.0],"n_labels":2,"no_drawn_outline":false}},{"type":"Feature","geometry":{"type":"MultiPolygon","coordinates":[[[[-0.041,-2.637],[-0.048,-2.658],[-0.146,-2.693],[-0.195,-2.742],[-0.195,-2.77],[-0.224,-2.778],[-0.224,-2.806],[-0.259,-2.827],[-0.273,-2.827],[-0.301,-2.792],[-0.308,-2.728],[-0.259,-2.658],[-0.203,-2.616],[-0.104,-2.581],[-0.062,-2.595],[-0.041,-2.637]]],[[[0.33,-2.721],[0.337,-2.749],[0.33,-2.862],[0.309,-2.904],[0.26,-2.869],[0.267,-2.827],[0.253,-2.792],[0.197,-2.728],[0.176,-2.721],[0.176,-2.707],[0.099,-2.651],[0.092,-2.623],[0.106,-2.595],[0.155,-2.588],[0.33,-2.721]]]]},"properties":{"abbr":"FC","name":"fasciola cinereum","plate":30,"ap_bregma_mm":-2.35,"area_mm2":0.0603,"traced_fraction":[1.0,1.0],"n_labels":1,"no_drawn_outline":false}},{"type":"Feature","geometry":{"type":"MultiPolygon","coordinates":[[[[3.303,-2.51],[3.5,-2.658],[3.52,-2.714],[3.605,-2.792],[3.64,-2.862],[3.479,-2.869],[3.479,-2.989],[3.156,-3.003],[3.149,-3.024],[2.96,-3.017],[2.848,-2.989],[2.56,-2.967],[2.441,-2.939],[2.314,-2.89],[2.329,-2.841],[2.546,-2.841],[2.644,-2.834],[2.932,-2.848],[2.96,-2.827],[3.03,-2.792],[3.037,-2.7],[2.932,-2.609],[2.763,-2.524],[2.455,-2.412],[2.146,-2.327],[1.873,-2.278],[1.719,-2.278],[1.529,-2.32],[1.277,-2.426],[1.172,-2.496],[0.835,-2.792],[0.737,-2.855],[0.527,-2.946],[0.386,-2.967],[0.344,-2.953],[0.309,-2.904],[0.33,-2.862],[0.337,-2.749],[0.45,-2.742],[0.709,-2.602],[0.821,-2.503],[0.821,-2.489],[0.968,-2.334],[1.214,-2.145],[1.333,-2.088],[1.501,-2.053],[1.852,-2.053],[2.188,-2.109],[2.532,-2.208],[2.658,-2.264],[2.953,-2.356],[3.198,-2.461],[3.247,-2.496],[3.303,-2.51]]],[[[-0.308,-2.728],[-0.301,-2.792],[-0.273,-2.827],[-0.259,-2.827],[-0.308,-2.876],[-0.434,-2.918],[-0.546,-2.918],[-0.602,-2.904],[-0.679,-2.862],[-1.177,-2.503],[-1.422,-2.398],[-1.577,-2.356],[-1.675,-2.349],[-2.173,-2.384],[-2.411,-2.426],[-2.65,-2.489],[-2.818,-2.56],[-3.091,-2.7],[-3.203,-2.792],[-3.203,-2.855],[-3.196,-2.897],[-3.175,-2.918],[-3.126,-2.932],[-3.119,-3.073],[-3.217,-3.094],[-3.358,-3.101],[-3.379,-3.087],[-3.456,-3.087],[-3.715,-3.122],[-3.778,-3.115],[-3.785,-3.101],[-3.82,-3.094],[-3.862,-3.038],[-3.856,-3.01],[-3.869,-2.989],[-3.862,-2.946],[-3.82,-2.89],[-3.848,-2.848],[-3.806,-2.806],[-3.701,-2.749],[-3.61,-2.665],[-3.491,-2.595],[-3.021,-2.37],[-2.509,-2.208],[-2.264,-2.152],[-1.899,-2.095],[-1.514,-2.088],[-1.324,-2.116],[-1.107,-2.194],[-0.974,-2.306],[-0.883,-2.433],[-0.728,-2.581],[-0.483,-2.714],[-0.308,-2.728]]]]},"properties":{"abbr":"Rad","name":"radiatum layer of the hippocampus","plate":30,"ap_bregma_mm":-2.35,"area_mm2":2.1344,"traced_fraction":[0.975,0.99],"n_labels":2,"no_drawn_outline":false}},{"type":"Feature","geometry":{"type":"MultiPolygon","coordinates":[[[[3.331,-2.433],[3.401,-2.454],[3.633,-2.566],[3.773,-2.679],[3.85,-2.778],[3.815,-2.806],[3.724,-2.841],[3.57,-2.686],[3.541,-2.665],[3.5,-2.658],[3.303,-2.51],[3.331,-2.433]]],[[[-3.666,-2.581],[-3.652,-2.623],[-3.61,-2.665],[-3.701,-2.749],[-3.806,-2.806],[-3.848,-2.848],[-3.862,-2.848],[-3.968,-2.967],[-4.038,-2.932],[-4.08,-2.89],[-4.031,-2.82],[-3.905,-2.714],[-3.736,-2.609],[-3.666,-2.581]]]]},"properties":{"abbr":"CA2","name":"field CA2 of the hippocampus","plate":30,"ap_bregma_mm":-2.35,"area_mm2":0.1421,"traced_fraction":[1.0,1.0],"n_labels":2,"no_drawn_outline":false}},{"type":"Feature","geometry":{"type":"MultiPolygon","coordinates":[[[[2.329,-2.841],[2.314,-2.89],[2.055,-2.862],[1.943,-2.869],[1.887,-2.89],[1.873,-2.904],[1.873,-2.932],[1.929,-2.96],[2.027,-2.967],[2.027,-3.024],[1.873,-3.01],[1.634,-3.031],[1.459,-3.08],[1.375,-3.129],[1.242,-3.178],[1.081,-3.192],[0.975,-3.221],[0.933,-3.221],[0.933,-3.2],[0.961,-3.178],[1.137,-3.136],[1.249,-3.073],[1.403,-2.96],[1.487,-2.925],[1.536,-2.883],[1.747,-2.813],[1.838,-2.799],[1.95,-2.799],[1.985,-2.813],[2.251,-2.813],[2.329,-2.841]]],[[[-2.187,-3.066],[-2.201,-3.024],[-2.131,-2.996],[-2.047,-2.996],[-1.976,-2.974],[-1.955,-2.953],[-1.955,-2.911],[-1.983,-2.89],[-2.215,-2.911],[-2.404,-2.96],[-2.488,-2.967],[-2.53,-2.904],[-2.425,-2.876],[-2.047,-2.834],[-1.773,-2.834],[-1.584,-2.876],[-1.458,-2.96],[-1.401,-2.981],[-1.303,-3.059],[-1.24,-3.087],[-1.219,-3.108],[-1.219,-3.143],[-1.254,-3.164],[-1.31,-3.164],[-1.591,-3.059],[-1.717,-3.031],[-2.011,-3.038],[-2.187,-3.066]]]]},"properties":{"abbr":"PoDG","name":"polymorph layer of the dentate gyrus","plate":30,"ap_bregma_mm":-2.35,"area_mm2":0.3331,"traced_fraction":[1.0,1.0],"n_labels":2,"no_drawn_outline":false}},{"type":"Feature","geometry":{"type":"MultiPolygon","coordinates":[[[[5.589,-2.046],[5.855,-2.257],[6.01,-2.405],[6.045,-2.454],[6.059,-2.454],[6.15,-2.552],[6.164,-2.552],[6.276,-2.679],[6.031,-2.897],[5.89,-2.996],[5.764,-3.115],[5.512,-3.305],[5.294,-3.502],[5.217,-3.551],[5.196,-3.537],[5.182,-3.495],[5.14,-3.446],[5.063,-3.305],[4.923,-3.122],[4.783,-2.974],[4.755,-2.925],[4.923,-2.756],[5.007,-2.651],[5.182,-2.482],[5.182,-2.468],[5.323,-2.341],[5.323,-2.327],[5.589,-2.046]]],[[[-5.791,-2.152],[-4.879,-3.059],[-5.033,-3.242],[-5.153,-3.411],[-5.328,-3.762],[-5.412,-3.875],[-5.776,-3.636],[-6.092,-3.404],[-6.352,-3.185],[-6.527,-3.059],[-6.632,-2.953],[-6.576,-2.876],[-6.064,-2.37],[-6.05,-2.37],[-5.805,-2.159],[-5.791,-2.152]]]]},"properties":{"abbr":"AuD","name":"secondary auditory cortex, dorsal area","plate":30,"ap_bregma_mm":-2.35,"area_mm2":2.6413,"traced_fraction":[1.0,1.0],"n_labels":2,"no_drawn_outline":false}},{"type":"Feature","geometry":{"type":"MultiPolygon","coordinates":[[[[-0.188,-2.792],[-0.132,-2.799],[-0.146,-2.841],[-0.203,-2.897],[-0.315,-2.96],[-0.413,-3.052],[-0.455,-3.059],[-0.504,-3.059],[-0.553,-3.087],[-0.693,-3.01],[-0.679,-2.862],[-0.602,-2.904],[-0.546,-2.918],[-0.434,-2.918],[-0.308,-2.876],[-0.259,-2.827],[-0.224,-2.806],[-0.188,-2.792]]]]},"properties":{"abbr":"hif","name":"hippocampal fissure","plate":30,"ap_bregma_mm":-2.35,"area_mm2":0.0677,"traced_fraction":[0.94],"n_labels":2,"no_drawn_outline":false}},{"type":"Feature","geometry":{"type":"MultiPolygon","coordinates":[[[[0.26,-2.869],[0.309,-2.904],[0.344,-2.953],[0.386,-2.967],[0.379,-2.996],[0.435,-3.073],[0.456,-3.136],[0.477,-3.136],[0.485,-3.08],[0.527,-3.087],[0.548,-3.108],[0.534,-3.207],[0.422,-3.214],[0.379,-3.171],[0.295,-3.157],[0.246,-3.094],[0.225,-3.094],[0.162,-3.143],[0.092,-3.171],[0.022,-3.171],[-0.034,-3.108],[-0.055,-3.108],[-0.167,-3.228],[-0.259,-3.235],[-0.301,-3.2],[-0.301,-3.157],[-0.329,-3.122],[-0.399,-3.094],[-0.462,-3.087],[-0.455,-3.059],[-0.413,-3.052],[-0.315,-2.96],[-0.203,-2.897],[-0.146,-2.841],[-0.132,-2.799],[-0.076,-2.742],[-0.048,-2.658],[-0.041,-2.637],[0.001,-2.581],[0.022,-2.581],[0.064,-2.644],[0.092,-2.749],[0.127,-2.82],[0.162,-2.848],[0.26,-2.869]]],[[[-4.774,-3.347],[-4.774,-3.411],[-4.823,-3.537],[-4.83,-3.741],[-4.844,-3.783],[-4.837,-3.832],[-4.816,-3.861],[-4.816,-3.945],[-4.837,-4.029],[-4.83,-4.149],[-4.816,-4.212],[-4.76,-4.318],[-4.753,-4.564],[-4.655,-4.719],[-4.627,-4.817],[-4.557,-4.965],[-4.494,-5.295],[-4.486,-5.471],[-4.381,-5.725],[-4.332,-5.753],[-4.36,-5.851],[-4.409,-5.942],[-4.5,-6.238],[-4.5,-6.365],[-4.486,-6.407],[-4.374,-6.569],[-4.248,-6.688],[-4.073,-6.822],[-3.989,-6.864],[-3.975,-6.885],[-3.792,-6.962],[-3.659,-6.99],[-3.358,-6.997],[-3.238,-6.976],[-3.21,-6.962],[-3.189,-6.927],[-3.14,-6.899],[-3.112,-6.801],[-3.126,-6.744],[-3.189,-6.646],[-3.182,-6.597],[-3.119,-6.625],[-3.021,-6.709],[-2.895,-6.78],[-2.79,-6.864],[-2.657,-6.906],[-2.6,-6.955],[-2.72,-7.019],[-3.224,-7.047],[-3.337,-7.068],[-3.379,-7.089],[-3.4,-7.075],[-3.477,-7.068],[-3.582,-7.075],[-3.764,-7.061],[-3.848,-7.04],[-3.856,-7.026],[-3.954,-7.012],[-4.038,-6.969],[-4.234,-6.829],[-4.374,-6.695],[-4.402,-6.646],[-4.515,-6.526],[-4.543,-6.526],[-4.613,-6.379],[-4.627,-6.28],[-4.599,-6.146],[-4.585,-5.858],[-4.585,-5.774],[-4.592,-5.506],[-4.62,-5.295],[-4.753,-4.944],[-4.795,-4.74],[-4.97,-4.135],[-5.005,-3.924],[-5.012,-3.889],[-4.984,-3.741],[-4.935,-3.615],[-4.816,-3.375],[-4.774,-3.347]]],[[[4.79,-3.931],[4.797,-4.072],[4.769,-4.233],[4.712,-4.381],[4.691,-4.487],[4.586,-4.684],[4.53,-4.937],[4.509,-5.148],[4.509,-5.506],[4.516,-5.605],[4.53,-5.647],[4.544,-5.647],[4.53,-5.675],[4.537,-5.879],[4.551,-6.146],[4.523,-6.224],[4.474,-6.259],[4.467,-6.203],[4.495,-6.104],[4.495,-5.978],[4.446,-5.506],[4.418,-5.499],[4.376,-5.521],[4.25,-5.535],[4.145,-5.577],[4.081,-5.619],[4.025,-5.633],[4.018,-5.591],[4.032,-5.549],[4.159,-5.31],[4.187,-5.225],[4.243,-5.169],[4.327,-4.993],[4.453,-4.789],[4.474,-4.789],[4.53,-4.733],[4.558,-4.67],[4.572,-4.501],[4.642,-4.325],[4.649,-4.086],[4.67,-3.994],[4.769,-3.931],[4.79,-3.931]]]]},"properties":{"abbr":"chp","name":"choroid plexus","plate":30,"ap_bregma_mm":-2.35,"area_mm2":1.3258,"traced_fraction":[1.0,1.0,0.99],"n_labels":3,"no_drawn_outline":false}},{"type":"Feature","geometry":{"type":"MultiPolygon","coordinates":[[[[-3.848,-2.848],[-3.82,-2.89],[-3.848,-2.918],[-3.869,-2.989],[-3.856,-3.01],[-3.862,-3.038],[-3.82,-3.094],[-3.785,-3.101],[-3.778,-3.115],[-3.715,-3.122],[-3.456,-3.087],[-3.379,-3.087],[-3.358,-3.101],[-3.386,-3.122],[-3.498,-3.136],[-3.673,-3.185],[-3.799,-3.2],[-3.862,-3.192],[-3.933,-3.164],[-3.989,-3.073],[-3.968,-2.967],[-3.947,-2.932],[-3.862,-2.848],[-3.848,-2.848]]]]},"properties":{"abbr":"SLu","name":"stratum lucidum of the hippocampus","plate":30,"ap_bregma_mm":-2.35,"area_mm2":0.0636,"traced_fraction":[0.992],"n_labels":2,"no_drawn_outline":false}},{"type":"Feature","geometry":{"type":"MultiPolygon","coordinates":[[[[3.85,-2.778],[3.934,-2.862],[3.99,-2.981],[4.004,-3.073],[3.962,-3.171],[3.92,-3.192],[3.836,-3.207],[3.212,-3.143],[3.212,-3.038],[3.366,-3.052],[3.654,-3.052],[3.71,-3.038],[3.745,-3.003],[3.745,-2.897],[3.724,-2.841],[3.801,-2.813],[3.85,-2.778]]],[[[-4.08,-2.89],[-4.038,-2.932],[-3.968,-2.967],[-3.989,-3.073],[-3.933,-3.164],[-3.862,-3.192],[-3.799,-3.2],[-3.673,-3.185],[-3.498,-3.136],[-3.386,-3.122],[-3.358,-3.101],[-3.217,-3.094],[-3.119,-3.073],[-2.937,-3.045],[-2.825,-3.045],[-2.811,-3.031],[-2.586,-3.003],[-2.488,-2.967],[-2.404,-2.96],[-2.215,-2.911],[-1.983,-2.89],[-1.955,-2.911],[-1.955,-2.953],[-1.976,-2.974],[-2.047,-2.996],[-2.131,-2.996],[-2.201,-3.024],[-2.299,-3.038],[-2.481,-3.101],[-2.706,-3.143],[-3.316,-3.192],[-3.645,-3.277],[-3.898,-3.361],[-4.08,-3.389],[-4.115,-3.382],[-4.178,-3.34],[-4.213,-3.284],[-4.227,-3.221],[-4.227,-3.136],[-4.192,-3.017],[-4.15,-2.946],[-4.08,-2.89]]]]},"properties":{"abbr":"Py","name":"pyramidal cell layer of the hippocampus","plate":30,"ap_bregma_mm":-2.35,"area_mm2":0.485,"traced_fraction":[0.977,0.997],"n_labels":2,"no_drawn_outline":false}},{"type":"Feature","geometry":{"type":"MultiPolygon","coordinates":[[[[2.546,-2.841],[2.329,-2.841],[2.251,-2.813],[1.985,-2.813],[1.95,-2.799],[1.747,-2.813],[1.536,-2.883],[1.487,-2.925],[1.403,-2.96],[1.249,-3.073],[1.137,-3.136],[0.961,-3.178],[0.933,-3.2],[0.933,-3.221],[1.242,-3.178],[1.375,-3.129],[1.459,-3.08],[1.634,-3.031],[1.873,-3.01],[2.027,-3.024],[2.251,-3.08],[2.28,-3.108],[2.28,-3.164],[2.223,-3.164],[2.146,-3.136],[1.992,-3.108],[1.712,-3.101],[1.501,-3.15],[1.382,-3.214],[1.249,-3.263],[1.144,-3.27],[0.996,-3.305],[0.842,-3.305],[0.786,-3.263],[0.786,-3.192],[0.807,-3.157],[0.898,-3.101],[0.996,-3.073],[1.074,-3.073],[1.151,-3.052],[1.235,-2.981],[1.466,-2.834],[1.557,-2.799],[1.564,-2.785],[1.747,-2.735],[1.978,-2.728],[2.223,-2.742],[2.42,-2.799],[2.525,-2.806],[2.546,-2.841]]],[[[-2.39,-3.178],[-2.39,-3.157],[-2.348,-3.115],[-2.187,-3.066],[-2.011,-3.038],[-1.717,-3.031],[-1.591,-3.059],[-1.31,-3.164],[-1.254,-3.164],[-1.219,-3.143],[-1.219,-3.108],[-1.24,-3.087],[-1.303,-3.059],[-1.401,-2.981],[-1.458,-2.96],[-1.584,-2.876],[-1.773,-2.834],[-2.047,-2.834],[-2.425,-2.876],[-2.53,-2.904],[-2.706,-2.904],[-2.734,-2.883],[-2.734,-2.869],[-2.706,-2.855],[-2.572,-2.841],[-2.495,-2.813],[-2.264,-2.792],[-2.075,-2.756],[-1.906,-2.749],[-1.633,-2.764],[-1.577,-2.778],[-1.472,-2.834],[-1.212,-3.024],[-1.107,-3.024],[-1.051,-3.01],[-0.981,-3.017],[-0.805,-3.108],[-0.749,-3.171],[-0.749,-3.228],[-0.777,-3.256],[-0.805,-3.263],[-0.974,-3.249],[-1.037,-3.221],[-1.128,-3.214],[-1.219,-3.27],[-1.31,-3.277],[-1.493,-3.178],[-1.724,-3.115],[-2.032,-3.129],[-2.215,-3.157],[-2.313,-3.192],[-2.383,-3.192],[-2.39,-3.178]]]]},"properties":{"abbr":"GrDG","name":"granular layer of the dentate gyrus","plate":30,"ap_bregma_mm":-2.35,"area_mm2":0.5847,"traced_fraction":[1.0,1.0],"n_labels":2,"no_drawn_outline":false}},{"type":"Feature","geometry":{"type":"MultiPolygon","coordinates":[[[[2.083,-1.842],[2.581,-1.969],[2.77,-2.046],[2.819,-2.053],[2.911,-2.102],[2.939,-2.102],[3.163,-2.187],[3.275,-2.25],[3.408,-2.299],[3.556,-2.384],[3.759,-2.524],[3.941,-2.63],[4.096,-2.778],[4.222,-2.953],[4.292,-3.094],[4.334,-3.256],[4.32,-3.368],[4.285,-3.411],[4.236,-3.432],[4.074,-3.432],[3.892,-3.389],[3.436,-3.242],[3.324,-3.221],[3.268,-3.221],[3.254,-3.242],[3.1,-3.221],[2.749,-3.221],[2.616,-3.242],[2.322,-3.249],[2.322,-3.228],[2.28,-3.164],[2.287,-3.129],[2.251,-3.08],[2.027,-3.024],[2.027,-2.967],[2.139,-2.981],[2.567,-3.101],[2.763,-3.101],[3.212,-3.143],[3.836,-3.207],[3.92,-3.192],[3.962,-3.171],[4.004,-3.073],[3.99,-2.981],[3.934,-2.862],[3.85,-2.778],[3.773,-2.679],[3.633,-2.566],[3.401,-2.454],[3.331,-2.433],[3.121,-2.327],[3.009,-2.292],[2.84,-2.215],[2.686,-2.173],[2.336,-2.046],[1.964,-1.969],[1.789,-1.948],[1.606,-1.948],[1.333,-1.997],[1.165,-2.074],[0.933,-2.257],[0.709,-2.482],[0.548,-2.595],[0.527,-2.595],[0.45,-2.644],[0.365,-2.658],[0.33,-2.721],[0.155,-2.588],[0.106,-2.595],[0.092,-2.623],[0.099,-2.651],[0.176,-2.707],[0.176,-2.721],[0.197,-2.728],[0.253,-2.792],[0.267,-2.827],[0.26,-2.869],[0.162,-2.848],[0.127,-2.82],[0.092,-2.749],[0.064,-2.644],[0.022,-2.581],[0.001,-2.581],[-0.041,-2.637],[-0.062,-2.595],[-0.104,-2.581],[-0.161,-2.595],[-0.259,-2.658],[-0.294,-2.651],[-0.322,-2.623],[-0.448,-2.602],[-0.63,-2.51],[-0.721,-2.44],[-0.974,-2.18],[-1.121,-2.095],[-1.373,-2.018],[-1.577,-2.004],[-1.605,-1.99],[-1.871,-1.997],[-1.892,-2.011],[-2.082,-2.025],[-2.383,-2.081],[-2.663,-2.152],[-2.923,-2.236],[-3.147,-2.349],[-3.267,-2.384],[-3.491,-2.482],[-3.666,-2.581],[-3.736,-2.609],[-3.905,-2.714],[-4.003,-2.792],[-4.08,-2.89],[-4.094,-2.89],[-4.171,-2.974],[-4.227,-3.136],[-4.227,-3.221],[-4.206,-3.298],[-4.164,-3.354],[-4.08,-3.389],[-3.898,-3.361],[-3.645,-3.277],[-3.316,-3.192],[-2.706,-3.143],[-2.481,-3.101],[-2.299,-3.038],[-2.201,-3.024],[-2.187,-3.066],[-2.348,-3.115],[-2.39,-3.157],[-2.39,-3.178],[-2.411,-3.185],[-2.453,-3.249],[-2.657,-3.235],[-2.972,-3.256],[-3.295,-3.319],[-3.316,-3.305],[-3.365,-3.305],[-3.561,-3.354],[-3.933,-3.495],[-4.066,-3.565],[-4.08,-3.586],[-4.199,-3.657],[-4.325,-3.664],[-4.402,-3.629],[-4.458,-3.572],[-4.479,-3.537],[-4.5,-3.446],[-4.465,-3.256],[-4.353,-3.003],[-4.241,-2.848],[-4.108,-2.714],[-3.835,-2.524],[-3.813,-2.524],[-3.708,-2.454],[-3.442,-2.32],[-3.323,-2.278],[-3.316,-2.264],[-3.295,-2.264],[-3.119,-2.173],[-2.614,-1.99],[-2.404,-1.934],[-2.053,-1.877],[-1.443,-1.856],[-1.275,-1.884],[-1.142,-1.926],[-0.89,-2.067],[-0.771,-2.159],[-0.574,-2.349],[-0.406,-2.468],[-0.315,-2.51],[-0.21,-2.538],[0.036,-2.552],[0.33,-2.51],[0.499,-2.44],[0.632,-2.327],[0.723,-2.271],[0.884,-2.095],[0.898,-2.095],[1.053,-1.948],[1.13,-1.891],[1.256,-1.835],[1.403,-1.8],[1.634,-1.793],[2.083,-1.842]]],[[[4.264,-6.287],[4.018,-6.287],[4.018,-5.978],[4.138,-5.935],[4.215,-5.935],[4.271,-5.978],[4.292,-6.048],[4.292,-6.161],[4.264,-6.287]]],[[[-4.087,-6.139],[-4.087,-6.4],[-4.374,-6.4],[-4.388,-6.386],[-4.402,-6.287],[-4.388,-6.231],[-4.346,-6.182],[-4.248,-6.139],[-4.087,-6.139]]]]},"properties":{"abbr":"Or","name":"oriens layer of the hippocampus","plate":30,"ap_bregma_mm":-2.35,"area_mm2":2.2834,"traced_fraction":[1.0,0.569,0.545],"n_labels":4,"no_drawn_outline":false}},{"type":"Feature","geometry":{"type":"MultiPolygon","coordinates":[[[[3.92,-3.748],[3.892,-3.769],[3.864,-3.889],[3.829,-3.917],[3.64,-3.959],[3.528,-3.952],[3.52,-3.966],[3.507,-3.966],[3.486,-3.952],[3.443,-3.882],[3.317,-3.755],[3.121,-3.6],[2.939,-3.551],[2.756,-3.467],[2.693,-3.389],[2.672,-3.284],[2.84,-3.263],[2.953,-3.27],[3.373,-3.347],[3.738,-3.523],[3.864,-3.643],[3.92,-3.748]]],[[[-2.551,-3.326],[-2.558,-3.404],[-2.629,-3.516],[-2.727,-3.565],[-3.0,-3.615],[-3.182,-3.699],[-3.337,-3.825],[-3.428,-3.966],[-3.442,-4.008],[-3.47,-4.036],[-3.708,-4.114],[-3.954,-4.1],[-3.982,-4.008],[-3.982,-3.91],[-3.933,-3.783],[-3.827,-3.671],[-3.827,-3.657],[-3.715,-3.551],[-3.631,-3.516],[-3.526,-3.446],[-3.309,-3.375],[-3.063,-3.326],[-2.916,-3.312],[-2.593,-3.312],[-2.551,-3.326]]]]},"properties":{"abbr":"DLG","name":"dorsal lateral geniculate nucleus","plate":30,"ap_bregma_mm":-2.35,"area_mm2":0.9818,"traced_fraction":[1.0,1.0],"n_labels":2,"no_drawn_outline":false}},{"type":"Feature","geometry":{"type":"MultiPolygon","coordinates":[[[[2.672,-3.284],[2.693,-3.389],[2.756,-3.467],[2.651,-3.586],[2.469,-3.65],[2.392,-3.699],[2.314,-3.79],[2.293,-3.882],[2.055,-3.896],[1.747,-4.015],[1.655,-4.022],[1.48,-3.994],[1.473,-3.987],[1.382,-3.931],[1.284,-3.832],[1.2,-3.699],[1.221,-3.629],[1.284,-3.551],[1.305,-3.502],[1.347,-3.495],[1.417,-3.446],[1.536,-3.396],[1.803,-3.354],[1.88,-3.361],[2.111,-3.312],[2.462,-3.277],[2.672,-3.284]]],[[[-1.759,-3.375],[-1.626,-3.389],[-1.409,-3.474],[-1.275,-3.502],[-1.254,-3.579],[-1.205,-3.629],[-1.205,-3.797],[-1.233,-3.889],[-1.282,-3.938],[-1.366,-3.966],[-1.437,-4.008],[-1.612,-4.015],[-1.815,-3.952],[-1.983,-3.952],[-2.299,-4.015],[-2.292,-3.973],[-2.236,-3.889],[-2.229,-3.832],[-2.243,-3.755],[-2.285,-3.706],[-2.362,-3.657],[-2.516,-3.586],[-2.629,-3.516],[-2.558,-3.404],[-2.551,-3.326],[-2.397,-3.326],[-2.075,-3.375],[-1.878,-3.389],[-1.773,-3.389],[-1.759,-3.375]]]]},"properties":{"abbr":"LPMR","name":"lateral posterior thalamic nucleus, mediorostral part","plate":30,"ap_bregma_mm":-2.35,"area_mm2":1.4308,"traced_fraction":[1.0,1.0],"n_labels":2,"no_drawn_outline":false}},{"type":"Feature","geometry":{"type":"MultiPolygon","coordinates":[[[[-0.574,-3.312],[-0.504,-3.375],[-0.567,-3.46],[-0.595,-3.523],[-0.609,-3.523],[-0.623,-3.551],[-0.644,-3.551],[-0.735,-3.636],[-0.735,-3.65],[-0.967,-3.804],[-1.016,-3.811],[-1.044,-3.797],[-1.065,-3.762],[-1.065,-3.713],[-0.974,-3.706],[-0.876,-3.586],[-0.855,-3.586],[-0.848,-3.572],[-0.714,-3.509],[-0.672,-3.425],[-0.63,-3.382],[-0.595,-3.319],[-0.574,-3.312]]],[[[0.541,-3.319],[0.576,-3.368],[0.59,-3.368],[0.604,-3.404],[0.751,-3.537],[0.877,-3.607],[0.898,-3.607],[0.905,-3.621],[1.095,-3.685],[1.081,-3.741],[1.024,-3.776],[0.842,-3.741],[0.828,-3.734],[0.674,-3.621],[0.541,-3.481],[0.513,-3.467],[0.464,-3.396],[0.541,-3.319]]]]},"properties":{"abbr":"sm","name":"stria medullaris of the thalamus","plate":30,"ap_bregma_mm":-2.35,"area_mm2":0.1526,"traced_fraction":[1.0,1.0],"n_labels":2,"no_drawn_outline":false}},{"type":"Feature","geometry":{"type":"MultiPolygon","coordinates":[[[[-0.504,-3.375],[-0.301,-3.593],[-0.188,-3.748],[-0.174,-3.79],[-0.174,-3.966],[-0.195,-4.058],[-0.238,-4.079],[-0.301,-4.086],[-0.371,-4.036],[-0.434,-3.847],[-0.476,-3.769],[-0.539,-3.699],[-0.581,-3.615],[-0.581,-3.586],[-0.595,-3.523],[-0.567,-3.46],[-0.504,-3.375]]],[[[0.464,-3.396],[0.513,-3.467],[0.499,-3.481],[0.499,-3.516],[0.52,-3.657],[0.407,-3.854],[0.351,-4.029],[0.302,-4.079],[0.232,-4.065],[0.19,-4.036],[0.169,-3.882],[0.176,-3.678],[0.211,-3.615],[0.274,-3.565],[0.281,-3.544],[0.295,-3.544],[0.422,-3.418],[0.464,-3.396]]]]},"properties":{"abbr":"MHb","name":"medial habenular nucleus","plate":30,"ap_bregma_mm":-2.35,"area_mm2":0.3066,"traced_fraction":[0.974,1.0],"n_labels":2,"no_drawn_outline":false}},{"type":"Feature","geometry":{"type":"MultiPolygon","coordinates":[[[[2.756,-3.467],[2.939,-3.551],[3.121,-3.6],[3.317,-3.755],[3.443,-3.882],[3.486,-3.952],[3.429,-3.959],[3.366,-4.008],[3.324,-4.128],[3.289,-4.318],[3.261,-4.325],[3.233,-4.297],[3.191,-4.29],[3.009,-4.142],[2.925,-4.121],[2.854,-4.065],[2.644,-3.966],[2.448,-3.903],[2.293,-3.882],[2.314,-3.79],[2.392,-3.699],[2.469,-3.65],[2.651,-3.586],[2.756,-3.467]]],[[[-2.629,-3.516],[-2.516,-3.586],[-2.362,-3.657],[-2.285,-3.706],[-2.243,-3.755],[-2.229,-3.832],[-2.236,-3.889],[-2.292,-3.973],[-2.299,-4.015],[-2.46,-4.072],[-2.558,-4.135],[-2.691,-4.198],[-2.769,-4.219],[-2.832,-4.262],[-3.098,-4.325],[-3.154,-4.269],[-3.217,-4.255],[-3.252,-4.226],[-3.295,-4.079],[-3.33,-4.044],[-3.442,-4.008],[-3.428,-3.966],[-3.337,-3.825],[-3.182,-3.699],[-3.0,-3.615],[-2.727,-3.565],[-2.629,-3.516]]]]},"properties":{"abbr":"LPLR","name":"lateral posterior thalamic nucleus, laterorostral part","plate":30,"ap_bregma_mm":-2.35,"area_mm2":1.1027,"traced_fraction":[1.0,1.0],"n_labels":2,"no_drawn_outline":false}},{"type":"Feature","geometry":{"type":"MultiPolygon","coordinates":[[[[-4.444,-2.946],[-4.451,-3.017],[-4.515,-3.129],[-4.578,-3.326],[-4.641,-3.453],[-4.683,-3.579],[-4.711,-3.713],[-4.711,-3.783],[-4.69,-3.847],[-4.627,-3.924],[-4.585,-4.015],[-4.5,-4.297],[-4.5,-4.529],[-4.465,-4.768],[-4.416,-4.93],[-4.409,-5.113],[-4.381,-5.246],[-4.374,-5.506],[-4.325,-5.668],[-4.332,-5.753],[-4.381,-5.725],[-4.486,-5.471],[-4.494,-5.295],[-4.557,-4.965],[-4.627,-4.817],[-4.655,-4.719],[-4.753,-4.564],[-4.76,-4.318],[-4.816,-4.212],[-4.83,-4.149],[-4.837,-4.029],[-4.816,-3.945],[-4.816,-3.861],[-4.837,-3.832],[-4.844,-3.783],[-4.83,-3.741],[-4.823,-3.537],[-4.774,-3.411],[-4.774,-3.347],[-4.732,-3.27],[-4.669,-3.094],[-4.543,-2.981],[-4.444,-2.946]]],[[[4.565,-3.038],[4.635,-3.122],[4.677,-3.221],[4.649,-3.27],[4.642,-3.516],[4.663,-3.6],[4.691,-3.643],[4.614,-3.629],[4.6,-3.657],[4.642,-3.797],[4.656,-3.98],[4.67,-3.994],[4.649,-4.086],[4.642,-4.325],[4.572,-4.501],[4.558,-4.67],[4.53,-4.733],[4.474,-4.789],[4.453,-4.789],[4.453,-4.705],[4.474,-4.592],[4.39,-4.36],[4.383,-4.008],[4.404,-3.832],[4.46,-3.678],[4.481,-3.432],[4.446,-3.256],[4.376,-3.122],[4.355,-3.017],[4.418,-3.01],[4.502,-3.038],[4.565,-3.038]]]]},"properties":{"abbr":"LV","name":"lateral ventricle","plate":30,"ap_bregma_mm":-2.35,"area_mm2":0.8201,"traced_fraction":[1.0,1.0],"n_labels":2,"no_drawn_outline":false}},{"type":"Feature","geometry":{"type":"MultiPolygon","coordinates":[[[[-2.614,-1.926],[-2.614,-1.99],[-3.119,-2.173],[-3.295,-2.264],[-3.316,-2.264],[-3.323,-2.278],[-3.442,-2.32],[-3.708,-2.454],[-3.813,-2.524],[-3.835,-2.524],[-4.108,-2.714],[-4.241,-2.848],[-4.353,-3.003],[-4.465,-3.256],[-4.5,-3.446],[-4.486,-3.516],[-4.458,-3.572],[-4.402,-3.629],[-4.325,-3.664],[-4.199,-3.657],[-4.017,-3.537],[-3.729,-3.411],[-3.365,-3.305],[-3.316,-3.305],[-3.295,-3.319],[-3.316,-3.347],[-3.365,-3.368],[-3.484,-3.396],[-3.512,-3.418],[-3.582,-3.432],[-3.736,-3.495],[-3.926,-3.615],[-4.031,-3.72],[-4.087,-3.811],[-4.108,-3.91],[-4.101,-4.036],[-4.052,-4.205],[-4.045,-4.332],[-4.031,-4.367],[-4.045,-4.367],[-4.052,-4.564],[-4.087,-4.796],[-4.157,-5.049],[-4.171,-5.183],[-4.192,-5.246],[-4.199,-5.408],[-4.206,-5.499],[-4.185,-5.633],[-4.094,-5.823],[-3.947,-6.02],[-3.933,-6.02],[-3.884,-6.083],[-3.75,-6.175],[-3.729,-6.203],[-3.519,-6.336],[-3.477,-6.35],[-3.316,-6.463],[-3.301,-6.491],[-3.274,-6.505],[-3.252,-6.554],[-3.316,-6.54],[-3.512,-6.393],[-3.533,-6.393],[-3.603,-6.336],[-3.869,-6.189],[-3.996,-6.146],[-4.087,-6.139],[-4.248,-6.139],[-4.346,-6.182],[-4.388,-6.231],[-4.402,-6.287],[-4.395,-6.357],[-4.374,-6.4],[-4.353,-6.463],[-4.241,-6.625],[-4.122,-6.73],[-3.968,-6.822],[-3.736,-6.906],[-3.54,-6.948],[-3.189,-6.927],[-3.196,-6.948],[-3.238,-6.976],[-3.358,-6.997],[-3.659,-6.99],[-3.792,-6.962],[-3.89,-6.927],[-4.073,-6.822],[-4.248,-6.688],[-4.374,-6.569],[-4.486,-6.407],[-4.5,-6.365],[-4.5,-6.238],[-4.465,-6.104],[-4.395,-5.907],[-4.346,-5.816],[-4.332,-5.753],[-4.325,-5.668],[-4.374,-5.506],[-4.381,-5.246],[-4.409,-5.113],[-4.416,-4.93],[-4.465,-4.768],[-4.5,-4.529],[-4.5,-4.297],[-4.585,-4.015],[-4.627,-3.924],[-4.69,-3.847],[-4.711,-3.783],[-4.711,-3.713],[-4.683,-3.579],[-4.641,-3.453],[-4.578,-3.326],[-4.515,-3.129],[-4.451,-3.017],[-4.444,-2.946],[-4.36,-2.841],[-4.234,-2.721],[-3.905,-2.482],[-3.701,-2.363],[-3.526,-2.285],[-3.519,-2.271],[-3.112,-2.088],[-2.614,-1.926]]],[[[3.577,-2.334],[3.724,-2.433],[3.906,-2.531],[3.934,-2.56],[3.976,-2.574],[4.004,-2.602],[4.025,-2.602],[4.039,-2.623],[4.06,-2.623],[4.088,-2.651],[4.166,-2.686],[4.229,-2.749],[4.215,-2.77],[4.215,-2.82],[4.306,-2.96],[4.327,-2.96],[4.327,-2.981],[4.355,-3.017],[4.376,-3.122],[4.446,-3.256],[4.481,-3.432],[4.46,-3.678],[4.404,-3.832],[4.383,-4.008],[4.39,-4.36],[4.474,-4.592],[4.453,-4.705],[4.453,-4.789],[4.327,-4.993],[4.243,-5.169],[4.187,-5.225],[4.18,-5.007],[4.18,-4.817],[4.145,-4.67],[4.081,-4.557],[4.039,-4.515],[3.962,-4.472],[3.927,-4.36],[3.927,-4.226],[3.948,-4.128],[4.011,-4.029],[4.039,-3.91],[4.039,-3.797],[4.004,-3.699],[3.962,-3.636],[3.878,-3.551],[3.724,-3.453],[3.584,-3.34],[3.443,-3.284],[3.268,-3.256],[3.254,-3.242],[3.268,-3.221],[3.436,-3.242],[3.892,-3.389],[4.074,-3.432],[4.236,-3.432],[4.285,-3.411],[4.32,-3.368],[4.334,-3.256],[4.292,-3.094],[4.222,-2.953],[4.096,-2.778],[3.941,-2.63],[3.759,-2.524],[3.556,-2.384],[3.577,-2.334]]]]},"properties":{"abbr":"fi","name":"fimbria of the hippocampus","plate":30,"ap_bregma_mm":-2.35,"area_mm2":2.237,"traced_fraction":[1.0,1.0],"n_labels":2,"no_drawn_outline":false}},{"type":"Feature","geometry":{"type":"MultiPolygon","coordinates":[[[[-1.205,-3.629],[-1.163,-3.643],[-1.107,-3.699],[-1.065,-3.713],[-1.065,-3.762],[-1.093,-3.776],[-1.107,-3.825],[-1.107,-3.938],[-1.135,-3.938],[-1.198,-3.973],[-1.275,-4.051],[-1.289,-4.051],[-1.38,-4.156],[-1.443,-4.311],[-1.451,-4.388],[-1.437,-4.48],[-1.38,-4.67],[-1.226,-4.979],[-1.142,-5.07],[-1.156,-5.155],[-1.17,-5.162],[-1.191,-5.162],[-1.261,-5.12],[-1.324,-5.106],[-1.366,-5.113],[-1.387,-5.099],[-1.443,-4.895],[-1.514,-4.768],[-1.591,-4.522],[-1.591,-4.304],[-1.57,-4.219],[-1.535,-4.142],[-1.451,-4.044],[-1.437,-4.008],[-1.366,-3.966],[-1.282,-3.938],[-1.233,-3.889],[-1.205,-3.797],[-1.205,-3.629]]],[[[1.095,-3.685],[1.2,-3.699],[1.284,-3.832],[1.382,-3.931],[1.473,-3.987],[1.473,-4.015],[1.473,-4.044],[1.522,-4.128],[1.529,-4.184],[1.424,-4.184],[1.361,-4.093],[1.354,-4.058],[1.242,-3.91],[1.151,-3.825],[1.109,-3.819],[1.081,-3.741],[1.095,-3.685]]]]},"properties":{"abbr":"CL","name":"centrolateral thalamic nucleus","plate":30,"ap_bregma_mm":-2.35,"area_mm2":0.3101,"traced_fraction":[0.989,0.964],"n_labels":2,"no_drawn_outline":false}},{"type":"Feature","geometry":{"type":"MultiPolygon","coordinates":[[[[3.92,-3.748],[3.948,-3.783],[3.969,-3.896],[3.948,-4.022],[3.892,-4.142],[3.885,-4.36],[3.871,-4.423],[3.822,-4.409],[3.794,-4.381],[3.717,-4.226],[3.647,-4.156],[3.52,-3.966],[3.528,-3.952],[3.64,-3.959],[3.829,-3.917],[3.864,-3.889],[3.892,-3.769],[3.92,-3.748]]],[[[-3.47,-4.036],[-3.47,-4.079],[-3.526,-4.177],[-3.526,-4.205],[-3.554,-4.219],[-3.645,-4.367],[-3.659,-4.48],[-3.694,-4.501],[-3.722,-4.592],[-3.778,-4.67],[-3.813,-4.676],[-3.905,-4.648],[-3.926,-4.592],[-3.94,-4.255],[-3.961,-4.149],[-3.954,-4.1],[-3.708,-4.114],[-3.47,-4.036]]]]},"properties":{"abbr":"VG","name":"ventral geniculate nucleus","plate":30,"ap_bregma_mm":-2.35,"area_mm2":0.3049,"traced_fraction":[1.0,1.0],"n_labels":2,"no_drawn_outline":false}},{"type":"Feature","geometry":{"type":"MultiPolygon","coordinates":[[[[6.276,-2.679],[6.549,-2.974],[6.774,-3.27],[6.963,-3.558],[7.202,-4.036],[7.3,-4.325],[7.377,-4.705],[7.391,-5.049],[7.37,-5.246],[6.949,-5.246],[6.641,-5.225],[6.269,-5.183],[5.771,-5.091],[5.764,-4.775],[5.729,-4.592],[5.68,-4.43],[5.589,-4.212],[5.449,-3.931],[5.217,-3.551],[5.294,-3.502],[5.512,-3.305],[5.764,-3.115],[5.89,-2.996],[6.031,-2.897],[6.276,-2.679]]],[[[-6.632,-2.953],[-6.527,-3.059],[-6.352,-3.185],[-6.092,-3.404],[-5.776,-3.636],[-5.412,-3.875],[-5.517,-4.079],[-5.608,-4.219],[-5.812,-4.662],[-5.868,-4.845],[-5.903,-5.113],[-5.931,-5.113],[-6.225,-5.232],[-6.548,-5.338],[-6.87,-5.422],[-7.333,-5.499],[-7.579,-5.499],[-7.564,-4.909],[-7.529,-4.613],[-7.487,-4.395],[-7.396,-4.114],[-7.235,-3.776],[-7.151,-3.636],[-7.13,-3.621],[-7.053,-3.474],[-6.828,-3.164],[-6.632,-2.953]]]]},"properties":{"abbr":"Au1","name":"primary auditory cortex","plate":30,"ap_bregma_mm":-2.35,"area_mm2":6.9807,"traced_fraction":[1.0,1.0],"n_labels":3,"no_drawn_outline":false}},{"type":"Feature","geometry":{"type":"MultiPolygon","coordinates":[[[[1.109,-3.819],[1.151,-3.825],[1.242,-3.91],[1.354,-4.058],[1.361,-4.093],[1.424,-4.184],[1.424,-4.283],[1.375,-4.381],[1.024,-4.381],[1.011,-4.177],[1.095,-4.036],[1.109,-3.819]]],[[[-1.107,-3.938],[-1.079,-4.079],[-1.044,-4.156],[-0.953,-4.24],[-0.96,-4.48],[-1.437,-4.48],[-1.451,-4.388],[-1.443,-4.311],[-1.38,-4.156],[-1.324,-4.086],[-1.198,-3.973],[-1.135,-3.938],[-1.107,-3.938]]]]},"properties":{"abbr":"MDL","name":"mediodorsal thalamic nucleus, lateral part","plate":30,"ap_bregma_mm":-2.35,"area_mm2":0.3497,"traced_fraction":[0.696,0.616],"n_labels":2,"no_drawn_outline":true}},{"type":"Feature","geometry":{"type":"MultiPolygon","coordinates":[[[[0.19,-4.036],[0.232,-4.065],[0.302,-4.079],[0.302,-4.093],[0.379,-4.17],[0.365,-4.184],[0.365,-4.423],[0.33,-4.515],[0.197,-4.67],[0.148,-4.782],[-0.013,-4.789],[-0.048,-4.768],[-0.09,-4.768],[-0.104,-4.684],[-0.125,-4.648],[-0.195,-4.578],[-0.252,-4.543],[-0.308,-4.466],[-0.343,-4.374],[-0.378,-4.198],[-0.301,-4.086],[-0.238,-4.079],[-0.195,-4.058],[-0.069,-4.142],[-0.013,-4.17],[0.022,-4.17],[0.092,-4.128],[0.176,-4.036],[0.19,-4.036]]]]},"properties":{"abbr":"PVP","name":"paraventricular thalamic nucleus, posterior part","plate":30,"ap_bregma_mm":-2.35,"area_mm2":0.3899,"traced_fraction":[1.0],"n_labels":1,"no_drawn_outline":false}},{"type":"Feature","geometry":{"type":"MultiPolygon","coordinates":[[[[2.293,-3.882],[2.448,-3.903],[2.644,-3.966],[2.854,-4.065],[2.925,-4.121],[2.784,-4.156],[2.756,-4.184],[2.728,-4.191],[2.637,-4.283],[2.532,-4.451],[2.49,-4.55],[2.336,-4.775],[2.167,-4.958],[2.167,-4.972],[1.978,-5.162],[1.782,-5.295],[1.761,-5.295],[1.74,-5.317],[1.571,-5.394],[1.459,-5.478],[1.445,-5.478],[1.375,-5.408],[1.368,-5.38],[1.347,-5.38],[1.34,-5.366],[1.102,-5.359],[1.053,-5.302],[1.074,-5.26],[1.123,-5.211],[1.165,-5.084],[1.298,-4.803],[1.522,-4.459],[1.55,-4.353],[1.55,-4.247],[1.529,-4.184],[1.529,-4.149],[1.473,-4.044],[1.473,-4.015],[1.48,-3.994],[1.655,-4.022],[1.747,-4.015],[2.055,-3.896],[2.293,-3.882]]],[[[-1.437,-4.008],[-1.451,-4.044],[-1.535,-4.142],[-1.57,-4.219],[-1.591,-4.304],[-1.591,-4.522],[-1.514,-4.768],[-1.443,-4.895],[-1.387,-5.099],[-1.366,-5.113],[-1.366,-5.176],[-1.331,-5.274],[-1.247,-5.387],[-1.282,-5.415],[-1.282,-5.45],[-1.331,-5.492],[-1.331,-5.521],[-1.359,-5.549],[-1.464,-5.485],[-1.633,-5.429],[-1.836,-5.331],[-2.032,-5.183],[-2.243,-4.972],[-2.411,-4.698],[-2.579,-4.48],[-2.685,-4.367],[-2.818,-4.283],[-2.832,-4.262],[-2.769,-4.219],[-2.727,-4.212],[-2.558,-4.135],[-2.46,-4.072],[-2.299,-4.015],[-1.983,-3.952],[-1.815,-3.952],[-1.612,-4.015],[-1.437,-4.008]]]]},"properties":{"abbr":"Po","name":"posterior thalamic nuclear group","plate":30,"ap_bregma_mm":-2.35,"area_mm2":2.7341,"traced_fraction":[0.915,0.968],"n_labels":2,"no_drawn_outline":false}},{"type":"Feature","geometry":{"type":"MultiPolygon","coordinates":[[[[1.011,-4.177],[1.024,-4.381],[1.375,-4.381],[1.298,-4.494],[1.179,-4.74],[0.919,-5.007],[0.779,-5.106],[0.632,-5.176],[0.4,-5.225],[0.295,-5.218],[0.225,-5.204],[0.162,-5.169],[0.106,-5.127],[0.141,-5.056],[0.148,-4.782],[0.197,-4.67],[0.33,-4.515],[0.365,-4.423],[0.814,-4.423],[0.814,-4.255],[0.919,-4.24],[1.011,-4.177]]],[[[-0.953,-4.24],[-0.855,-4.283],[-0.728,-4.304],[-0.728,-4.466],[-0.308,-4.466],[-0.273,-4.522],[-0.125,-4.648],[-0.104,-4.684],[-0.09,-4.768],[-0.09,-5.07],[-0.034,-5.127],[-0.048,-5.148],[-0.146,-5.183],[-0.28,-5.218],[-0.581,-5.225],[-0.792,-5.197],[-1.016,-5.141],[-1.142,-5.07],[-1.226,-4.979],[-1.38,-4.67],[-1.437,-4.48],[-0.96,-4.48],[-0.953,-4.24]]]]},"properties":{"abbr":"MDC","name":"mediodorsal thalamic nucleus, central part","plate":30,"ap_bregma_mm":-2.35,"area_mm2":1.6138,"traced_fraction":[0.712,0.705],"n_labels":2,"no_drawn_outline":true}},{"type":"Feature","geometry":{"type":"MultiPolygon","coordinates":[[[[4.874,-3.847],[4.895,-3.868],[4.916,-3.931],[4.944,-4.107],[4.944,-4.487],[4.902,-4.719],[4.867,-5.049],[4.832,-5.197],[4.776,-5.324],[4.6,-5.598],[4.544,-5.647],[4.53,-5.647],[4.516,-5.605],[4.509,-5.506],[4.509,-5.148],[4.53,-4.937],[4.586,-4.684],[4.691,-4.487],[4.712,-4.381],[4.769,-4.233],[4.797,-4.072],[4.79,-3.931],[4.811,-3.889],[4.874,-3.847]]],[[[-5.005,-3.924],[-4.97,-4.135],[-4.795,-4.74],[-4.753,-4.944],[-4.62,-5.295],[-4.592,-5.506],[-4.585,-5.774],[-4.606,-5.774],[-4.732,-5.626],[-4.844,-5.429],[-4.893,-5.295],[-5.047,-4.979],[-5.146,-4.634],[-5.16,-4.564],[-5.153,-4.297],[-5.075,-4.022],[-5.033,-3.938],[-5.005,-3.924]]],[[[3.647,-4.156],[3.717,-4.226],[3.794,-4.381],[3.822,-4.409],[3.871,-4.423],[3.836,-4.88],[3.801,-5.07],[3.745,-5.246],[3.647,-5.352],[3.528,-5.429],[3.324,-5.612],[3.037,-5.802],[3.002,-5.809],[2.988,-5.83],[2.932,-5.858],[2.918,-5.858],[2.869,-5.767],[2.728,-5.767],[2.756,-5.71],[2.826,-5.661],[2.882,-5.598],[3.03,-5.542],[3.093,-5.471],[3.233,-5.373],[3.275,-5.324],[3.331,-5.31],[3.408,-5.26],[3.626,-5.162],[3.703,-5.084],[3.766,-4.965],[3.794,-4.768],[3.78,-4.557],[3.731,-4.388],[3.647,-4.219],[3.647,-4.156]]],[[[-3.659,-4.48],[-3.666,-4.585],[-3.722,-4.754],[-3.757,-4.93],[-3.729,-5.099],[-3.666,-5.204],[-3.428,-5.45],[-3.344,-5.514],[-3.288,-5.535],[-3.288,-5.563],[-3.238,-5.612],[-3.035,-5.767],[-2.937,-5.816],[-2.937,-5.865],[-2.993,-5.872],[-3.021,-5.9],[-3.021,-6.013],[-2.972,-6.154],[-3.0,-6.154],[-3.021,-6.175],[-3.098,-6.154],[-3.259,-6.055],[-3.33,-5.985],[-3.4,-5.879],[-3.512,-5.76],[-3.582,-5.661],[-3.75,-5.338],[-3.778,-5.176],[-3.89,-4.775],[-3.905,-4.648],[-3.813,-4.676],[-3.778,-4.67],[-3.743,-4.634],[-3.694,-4.501],[-3.659,-4.48]]]]},"properties":{"abbr":"ic","name":"internal capsule","plate":30,"ap_bregma_mm":-2.35,"area_mm2":1.5302,"traced_fraction":[0.985,1.0,1.0,1.0],"n_labels":4,"no_drawn_outline":false}},{"type":"Feature","geometry":{"type":"MultiPolygon","coordinates":[[[[-0.09,-4.768],[-0.048,-4.768],[-0.013,-4.789],[0.148,-4.782],[0.141,-5.056],[0.106,-5.127],[-0.034,-5.127],[-0.09,-5.07],[-0.09,-4.768]]]]},"properties":{"abbr":"IMD","name":"intermediodorsal thalamic nucleus","plate":30,"ap_bregma_mm":-2.35,"area_mm2":0.078,"traced_fraction":[1.0],"n_labels":1,"no_drawn_outline":false}},{"type":"Feature","geometry":{"type":"MultiPolygon","coordinates":[[[[-4.031,-4.367],[-4.003,-4.381],[-3.982,-4.43],[-3.968,-4.557],[-3.919,-4.768],[-3.912,-5.113],[-3.877,-5.352],[-4.045,-5.373],[-4.157,-5.408],[-4.199,-5.408],[-4.192,-5.246],[-4.171,-5.183],[-4.157,-5.049],[-4.087,-4.796],[-4.052,-4.564],[-4.045,-4.367],[-4.031,-4.367]]],[[[3.962,-4.472],[4.039,-4.515],[4.081,-4.557],[4.145,-4.67],[4.18,-4.817],[4.18,-5.007],[4.145,-5.014],[4.06,-5.12],[3.948,-5.225],[3.885,-5.26],[3.85,-5.26],[3.836,-5.246],[3.885,-5.077],[3.934,-4.719],[3.941,-4.522],[3.962,-4.472]]],[[[4.334,-6.463],[4.348,-6.477],[4.348,-6.533],[4.271,-6.786],[4.278,-6.808],[4.096,-6.948],[3.948,-6.99],[3.906,-7.019],[3.556,-7.054],[3.535,-7.075],[3.401,-7.04],[3.338,-7.005],[3.324,-6.969],[3.591,-6.962],[3.969,-6.864],[4.088,-6.794],[4.096,-6.772],[4.159,-6.723],[4.201,-6.667],[4.243,-6.569],[4.264,-6.554],[4.292,-6.498],[4.306,-6.498],[4.334,-6.463]]],[[[-4.543,-6.526],[-4.515,-6.526],[-4.402,-6.646],[-4.374,-6.695],[-4.234,-6.829],[-4.038,-6.969],[-3.954,-7.012],[-3.856,-7.026],[-3.848,-7.04],[-3.764,-7.061],[-3.582,-7.075],[-3.477,-7.068],[-3.4,-7.075],[-3.379,-7.089],[-3.421,-7.124],[-3.477,-7.138],[-3.575,-7.194],[-3.778,-7.279],[-3.835,-7.194],[-3.926,-7.103],[-4.031,-7.054],[-4.122,-6.99],[-4.227,-6.955],[-4.283,-6.92],[-4.388,-6.751],[-4.536,-6.576],[-4.543,-6.526]]]]},"properties":{"abbr":"st","name":"stria terminalis","plate":30,"ap_bregma_mm":-2.35,"area_mm2":0.6028,"traced_fraction":[1.0,1.0,1.0,1.0],"n_labels":4,"no_drawn_outline":false}},{"type":"Feature","geometry":{"type":"MultiPolygon","coordinates":[[[[3.289,-4.599],[3.289,-4.698],[3.261,-4.859],[3.205,-4.986],[3.079,-5.134],[2.925,-5.232],[2.728,-5.317],[2.462,-5.408],[2.42,-5.429],[2.392,-5.464],[2.322,-5.492],[2.251,-5.556],[2.209,-5.563],[2.223,-5.506],[2.392,-5.345],[2.455,-5.302],[2.588,-5.162],[2.707,-5.07],[2.939,-4.838],[2.939,-4.824],[3.086,-4.67],[3.184,-4.613],[3.289,-4.599]]],[[[-3.267,-4.606],[-3.21,-4.613],[-3.105,-4.676],[-2.986,-4.803],[-2.776,-5.106],[-2.636,-5.246],[-2.327,-5.478],[-2.166,-5.633],[-2.215,-5.64],[-2.341,-5.577],[-2.446,-5.549],[-2.53,-5.485],[-3.021,-5.26],[-3.126,-5.176],[-3.217,-5.021],[-3.267,-4.866],[-3.28,-4.775],[-3.267,-4.606]]]]},"properties":{"abbr":"VPL","name":"ventral posterolateral thalamic nucleus","plate":30,"ap_bregma_mm":-2.35,"area_mm2":0.5782,"traced_fraction":[1.0,1.0],"n_labels":2,"no_drawn_outline":false}},{"type":"Feature","geometry":{"type":"MultiPolygon","coordinates":[[[[2.925,-4.121],[3.009,-4.142],[3.191,-4.29],[3.191,-4.325],[3.24,-4.388],[3.282,-4.48],[3.289,-4.599],[3.184,-4.613],[3.086,-4.67],[2.939,-4.824],[2.939,-4.838],[2.707,-5.07],[2.588,-5.162],[2.455,-5.302],[2.392,-5.345],[2.223,-5.506],[2.209,-5.563],[2.076,-5.689],[1.838,-5.809],[1.655,-5.865],[1.459,-5.865],[1.438,-5.858],[1.403,-5.753],[1.396,-5.612],[1.41,-5.542],[1.459,-5.478],[1.571,-5.394],[1.74,-5.317],[1.761,-5.295],[1.782,-5.295],[1.978,-5.162],[2.167,-4.972],[2.167,-4.958],[2.336,-4.775],[2.49,-4.55],[2.532,-4.451],[2.637,-4.283],[2.728,-4.191],[2.756,-4.184],[2.784,-4.156],[2.925,-4.121]]],[[[-2.832,-4.262],[-2.818,-4.283],[-2.685,-4.367],[-2.579,-4.48],[-2.411,-4.698],[-2.243,-4.972],[-2.032,-5.183],[-1.836,-5.331],[-1.633,-5.429],[-1.464,-5.485],[-1.359,-5.549],[-1.324,-5.612],[-1.324,-5.717],[-1.352,-5.837],[-1.394,-5.893],[-1.401,-5.935],[-1.458,-5.957],[-1.507,-5.957],[-1.556,-5.985],[-1.619,-5.985],[-1.731,-5.95],[-1.976,-5.809],[-2.075,-5.731],[-2.145,-5.661],[-2.152,-5.633],[-2.166,-5.633],[-2.327,-5.478],[-2.636,-5.246],[-2.776,-5.106],[-2.986,-4.803],[-3.105,-4.676],[-3.21,-4.613],[-3.267,-4.606],[-3.267,-4.557],[-3.246,-4.494],[-3.203,-4.444],[-3.147,-4.416],[-3.112,-4.381],[-3.098,-4.325],[-2.832,-4.262]]]]},"properties":{"abbr":"VPM","name":"ventral posteromedial thalamic nucleus","plate":30,"ap_bregma_mm":-2.35,"area_mm2":2.2242,"traced_fraction":[1.0,1.0],"n_labels":2,"no_drawn_outline":false}},{"type":"Feature","geometry":{"type":"MultiPolygon","coordinates":[[[[4.895,-3.586],[4.93,-3.586],[4.965,-3.607],[5.077,-3.741],[5.252,-4.044],[5.315,-4.128],[5.477,-4.423],[5.61,-4.782],[5.645,-5.0],[5.645,-5.162],[5.575,-5.408],[5.547,-5.415],[5.47,-5.549],[5.329,-5.703],[5.189,-5.802],[5.098,-5.886],[5.007,-5.942],[4.958,-5.914],[4.951,-5.879],[4.537,-5.879],[4.53,-5.675],[4.544,-5.647],[4.6,-5.598],[4.776,-5.324],[4.825,-5.218],[4.867,-5.049],[4.902,-4.719],[4.944,-4.487],[4.944,-4.107],[4.916,-3.931],[4.895,-3.868],[4.874,-3.847],[4.874,-3.797],[4.902,-3.706],[4.895,-3.586]]],[[[-5.012,-3.889],[-5.005,-3.924],[-5.033,-3.938],[-5.075,-4.022],[-5.153,-4.297],[-5.16,-4.564],[-5.146,-4.634],[-5.047,-4.979],[-4.893,-5.295],[-4.844,-5.429],[-4.732,-5.626],[-4.662,-5.696],[-4.634,-5.746],[-4.606,-5.774],[-4.585,-5.774],[-4.585,-5.858],[-5.047,-5.865],[-5.047,-6.09],[-5.068,-6.09],[-5.132,-6.041],[-5.188,-6.02],[-5.384,-5.872],[-5.489,-5.767],[-5.615,-5.584],[-5.636,-5.577],[-5.685,-5.514],[-5.714,-5.387],[-5.727,-5.373],[-5.755,-5.218],[-5.755,-5.07],[-5.699,-4.81],[-5.643,-4.655],[-5.545,-4.472],[-5.37,-4.226],[-5.047,-3.889],[-5.012,-3.889]]]]},"properties":{"abbr":"CPu","name":"caudate putamen (striatum)","plate":30,"ap_bregma_mm":-2.35,"area_mm2":2.5193,"traced_fraction":[0.918,0.878],"n_labels":2,"no_drawn_outline":false}},{"type":"Feature","geometry":{"type":"MultiPolygon","coordinates":[[[[1.424,-4.184],[1.529,-4.184],[1.55,-4.247],[1.55,-4.353],[1.522,-4.459],[1.298,-4.803],[1.165,-5.084],[1.123,-5.077],[1.045,-5.099],[0.905,-5.162],[0.835,-5.211],[0.793,-5.253],[0.737,-5.352],[0.737,-5.443],[0.597,-5.492],[0.422,-5.527],[0.415,-5.443],[0.365,-5.401],[0.288,-5.387],[0.295,-5.218],[0.4,-5.225],[0.632,-5.176],[0.779,-5.106],[0.919,-5.007],[1.179,-4.74],[1.298,-4.494],[1.375,-4.381],[1.424,-4.283],[1.424,-4.184]]],[[[-1.142,-5.07],[-1.016,-5.141],[-0.792,-5.197],[-0.581,-5.225],[-0.28,-5.218],[-0.273,-5.394],[-0.364,-5.415],[-0.441,-5.471],[-0.448,-5.527],[-0.427,-5.57],[-0.567,-5.563],[-0.651,-5.542],[-0.869,-5.535],[-0.995,-5.506],[-1.002,-5.422],[-1.044,-5.331],[-1.093,-5.253],[-1.163,-5.19],[-1.17,-5.162],[-1.156,-5.155],[-1.142,-5.07]]]]},"properties":{"abbr":"PC","name":"paracentral thalamic nucleus","plate":30,"ap_bregma_mm":-2.35,"area_mm2":0.5806,"traced_fraction":[0.959,0.932],"n_labels":2,"no_drawn_outline":false}},{"type":"Feature","geometry":{"type":"MultiPolygon","coordinates":[[[[5.645,-5.162],[5.75,-5.169],[5.736,-5.274],[5.715,-5.295],[5.701,-5.366],[5.673,-5.394],[5.589,-5.584],[5.561,-5.668],[5.568,-5.689],[5.554,-5.689],[5.526,-5.725],[5.512,-5.725],[5.512,-5.689],[5.575,-5.45],[5.575,-5.408],[5.645,-5.162]]],[[[-5.727,-5.373],[-5.714,-5.387],[-5.685,-5.514],[-5.636,-5.577],[-5.65,-5.577],[-5.65,-5.675],[-5.615,-5.823],[-5.622,-5.886],[-5.65,-5.858],[-5.693,-5.703],[-5.742,-5.605],[-5.805,-5.478],[-5.84,-5.45],[-5.854,-5.38],[-5.727,-5.373]]]]},"properties":{"abbr":"ec","name":"external capsule","plate":30,"ap_bregma_mm":-2.35,"area_mm2":0.086,"traced_fraction":[0.959,0.944],"n_labels":2,"no_drawn_outline":false}},{"type":"Feature","geometry":{"type":"MultiPolygon","coordinates":[[[[1.165,-5.084],[1.123,-5.211],[1.074,-5.26],[1.053,-5.302],[0.891,-5.394],[0.744,-5.443],[0.737,-5.443],[0.737,-5.352],[0.793,-5.253],[0.835,-5.211],[0.905,-5.162],[1.045,-5.099],[1.123,-5.077],[1.165,-5.084]]],[[[-1.17,-5.162],[-1.163,-5.19],[-1.093,-5.253],[-1.044,-5.331],[-1.002,-5.422],[-0.995,-5.506],[-1.114,-5.478],[-1.212,-5.422],[-1.247,-5.387],[-1.331,-5.274],[-1.366,-5.176],[-1.366,-5.113],[-1.289,-5.113],[-1.17,-5.162]]]]},"properties":{"abbr":"OPC","name":"oval paracentral thalamic nucleus","plate":30,"ap_bregma_mm":-2.35,"area_mm2":0.1539,"traced_fraction":[1.0,1.0],"n_labels":2,"no_drawn_outline":false}},{"type":"Feature","geometry":{"type":"MultiPolygon","coordinates":[[[[5.771,-5.091],[6.269,-5.183],[6.641,-5.225],[6.949,-5.246],[7.37,-5.246],[7.328,-5.45],[7.194,-5.731],[7.181,-5.739],[7.061,-5.971],[7.054,-5.985],[7.047,-5.992],[6.949,-5.942],[6.514,-5.795],[6.332,-5.717],[6.024,-5.542],[5.939,-5.506],[5.785,-5.401],[5.701,-5.366],[5.715,-5.295],[5.736,-5.274],[5.75,-5.169],[5.771,-5.091]]],[[[-5.903,-5.113],[-5.875,-5.359],[-6.148,-5.542],[-6.695,-5.816],[-7.123,-5.971],[-7.396,-6.02],[-7.452,-6.041],[-7.494,-5.971],[-7.543,-5.802],[-7.579,-5.612],[-7.579,-5.499],[-7.333,-5.499],[-6.87,-5.422],[-6.548,-5.338],[-6.225,-5.232],[-5.931,-5.113],[-5.903,-5.113]]]]},"properties":{"abbr":"AuV","name":"secondary auditory cortex, ventral area","plate":30,"ap_bregma_mm":-2.35,"area_mm2":1.5396,"traced_fraction":[1.0,1.0],"n_labels":2,"no_drawn_outline":false}},{"type":"Feature","geometry":{"type":"MultiPolygon","coordinates":[[[[3.254,-3.242],[3.268,-3.256],[3.443,-3.284],[3.584,-3.34],[3.724,-3.453],[3.878,-3.551],[3.962,-3.636],[4.004,-3.699],[4.039,-3.797],[4.039,-3.91],[4.011,-4.029],[3.948,-4.128],[3.927,-4.226],[3.927,-4.36],[3.962,-4.472],[3.941,-4.522],[3.934,-4.719],[3.885,-5.077],[3.836,-5.246],[3.85,-5.26],[3.885,-5.26],[3.948,-5.225],[4.06,-5.12],[4.145,-5.014],[4.18,-5.007],[4.187,-5.225],[4.159,-5.31],[4.032,-5.549],[4.018,-5.591],[4.025,-5.633],[3.969,-5.668],[3.941,-5.703],[3.892,-5.725],[3.626,-5.739],[3.31,-5.83],[3.044,-5.985],[2.882,-6.118],[2.848,-6.083],[2.848,-6.027],[2.848,-6.013],[3.016,-5.851],[3.037,-5.802],[3.324,-5.612],[3.528,-5.429],[3.647,-5.352],[3.745,-5.246],[3.822,-4.972],[3.85,-4.761],[3.871,-4.423],[3.885,-4.36],[3.892,-4.142],[3.948,-4.022],[3.969,-3.896],[3.962,-3.825],[3.934,-3.755],[3.92,-3.748],[3.864,-3.643],[3.738,-3.523],[3.373,-3.347],[2.953,-3.27],[2.84,-3.263],[2.672,-3.284],[2.462,-3.277],[2.111,-3.312],[1.88,-3.361],[1.803,-3.354],[1.817,-3.326],[1.845,-3.319],[2.322,-3.249],[2.616,-3.242],[2.749,-3.221],[3.1,-3.221],[3.254,-3.242]]],[[[-2.453,-3.249],[-2.313,-3.284],[-1.983,-3.319],[-1.885,-3.347],[-1.801,-3.354],[-1.759,-3.375],[-1.773,-3.389],[-1.878,-3.389],[-2.075,-3.375],[-2.397,-3.326],[-2.551,-3.326],[-2.593,-3.312],[-2.916,-3.312],[-3.063,-3.326],[-3.309,-3.375],[-3.526,-3.446],[-3.631,-3.516],[-3.715,-3.551],[-3.827,-3.657],[-3.827,-3.671],[-3.933,-3.783],[-3.982,-3.91],[-3.982,-4.008],[-3.954,-4.1],[-3.961,-4.149],[-3.94,-4.255],[-3.926,-4.592],[-3.905,-4.648],[-3.89,-4.775],[-3.841,-4.923],[-3.75,-5.338],[-3.582,-5.661],[-3.512,-5.76],[-3.4,-5.879],[-3.33,-5.985],[-3.259,-6.055],[-3.14,-6.132],[-3.049,-6.175],[-3.021,-6.175],[-3.021,-6.189],[-2.965,-6.217],[-2.937,-6.252],[-2.86,-6.294],[-2.79,-6.372],[-2.691,-6.435],[-2.691,-6.449],[-2.678,-6.449],[-2.67,-6.47],[-2.657,-6.47],[-2.642,-6.498],[-2.629,-6.498],[-2.608,-6.533],[-2.593,-6.533],[-2.572,-6.569],[-2.551,-6.576],[-2.537,-6.604],[-2.488,-6.639],[-2.488,-6.653],[-2.474,-6.653],[-2.474,-6.667],[-2.383,-6.751],[-2.383,-6.765],[-2.362,-6.772],[-2.355,-6.794],[-2.334,-6.794],[-2.306,-6.892],[-2.285,-6.92],[-2.285,-6.976],[-2.32,-6.962],[-2.404,-6.878],[-2.474,-6.772],[-2.6,-6.646],[-2.614,-6.646],[-2.748,-6.526],[-2.783,-6.512],[-2.783,-6.498],[-2.902,-6.428],[-2.958,-6.379],[-3.035,-6.35],[-3.042,-6.336],[-3.393,-6.231],[-3.589,-6.111],[-3.652,-6.055],[-3.778,-6.006],[-3.827,-5.942],[-3.848,-5.935],[-3.869,-5.893],[-3.89,-5.886],[-3.933,-5.816],[-3.947,-5.816],[-3.954,-5.788],[-3.968,-5.788],[-4.003,-5.725],[-4.01,-5.682],[-4.066,-5.605],[-4.157,-5.408],[-4.045,-5.373],[-3.877,-5.352],[-3.912,-5.113],[-3.919,-4.768],[-3.968,-4.557],[-3.982,-4.43],[-4.003,-4.381],[-4.031,-4.367],[-4.045,-4.332],[-4.052,-4.205],[-4.087,-4.1],[-4.108,-3.973],[-4.094,-3.832],[-4.031,-3.72],[-3.926,-3.615],[-3.736,-3.495],[-3.582,-3.432],[-3.512,-3.418],[-3.484,-3.396],[-3.365,-3.368],[-3.316,-3.347],[-3.295,-3.319],[-2.972,-3.256],[-2.657,-3.235],[-2.453,-3.249]]]]},"properties":{"abbr":"opt","name":"optic tract","plate":30,"ap_bregma_mm":-2.35,"area_mm2":1.4546,"traced_fraction":[0.997,1.0],"n_labels":2,"no_drawn_outline":false}},{"type":"Feature","geometry":{"type":"MultiPolygon","coordinates":[[[[1.053,-5.302],[1.102,-5.359],[1.34,-5.366],[1.347,-5.38],[1.368,-5.38],[1.375,-5.408],[1.445,-5.478],[1.459,-5.478],[1.41,-5.542],[1.396,-5.612],[1.403,-5.753],[1.438,-5.858],[1.389,-5.858],[1.298,-5.83],[1.151,-5.746],[1.003,-5.64],[0.884,-5.591],[0.842,-5.591],[0.758,-5.492],[0.744,-5.443],[0.891,-5.394],[1.053,-5.302]]],[[[-1.247,-5.387],[-1.212,-5.422],[-1.114,-5.478],[-0.995,-5.506],[-0.869,-5.535],[-0.876,-5.584],[-0.911,-5.647],[-0.918,-5.71],[-1.058,-5.76],[-1.282,-5.914],[-1.345,-5.935],[-1.401,-5.935],[-1.394,-5.893],[-1.352,-5.837],[-1.324,-5.717],[-1.324,-5.612],[-1.359,-5.549],[-1.331,-5.521],[-1.331,-5.492],[-1.282,-5.45],[-1.282,-5.415],[-1.247,-5.387]]]]},"properties":{"abbr":"VL","name":"ventrolateral thalamic nucleus","plate":30,"ap_bregma_mm":-2.35,"area_mm2":0.3688,"traced_fraction":[0.781,0.912],"n_labels":2,"no_drawn_outline":false}},{"type":"Feature","geometry":{"type":"MultiPolygon","coordinates":[[[[0.737,-5.443],[0.744,-5.443],[0.758,-5.492],[0.842,-5.591],[0.611,-5.689],[0.548,-5.753],[0.534,-5.816],[0.33,-5.802],[0.225,-5.837],[0.183,-5.837],[0.218,-5.703],[0.218,-5.612],[0.239,-5.591],[0.358,-5.563],[0.422,-5.527],[0.597,-5.492],[0.737,-5.443]]],[[[-0.869,-5.535],[-0.651,-5.542],[-0.567,-5.563],[-0.427,-5.57],[-0.224,-5.626],[-0.231,-5.725],[-0.174,-5.858],[-0.35,-5.851],[-0.448,-5.872],[-0.476,-5.851],[-0.462,-5.788],[-0.497,-5.76],[-0.918,-5.71],[-0.911,-5.647],[-0.876,-5.584],[-0.869,-5.535]]]]},"properties":{"abbr":"Sub","name":"submedius thalamic nucleus","plate":30,"ap_bregma_mm":-2.35,"area_mm2":0.2865,"traced_fraction":[1.0,1.0],"n_labels":2,"no_drawn_outline":false}},{"type":"Feature","geometry":{"type":"MultiPolygon","coordinates":[[[[2.392,-5.464],[2.413,-5.485],[2.434,-5.549],[2.546,-5.514],[2.581,-5.591],[2.567,-5.626],[2.35,-5.739],[2.237,-5.816],[2.181,-5.844],[2.153,-5.844],[2.146,-5.809],[2.125,-5.795],[2.118,-5.767],[2.104,-5.767],[2.048,-5.802],[1.901,-5.858],[1.768,-5.893],[1.634,-5.893],[1.529,-5.914],[1.466,-5.886],[1.459,-5.865],[1.655,-5.865],[1.838,-5.809],[2.076,-5.689],[2.209,-5.563],[2.251,-5.556],[2.322,-5.492],[2.392,-5.464]]],[[[-2.446,-5.549],[-2.341,-5.577],[-2.215,-5.64],[-2.166,-5.633],[-2.152,-5.633],[-2.145,-5.661],[-2.075,-5.731],[-1.976,-5.809],[-1.731,-5.95],[-1.619,-5.985],[-1.556,-5.985],[-1.507,-5.957],[-1.458,-5.957],[-1.458,-5.978],[-1.514,-6.02],[-1.731,-6.013],[-1.927,-5.935],[-2.411,-5.689],[-2.481,-5.626],[-2.481,-5.612],[-2.446,-5.549]]]]},"properties":{"abbr":"ml","name":"medial lemniscus","plate":30,"ap_bregma_mm":-2.35,"area_mm2":0.2359,"traced_fraction":[0.965,1.0],"n_labels":2,"no_drawn_outline":false}},{"type":"Feature","geometry":{"type":"MultiPolygon","coordinates":[[[[-5.875,-5.359],[-5.868,-5.38],[-5.854,-5.38],[-5.84,-5.45],[-5.805,-5.478],[-5.742,-5.605],[-5.776,-5.619],[-5.938,-5.788],[-5.952,-5.788],[-6.057,-5.893],[-6.225,-6.027],[-6.267,-6.076],[-6.464,-6.224],[-6.618,-6.365],[-6.793,-6.484],[-6.905,-6.597],[-6.962,-6.576],[-7.095,-6.491],[-7.242,-6.365],[-7.298,-6.28],[-7.319,-6.273],[-7.396,-6.175],[-7.452,-6.041],[-7.396,-6.02],[-7.123,-5.971],[-6.695,-5.816],[-6.148,-5.542],[-5.875,-5.359]]],[[[5.701,-5.366],[5.785,-5.401],[5.939,-5.506],[6.024,-5.542],[6.332,-5.717],[6.514,-5.795],[6.949,-5.942],[7.047,-5.992],[6.935,-6.21],[6.872,-6.287],[6.83,-6.372],[6.76,-6.435],[6.697,-6.386],[6.549,-6.315],[6.43,-6.231],[6.213,-6.111],[5.568,-5.689],[5.561,-5.668],[5.589,-5.584],[5.673,-5.394],[5.701,-5.366]]]]},"properties":{"abbr":"Ect","name":"ectorhinal cortex","plate":30,"ap_bregma_mm":-2.35,"area_mm2":1.3944,"traced_fraction":[1.0,1.0],"n_labels":2,"no_drawn_outline":false}},{"type":"Feature","geometry":{"type":"MultiPolygon","coordinates":[[[[5.575,-5.408],[5.575,-5.45],[5.512,-5.689],[5.512,-5.725],[5.526,-5.725],[5.386,-6.146],[5.372,-6.146],[5.35,-6.21],[5.329,-6.224],[5.308,-6.217],[5.259,-6.09],[5.196,-6.027],[5.105,-5.985],[4.993,-5.971],[5.007,-5.942],[5.098,-5.886],[5.189,-5.802],[5.329,-5.703],[5.47,-5.549],[5.547,-5.415],[5.575,-5.408]]],[[[-5.636,-5.577],[-5.615,-5.584],[-5.524,-5.725],[-5.384,-5.872],[-5.188,-6.02],[-5.132,-6.041],[-5.068,-6.09],[-5.047,-6.09],[-5.047,-6.104],[-5.005,-6.118],[-4.984,-6.146],[-5.16,-6.182],[-5.321,-6.252],[-5.398,-6.315],[-5.433,-6.393],[-5.468,-6.428],[-5.517,-6.379],[-5.524,-6.322],[-5.517,-6.294],[-5.573,-6.111],[-5.587,-5.999],[-5.601,-5.992],[-5.622,-5.886],[-5.615,-5.823],[-5.65,-5.675],[-5.65,-5.577],[-5.636,-5.577]]]]},"properties":{"abbr":"LaD","name":"lateral amygdaloid nucleus, dorsal part","plate":30,"ap_bregma_mm":-2.35,"area_mm2":0.3636,"traced_fraction":[0.997,1.0],"n_labels":2,"no_drawn_outline":false}},{"type":"Feature","geometry":{"type":"MultiPolygon","coordinates":[[[[-4.585,-5.858],[-4.585,-6.006],[-4.627,-6.28],[-4.648,-6.28],[-4.69,-6.245],[-4.816,-6.189],[-4.984,-6.146],[-5.005,-6.118],[-5.047,-6.104],[-5.047,-6.09],[-5.047,-5.865],[-4.585,-5.858]]],[[[4.537,-5.879],[4.951,-5.879],[4.958,-5.914],[5.007,-5.942],[4.993,-5.971],[4.951,-5.978],[4.818,-6.041],[4.79,-6.041],[4.6,-6.139],[4.551,-6.146],[4.537,-5.879]]]]},"properties":{"abbr":"ASt","name":"amygdalostriatal transition area","plate":30,"ap_bregma_mm":-2.35,"area_mm2":0.2292,"traced_fraction":[0.603,0.651],"n_labels":2,"no_drawn_outline":true}},{"type":"Feature","geometry":{"type":"MultiPolygon","coordinates":[[[[0.842,-5.591],[0.884,-5.591],[1.003,-5.64],[1.151,-5.746],[1.298,-5.83],[1.354,-5.851],[1.438,-5.858],[1.459,-5.865],[1.466,-5.886],[1.529,-5.914],[1.473,-5.964],[1.235,-6.055],[0.905,-6.125],[0.828,-6.097],[0.758,-6.048],[0.779,-6.034],[0.779,-5.992],[0.758,-5.957],[0.681,-5.886],[0.534,-5.816],[0.548,-5.753],[0.611,-5.689],[0.842,-5.591]]],[[[-0.918,-5.71],[-0.497,-5.76],[-0.462,-5.788],[-0.476,-5.851],[-0.518,-5.9],[-0.574,-5.921],[-0.616,-5.964],[-0.679,-6.076],[-0.693,-6.139],[-0.826,-6.182],[-0.904,-6.231],[-0.918,-6.217],[-1.03,-6.217],[-1.212,-6.189],[-1.472,-6.062],[-1.514,-6.02],[-1.458,-5.978],[-1.458,-5.957],[-1.401,-5.935],[-1.345,-5.935],[-1.282,-5.914],[-1.058,-5.76],[-0.918,-5.71]]]]},"properties":{"abbr":"VM","name":"ventromedial thalamic nucleus","plate":30,"ap_bregma_mm":-2.35,"area_mm2":0.6156,"traced_fraction":[1.0,1.0],"n_labels":2,"no_drawn_outline":false}},{"type":"Feature","geometry":{"type":"MultiPolygon","coordinates":[[[[0.534,-5.816],[0.681,-5.886],[0.758,-5.957],[0.779,-5.992],[0.779,-6.034],[0.758,-6.048],[0.723,-6.034],[0.555,-6.041],[0.485,-6.076],[0.407,-6.161],[0.281,-6.132],[0.169,-6.027],[0.155,-6.027],[0.155,-5.872],[0.183,-5.837],[0.225,-5.837],[0.33,-5.802],[0.534,-5.816]]],[[[-0.476,-5.851],[-0.448,-5.872],[-0.35,-5.851],[-0.174,-5.858],[-0.146,-5.9],[-0.125,-6.02],[-0.139,-6.02],[-0.28,-6.154],[-0.462,-6.203],[-0.602,-6.146],[-0.693,-6.139],[-0.679,-6.076],[-0.616,-5.964],[-0.574,-5.921],[-0.518,-5.9],[-0.476,-5.851]]]]},"properties":{"abbr":"VRe","name":"ventral reuniens thalamic nucleus","plate":30,"ap_bregma_mm":-2.35,"area_mm2":0.2864,"traced_fraction":[1.0,1.0],"n_labels":2,"no_drawn_outline":false}},{"type":"Feature","geometry":{"type":"MultiPolygon","coordinates":[[[[3.086,-5.26],[3.128,-5.295],[3.275,-5.324],[3.233,-5.373],[3.093,-5.471],[3.03,-5.542],[2.882,-5.598],[2.84,-5.598],[2.7,-5.682],[2.371,-5.964],[2.216,-6.055],[2.188,-6.055],[2.153,-6.083],[2.132,-6.083],[2.111,-6.111],[2.048,-6.146],[2.034,-6.132],[2.02,-5.978],[1.999,-5.957],[1.978,-5.957],[1.957,-5.978],[1.908,-5.992],[1.901,-5.858],[2.048,-5.802],[2.104,-5.767],[2.118,-5.767],[2.125,-5.795],[2.146,-5.809],[2.153,-5.844],[2.181,-5.844],[2.237,-5.816],[2.35,-5.739],[2.567,-5.626],[2.581,-5.591],[2.546,-5.514],[2.812,-5.38],[2.911,-5.345],[3.051,-5.26],[3.086,-5.26]]],[[[-3.056,-5.387],[-2.986,-5.401],[-2.537,-5.605],[-2.481,-5.612],[-2.481,-5.626],[-2.411,-5.689],[-1.927,-5.935],[-1.941,-6.132],[-1.962,-6.132],[-2.11,-6.048],[-2.159,-6.034],[-2.173,-6.013],[-2.453,-5.858],[-2.572,-5.774],[-2.6,-5.774],[-2.614,-5.788],[-2.621,-5.914],[-2.678,-5.872],[-2.748,-5.844],[-2.867,-5.816],[-2.937,-5.816],[-2.993,-5.795],[-3.203,-5.64],[-3.288,-5.563],[-3.288,-5.535],[-3.133,-5.57],[-3.063,-5.563],[-3.028,-5.527],[-3.028,-5.471],[-3.056,-5.429],[-3.056,-5.387]]]]},"properties":{"abbr":"ZID","name":"zona incerta, dorsal part","plate":30,"ap_bregma_mm":-2.35,"area_mm2":0.6164,"traced_fraction":[0.907,0.935],"n_labels":2,"no_drawn_outline":false}},{"type":"Feature","geometry":{"type":"MultiPolygon","coordinates":[[[[-0.125,-6.02],[-0.083,-6.076],[-0.02,-6.111],[0.078,-6.104],[0.113,-6.083],[0.155,-6.027],[0.169,-6.027],[0.281,-6.132],[0.407,-6.161],[0.386,-6.245],[0.386,-6.329],[0.428,-6.435],[0.464,-6.477],[0.309,-6.533],[0.169,-6.547],[0.106,-6.414],[0.057,-6.379],[-0.013,-6.372],[-0.111,-6.407],[-0.167,-6.47],[-0.195,-6.554],[-0.238,-6.554],[-0.315,-6.533],[-0.378,-6.498],[-0.42,-6.498],[-0.441,-6.421],[-0.441,-6.315],[-0.462,-6.203],[-0.28,-6.154],[-0.139,-6.02],[-0.125,-6.02]]]]},"properties":{"abbr":"PHD","name":"posterior hypothalamic area, dorsal part","plate":30,"ap_bregma_mm":-2.35,"area_mm2":0.3162,"traced_fraction":[1.0],"n_labels":1,"no_drawn_outline":false}},{"type":"Feature","geometry":{"type":"MultiPolygon","coordinates":[[[[-1.927,-5.935],[-1.731,-6.013],[-1.514,-6.02],[-1.472,-6.062],[-1.212,-6.189],[-1.191,-6.386],[-1.205,-6.442],[-1.233,-6.477],[-1.31,-6.519],[-1.437,-6.526],[-1.591,-6.505],[-1.78,-6.442],[-2.236,-6.203],[-2.25,-6.182],[-2.313,-6.168],[-2.383,-6.125],[-2.509,-5.999],[-2.6,-5.942],[-2.621,-5.914],[-2.614,-5.788],[-2.6,-5.774],[-2.572,-5.774],[-2.453,-5.858],[-2.173,-6.013],[-2.159,-6.034],[-2.124,-6.041],[-1.962,-6.132],[-1.941,-6.132],[-1.927,-5.935]]],[[[1.901,-5.858],[1.908,-5.992],[1.957,-5.978],[1.978,-5.957],[1.999,-5.957],[2.02,-5.978],[2.034,-6.132],[2.048,-6.146],[1.943,-6.231],[1.824,-6.273],[1.754,-6.315],[1.599,-6.357],[1.494,-6.357],[1.41,-6.35],[1.34,-6.322],[1.263,-6.238],[1.235,-6.125],[1.235,-6.055],[1.473,-5.964],[1.529,-5.914],[1.634,-5.893],[1.768,-5.893],[1.901,-5.858]]]]},"properties":{"abbr":"ZIV","name":"zona incerta, ventral part","plate":30,"ap_bregma_mm":-2.35,"area_mm2":0.7426,"traced_fraction":[0.938,0.895],"n_labels":2,"no_drawn_outline":false}},{"type":"Feature","geometry":{"type":"MultiPolygon","coordinates":[[[[2.932,-5.858],[2.932,-5.872],[2.897,-5.886],[2.897,-5.9],[2.854,-5.921],[2.854,-5.935],[2.84,-5.935],[2.735,-6.034],[2.742,-6.083],[2.763,-6.097],[2.763,-6.083],[2.805,-6.062],[2.826,-6.027],[2.848,-6.027],[2.848,-6.083],[2.882,-6.118],[2.637,-6.35],[2.581,-6.428],[2.462,-6.519],[2.455,-6.484],[2.469,-6.449],[2.539,-6.379],[2.588,-6.294],[2.665,-6.203],[2.686,-6.175],[2.637,-6.168],[2.595,-6.182],[2.574,-6.146],[2.364,-6.132],[2.371,-6.104],[2.504,-5.964],[2.504,-5.95],[2.637,-5.823],[2.728,-5.767],[2.869,-5.767],[2.918,-5.858],[2.932,-5.858]]]]},"properties":{"abbr":"sox","name":"supraoptic decussation","plate":30,"ap_bregma_mm":-2.35,"area_mm2":0.1642,"traced_fraction":[0.903],"n_labels":2,"no_drawn_outline":false}},{"type":"Feature","geometry":{"type":"MultiPolygon","coordinates":[[[[0.632,-6.118],[0.695,-6.125],[0.744,-6.154],[0.8,-6.238],[0.814,-6.357],[0.793,-6.428],[0.758,-6.463],[0.674,-6.47],[0.618,-6.456],[0.548,-6.4],[0.506,-6.329],[0.499,-6.266],[0.513,-6.21],[0.569,-6.139],[0.632,-6.118]]],[[[-0.693,-6.224],[-0.609,-6.238],[-0.574,-6.266],[-0.56,-6.294],[-0.56,-6.357],[-0.581,-6.435],[-0.651,-6.512],[-0.805,-6.519],[-0.869,-6.463],[-0.876,-6.372],[-0.813,-6.28],[-0.693,-6.224]]]]},"properties":{"abbr":"mt","name":"mammillothalamic tract","plate":30,"ap_bregma_mm":-2.35,"area_mm2":0.1578,"traced_fraction":[0.993,1.0],"n_labels":2,"no_drawn_outline":false}},{"type":"Feature","geometry":{"type":"MultiPolygon","coordinates":[[[[-5.742,-5.605],[-5.693,-5.703],[-5.65,-5.858],[-5.622,-5.886],[-5.601,-5.992],[-5.615,-5.992],[-5.608,-6.111],[-5.559,-6.28],[-5.538,-6.322],[-5.524,-6.322],[-5.517,-6.379],[-5.566,-6.407],[-5.636,-6.484],[-5.65,-6.484],[-5.693,-6.533],[-5.819,-6.632],[-6.071,-6.786],[-6.302,-6.871],[-6.429,-6.899],[-6.59,-6.92],[-6.751,-6.92],[-6.744,-6.85],[-6.709,-6.794],[-6.688,-6.723],[-6.66,-6.709],[-6.66,-6.674],[-6.702,-6.653],[-6.716,-6.66],[-6.863,-6.625],[-6.905,-6.597],[-6.793,-6.484],[-6.618,-6.365],[-6.464,-6.224],[-6.267,-6.076],[-6.225,-6.027],[-6.211,-6.027],[-5.952,-5.788],[-5.938,-5.788],[-5.776,-5.619],[-5.742,-5.605]]],[[[5.568,-5.689],[6.213,-6.111],[6.43,-6.231],[6.549,-6.315],[6.697,-6.386],[6.76,-6.435],[6.697,-6.505],[6.648,-6.533],[6.416,-6.582],[6.339,-6.625],[6.339,-6.695],[6.374,-6.808],[6.367,-6.976],[6.15,-6.927],[5.996,-6.864],[5.855,-6.786],[5.666,-6.646],[5.35,-6.315],[5.35,-6.28],[5.393,-6.182],[5.386,-6.146],[5.526,-5.725],[5.554,-5.689],[5.568,-5.689]]]]},"properties":{"abbr":"PRh","name":"perirhinal cortex","plate":30,"ap_bregma_mm":-2.35,"area_mm2":1.7886,"traced_fraction":[1.0,1.0],"n_labels":2,"no_drawn_outline":false}},{"type":"Feature","geometry":{"type":"MultiPolygon","coordinates":[[[[2.216,-6.055],[2.209,-6.083],[2.132,-6.161],[1.887,-6.336],[1.81,-6.421],[1.768,-6.505],[1.494,-6.505],[1.494,-6.357],[1.599,-6.357],[1.754,-6.315],[1.824,-6.273],[1.943,-6.231],[2.048,-6.146],[2.111,-6.111],[2.132,-6.083],[2.153,-6.083],[2.188,-6.055],[2.216,-6.055]]]]},"properties":{"abbr":"ns","name":"nigrostriatal bundle","plate":30,"ap_bregma_mm":-2.35,"area_mm2":0.0818,"traced_fraction":[0.796],"n_labels":1,"no_drawn_outline":false}},{"type":"Feature","geometry":{"type":"MultiPolygon","coordinates":[[[[2.882,-5.598],[2.826,-5.661],[2.756,-5.71],[2.728,-5.767],[2.588,-5.865],[2.371,-6.104],[2.364,-6.132],[2.35,-6.132],[2.28,-6.21],[2.027,-6.526],[1.873,-6.681],[1.761,-6.765],[1.74,-6.751],[1.74,-6.59],[1.768,-6.505],[1.796,-6.442],[1.859,-6.379],[1.859,-6.365],[2.02,-6.231],[2.132,-6.161],[2.209,-6.083],[2.216,-6.055],[2.371,-5.964],[2.7,-5.682],[2.84,-5.598],[2.882,-5.598]]],[[[-2.937,-5.816],[-2.867,-5.816],[-2.748,-5.844],[-2.678,-5.872],[-2.621,-5.914],[-2.6,-5.942],[-2.509,-5.999],[-2.383,-6.125],[-2.313,-6.168],[-2.299,-6.21],[-2.215,-6.28],[-2.082,-6.357],[-1.927,-6.47],[-1.892,-6.519],[-1.843,-6.554],[-1.759,-6.681],[-1.759,-6.709],[-1.738,-6.744],[-1.738,-6.829],[-1.808,-6.871],[-1.829,-6.871],[-1.948,-6.737],[-1.948,-6.723],[-2.348,-6.329],[-2.362,-6.329],[-2.509,-6.189],[-2.657,-5.985],[-2.713,-5.942],[-2.818,-5.893],[-2.937,-5.865],[-2.937,-5.816]]]]},"properties":{"abbr":"STh","name":"subthalamic nucleus","plate":30,"ap_bregma_mm":-2.35,"area_mm2":0.4176,"traced_fraction":[1.0,1.0],"n_labels":2,"no_drawn_outline":false}},{"type":"Feature","geometry":{"type":"MultiPolygon","coordinates":[[[[4.993,-5.971],[5.105,-5.985],[5.196,-6.027],[5.259,-6.09],[5.308,-6.217],[5.329,-6.224],[5.308,-6.322],[5.273,-6.386],[5.273,-6.414],[5.287,-6.414],[5.189,-6.597],[5.175,-6.597],[5.021,-6.751],[4.993,-6.815],[4.972,-6.815],[4.937,-6.85],[4.874,-6.955],[4.867,-6.955],[4.86,-6.955],[4.509,-6.962],[4.453,-6.948],[4.369,-6.906],[4.278,-6.808],[4.271,-6.786],[4.348,-6.533],[4.348,-6.477],[4.334,-6.463],[4.411,-6.357],[4.439,-6.294],[4.474,-6.259],[4.523,-6.224],[4.551,-6.146],[4.6,-6.139],[4.79,-6.041],[4.818,-6.041],[4.846,-6.02],[4.993,-5.971]]],[[[-4.984,-6.146],[-4.816,-6.189],[-4.69,-6.245],[-4.648,-6.28],[-4.627,-6.28],[-4.613,-6.379],[-4.543,-6.526],[-4.536,-6.576],[-4.388,-6.751],[-4.283,-6.92],[-4.332,-6.962],[-4.43,-7.012],[-4.627,-7.082],[-4.809,-7.117],[-5.04,-7.131],[-5.04,-7.096],[-5.089,-6.997],[-5.104,-6.997],[-5.111,-6.969],[-5.132,-6.955],[-5.146,-6.92],[-5.16,-6.92],[-5.181,-6.878],[-5.195,-6.878],[-5.237,-6.822],[-5.272,-6.808],[-5.307,-6.78],[-5.307,-6.765],[-5.349,-6.667],[-5.405,-6.625],[-5.468,-6.47],[-5.468,-6.428],[-5.433,-6.393],[-5.398,-6.315],[-5.321,-6.252],[-5.16,-6.182],[-4.984,-6.146]]]]},"properties":{"abbr":"LaV","name":"lateral amygdaloid nucleus, ventral part","plate":30,"ap_bregma_mm":-2.35,"area_mm2":1.4544,"traced_fraction":[0.998,1.0],"n_labels":2,"no_drawn_outline":false}},{"type":"Feature","geometry":{"type":"MultiPolygon","coordinates":[[[[2.314,-2.89],[2.441,-2.939],[2.56,-2.967],[2.848,-2.989],[2.96,-3.017],[3.149,-3.024],[3.212,-3.038],[3.212,-3.143],[2.763,-3.101],[2.567,-3.101],[2.139,-2.981],[2.027,-2.967],[1.929,-2.96],[1.873,-2.932],[1.873,-2.904],[1.887,-2.89],[1.943,-2.869],[2.055,-2.862],[2.314,-2.89]]],[[[-2.734,-2.883],[-2.706,-2.904],[-2.53,-2.904],[-2.488,-2.967],[-2.586,-3.003],[-2.811,-3.031],[-2.825,-3.045],[-2.937,-3.045],[-3.119,-3.073],[-3.126,-2.932],[-2.93,-2.932],[-2.734,-2.883]]],[[[4.018,-5.978],[4.018,-6.287],[4.264,-6.287],[4.257,-6.336],[4.222,-6.414],[4.102,-6.569],[3.948,-6.688],[3.766,-6.78],[3.528,-6.836],[3.331,-6.836],[3.156,-6.786],[3.037,-6.786],[3.023,-6.808],[2.953,-6.794],[2.918,-6.765],[2.903,-6.688],[2.925,-6.639],[3.044,-6.526],[3.065,-6.526],[3.205,-6.421],[3.254,-6.407],[3.352,-6.393],[3.5,-6.322],[3.64,-6.231],[3.913,-6.02],[3.99,-5.978],[4.018,-5.978]]],[[[-4.087,-6.139],[-3.996,-6.146],[-3.869,-6.189],[-3.603,-6.336],[-3.533,-6.393],[-3.512,-6.393],[-3.316,-6.54],[-3.252,-6.554],[-3.182,-6.597],[-3.189,-6.646],[-3.14,-6.716],[-3.112,-6.801],[-3.14,-6.899],[-3.189,-6.927],[-3.54,-6.948],[-3.736,-6.906],[-3.968,-6.822],[-4.122,-6.73],[-4.241,-6.625],[-4.353,-6.463],[-4.374,-6.4],[-4.087,-6.4],[-4.087,-6.139]]]]},"properties":{"abbr":"CA3","name":"field CA3 of the hippocampus","plate":30,"ap_bregma_mm":-2.35,"area_mm2":1.3937,"traced_fraction":[0.983,0.944,0.853,0.848],"n_labels":4,"no_drawn_outline":false}},{"type":"Feature","geometry":{"type":"MultiPolygon","coordinates":[[[[-2.313,-6.168],[-2.25,-6.182],[-2.236,-6.203],[-1.78,-6.442],[-1.591,-6.505],[-1.437,-6.526],[-1.437,-6.681],[-1.759,-6.681],[-1.843,-6.554],[-1.864,-6.547],[-1.864,-6.533],[-1.885,-6.526],[-1.927,-6.47],[-2.082,-6.357],[-2.215,-6.28],[-2.299,-6.21],[-2.313,-6.168]]]]},"properties":{"abbr":"SubI","name":"subincertal nucleus","plate":30,"ap_bregma_mm":-2.35,"area_mm2":0.115,"traced_fraction":[0.799],"n_labels":1,"no_drawn_outline":false}},{"type":"Feature","geometry":{"type":"MultiPolygon","coordinates":[[[[0.758,-6.048],[0.828,-6.097],[0.905,-6.125],[0.912,-6.189],[0.94,-6.259],[0.94,-6.372],[0.919,-6.449],[0.856,-6.547],[0.786,-6.59],[0.716,-6.604],[0.702,-6.597],[0.597,-6.582],[0.527,-6.54],[0.464,-6.477],[0.428,-6.435],[0.386,-6.329],[0.386,-6.245],[0.407,-6.161],[0.485,-6.076],[0.555,-6.041],[0.723,-6.034],[0.758,-6.048]]],[[[0.632,-6.118],[0.569,-6.139],[0.534,-6.175],[0.499,-6.266],[0.506,-6.329],[0.548,-6.4],[0.618,-6.456],[0.674,-6.47],[0.758,-6.463],[0.793,-6.428],[0.814,-6.357],[0.8,-6.238],[0.744,-6.154],[0.695,-6.125],[0.632,-6.118]]],[[[-0.693,-6.139],[-0.602,-6.146],[-0.462,-6.203],[-0.441,-6.315],[-0.441,-6.421],[-0.42,-6.498],[-0.525,-6.646],[-0.665,-6.688],[-0.805,-6.667],[-0.883,-6.625],[-0.946,-6.554],[-0.974,-6.463],[-0.981,-6.365],[-0.96,-6.301],[-0.904,-6.231],[-0.826,-6.182],[-0.693,-6.139]]],[[[-0.693,-6.224],[-0.813,-6.28],[-0.876,-6.372],[-0.869,-6.463],[-0.805,-6.519],[-0.651,-6.512],[-0.581,-6.435],[-0.56,-6.357],[-0.56,-6.294],[-0.574,-6.266],[-0.609,-6.238],[-0.693,-6.224]]]]},"properties":{"abbr":"A11","name":"A11 dopamine cells","plate":30,"ap_bregma_mm":-2.35,"area_mm2":0.3327,"traced_fraction":[0.98,0.993,1.0,1.0],"n_labels":2,"no_drawn_outline":false}},{"type":"Feature","geometry":{"type":"MultiPolygon","coordinates":[[[[-2.937,-5.865],[-2.818,-5.893],[-2.713,-5.942],[-2.657,-5.985],[-2.509,-6.189],[-2.362,-6.329],[-2.348,-6.329],[-2.082,-6.604],[-2.068,-6.604],[-1.948,-6.723],[-1.948,-6.737],[-1.829,-6.871],[-1.766,-6.983],[-1.766,-7.089],[-1.843,-7.3],[-1.892,-7.335],[-1.906,-7.307],[-2.032,-7.187],[-2.159,-7.103],[-2.264,-7.054],[-2.285,-6.976],[-2.285,-6.92],[-2.306,-6.892],[-2.334,-6.794],[-2.341,-6.758],[-2.439,-6.618],[-2.453,-6.618],[-2.481,-6.569],[-2.495,-6.569],[-2.495,-6.554],[-2.509,-6.554],[-2.509,-6.54],[-2.523,-6.54],[-2.523,-6.526],[-2.537,-6.526],[-2.551,-6.498],[-2.565,-6.498],[-2.565,-6.484],[-2.579,-6.484],[-2.579,-6.47],[-2.65,-6.414],[-2.65,-6.259],[-2.825,-6.259],[-2.888,-6.203],[-2.972,-6.154],[-3.021,-6.013],[-3.021,-5.9],[-2.993,-5.872],[-2.937,-5.865]]],[[[2.364,-6.132],[2.574,-6.146],[2.595,-6.182],[2.637,-6.168],[2.637,-6.189],[2.665,-6.203],[2.588,-6.294],[2.539,-6.379],[2.469,-6.449],[2.455,-6.484],[2.462,-6.519],[2.441,-6.533],[2.343,-6.688],[2.301,-6.794],[2.259,-6.815],[2.223,-6.864],[2.146,-6.899],[2.083,-6.948],[2.083,-6.962],[2.069,-6.962],[1.971,-7.068],[1.95,-7.145],[1.908,-7.23],[1.894,-7.293],[1.852,-7.3],[1.845,-7.321],[1.838,-7.314],[1.824,-7.23],[1.824,-7.159],[1.803,-7.089],[1.761,-7.005],[1.684,-6.899],[1.698,-6.829],[1.761,-6.765],[1.873,-6.681],[2.027,-6.526],[2.28,-6.21],[2.35,-6.132],[2.364,-6.132]]],[[[1.838,-7.314],[1.838,-7.321],[1.838,-7.328],[1.831,-7.328],[1.838,-7.314]]],[[[1.831,-7.328],[1.838,-7.328],[1.852,-7.349],[1.824,-7.349],[1.831,-7.328]]]]},"properties":{"abbr":"cp","name":"cerebral peduncle","plate":30,"ap_bregma_mm":-2.35,"area_mm2":0.9353,"traced_fraction":[0.943,0.936,1.0,1.0],"n_labels":2,"no_drawn_outline":false}},{"type":"Feature","geometry":{"type":"MultiPolygon","coordinates":[[[[5.35,-6.315],[5.666,-6.646],[5.855,-6.786],[5.996,-6.864],[6.15,-6.927],[6.367,-6.976],[6.339,-7.082],[6.29,-7.166],[6.185,-7.265],[6.171,-7.279],[6.164,-7.279],[6.059,-7.237],[6.003,-7.23],[5.904,-7.18],[5.862,-7.18],[5.841,-7.166],[5.792,-7.117],[5.743,-7.096],[5.61,-6.997],[5.372,-6.765],[5.357,-6.765],[5.365,-6.66],[5.35,-6.632],[5.287,-6.59],[5.189,-6.597],[5.287,-6.414],[5.301,-6.407],[5.336,-6.315],[5.35,-6.315]]],[[[-5.517,-6.379],[-5.468,-6.428],[-5.468,-6.47],[-5.405,-6.625],[-5.405,-6.653],[-5.447,-6.66],[-5.496,-6.73],[-5.552,-6.765],[-5.693,-6.906],[-5.847,-7.019],[-6.029,-7.117],[-6.232,-7.194],[-6.295,-7.216],[-6.604,-7.265],[-6.674,-7.18],[-6.709,-7.11],[-6.737,-7.033],[-6.751,-6.92],[-6.59,-6.92],[-6.429,-6.899],[-6.302,-6.871],[-6.071,-6.786],[-5.819,-6.632],[-5.693,-6.533],[-5.65,-6.484],[-5.636,-6.484],[-5.566,-6.407],[-5.517,-6.379]]],[[[6.164,-7.279],[6.171,-7.279],[6.164,-7.286],[6.164,-7.279]]]]},"properties":{"abbr":"LEnt","name":"lateral entorhinal cortex","plate":30,"ap_bregma_mm":-2.35,"area_mm2":0.8271,"traced_fraction":[1.0,1.0,1.0],"n_labels":2,"no_drawn_outline":false}},{"type":"Feature","geometry":{"type":"MultiPolygon","coordinates":[[[[5.357,-6.765],[5.273,-6.871],[5.14,-6.927],[5.028,-7.089],[4.951,-7.082],[4.909,-7.026],[4.902,-6.969],[4.944,-6.892],[4.972,-6.871],[4.993,-6.815],[5.021,-6.751],[5.175,-6.597],[5.189,-6.597],[5.287,-6.59],[5.323,-6.604],[5.365,-6.66],[5.357,-6.765]]],[[[-5.405,-6.653],[-5.363,-6.73],[-5.307,-6.765],[-5.307,-6.78],[-5.272,-6.808],[-5.279,-6.822],[-5.265,-6.85],[-5.223,-6.892],[-5.209,-6.927],[-5.195,-6.927],[-5.138,-7.019],[-5.111,-7.124],[-5.104,-7.258],[-5.089,-7.265],[-5.096,-7.293],[-5.195,-7.286],[-5.286,-7.251],[-5.419,-7.124],[-5.496,-6.983],[-5.496,-6.73],[-5.447,-6.66],[-5.405,-6.653]]]]},"properties":{"abbr":"DEn","name":"dorsal endopiriform nucleus","plate":30,"ap_bregma_mm":-2.35,"area_mm2":0.2711,"traced_fraction":[1.0,0.97],"n_labels":2,"no_drawn_outline":false}},{"type":"Feature","geometry":{"type":"MultiPolygon","coordinates":[[[[1.34,-6.322],[1.41,-6.35],[1.494,-6.357],[1.494,-6.505],[1.768,-6.505],[1.74,-6.59],[1.74,-6.751],[1.761,-6.765],[1.698,-6.829],[1.684,-6.899],[1.761,-7.005],[1.803,-7.089],[1.824,-7.159],[1.824,-7.23],[1.726,-7.258],[1.627,-7.258],[1.557,-7.279],[1.543,-7.279],[1.515,-7.209],[1.445,-7.131],[1.347,-7.061],[1.291,-7.04],[1.186,-6.955],[1.158,-6.885],[1.158,-6.815],[1.172,-6.758],[1.221,-6.667],[1.333,-6.547],[1.34,-6.322]]],[[[-1.233,-6.477],[-1.219,-6.484],[-1.219,-6.561],[-1.205,-6.569],[-1.205,-6.597],[-1.163,-6.632],[-1.128,-6.716],[-1.114,-6.723],[-1.093,-6.829],[-1.114,-6.99],[-1.142,-7.047],[-1.219,-7.047],[-1.219,-7.11],[-1.24,-7.11],[-1.38,-7.187],[-1.5,-7.307],[-1.843,-7.3],[-1.766,-7.089],[-1.766,-6.983],[-1.829,-6.871],[-1.808,-6.871],[-1.738,-6.829],[-1.738,-6.744],[-1.759,-6.709],[-1.759,-6.681],[-1.437,-6.681],[-1.437,-6.526],[-1.31,-6.519],[-1.233,-6.477]]]]},"properties":{"abbr":"PLH","name":"peduncular part of lateral hypothalamus","plate":30,"ap_bregma_mm":-2.35,"area_mm2":0.7771,"traced_fraction":[0.791,0.679],"n_labels":2,"no_drawn_outline":true}},{"type":"Feature","geometry":{"type":"MultiPolygon","coordinates":[[[[1.235,-6.055],[1.235,-6.125],[1.263,-6.238],[1.34,-6.322],[1.333,-6.547],[1.221,-6.667],[1.172,-6.758],[1.158,-6.815],[1.158,-6.885],[1.186,-6.955],[1.291,-7.04],[1.277,-7.061],[1.277,-7.18],[1.081,-7.18],[1.081,-7.342],[1.032,-7.342],[1.011,-7.356],[1.003,-7.427],[1.024,-7.455],[0.947,-7.511],[0.842,-7.511],[0.842,-7.581],[0.814,-7.581],[0.737,-7.539],[0.562,-7.42],[0.562,-7.405],[0.604,-7.321],[0.611,-7.314],[0.73,-7.209],[0.744,-7.173],[0.744,-7.061],[0.73,-7.019],[0.618,-6.829],[0.653,-6.78],[0.702,-6.604],[0.716,-6.604],[0.786,-6.59],[0.856,-6.547],[0.919,-6.449],[0.94,-6.372],[0.94,-6.259],[0.912,-6.189],[0.905,-6.125],[1.235,-6.055]]],[[[-1.212,-6.189],[-1.03,-6.217],[-0.918,-6.217],[-0.904,-6.231],[-0.96,-6.301],[-0.981,-6.365],[-0.974,-6.463],[-0.946,-6.554],[-0.883,-6.625],[-0.805,-6.667],[-0.665,-6.688],[-0.644,-6.765],[-0.588,-6.857],[-0.679,-6.92],[-0.742,-6.997],[-0.756,-7.04],[-0.756,-7.124],[-0.707,-7.23],[-0.567,-7.37],[-0.553,-7.42],[-0.686,-7.476],[-0.784,-7.539],[-0.932,-7.68],[-0.995,-7.637],[-1.093,-7.532],[-1.065,-7.476],[-1.072,-7.412],[-1.058,-7.405],[-1.058,-7.237],[-1.114,-7.237],[-1.114,-7.194],[-1.219,-7.194],[-1.219,-7.11],[-1.219,-7.047],[-1.142,-7.047],[-1.114,-6.99],[-1.093,-6.829],[-1.114,-6.723],[-1.128,-6.716],[-1.163,-6.632],[-1.205,-6.597],[-1.205,-6.569],[-1.219,-6.561],[-1.219,-6.484],[-1.233,-6.477],[-1.205,-6.442],[-1.191,-6.386],[-1.212,-6.189]]]]},"properties":{"abbr":"PeFLH","name":"perifornical part of lateral hypothalamus","plate":30,"ap_bregma_mm":-2.35,"area_mm2":1.1714,"traced_fraction":[0.76,0.81],"n_labels":2,"no_drawn_outline":false}},{"type":"Feature","geometry":{"type":"MultiPolygon","coordinates":[[[[0.19,-6.688],[0.225,-6.688],[0.344,-6.751],[0.485,-6.78],[0.618,-6.829],[0.73,-7.019],[0.744,-7.061],[0.744,-7.173],[0.73,-7.209],[0.611,-7.314],[0.604,-7.321],[0.513,-7.356],[0.456,-7.363],[0.428,-7.349],[0.337,-7.349],[0.26,-7.363],[0.169,-7.405],[0.085,-7.483],[0.029,-7.497],[0.029,-7.377],[0.043,-7.342],[0.085,-7.293],[0.113,-7.194],[0.19,-6.688]]],[[[-0.195,-6.709],[-0.132,-7.272],[-0.111,-7.342],[-0.083,-7.37],[-0.083,-7.448],[-0.104,-7.448],[-0.167,-7.405],[-0.28,-7.391],[-0.441,-7.398],[-0.553,-7.42],[-0.567,-7.37],[-0.707,-7.23],[-0.756,-7.124],[-0.756,-7.04],[-0.742,-6.997],[-0.679,-6.92],[-0.588,-6.857],[-0.357,-6.794],[-0.195,-6.709]]]]},"properties":{"abbr":"DM","name":"dorsomedial hypothalamic nucleus","plate":30,"ap_bregma_mm":-2.35,"area_mm2":0.671,"traced_fraction":[0.977,0.997],"n_labels":2,"no_drawn_outline":false}},{"type":"Feature","geometry":{"type":"MultiPolygon","coordinates":[[[[4.278,-6.808],[4.369,-6.906],[4.453,-6.948],[4.509,-6.962],[4.86,-6.955],[4.867,-6.955],[4.874,-6.955],[4.86,-6.983],[4.867,-7.033],[4.867,-7.089],[4.797,-7.265],[4.748,-7.3],[4.649,-7.462],[4.614,-7.49],[4.544,-7.434],[4.502,-7.37],[4.411,-7.279],[4.32,-7.209],[4.151,-7.117],[4.025,-7.082],[3.913,-7.033],[3.906,-7.019],[3.948,-6.99],[4.096,-6.948],[4.278,-6.808]]],[[[-4.283,-6.92],[-4.227,-6.955],[-4.122,-6.99],[-4.031,-7.054],[-4.08,-7.096],[-4.101,-7.096],[-4.262,-7.18],[-4.409,-7.286],[-4.571,-7.441],[-4.571,-7.455],[-4.627,-7.504],[-4.648,-7.546],[-4.718,-7.623],[-4.795,-7.616],[-4.907,-7.56],[-4.998,-7.469],[-5.083,-7.342],[-5.096,-7.293],[-5.089,-7.265],[-5.047,-7.194],[-5.04,-7.131],[-4.809,-7.117],[-4.627,-7.082],[-4.43,-7.012],[-4.332,-6.962],[-4.283,-6.92]]]]},"properties":{"abbr":"BLP","name":"basolateral amygdaloid nucleus, posterior part","plate":30,"ap_bregma_mm":-2.35,"area_mm2":0.6296,"traced_fraction":[1.0,1.0],"n_labels":2,"no_drawn_outline":false}},{"type":"Feature","geometry":{"type":"MultiPolygon","coordinates":[[[[2.56,-6.899],[2.546,-6.941],[2.455,-7.005],[2.406,-7.068],[2.406,-7.117],[2.427,-7.138],[2.483,-7.145],[2.518,-7.166],[2.511,-7.258],[2.441,-7.363],[2.293,-7.49],[2.293,-7.525],[2.16,-7.539],[2.083,-7.511],[2.006,-7.462],[1.915,-7.356],[1.894,-7.293],[1.908,-7.23],[1.95,-7.145],[2.006,-7.124],[2.139,-7.012],[2.223,-6.962],[2.35,-6.92],[2.56,-6.899]]],[[[-2.481,-6.997],[-2.355,-7.012],[-2.299,-7.054],[-2.264,-7.054],[-2.159,-7.103],[-2.032,-7.187],[-1.906,-7.307],[-1.892,-7.335],[-1.878,-7.469],[-1.892,-7.511],[-1.983,-7.567],[-2.04,-7.581],[-2.257,-7.588],[-2.271,-7.539],[-2.348,-7.441],[-2.369,-7.363],[-2.376,-7.216],[-2.481,-7.04],[-2.481,-6.997]]]]},"properties":{"abbr":"DG","name":"dentate gyrus","plate":30,"ap_bregma_mm":-2.35,"area_mm2":0.4732,"traced_fraction":[1.0,1.0],"n_labels":2,"no_drawn_outline":false}},{"type":"Feature","geometry":{"type":"MultiPolygon","coordinates":[[[[3.324,-6.969],[3.324,-6.99],[3.373,-7.026],[3.535,-7.075],[3.57,-7.11],[3.878,-7.258],[4.102,-7.42],[4.278,-7.518],[4.411,-7.637],[4.488,-7.757],[4.502,-7.827],[4.488,-8.052],[4.453,-8.13],[4.418,-8.151],[4.383,-8.045],[4.327,-7.989],[4.004,-7.757],[3.976,-7.75],[3.829,-7.645],[3.577,-7.511],[3.324,-7.427],[3.086,-7.412],[3.044,-7.434],[3.009,-7.469],[2.974,-7.546],[2.96,-7.637],[2.96,-7.792],[2.749,-7.701],[2.518,-7.645],[2.455,-7.609],[2.434,-7.581],[2.293,-7.525],[2.293,-7.49],[2.441,-7.363],[2.511,-7.258],[2.518,-7.166],[2.483,-7.145],[2.427,-7.138],[2.406,-7.117],[2.406,-7.068],[2.455,-7.005],[2.546,-6.941],[2.56,-6.899],[2.693,-6.878],[2.861,-6.885],[2.953,-6.913],[3.016,-6.913],[3.226,-6.948],[3.275,-6.969],[3.324,-6.969]]],[[[-2.6,-6.955],[-2.481,-6.997],[-2.481,-7.04],[-2.376,-7.216],[-2.369,-7.363],[-2.348,-7.441],[-2.271,-7.539],[-2.257,-7.588],[-2.39,-7.623],[-2.65,-7.743],[-2.67,-7.75],[-2.713,-7.694],[-2.804,-7.645],[-2.972,-7.595],[-3.105,-7.574],[-3.393,-7.574],[-3.561,-7.595],[-3.68,-7.631],[-4.045,-7.82],[-4.15,-7.898],[-4.255,-8.003],[-4.318,-8.088],[-4.409,-8.264],[-4.437,-8.348],[-4.437,-8.404],[-4.536,-8.404],[-4.634,-8.369],[-4.62,-8.264],[-4.557,-8.074],[-4.437,-7.856],[-4.367,-7.757],[-4.213,-7.595],[-4.038,-7.455],[-3.778,-7.279],[-3.575,-7.194],[-3.477,-7.138],[-3.421,-7.124],[-3.379,-7.089],[-3.337,-7.068],[-3.224,-7.047],[-2.72,-7.019],[-2.6,-6.955]]]]},"properties":{"abbr":"AHi","name":"amygdalohippocampal area","plate":30,"ap_bregma_mm":-2.35,"area_mm2":2.1889,"traced_fraction":[0.992,1.0],"n_labels":2,"no_drawn_outline":false}},{"type":"Feature","geometry":{"type":"MultiPolygon","coordinates":[[[[-5.496,-6.73],[-5.496,-6.983],[-5.419,-7.124],[-5.286,-7.251],[-5.195,-7.286],[-5.096,-7.293],[-5.083,-7.342],[-5.104,-7.356],[-5.111,-7.525],[-5.16,-7.835],[-5.209,-8.017],[-5.23,-8.038],[-5.244,-8.038],[-5.244,-8.024],[-5.307,-7.968],[-5.391,-7.933],[-5.58,-7.785],[-5.615,-7.771],[-5.636,-7.743],[-5.706,-7.708],[-5.742,-7.652],[-5.819,-7.616],[-5.861,-7.525],[-5.945,-7.455],[-5.966,-7.405],[-6.029,-7.342],[-6.197,-7.244],[-6.232,-7.194],[-6.029,-7.117],[-5.847,-7.019],[-5.693,-6.906],[-5.552,-6.765],[-5.496,-6.73]]],[[[5.357,-6.765],[5.372,-6.765],[5.61,-6.997],[5.743,-7.096],[5.792,-7.117],[5.841,-7.166],[5.799,-7.194],[5.75,-7.279],[5.61,-7.398],[5.561,-7.504],[5.505,-7.553],[5.477,-7.56],[5.47,-7.588],[5.428,-7.602],[5.372,-7.687],[5.308,-7.68],[5.266,-7.736],[5.112,-7.778],[5.07,-7.806],[5.056,-7.835],[4.965,-7.856],[4.888,-7.933],[4.853,-7.898],[4.839,-7.82],[4.797,-7.265],[4.867,-7.089],[4.867,-7.033],[4.909,-7.026],[4.951,-7.082],[5.028,-7.089],[5.14,-6.927],[5.273,-6.871],[5.357,-6.765]]]]},"properties":{"abbr":"3","name":"layer 3 of cortex","plate":30,"ap_bregma_mm":-2.35,"area_mm2":1.3303,"traced_fraction":[0.984,1.0],"n_labels":2,"no_drawn_outline":false}},{"type":"Feature","geometry":{"type":"MultiPolygon","coordinates":[[[[3.906,-7.019],[3.913,-7.033],[4.025,-7.082],[4.151,-7.117],[4.32,-7.209],[4.411,-7.279],[4.502,-7.37],[4.544,-7.434],[4.614,-7.49],[4.544,-7.666],[4.488,-7.757],[4.411,-7.637],[4.278,-7.518],[4.102,-7.42],[3.878,-7.258],[3.57,-7.11],[3.535,-7.075],[3.556,-7.054],[3.906,-7.019]]],[[[-4.031,-7.054],[-3.926,-7.103],[-3.835,-7.194],[-3.778,-7.279],[-4.038,-7.455],[-4.213,-7.595],[-4.367,-7.757],[-4.437,-7.856],[-4.606,-7.757],[-4.69,-7.673],[-4.718,-7.623],[-4.648,-7.546],[-4.627,-7.504],[-4.571,-7.455],[-4.571,-7.441],[-4.409,-7.286],[-4.262,-7.18],[-4.101,-7.096],[-4.08,-7.096],[-4.031,-7.054]]]]},"properties":{"abbr":"BMP","name":"basomedial amygdaloid nucleus, posterior part","plate":30,"ap_bregma_mm":-2.35,"area_mm2":0.5947,"traced_fraction":[1.0,0.99],"n_labels":2,"no_drawn_outline":false}},{"type":"Feature","geometry":{"type":"MultiPolygon","coordinates":[[[[-1.843,-7.3],[-1.5,-7.307],[-1.542,-7.384],[-1.542,-7.497],[-1.514,-7.553],[-1.57,-7.631],[-1.605,-7.637],[-1.647,-7.687],[-1.822,-7.504],[-1.836,-7.504],[-1.843,-7.483],[-1.878,-7.469],[-1.892,-7.335],[-1.843,-7.3]]]]},"properties":{"abbr":"PTe","name":"paraterete nucleus","plate":30,"ap_bregma_mm":-2.35,"area_mm2":0.1005,"traced_fraction":[0.692],"n_labels":2,"no_drawn_outline":true}},{"type":"Feature","geometry":{"type":"MultiPolygon","coordinates":[[[[1.081,-7.342],[1.13,-7.363],[1.207,-7.356],[1.207,-7.398],[1.263,-7.441],[1.27,-7.476],[1.256,-7.511],[1.207,-7.518],[1.081,-7.49],[1.024,-7.455],[1.003,-7.427],[1.003,-7.37],[1.032,-7.342],[1.081,-7.342]]],[[[-1.072,-7.412],[-1.065,-7.476],[-1.093,-7.532],[-1.149,-7.56],[-1.205,-7.56],[-1.261,-7.539],[-1.275,-7.525],[-1.275,-7.483],[-1.219,-7.42],[-1.17,-7.398],[-1.072,-7.412]]]]},"properties":{"abbr":"f","name":"fornix","plate":30,"ap_bregma_mm":-2.35,"area_mm2":0.0591,"traced_fraction":[0.982,1.0],"n_labels":2,"no_drawn_outline":false}},{"type":"Feature","geometry":{"type":"MultiPolygon","coordinates":[[[[5.841,-7.166],[5.862,-7.18],[5.855,-7.314],[5.764,-7.405],[5.722,-7.476],[5.638,-7.553],[5.617,-7.553],[5.561,-7.504],[5.61,-7.398],[5.687,-7.342],[5.75,-7.279],[5.799,-7.194],[5.841,-7.166]]],[[[-6.232,-7.194],[-6.197,-7.244],[-6.029,-7.342],[-5.966,-7.405],[-5.945,-7.455],[-5.861,-7.525],[-5.819,-7.616],[-5.861,-7.645],[-5.917,-7.645],[-5.987,-7.595],[-6.183,-7.391],[-6.246,-7.342],[-6.281,-7.279],[-6.295,-7.216],[-6.232,-7.194]]]]},"properties":{"abbr":"2","name":"layer 2 of cortex","plate":30,"ap_bregma_mm":-2.35,"area_mm2":0.1172,"traced_fraction":[0.977,0.96],"n_labels":2,"no_drawn_outline":false}},{"type":"Feature","geometry":{"type":"MultiPolygon","coordinates":[[[[5.862,-7.18],[5.904,-7.18],[6.003,-7.23],[6.059,-7.237],[6.164,-7.279],[6.164,-7.286],[5.982,-7.448],[5.82,-7.652],[5.792,-7.68],[5.666,-7.806],[5.533,-7.905],[5.372,-7.982],[5.294,-8.038],[5.105,-8.137],[4.944,-8.193],[4.895,-8.081],[4.881,-7.989],[5.021,-7.975],[5.063,-7.947],[5.091,-7.884],[5.203,-7.884],[5.315,-7.841],[5.393,-7.736],[5.484,-7.708],[5.533,-7.673],[5.47,-7.588],[5.477,-7.56],[5.505,-7.553],[5.561,-7.504],[5.617,-7.553],[5.638,-7.553],[5.722,-7.476],[5.764,-7.405],[5.855,-7.314],[5.862,-7.18]]],[[[-5.819,-7.616],[-5.742,-7.652],[-5.706,-7.708],[-5.636,-7.743],[-5.615,-7.771],[-5.58,-7.785],[-5.391,-7.933],[-5.307,-7.968],[-5.244,-8.024],[-5.244,-8.038],[-5.23,-8.038],[-5.237,-8.081],[-5.321,-8.081],[-5.363,-8.067],[-5.559,-7.954],[-5.798,-7.785],[-5.91,-7.673],[-5.917,-7.645],[-5.861,-7.645],[-5.819,-7.616]]]]},"properties":{"abbr":"Pir","name":"piriform cortex","plate":30,"ap_bregma_mm":-2.35,"area_mm2":0.3869,"traced_fraction":[0.981,0.974],"n_labels":2,"no_drawn_outline":false}},{"type":"Feature","geometry":{"type":"MultiPolygon","coordinates":[[[[1.024,-7.455],[1.081,-7.49],[1.207,-7.518],[1.207,-7.659],[1.011,-7.659],[0.982,-7.673],[0.926,-7.631],[0.842,-7.595],[0.842,-7.581],[0.842,-7.511],[0.947,-7.511],[1.024,-7.455]]],[[[-1.093,-7.532],[-0.995,-7.637],[-0.932,-7.68],[-1.03,-7.799],[-1.065,-7.884],[-1.065,-8.045],[-1.051,-8.095],[-1.016,-8.144],[-1.037,-8.207],[-1.128,-8.172],[-1.324,-8.024],[-1.647,-7.687],[-1.605,-7.637],[-1.577,-7.637],[-1.514,-7.553],[-1.261,-7.539],[-1.205,-7.56],[-1.149,-7.56],[-1.093,-7.532]]]]},"properties":{"abbr":"TuLH","name":"tuberal region of lateral hypothalamus","plate":30,"ap_bregma_mm":-2.35,"area_mm2":0.3146,"traced_fraction":[0.469,0.792],"n_labels":2,"no_drawn_outline":true}},{"type":"Feature","geometry":{"type":"MultiPolygon","coordinates":[[[[1.55,-7.448],[1.599,-7.462],[1.634,-7.49],[1.691,-7.462],[1.649,-7.504],[1.642,-7.497],[1.642,-7.511],[1.529,-7.602],[1.445,-7.708],[1.396,-7.813],[1.214,-8.01],[1.102,-8.088],[0.954,-8.123],[0.786,-8.214],[0.772,-8.221],[0.758,-8.228],[0.744,-8.235],[0.723,-8.235],[0.723,-8.249],[0.709,-8.256],[0.695,-8.264],[0.611,-8.306],[0.555,-8.13],[0.772,-8.123],[0.863,-8.088],[0.919,-8.038],[0.912,-8.017],[0.912,-8.003],[0.961,-7.968],[0.996,-7.968],[0.996,-7.926],[0.996,-7.898],[1.011,-7.898],[1.024,-7.87],[1.024,-7.764],[0.982,-7.673],[1.011,-7.659],[1.207,-7.659],[1.207,-7.518],[1.256,-7.511],[1.27,-7.476],[1.529,-7.476],[1.536,-7.448],[1.55,-7.448]]]]},"properties":{"abbr":"MTu","name":"medial tuberal nucleus","plate":30,"ap_bregma_mm":-2.35,"area_mm2":0.2573,"traced_fraction":[0.841],"n_labels":1,"no_drawn_outline":false}},{"type":"Feature","geometry":{"type":"MultiPolygon","coordinates":[[[[4.418,-8.151],[4.404,-8.264],[4.383,-8.32],[4.39,-8.369],[4.215,-8.411],[4.145,-8.411],[4.032,-8.383],[3.429,-8.038],[3.387,-8.003],[2.96,-7.792],[2.967,-7.581],[3.009,-7.469],[3.086,-7.412],[3.324,-7.427],[3.577,-7.511],[3.829,-7.645],[3.976,-7.75],[4.004,-7.757],[4.327,-7.989],[4.383,-8.045],[4.418,-8.151]]],[[[-2.67,-7.75],[-2.993,-7.905],[-3.512,-8.074],[-4.038,-8.348],[-4.241,-8.404],[-4.437,-8.404],[-4.437,-8.348],[-4.409,-8.264],[-4.318,-8.088],[-4.255,-8.003],[-4.15,-7.898],[-4.045,-7.82],[-3.68,-7.631],[-3.561,-7.595],[-3.393,-7.574],[-3.105,-7.574],[-2.972,-7.595],[-2.804,-7.645],[-2.713,-7.694],[-2.67,-7.75]]]]},"properties":{"abbr":"PMCo","name":"posteromedial cortical amygdaloid nucleus","plate":30,"ap_bregma_mm":-2.35,"area_mm2":1.4625,"traced_fraction":[1.0,1.0],"n_labels":2,"no_drawn_outline":false}},{"type":"Feature","geometry":{"type":"MultiPolygon","coordinates":[[[[4.797,-7.265],[4.839,-7.82],[4.853,-7.898],[4.888,-7.933],[4.874,-7.961],[4.881,-7.989],[4.895,-8.081],[4.944,-8.193],[4.762,-8.271],[4.39,-8.369],[4.383,-8.32],[4.404,-8.264],[4.418,-8.151],[4.453,-8.13],[4.488,-8.052],[4.502,-7.926],[4.488,-7.757],[4.544,-7.666],[4.614,-7.49],[4.649,-7.462],[4.748,-7.3],[4.797,-7.265]]],[[[-5.083,-7.342],[-4.998,-7.469],[-4.907,-7.56],[-4.816,-7.609],[-4.718,-7.623],[-4.69,-7.673],[-4.606,-7.757],[-4.437,-7.856],[-4.557,-8.074],[-4.62,-8.264],[-4.634,-8.369],[-4.76,-8.327],[-5.019,-8.299],[-5.174,-8.256],[-5.272,-8.214],[-5.251,-8.172],[-5.237,-8.081],[-5.23,-8.038],[-5.209,-8.017],[-5.16,-7.835],[-5.111,-7.525],[-5.104,-7.356],[-5.083,-7.342]]]]},"properties":{"abbr":"RAPir","name":"rostral amygdalopiriform area","plate":30,"ap_bregma_mm":-2.35,"area_mm2":0.789,"traced_fraction":[0.98,0.993],"n_labels":2,"no_drawn_outline":false}},{"type":"Feature","geometry":{"type":"MultiPolygon","coordinates":[[[[0.618,-7.56],[0.646,-7.56],[0.779,-7.631],[0.723,-7.701],[0.66,-7.841],[0.653,-7.919],[0.702,-8.06],[0.604,-8.052],[0.506,-8.017],[0.365,-7.947],[0.323,-7.905],[0.337,-7.877],[0.464,-7.813],[0.534,-7.743],[0.576,-7.673],[0.583,-7.623],[0.618,-7.56]]],[[[-0.637,-7.581],[-0.63,-7.616],[-0.616,-7.616],[-0.637,-7.715],[-0.602,-7.94],[-0.574,-7.996],[-0.525,-8.045],[-0.49,-8.06],[-0.42,-8.06],[-0.406,-8.074],[-0.427,-8.109],[-0.518,-8.158],[-0.609,-8.179],[-0.693,-8.165],[-0.672,-8.031],[-0.686,-7.933],[-0.735,-7.863],[-0.756,-7.806],[-0.826,-7.715],[-0.826,-7.701],[-0.763,-7.645],[-0.707,-7.616],[-0.693,-7.595],[-0.637,-7.581]]]]},"properties":{"abbr":"VMHC","name":"ventromedial hypothalamic nucleus, central part","plate":30,"ap_bregma_mm":-2.35,"area_mm2":0.1882,"traced_fraction":[0.981,0.951],"n_labels":2,"no_drawn_outline":false}},{"type":"Feature","geometry":{"type":"MultiPolygon","coordinates":[[[[0.043,-7.771],[0.078,-7.792],[0.148,-7.912],[0.232,-7.989],[0.415,-8.088],[0.555,-8.13],[0.611,-8.306],[0.499,-8.362],[0.337,-8.439],[0.337,-8.453],[0.309,-8.46],[0.288,-8.489],[0.232,-8.489],[0.225,-8.475],[0.176,-8.475],[0.176,-8.46],[0.155,-8.46],[0.12,-8.496],[-0.02,-8.559],[-0.076,-8.573],[-0.259,-8.58],[-0.28,-8.608],[-0.371,-8.566],[-0.371,-8.489],[-0.42,-8.439],[-0.504,-8.439],[-0.525,-8.453],[-0.525,-8.482],[-0.588,-8.439],[-0.574,-8.432],[-0.581,-8.362],[-0.567,-8.327],[-0.546,-8.299],[-0.455,-8.249],[-0.434,-8.221],[-0.35,-8.172],[-0.195,-8.024],[-0.167,-7.989],[-0.104,-7.841],[-0.076,-7.827],[-0.055,-8.186],[-0.069,-8.299],[-0.104,-8.411],[-0.104,-8.467],[-0.069,-8.496],[0.05,-8.467],[0.099,-8.411],[0.099,-8.313],[0.057,-8.221],[0.036,-8.102],[0.029,-7.813],[0.043,-7.771]]]]},"properties":{"abbr":"Arc","name":"arcuate hypothalamic nucleus","plate":30,"ap_bregma_mm":-2.35,"area_mm2":0.4386,"traced_fraction":[0.986],"n_labels":2,"no_drawn_outline":false}},{"type":"Feature","geometry":{"type":"MultiPolygon","coordinates":[[[[0.513,-7.356],[0.52,-7.391],[0.562,-7.405],[0.562,-7.42],[0.737,-7.539],[0.814,-7.581],[0.842,-7.581],[0.842,-7.595],[0.926,-7.631],[0.982,-7.673],[1.024,-7.764],[1.024,-7.87],[1.011,-7.898],[0.996,-7.898],[0.975,-7.799],[0.947,-7.75],[0.905,-7.715],[0.905,-7.701],[0.779,-7.631],[0.646,-7.56],[0.618,-7.56],[0.548,-7.504],[0.422,-7.441],[0.365,-7.427],[0.253,-7.427],[0.155,-7.49],[0.106,-7.574],[0.12,-7.701],[0.19,-7.82],[0.253,-7.877],[0.323,-7.905],[0.365,-7.947],[0.506,-8.017],[0.604,-8.052],[0.702,-8.06],[0.779,-8.06],[0.912,-8.017],[0.919,-8.038],[0.863,-8.088],[0.772,-8.123],[0.555,-8.13],[0.415,-8.088],[0.232,-7.989],[0.148,-7.912],[0.099,-7.82],[0.057,-7.771],[0.043,-7.771],[0.029,-7.595],[0.036,-7.553],[0.085,-7.483],[0.169,-7.405],[0.26,-7.363],[0.337,-7.349],[0.428,-7.349],[0.456,-7.363],[0.513,-7.356]]],[[[-0.083,-7.448],[-0.076,-7.637],[-0.153,-7.637],[-0.153,-7.595],[-0.182,-7.532],[-0.224,-7.49],[-0.294,-7.462],[-0.385,-7.462],[-0.469,-7.483],[-0.56,-7.525],[-0.602,-7.553],[-0.602,-7.567],[-0.637,-7.581],[-0.679,-7.588],[-0.763,-7.645],[-0.826,-7.701],[-0.826,-7.715],[-0.848,-7.715],[-0.939,-7.813],[-0.981,-7.947],[-0.981,-8.017],[-0.96,-8.067],[-0.904,-8.123],[-0.784,-8.165],[-0.693,-8.165],[-0.609,-8.179],[-0.518,-8.158],[-0.427,-8.109],[-0.406,-8.074],[-0.343,-8.038],[-0.231,-7.919],[-0.174,-7.82],[-0.153,-7.715],[-0.076,-7.715],[-0.076,-7.827],[-0.104,-7.841],[-0.139,-7.905],[-0.139,-7.933],[-0.195,-8.024],[-0.35,-8.172],[-0.434,-8.221],[-0.476,-8.214],[-0.679,-8.264],[-0.805,-8.256],[-0.904,-8.221],[-0.932,-8.221],[-0.953,-8.249],[-1.037,-8.207],[-1.016,-8.144],[-1.058,-8.074],[-1.072,-7.919],[-1.051,-7.835],[-0.932,-7.68],[-0.784,-7.539],[-0.686,-7.476],[-0.553,-7.42],[-0.441,-7.398],[-0.28,-7.391],[-0.167,-7.405],[-0.118,-7.441],[-0.083,-7.448]]]]},"properties":{"abbr":"VMHSh","name":"ventromedial nucleus of the hypothalamus shell","plate":30,"ap_bregma_mm":-2.35,"area_mm2":0.4182,"traced_fraction":[1.0,0.986],"n_labels":2,"no_drawn_outline":false}},{"type":"Feature","geometry":{"type":"MultiPolygon","coordinates":[[[[0.288,-8.489],[0.232,-8.566],[0.19,-8.58],[0.141,-8.622],[0.05,-8.664],[-0.055,-8.692],[-0.174,-8.678],[-0.28,-8.608],[-0.259,-8.58],[-0.076,-8.573],[-0.02,-8.559],[0.12,-8.496],[0.155,-8.46],[0.176,-8.46],[0.176,-8.475],[0.225,-8.475],[0.232,-8.489],[0.288,-8.489]]]]},"properties":{"abbr":"ME","name":"median eminence","plate":30,"ap_bregma_mm":-2.35,"area_mm2":0.0588,"traced_fraction":[0.952],"n_labels":1,"no_drawn_outline":false}},{"type":"Feature","geometry":{"type":"MultiPolygon","coordinates":[[[[0.092,-2.053],[0.253,-2.053],[0.253,-2.159],[0.155,-2.187],[0.141,-2.208],[0.071,-2.194],[0.092,-2.053]]]]},"properties":{"abbr":"IG","name":"indusium griseum","plate":30,"ap_bregma_mm":-2.35,"area_mm2":0.0226,"traced_fraction":[0.659],"n_labels":1,"no_drawn_outline":true}},{"type":"Feature","geometry":{"type":"MultiPolygon","coordinates":[[[[1.634,-1.645],[1.621,-1.73],[1.368,-1.737],[1.144,-1.786],[0.926,-1.926],[0.597,-2.243],[0.464,-2.341],[0.295,-2.405],[0.043,-2.433],[-0.174,-2.426],[-0.343,-2.37],[-0.693,-2.137],[-0.96,-1.919],[-1.191,-1.828],[-1.43,-1.786],[-1.422,-1.751],[-1.373,-1.758],[-1.072,-1.758],[-0.848,-1.793],[-0.749,-1.877],[-0.693,-1.955],[-0.679,-1.955],[-0.553,-2.074],[-0.434,-2.145],[-0.406,-2.145],[-0.266,-2.201],[-0.146,-2.215],[-0.041,-2.222],[-0.034,-2.201],[0.029,-2.201],[0.071,-2.194],[0.141,-2.208],[0.225,-2.215],[0.302,-2.187],[0.435,-2.159],[0.485,-2.123],[0.534,-2.06],[0.583,-2.046],[0.66,-1.99],[0.87,-1.786],[1.053,-1.68],[1.144,-1.652],[1.291,-1.631],[1.634,-1.645]]]]},"properties":{"abbr":"cc","name":"corpus callosum","plate":30,"ap_bregma_mm":-2.35,"area_mm2":0.4996,"traced_fraction":[0.996],"n_labels":1,"no_drawn_outline":false}},{"type":"Feature","geometry":{"type":"MultiPolygon","coordinates":[[[[1.621,-1.73],[1.978,-1.772],[2.097,-1.8],[2.083,-1.842],[1.634,-1.793],[1.403,-1.8],[1.256,-1.835],[1.13,-1.891],[1.053,-1.948],[0.898,-2.095],[0.884,-2.095],[0.723,-2.271],[0.632,-2.327],[0.499,-2.44],[0.33,-2.51],[0.036,-2.552],[-0.21,-2.538],[-0.315,-2.51],[-0.406,-2.468],[-0.574,-2.349],[-0.771,-2.159],[-0.89,-2.067],[-1.142,-1.926],[-1.275,-1.884],[-1.443,-1.856],[-2.053,-1.877],[-2.299,-1.912],[-2.614,-1.99],[-2.614,-1.926],[-2.411,-1.863],[-2.11,-1.814],[-1.815,-1.793],[-1.43,-1.786],[-1.191,-1.828],[-0.96,-1.919],[-0.693,-2.137],[-0.343,-2.37],[-0.174,-2.426],[0.043,-2.433],[0.295,-2.405],[0.464,-2.341],[0.597,-2.243],[0.926,-1.926],[1.144,-1.786],[1.368,-1.737],[1.621,-1.73]]]]},"properties":{"abbr":"dhc","name":"dorsal hippocampal commissure","plate":30,"ap_bregma_mm":-2.35,"area_mm2":0.4341,"traced_fraction":[0.999],"n_labels":1,"no_drawn_outline":false}},{"type":"Feature","geometry":{"type":"MultiPolygon","coordinates":[[[[1.915,-1.631],[2.287,-1.68],[2.644,-1.786],[2.714,-1.793],[2.798,-1.835],[2.988,-1.891],[3.072,-1.934],[3.296,-2.011],[3.408,-2.074],[3.71,-2.208],[3.801,-2.271],[3.969,-2.356],[4.138,-2.475],[4.222,-2.51],[4.229,-2.517],[4.236,-2.524],[4.481,-2.686],[4.677,-2.876],[4.755,-2.925],[4.783,-2.974],[4.923,-3.122],[5.063,-3.305],[5.14,-3.446],[5.182,-3.495],[5.196,-3.537],[5.217,-3.551],[5.449,-3.931],[5.589,-4.212],[5.68,-4.43],[5.729,-4.592],[5.764,-4.775],[5.771,-5.091],[5.75,-5.169],[5.645,-5.162],[5.645,-5.0],[5.61,-4.782],[5.477,-4.423],[5.315,-4.128],[5.252,-4.044],[5.077,-3.741],[4.965,-3.607],[4.93,-3.586],[4.895,-3.586],[4.818,-3.425],[4.762,-3.347],[4.74,-3.34],[4.698,-3.235],[4.677,-3.221],[4.635,-3.122],[4.565,-3.038],[4.53,-2.932],[4.481,-2.869],[4.334,-2.778],[4.229,-2.749],[4.166,-2.686],[4.088,-2.651],[4.06,-2.623],[4.039,-2.623],[4.025,-2.602],[4.004,-2.602],[3.976,-2.574],[3.934,-2.56],[3.906,-2.531],[3.724,-2.433],[3.577,-2.334],[3.184,-2.123],[3.03,-2.067],[3.023,-2.053],[2.897,-1.997],[2.322,-1.835],[2.097,-1.8],[1.978,-1.772],[1.621,-1.73],[1.634,-1.645],[1.901,-1.666],[1.915,-1.631]]],[[[-3.119,-1.962],[-3.112,-2.088],[-3.519,-2.271],[-3.526,-2.285],[-3.701,-2.363],[-3.905,-2.482],[-4.234,-2.721],[-4.36,-2.841],[-4.444,-2.946],[-4.543,-2.981],[-4.669,-3.094],[-4.732,-3.27],[-4.774,-3.347],[-4.816,-3.375],[-4.935,-3.615],[-4.984,-3.741],[-5.012,-3.889],[-5.047,-3.889],[-5.37,-4.226],[-5.545,-4.472],[-5.643,-4.655],[-5.699,-4.81],[-5.755,-5.07],[-5.755,-5.218],[-5.727,-5.373],[-5.854,-5.38],[-5.868,-5.38],[-5.875,-5.359],[-5.903,-5.113],[-5.868,-4.845],[-5.812,-4.662],[-5.608,-4.219],[-5.545,-4.128],[-5.412,-3.875],[-5.328,-3.762],[-5.153,-3.411],[-5.033,-3.242],[-4.879,-3.059],[-4.451,-2.665],[-4.017,-2.37],[-3.421,-2.074],[-3.119,-1.962]]]]},"properties":{"abbr":"dcw","name":"deep cerebral white matter","plate":30,"ap_bregma_mm":-2.35,"area_mm2":1.8751,"traced_fraction":[0.993,0.984],"n_labels":2,"no_drawn_outline":false}},{"type":"Feature","geometry":{"type":"MultiPolygon","coordinates":[[[[-0.462,-3.087],[-0.399,-3.094],[-0.329,-3.122],[-0.301,-3.157],[-0.301,-3.2],[-0.259,-3.235],[-0.167,-3.228],[-0.055,-3.108],[-0.034,-3.108],[0.022,-3.171],[0.092,-3.171],[0.162,-3.143],[0.225,-3.094],[0.246,-3.094],[0.295,-3.157],[0.379,-3.171],[0.422,-3.214],[0.534,-3.207],[0.555,-3.277],[0.541,-3.319],[0.464,-3.396],[0.422,-3.418],[0.295,-3.544],[0.281,-3.544],[0.274,-3.565],[0.211,-3.615],[0.176,-3.678],[0.169,-3.882],[0.19,-4.036],[0.176,-4.036],[0.092,-4.128],[0.022,-4.17],[-0.013,-4.17],[-0.069,-4.142],[-0.195,-4.058],[-0.174,-3.966],[-0.174,-3.79],[-0.188,-3.748],[-0.301,-3.593],[-0.504,-3.375],[-0.574,-3.312],[-0.588,-3.277],[-0.546,-3.185],[-0.462,-3.087]]],[[[0.043,-7.342],[0.029,-7.377],[0.029,-7.497],[0.085,-7.483],[0.036,-7.553],[0.029,-7.595],[0.043,-7.771],[0.029,-7.813],[0.036,-8.102],[0.057,-8.221],[0.099,-8.313],[0.099,-8.411],[0.05,-8.467],[-0.034,-8.496],[-0.069,-8.496],[-0.104,-8.467],[-0.104,-8.411],[-0.069,-8.299],[-0.055,-8.186],[-0.076,-7.827],[-0.076,-7.715],[-0.076,-7.637],[-0.083,-7.448],[-0.083,-7.37],[-0.076,-7.117],[-0.083,-6.955],[-0.104,-6.843],[-0.104,-6.709],[-0.083,-6.582],[-0.027,-6.484],[0.008,-6.484],[0.057,-6.582],[0.057,-6.786],[0.036,-6.871],[0.029,-6.99],[0.029,-7.335],[0.043,-7.342]]]]},"properties":{"abbr":"3V","name":"3rd ventricle","plate":30,"ap_bregma_mm":-2.35,"area_mm2":0.8478,"traced_fraction":[1.0,1.0],"n_labels":2,"no_drawn_outline":false}},{"type":"Feature","geometry":{"type":"MultiPolygon","coordinates":[[[[0.513,-3.467],[0.541,-3.481],[0.674,-3.621],[0.828,-3.734],[0.821,-3.755],[0.786,-3.783],[0.765,-3.783],[0.765,-3.797],[0.716,-3.847],[0.716,-3.875],[0.688,-3.903],[0.674,-3.966],[0.674,-4.058],[0.695,-4.177],[0.688,-4.177],[0.611,-4.177],[0.52,-4.156],[0.435,-4.107],[0.351,-4.029],[0.407,-3.854],[0.52,-3.657],[0.499,-3.516],[0.499,-3.481],[0.513,-3.467]]],[[[-0.623,-3.551],[-0.616,-3.572],[-0.581,-3.586],[-0.581,-3.615],[-0.539,-3.699],[-0.511,-3.72],[-0.434,-3.847],[-0.371,-4.036],[-0.56,-4.212],[-0.665,-4.247],[-0.784,-4.247],[-0.784,-4.233],[-0.728,-4.191],[-0.672,-4.114],[-0.665,-4.107],[-0.616,-4.029],[-0.595,-3.91],[-0.637,-3.755],[-0.735,-3.65],[-0.735,-3.636],[-0.644,-3.551],[-0.623,-3.551]]]]},"properties":{"abbr":"LHbM","name":"lateral habenular nucleus, medial part","plate":30,"ap_bregma_mm":-2.35,"area_mm2":0.2952,"traced_fraction":[1.0,0.969],"n_labels":1,"no_drawn_outline":false}},{"type":"Feature","geometry":{"type":"MultiPolygon","coordinates":[[[[-0.735,-3.65],[-0.637,-3.755],[-0.595,-3.91],[-0.616,-4.029],[-0.665,-4.107],[-0.672,-4.114],[-0.728,-4.191],[-0.784,-4.233],[-0.784,-4.247],[-0.834,-4.247],[-0.911,-4.212],[-0.967,-4.163],[-1.023,-4.086],[-1.058,-3.98],[-1.058,-3.84],[-1.044,-3.825],[-1.044,-3.797],[-1.016,-3.811],[-0.967,-3.804],[-0.735,-3.65]]],[[[0.842,-3.741],[1.024,-3.776],[1.045,-3.854],[1.053,-3.987],[1.003,-4.093],[0.954,-4.135],[0.87,-4.17],[0.807,-4.184],[0.695,-4.184],[0.695,-4.177],[0.674,-4.058],[0.674,-3.966],[0.688,-3.903],[0.716,-3.875],[0.716,-3.847],[0.765,-3.797],[0.786,-3.783],[0.821,-3.755],[0.842,-3.741]]]]},"properties":{"abbr":"LHbL","name":"lateral habenular nucleus, lateral part","plate":30,"ap_bregma_mm":-2.35,"area_mm2":0.3229,"traced_fraction":[1.0,1.0],"n_labels":1,"no_drawn_outline":false}},{"type":"Feature","geometry":{"type":"MultiPolygon","coordinates":[[[[1.081,-3.741],[1.109,-3.819],[1.095,-4.036],[1.011,-4.177],[0.919,-4.24],[0.814,-4.255],[0.716,-4.269],[0.569,-4.262],[0.379,-4.17],[0.302,-4.093],[0.302,-4.079],[0.351,-4.029],[0.435,-4.107],[0.52,-4.156],[0.611,-4.177],[0.688,-4.177],[0.695,-4.184],[0.807,-4.184],[0.87,-4.17],[0.954,-4.135],[1.003,-4.093],[1.053,-3.987],[1.045,-3.854],[1.024,-3.776],[1.081,-3.741]]],[[[-1.065,-3.762],[-1.044,-3.797],[-1.044,-3.825],[-1.058,-3.84],[-1.058,-3.98],[-1.023,-4.086],[-0.967,-4.163],[-0.911,-4.212],[-0.834,-4.247],[-0.784,-4.247],[-0.665,-4.247],[-0.56,-4.212],[-0.371,-4.036],[-0.301,-4.086],[-0.378,-4.198],[-0.455,-4.247],[-0.546,-4.283],[-0.63,-4.304],[-0.728,-4.304],[-0.855,-4.283],[-0.953,-4.24],[-1.044,-4.156],[-1.079,-4.079],[-1.107,-3.938],[-1.107,-3.825],[-1.093,-3.776],[-1.065,-3.762]]]]},"properties":{"abbr":"fr","name":"fasciculus retroflexus","plate":30,"ap_bregma_mm":-2.35,"area_mm2":0.1556,"traced_fraction":[1.0,1.0],"n_labels":2,"no_drawn_outline":false}},{"type":"Feature","geometry":{"type":"MultiPolygon","coordinates":[[[[3.486,-3.952],[3.507,-3.966],[3.492,-3.98],[3.486,-4.121],[3.458,-4.276],[3.458,-4.304],[3.479,-4.325],[3.479,-4.691],[3.443,-4.866],[3.373,-5.028],[3.289,-5.113],[3.121,-5.232],[3.093,-5.239],[3.086,-5.26],[3.051,-5.26],[2.911,-5.345],[2.812,-5.38],[2.546,-5.514],[2.434,-5.549],[2.427,-5.514],[2.392,-5.464],[2.42,-5.429],[2.462,-5.408],[2.728,-5.317],[2.925,-5.232],[3.079,-5.134],[3.191,-5.007],[3.261,-4.859],[3.289,-4.698],[3.289,-4.599],[3.282,-4.48],[3.24,-4.388],[3.191,-4.325],[3.191,-4.29],[3.233,-4.297],[3.261,-4.325],[3.289,-4.318],[3.303,-4.212],[3.366,-4.008],[3.429,-3.959],[3.486,-3.952]]],[[[-3.442,-4.008],[-3.33,-4.044],[-3.295,-4.079],[-3.252,-4.226],[-3.217,-4.255],[-3.154,-4.269],[-3.098,-4.325],[-3.112,-4.381],[-3.147,-4.416],[-3.203,-4.444],[-3.246,-4.494],[-3.267,-4.557],[-3.267,-4.606],[-3.28,-4.691],[-3.267,-4.866],[-3.217,-5.021],[-3.126,-5.176],[-3.021,-5.26],[-2.685,-5.408],[-2.481,-5.514],[-2.446,-5.549],[-2.481,-5.612],[-2.537,-5.605],[-2.986,-5.401],[-3.056,-5.387],[-3.246,-5.19],[-3.351,-5.007],[-3.4,-4.782],[-3.407,-4.62],[-3.442,-4.416],[-3.477,-4.318],[-3.484,-4.255],[-3.526,-4.205],[-3.526,-4.177],[-3.477,-4.1],[-3.47,-4.036],[-3.442,-4.008]]]]},"properties":{"abbr":"eml","name":"external medullary lamina","plate":30,"ap_bregma_mm":-2.35,"area_mm2":0.6096,"traced_fraction":[0.976,1.0],"n_labels":2,"no_drawn_outline":false}},{"type":"Feature","geometry":{"type":"MultiPolygon","coordinates":[[[[0.379,-4.17],[0.569,-4.262],[0.716,-4.269],[0.814,-4.255],[0.814,-4.423],[0.365,-4.423],[0.365,-4.184],[0.379,-4.17]]],[[[-0.378,-4.198],[-0.343,-4.374],[-0.308,-4.466],[-0.728,-4.466],[-0.728,-4.304],[-0.63,-4.304],[-0.546,-4.283],[-0.469,-4.255],[-0.378,-4.198]]]]},"properties":{"abbr":"MDM","name":"mediodorsal thalamic nucleus, medial part","plate":30,"ap_bregma_mm":-2.35,"area_mm2":0.1572,"traced_fraction":[0.58,0.57],"n_labels":2,"no_drawn_outline":true}},{"type":"Feature","geometry":{"type":"MultiPolygon","coordinates":[[[[3.507,-3.966],[3.52,-3.966],[3.647,-4.156],[3.647,-4.219],[3.731,-4.388],[3.78,-4.557],[3.794,-4.768],[3.766,-4.965],[3.703,-5.084],[3.626,-5.162],[3.535,-5.211],[3.492,-5.218],[3.331,-5.31],[3.275,-5.324],[3.149,-5.302],[3.1,-5.281],[3.086,-5.26],[3.093,-5.239],[3.121,-5.232],[3.289,-5.113],[3.373,-5.028],[3.443,-4.866],[3.479,-4.691],[3.479,-4.325],[3.458,-4.304],[3.458,-4.276],[3.486,-4.121],[3.492,-3.98],[3.507,-3.966]]],[[[-3.526,-4.205],[-3.484,-4.255],[-3.477,-4.318],[-3.442,-4.416],[-3.407,-4.62],[-3.4,-4.782],[-3.351,-5.007],[-3.246,-5.19],[-3.056,-5.387],[-3.063,-5.408],[-3.028,-5.471],[-3.028,-5.527],[-3.063,-5.563],[-3.133,-5.57],[-3.288,-5.535],[-3.344,-5.514],[-3.428,-5.45],[-3.666,-5.204],[-3.729,-5.099],[-3.757,-4.93],[-3.722,-4.754],[-3.666,-4.585],[-3.659,-4.48],[-3.645,-4.367],[-3.554,-4.219],[-3.526,-4.205]]]]},"properties":{"abbr":"Rt","name":"reticular thalamic nucleus","plate":30,"ap_bregma_mm":-2.35,"area_mm2":0.8007,"traced_fraction":[0.968,1.0],"n_labels":2,"no_drawn_outline":false}},{"type":"Feature","geometry":{"type":"MultiPolygon","coordinates":[[[[-0.034,-5.127],[0.106,-5.127],[0.162,-5.169],[0.155,-5.281],[-0.146,-5.281],[-0.146,-5.183],[-0.132,-5.169],[-0.076,-5.162],[-0.034,-5.127]]]]},"properties":{"abbr":"CM","name":"central medial thalamic nucleus","plate":30,"ap_bregma_mm":-2.35,"area_mm2":0.0426,"traced_fraction":[0.472],"n_labels":1,"no_drawn_outline":true}},{"type":"Feature","geometry":{"type":"MultiPolygon","coordinates":[[[[0.162,-5.169],[0.225,-5.204],[0.295,-5.218],[0.288,-5.387],[0.204,-5.38],[0.001,-5.408],[-0.273,-5.394],[-0.28,-5.218],[-0.146,-5.183],[-0.146,-5.281],[0.155,-5.281],[0.162,-5.169]]]]},"properties":{"abbr":"imvc","name":"intermedioventral thalamic commissure","plate":30,"ap_bregma_mm":-2.35,"area_mm2":0.0866,"traced_fraction":[0.602],"n_labels":1,"no_drawn_outline":true}},{"type":"Feature","geometry":{"type":"MultiPolygon","coordinates":[[[[0.288,-5.387],[0.365,-5.401],[0.415,-5.443],[0.422,-5.527],[0.358,-5.563],[0.239,-5.591],[0.218,-5.612],[0.064,-5.668],[-0.083,-5.668],[-0.224,-5.626],[-0.427,-5.57],[-0.448,-5.527],[-0.441,-5.471],[-0.364,-5.415],[-0.273,-5.394],[0.001,-5.408],[0.204,-5.38],[0.288,-5.387]]]]},"properties":{"abbr":"Rh","name":"rhomboid thalamic nucleus","plate":30,"ap_bregma_mm":-2.35,"area_mm2":0.1857,"traced_fraction":[1.0],"n_labels":1,"no_drawn_outline":false}},{"type":"Feature","geometry":{"type":"MultiPolygon","coordinates":[[[[0.218,-5.612],[0.218,-5.703],[0.183,-5.837],[0.155,-5.872],[0.155,-6.027],[0.148,-6.048],[0.078,-6.104],[-0.02,-6.111],[-0.083,-6.076],[-0.125,-6.02],[-0.146,-5.9],[-0.174,-5.858],[-0.231,-5.725],[-0.224,-5.626],[-0.083,-5.668],[0.064,-5.668],[0.218,-5.612]]]]},"properties":{"abbr":"Re","name":"reuniens thalamic nucleus","plate":30,"ap_bregma_mm":-2.35,"area_mm2":0.1522,"traced_fraction":[1.0],"n_labels":1,"no_drawn_outline":false}},{"type":"Feature","geometry":{"type":"MultiPolygon","coordinates":[[[[0.169,-6.547],[0.19,-6.688],[0.113,-7.194],[0.085,-7.293],[0.043,-7.342],[0.029,-7.335],[0.029,-6.99],[0.036,-6.871],[0.057,-6.786],[0.057,-6.582],[0.008,-6.484],[-0.027,-6.484],[-0.083,-6.582],[-0.104,-6.709],[-0.104,-6.843],[-0.083,-6.955],[-0.076,-7.117],[-0.083,-7.37],[-0.111,-7.342],[-0.132,-7.272],[-0.195,-6.709],[-0.195,-6.554],[-0.153,-6.449],[-0.076,-6.386],[-0.013,-6.372],[0.057,-6.379],[0.106,-6.414],[0.169,-6.547]]]]},"properties":{"abbr":"Pe","name":"periventricular hypothalamic nucleus","plate":30,"ap_bregma_mm":-2.35,"area_mm2":0.1887,"traced_fraction":[1.0],"n_labels":1,"no_drawn_outline":false}},{"type":"Feature","geometry":{"type":"MultiPolygon","coordinates":[[[[0.464,-6.477],[0.555,-6.561],[0.625,-6.59],[0.702,-6.597],[0.702,-6.604],[0.653,-6.78],[0.618,-6.829],[0.485,-6.78],[0.344,-6.751],[0.225,-6.688],[0.19,-6.688],[0.169,-6.547],[0.309,-6.533],[0.464,-6.477]]],[[[-0.42,-6.498],[-0.378,-6.498],[-0.294,-6.54],[-0.195,-6.554],[-0.195,-6.709],[-0.357,-6.794],[-0.588,-6.857],[-0.644,-6.765],[-0.665,-6.688],[-0.525,-6.646],[-0.42,-6.498]]]]},"properties":{"abbr":"DA","name":"dorsal hypothalamic area","plate":30,"ap_bregma_mm":-2.35,"area_mm2":0.2132,"traced_fraction":[1.0,1.0],"n_labels":2,"no_drawn_outline":false}},{"type":"Feature","geometry":{"type":"MultiPolygon","coordinates":[[[[1.291,-7.04],[1.347,-7.061],[1.445,-7.131],[1.515,-7.209],[1.543,-7.279],[1.557,-7.279],[1.55,-7.448],[1.536,-7.448],[1.529,-7.476],[1.27,-7.476],[1.263,-7.441],[1.207,-7.398],[1.207,-7.356],[1.13,-7.363],[1.081,-7.342],[1.081,-7.18],[1.277,-7.18],[1.277,-7.061],[1.291,-7.04]]],[[[-1.219,-7.11],[-1.219,-7.194],[-1.114,-7.194],[-1.114,-7.237],[-1.058,-7.237],[-1.058,-7.405],[-1.072,-7.412],[-1.149,-7.398],[-1.198,-7.405],[-1.275,-7.483],[-1.275,-7.525],[-1.261,-7.539],[-1.514,-7.553],[-1.542,-7.497],[-1.542,-7.384],[-1.5,-7.307],[-1.38,-7.187],[-1.24,-7.11],[-1.219,-7.11]]]]},"properties":{"abbr":"PeF","name":"perifornical nucleus","plate":30,"ap_bregma_mm":-2.35,"area_mm2":0.2715,"traced_fraction":[0.597,0.618],"n_labels":2,"no_drawn_outline":true}},{"type":"Feature","geometry":{"type":"MultiPolygon","coordinates":[[[[0.618,-7.56],[0.583,-7.623],[0.576,-7.673],[0.534,-7.743],[0.464,-7.813],[0.337,-7.877],[0.323,-7.905],[0.232,-7.863],[0.169,-7.792],[0.134,-7.708],[0.12,-7.701],[0.106,-7.574],[0.155,-7.49],[0.253,-7.427],[0.365,-7.427],[0.422,-7.441],[0.548,-7.504],[0.618,-7.56]]],[[[-0.076,-7.637],[-0.076,-7.715],[-0.153,-7.715],[-0.174,-7.82],[-0.231,-7.919],[-0.343,-8.038],[-0.406,-8.074],[-0.42,-8.06],[-0.49,-8.06],[-0.525,-8.045],[-0.574,-7.996],[-0.602,-7.94],[-0.637,-7.715],[-0.616,-7.616],[-0.602,-7.567],[-0.602,-7.553],[-0.56,-7.525],[-0.469,-7.483],[-0.385,-7.462],[-0.294,-7.462],[-0.224,-7.49],[-0.182,-7.532],[-0.153,-7.595],[-0.153,-7.637],[-0.076,-7.637]]]]},"properties":{"abbr":"VMHDM","name":"ventromedial hypothalamic nucleus, dorsomedial part","plate":30,"ap_bregma_mm":-2.35,"area_mm2":0.4028,"traced_fraction":[0.981,0.942],"n_labels":2,"no_drawn_outline":false}},{"type":"Feature","geometry":{"type":"MultiPolygon","coordinates":[[[[0.779,-7.631],[0.905,-7.701],[0.905,-7.715],[0.947,-7.75],[0.975,-7.799],[0.996,-7.898],[0.996,-7.926],[0.975,-7.933],[0.961,-7.968],[0.947,-7.968],[0.912,-8.017],[0.779,-8.06],[0.702,-8.06],[0.653,-7.919],[0.66,-7.841],[0.723,-7.701],[0.779,-7.631]]],[[[-0.826,-7.715],[-0.756,-7.806],[-0.735,-7.863],[-0.686,-7.933],[-0.672,-8.031],[-0.693,-8.165],[-0.784,-8.165],[-0.904,-8.123],[-0.96,-8.067],[-0.981,-8.017],[-0.981,-7.947],[-0.939,-7.813],[-0.848,-7.715],[-0.826,-7.715]]]]},"properties":{"abbr":"VMHVL","name":"ventromedial hypothalamic nucleus, ventrolateral part","plate":30,"ap_bregma_mm":-2.35,"area_mm2":0.2018,"traced_fraction":[1.0,0.964],"n_labels":2,"no_drawn_outline":false}},{"type":"Feature","geometry":{"type":"MultiPolygon","coordinates":[[[[1.389,-0.478],[1.88,-0.541],[2.96,-0.745],[2.714,-1.793],[2.644,-1.786],[2.287,-1.68],[1.915,-1.631],[1.655,-1.596],[1.627,-1.582],[1.347,-1.554],[1.284,-1.533],[1.389,-0.478]]],[[[-1.612,-0.534],[-1.535,-1.012],[-1.486,-1.223],[-1.464,-1.413],[-1.43,-1.554],[-1.422,-1.673],[-1.5,-1.687],[-2.082,-1.709],[-2.299,-1.744],[-2.418,-1.779],[-2.621,-1.807],[-2.734,-1.842],[-2.783,-1.842],[-3.0,-0.942],[-3.021,-0.794],[-2.327,-0.682],[-1.612,-0.534]]]]},"properties":{"abbr":"MPtA","name":"medial parietal association cortex","plate":30,"ap_bregma_mm":-2.35,"area_mm2":3.1531,"traced_fraction":[1.0,1.0],"n_labels":2,"no_drawn_outline":false}},{"type":"Feature","geometry":{"type":"Polygon","coordinates":[[[0.001,-1.125],[0.064,-1.139],[0.092,-1.694],[0.092,-2.053],[0.071,-2.194],[0.029,-2.201],[0.015,-2.081],[0.001,-1.125]]]},"properties":{"abbr":null,"name":"unnamed sealed face","plate":30,"ap_bregma_mm":-2.35,"index":0}},{"type":"Feature","geometry":{"type":"Polygon","coordinates":[[[3.5,-2.658],[3.541,-2.665],[3.57,-2.686],[3.724,-2.841],[3.745,-2.897],[3.745,-3.003],[3.71,-3.038],[3.654,-3.052],[3.366,-3.052],[3.212,-3.038],[3.149,-3.024],[3.156,-3.003],[3.479,-2.989],[3.479,-2.869],[3.64,-2.862],[3.605,-2.792],[3.52,-2.714],[3.5,-2.658]]]},"properties":{"abbr":null,"name":"unnamed sealed face","plate":30,"ap_bregma_mm":-2.35,"index":1}},{"type":"Feature","geometry":{"type":"Polygon","coordinates":[[[4.229,-2.749],[4.334,-2.778],[4.481,-2.869],[4.53,-2.932],[4.565,-3.038],[4.502,-3.038],[4.418,-3.01],[4.355,-3.017],[4.341,-3.01],[4.327,-2.96],[4.306,-2.96],[4.215,-2.82],[4.215,-2.77],[4.229,-2.749]]]},"properties":{"abbr":null,"name":"unnamed sealed face","plate":30,"ap_bregma_mm":-2.35,"index":2}},{"type":"Feature","geometry":{"type":"Polygon","coordinates":[[[4.677,-3.221],[4.698,-3.235],[4.74,-3.34],[4.762,-3.347],[4.818,-3.425],[4.895,-3.586],[4.902,-3.706],[4.874,-3.797],[4.874,-3.847],[4.825,-3.875],[4.79,-3.931],[4.769,-3.931],[4.67,-3.994],[4.656,-3.98],[4.642,-3.797],[4.6,-3.657],[4.614,-3.629],[4.691,-3.643],[4.663,-3.6],[4.642,-3.516],[4.649,-3.27],[4.677,-3.221]]]},"properties":{"abbr":null,"name":"unnamed sealed face","plate":30,"ap_bregma_mm":-2.35,"index":3}},{"type":"Feature","geometry":{"type":"Polygon","coordinates":[[[-0.588,-3.277],[-0.574,-3.312],[-0.595,-3.319],[-0.63,-3.382],[-0.672,-3.425],[-0.714,-3.509],[-0.848,-3.572],[-0.855,-3.586],[-0.876,-3.586],[-0.974,-3.706],[-1.065,-3.713],[-1.107,-3.699],[-1.163,-3.643],[-1.205,-3.629],[-1.254,-3.579],[-1.275,-3.502],[-1.212,-3.495],[-1.03,-3.425],[-0.805,-3.453],[-0.735,-3.418],[-0.637,-3.298],[-0.588,-3.277]]]},"properties":{"abbr":null,"name":"unnamed sealed face","plate":30,"ap_bregma_mm":-2.35,"index":4}},{"type":"Feature","geometry":{"type":"Polygon","coordinates":[[[0.555,-3.277],[0.59,-3.298],[0.625,-3.368],[0.8,-3.467],[1.095,-3.502],[1.305,-3.502],[1.298,-3.53],[1.221,-3.629],[1.2,-3.699],[1.095,-3.685],[0.905,-3.621],[0.898,-3.607],[0.877,-3.607],[0.751,-3.537],[0.604,-3.404],[0.59,-3.368],[0.576,-3.368],[0.541,-3.319],[0.555,-3.277]]]},"properties":{"abbr":null,"name":"unnamed sealed face","plate":30,"ap_bregma_mm":-2.35,"index":5}},{"type":"Feature","geometry":{"type":"Polygon","coordinates":[[[-4.199,-5.408],[-4.157,-5.408],[-4.066,-5.605],[-4.024,-5.654],[-3.968,-5.788],[-3.954,-5.788],[-3.947,-5.816],[-3.933,-5.816],[-3.89,-5.886],[-3.869,-5.893],[-3.848,-5.935],[-3.827,-5.942],[-3.778,-6.006],[-3.652,-6.055],[-3.589,-6.111],[-3.393,-6.231],[-3.042,-6.336],[-3.035,-6.35],[-2.958,-6.379],[-2.902,-6.428],[-2.783,-6.498],[-2.783,-6.512],[-2.748,-6.526],[-2.614,-6.646],[-2.6,-6.646],[-2.474,-6.772],[-2.404,-6.878],[-2.32,-6.962],[-2.285,-6.976],[-2.264,-7.054],[-2.299,-7.054],[-2.355,-7.012],[-2.481,-6.997],[-2.6,-6.955],[-2.657,-6.906],[-2.79,-6.864],[-2.832,-6.822],[-3.021,-6.709],[-3.119,-6.625],[-3.182,-6.597],[-3.252,-6.554],[-3.274,-6.505],[-3.288,-6.505],[-3.316,-6.463],[-3.477,-6.35],[-3.659,-6.252],[-3.659,-6.238],[-3.687,-6.231],[-3.75,-6.175],[-3.806,-6.146],[-3.869,-6.083],[-3.884,-6.083],[-3.933,-6.02],[-3.947,-6.02],[-4.094,-5.823],[-4.185,-5.633],[-4.206,-5.499],[-4.199,-5.408]]]},"properties":{"abbr":null,"name":"unnamed sealed face","plate":30,"ap_bregma_mm":-2.35,"index":6}},{"type":"Feature","geometry":{"type":"Polygon","coordinates":[[[4.474,-6.259],[4.439,-6.294],[4.411,-6.357],[4.334,-6.463],[4.306,-6.498],[4.292,-6.498],[4.264,-6.554],[4.243,-6.569],[4.201,-6.667],[4.159,-6.723],[4.025,-6.836],[3.934,-6.878],[3.668,-6.948],[3.535,-6.969],[3.324,-6.969],[3.275,-6.969],[3.226,-6.948],[3.016,-6.913],[2.953,-6.913],[2.861,-6.885],[2.693,-6.878],[2.56,-6.899],[2.35,-6.92],[2.223,-6.962],[2.139,-7.012],[2.006,-7.124],[1.95,-7.145],[1.957,-7.096],[1.992,-7.04],[2.118,-6.92],[2.223,-6.864],[2.259,-6.815],[2.301,-6.794],[2.343,-6.688],[2.441,-6.533],[2.462,-6.519],[2.581,-6.428],[2.637,-6.35],[2.882,-6.118],[3.044,-5.985],[3.31,-5.83],[3.626,-5.739],[3.892,-5.725],[3.941,-5.703],[3.969,-5.668],[4.025,-5.633],[4.081,-5.619],[4.088,-5.605],[4.25,-5.535],[4.376,-5.521],[4.418,-5.499],[4.446,-5.506],[4.495,-5.978],[4.495,-6.104],[4.467,-6.203],[4.474,-6.259]]]},"properties":{"abbr":null,"name":"unnamed sealed face","plate":30,"ap_bregma_mm":-2.35,"index":7}},{"type":"Feature","geometry":{"type":"Polygon","coordinates":[[[3.254,-6.407],[3.205,-6.421],[3.065,-6.526],[3.044,-6.526],[2.925,-6.639],[2.903,-6.688],[2.918,-6.765],[2.953,-6.794],[3.023,-6.808],[3.03,-6.829],[3.093,-6.85],[3.331,-6.892],[3.612,-6.892],[3.822,-6.85],[3.948,-6.786],[4.081,-6.688],[4.081,-6.674],[4.096,-6.674],[4.166,-6.604],[4.166,-6.59],[4.18,-6.59],[4.187,-6.561],[4.201,-6.561],[4.376,-6.308],[4.404,-6.252],[4.432,-6.118],[4.432,-5.992],[4.411,-5.921],[4.341,-5.844],[4.145,-5.83],[4.004,-5.872],[3.899,-5.921],[3.836,-5.964],[3.766,-6.041],[3.703,-6.083],[3.703,-6.097],[3.528,-6.203],[3.492,-6.238],[3.471,-6.238],[3.408,-6.287],[3.331,-6.322],[3.261,-6.379],[3.254,-6.407]]]},"properties":{"abbr":null,"name":"unnamed sealed face","plate":30,"ap_bregma_mm":-2.35,"index":8}},{"type":"Feature","geometry":{"type":"Polygon","coordinates":[[[3.037,-5.802],[3.016,-5.851],[2.848,-6.013],[2.848,-6.027],[2.826,-6.027],[2.826,-6.041],[2.763,-6.083],[2.763,-6.097],[2.742,-6.083],[2.735,-6.034],[2.84,-5.935],[2.854,-5.935],[2.854,-5.921],[2.897,-5.9],[2.897,-5.886],[2.932,-5.872],[2.932,-5.858],[2.988,-5.83],[3.002,-5.809],[3.037,-5.802]]]},"properties":{"abbr":null,"name":"unnamed sealed face","plate":30,"ap_bregma_mm":-2.35,"index":9}},{"type":"Feature","geometry":{"type":"Polygon","coordinates":[[[-2.972,-6.154],[-2.888,-6.203],[-2.825,-6.259],[-2.65,-6.259],[-2.65,-6.414],[-2.621,-6.428],[-2.621,-6.442],[-2.608,-6.442],[-2.608,-6.456],[-2.593,-6.456],[-2.593,-6.47],[-2.579,-6.47],[-2.579,-6.484],[-2.565,-6.484],[-2.565,-6.498],[-2.551,-6.498],[-2.495,-6.569],[-2.481,-6.569],[-2.453,-6.618],[-2.439,-6.618],[-2.362,-6.723],[-2.334,-6.794],[-2.355,-6.794],[-2.362,-6.772],[-2.376,-6.772],[-2.383,-6.751],[-2.474,-6.667],[-2.474,-6.653],[-2.488,-6.653],[-2.488,-6.639],[-2.509,-6.632],[-2.509,-6.618],[-2.53,-6.611],[-2.537,-6.59],[-2.565,-6.576],[-2.678,-6.449],[-2.691,-6.449],[-2.691,-6.435],[-2.79,-6.372],[-2.86,-6.294],[-2.937,-6.252],[-2.965,-6.217],[-3.021,-6.189],[-3.021,-6.175],[-3.0,-6.154],[-2.972,-6.154]]]},"properties":{"abbr":null,"name":"unnamed sealed face","plate":30,"ap_bregma_mm":-2.35,"index":10}},{"type":"Feature","geometry":{"type":"Polygon","coordinates":[[[-5.272,-6.808],[-5.237,-6.822],[-5.195,-6.878],[-5.181,-6.878],[-5.16,-6.92],[-5.146,-6.92],[-5.132,-6.955],[-5.111,-6.969],[-5.104,-6.997],[-5.089,-6.997],[-5.04,-7.096],[-5.04,-7.131],[-5.047,-7.194],[-5.089,-7.265],[-5.104,-7.258],[-5.111,-7.124],[-5.138,-7.019],[-5.174,-6.955],[-5.265,-6.85],[-5.279,-6.822],[-5.272,-6.808]]]},"properties":{"abbr":null,"name":"unnamed sealed face","plate":30,"ap_bregma_mm":-2.35,"index":11}},{"type":"Feature","geometry":{"type":"Polygon","coordinates":[[[5.47,-7.588],[5.533,-7.673],[5.484,-7.708],[5.393,-7.736],[5.315,-7.841],[5.203,-7.884],[5.091,-7.884],[5.063,-7.947],[5.035,-7.968],[4.958,-7.989],[4.881,-7.989],[4.874,-7.961],[4.888,-7.933],[4.965,-7.856],[5.056,-7.835],[5.07,-7.806],[5.112,-7.778],[5.252,-7.743],[5.308,-7.68],[5.372,-7.687],[5.414,-7.616],[5.449,-7.588],[5.47,-7.588]]]},"properties":{"abbr":null,"name":"unnamed sealed face","plate":30,"ap_bregma_mm":-2.35,"index":12}},{"type":"Feature","geometry":{"type":"Polygon","coordinates":[[[-0.434,-8.221],[-0.455,-8.249],[-0.546,-8.299],[-0.567,-8.327],[-0.581,-8.362],[-0.574,-8.432],[-0.588,-8.439],[-0.953,-8.249],[-0.932,-8.221],[-0.904,-8.221],[-0.805,-8.256],[-0.679,-8.264],[-0.476,-8.214],[-0.434,-8.221]]]},"properties":{"abbr":null,"name":"unnamed sealed face","plate":30,"ap_bregma_mm":-2.35,"index":13}},{"type":"Feature","geometry":{"type":"MultiPolygon","coordinates":[[[[-0.013,-8.671],[-0.076,-8.686],[-0.174,-8.671],[-0.287,-8.601],[-0.455,-8.524],[-0.665,-8.39],[-1.135,-8.158],[-1.331,-8.01],[-1.829,-7.497],[-1.906,-7.504],[-1.976,-7.553],[-2.053,-7.574],[-2.257,-7.581],[-2.383,-7.616],[-3.007,-7.898],[-3.505,-8.067],[-4.052,-8.341],[-4.255,-8.397],[-4.528,-8.397],[-4.774,-8.32],[-4.942,-8.306],[-5.096,-8.271],[-5.356,-8.186],[-5.559,-8.102],[-5.854,-7.94],[-6.071,-7.792],[-6.274,-7.631],[-6.499,-7.412],[-6.681,-7.159],[-6.73,-7.047],[-6.751,-6.941],[-6.744,-6.857],[-6.688,-6.73],[-6.723,-6.646],[-6.856,-6.618],[-6.948,-6.576],[-7.102,-6.477],[-7.228,-6.372],[-7.389,-6.175],[-7.487,-5.978],[-7.543,-5.788],[-7.579,-5.584],[-7.564,-4.937],[-7.522,-4.578],[-7.487,-4.402],[-7.396,-4.121],[-7.249,-3.804],[-7.046,-3.467],[-6.821,-3.157],[-6.548,-2.848],[-6.078,-2.384],[-5.636,-2.018],[-5.005,-1.575],[-4.507,-1.272],[-4.143,-1.104],[-3.743,-0.956],[-3.358,-0.85],[-2.348,-0.682],[-1.493,-0.506],[-1.1,-0.45],[-0.925,-0.45],[-0.771,-0.478],[-0.56,-0.541],[-0.427,-0.597],[-0.308,-0.668],[-0.174,-0.787],[-0.104,-0.879],[-0.048,-0.984],[-0.013,-1.125],[0.064,-1.139],[0.078,-1.019],[0.113,-0.914],[0.239,-0.703],[0.351,-0.59],[0.485,-0.499],[0.639,-0.428],[0.702,-0.414],[0.968,-0.421],[1.817,-0.534],[3.422,-0.829],[3.717,-0.935],[4.039,-1.075],[4.362,-1.23],[4.727,-1.434],[5.323,-1.835],[5.792,-2.208],[6.206,-2.602],[6.571,-3.01],[6.774,-3.284],[6.949,-3.551],[7.187,-4.022],[7.293,-4.332],[7.37,-4.719],[7.384,-5.014],[7.356,-5.288],[7.321,-5.436],[7.251,-5.598],[6.977,-6.118],[6.816,-6.372],[6.69,-6.498],[6.634,-6.526],[6.423,-6.576],[6.332,-6.618],[6.332,-6.681],[6.367,-6.815],[6.367,-6.948],[6.325,-7.089],[6.262,-7.187],[5.996,-7.427],[5.813,-7.645],[5.886,-7.732],[5.877,-7.741],[5.785,-7.673],[5.673,-7.785],[5.533,-7.891],[5.126,-8.116],[4.769,-8.256],[4.558,-8.32],[4.264,-8.397],[4.159,-8.404],[4.039,-8.376],[3.955,-8.334],[3.338,-7.975],[2.96,-7.785],[2.735,-7.694],[2.504,-7.631],[2.399,-7.56],[2.301,-7.518],[2.167,-7.532],[2.055,-7.49],[1.999,-7.448],[1.915,-7.349],[1.824,-7.342],[1.838,-7.293],[1.824,-7.223],[1.719,-7.248],[1.649,-7.248],[1.543,-7.279],[1.55,-7.363],[1.536,-7.441],[1.642,-7.49],[1.789,-7.377],[1.536,-7.588],[1.445,-7.701],[1.382,-7.813],[1.214,-7.996],[1.095,-8.081],[0.954,-8.116],[0.618,-8.299],[0.351,-8.425],[0.302,-8.46],[0.232,-8.552],[0.092,-8.636],[0.015,-8.664],[-0.013,-8.671]]]]},"properties":{"abbr":"brain_outline","name":"outline of the section","plate":30,"ap_bregma_mm":-2.35}}]}
