{"type":"FeatureCollection","name":"GerbilAtlas plate 28","note":"Region extents cut from the atlas drawing (METHODS.md, Region extents). Coordinates are [ML, DV] in mm, ML positive to the right of the plate as printed, DV negative below the dorsal surface; AP is the plate bregma. traced_fraction is the share of each polygon boundary the atlas actually draws; below 0.5 the boundary is an estimate. no_drawn_outline marks a feature that lies only inside boundaries the atlas draws round more than one name and prints nothing within, so the whole of its outline is where the extraction cut it. Not a segmentation.","plate":28,"ap_bregma_mm":-1.65,"features":[{"type":"Feature","geometry":{"type":"MultiPolygon","coordinates":[[[[1.011,-0.718],[1.418,-0.739],[1.418,-1.358],[1.439,-1.97],[1.173,-1.956],[1.173,-1.871],[1.131,-1.682],[1.067,-1.175],[1.046,-1.091],[1.011,-0.718]]],[[[-1.092,-0.767],[-0.994,-0.774],[-0.994,-1.013],[-1.015,-1.168],[-1.022,-2.04],[-1.148,-2.068],[-1.338,-2.068],[-1.485,-0.831],[-1.099,-0.788],[-1.092,-0.767]]]]},"properties":{"abbr":"M1","name":"primary motor cortex","plate":28,"ap_bregma_mm":-1.65,"area_mm2":0.9173,"traced_fraction":[1.0,1.0],"n_labels":2,"no_drawn_outline":false}},{"type":"Feature","geometry":{"type":"MultiPolygon","coordinates":[[[[6.004,-6.921],[6.109,-6.949],[6.214,-7.013],[6.228,-7.034],[6.249,-7.034],[6.053,-7.343],[5.996,-7.4],[5.926,-7.512],[5.912,-7.512],[5.898,-7.547],[5.849,-7.611],[5.835,-7.611],[5.786,-7.688],[5.772,-7.688],[5.709,-7.779],[5.695,-7.779],[5.667,-7.829],[5.653,-7.829],[5.632,-7.871],[5.597,-7.899],[5.604,-7.913],[5.597,-7.92],[5.583,-7.92],[5.394,-7.913],[5.387,-7.885],[5.408,-7.864],[5.429,-7.765],[5.492,-7.702],[5.534,-7.681],[5.737,-7.456],[5.674,-7.449],[5.66,-7.428],[5.604,-7.428],[5.688,-7.259],[5.737,-7.217],[5.758,-7.217],[5.842,-7.168],[5.884,-7.125],[5.94,-7.048],[6.004,-6.921]]],[[[-5.993,-6.928],[-5.979,-6.964],[-5.986,-7.118],[-5.944,-7.217],[-5.888,-7.294],[-5.776,-7.371],[-5.692,-7.456],[-5.642,-7.54],[-5.628,-7.597],[-5.558,-7.625],[-5.53,-7.653],[-5.523,-7.737],[-5.439,-7.815],[-5.404,-7.892],[-5.474,-7.892],[-5.53,-7.941],[-5.572,-7.927],[-5.614,-7.892],[-5.699,-7.709],[-5.79,-7.625],[-5.839,-7.54],[-5.937,-7.456],[-5.986,-7.357],[-6.105,-7.203],[-6.126,-7.146],[-6.126,-7.055],[-6.098,-6.957],[-5.993,-6.928]]],[[[3.704,-8.103],[3.788,-8.166],[3.914,-8.215],[3.984,-8.307],[4.012,-8.314],[4.019,-8.321],[3.998,-8.342],[3.949,-8.335],[3.858,-8.349],[3.809,-8.335],[3.711,-8.279],[3.655,-8.237],[3.641,-8.208],[3.697,-8.166],[3.704,-8.103]]]]},"properties":{"abbr":"2","name":"layer 2 of cortex","plate":28,"ap_bregma_mm":-1.65,"area_mm2":0.5021,"traced_fraction":[0.927,0.972,0.926],"n_labels":4,"no_drawn_outline":false}},{"type":"Feature","geometry":{"type":"MultiPolygon","coordinates":[[[[0.885,-0.718],[1.011,-0.718],[1.046,-1.091],[1.06,-1.126],[1.131,-1.682],[1.173,-1.871],[1.173,-1.956],[0.983,-1.942],[0.927,-1.717],[0.766,-1.252],[0.682,-1.084],[0.661,-1.013],[0.556,-0.831],[0.549,-0.788],[0.738,-0.746],[0.864,-0.739],[0.885,-0.718]]],[[[-0.994,-0.774],[-0.566,-0.788],[-0.566,-0.831],[-0.749,-1.393],[-0.882,-1.928],[-0.889,-2.019],[-1.022,-2.04],[-1.015,-1.168],[-0.994,-1.013],[-0.994,-0.774]]]]},"properties":{"abbr":"M2","name":"secondary motor cortex","plate":28,"ap_bregma_mm":-1.65,"area_mm2":0.7084,"traced_fraction":[1.0,1.0],"n_labels":2,"no_drawn_outline":false}},{"type":"Feature","geometry":{"type":"MultiPolygon","coordinates":[[[[1.418,-0.739],[2.035,-0.767],[2.07,-0.767],[2.056,-0.781],[2.056,-0.788],[1.916,-1.998],[1.748,-1.991],[1.439,-1.97],[1.418,-1.358],[1.418,-0.739]]],[[[-1.485,-0.831],[-1.338,-2.068],[-1.38,-2.082],[-1.639,-2.103],[-1.737,-2.103],[-1.968,-0.915],[-1.485,-0.831]]]]},"properties":{"abbr":"MPtA","name":"medial parietal association cortex","plate":28,"ap_bregma_mm":-1.65,"area_mm2":1.2466,"traced_fraction":[1.0,1.0],"n_labels":1,"no_drawn_outline":false}},{"type":"Feature","geometry":{"type":"MultiPolygon","coordinates":[[[[-0.566,-0.788],[-0.524,-0.795],[-0.482,-0.795],[-0.482,-0.816],[-0.363,-0.845],[-0.181,-0.943],[-0.082,-1.042],[-0.082,-1.056],[-0.054,-1.07],[0.002,-1.161],[0.03,-1.259],[0.051,-1.259],[0.128,-1.063],[0.163,-1.006],[0.177,-1.006],[0.233,-0.936],[0.422,-0.823],[0.549,-0.788],[0.556,-0.831],[0.626,-0.943],[0.766,-1.252],[0.927,-1.717],[0.983,-1.942],[0.885,-1.97],[0.71,-1.829],[0.45,-1.689],[0.282,-1.646],[0.03,-1.639],[-0.174,-1.682],[-0.356,-1.759],[-0.538,-1.893],[-0.692,-2.047],[-0.755,-2.019],[-0.889,-2.019],[-0.882,-1.928],[-0.749,-1.393],[-0.566,-0.831],[-0.566,-0.788]]]]},"properties":{"abbr":"RSD","name":"retrosplenial dysgranular cortex","plate":28,"ap_bregma_mm":-1.65,"area_mm2":1.3186,"traced_fraction":[1.0],"n_labels":2,"no_drawn_outline":false}},{"type":"Feature","geometry":{"type":"MultiPolygon","coordinates":[[[[2.07,-0.767],[2.119,-0.767],[2.119,-0.788],[2.344,-0.809],[2.729,-0.873],[2.989,-0.922],[3.255,-0.992],[3.101,-1.611],[3.073,-1.674],[2.996,-1.991],[2.932,-2.188],[2.673,-2.097],[2.421,-2.075],[1.916,-1.998],[2.056,-0.788],[2.056,-0.781],[2.07,-0.767]]],[[[-2.018,-0.915],[-1.968,-0.915],[-1.737,-2.103],[-2.186,-2.174],[-2.319,-2.216],[-2.522,-2.251],[-2.838,-2.343],[-2.943,-2.019],[-2.964,-1.914],[-3.188,-1.259],[-3.202,-1.182],[-2.628,-1.049],[-2.628,-1.034],[-2.586,-1.027],[-2.55,-1.034],[-2.473,-1.02],[-2.466,-0.999],[-2.445,-0.999],[-2.41,-0.992],[-2.375,-0.985],[-2.34,-0.978],[-2.305,-0.971],[-2.27,-0.964],[-2.235,-0.957],[-2.2,-0.95],[-2.165,-0.943],[-2.13,-0.936],[-2.088,-0.929],[-2.053,-0.922],[-2.018,-0.915]]]]},"properties":{"abbr":"S1Tr","name":"primary somatosensory cortex, trunk region","plate":28,"ap_bregma_mm":-1.65,"area_mm2":2.8387,"traced_fraction":[0.99,1.0],"n_labels":4,"no_drawn_outline":false}},{"type":"Feature","geometry":{"type":"MultiPolygon","coordinates":[[[[3.255,-0.992],[3.557,-1.07],[3.571,-1.07],[3.592,-1.077],[3.613,-1.084],[3.627,-1.091],[3.648,-1.098],[3.655,-1.098],[3.655,-1.105],[3.655,-1.112],[3.62,-1.161],[3.437,-1.703],[3.374,-1.829],[3.213,-2.293],[2.932,-2.188],[2.996,-1.991],[3.073,-1.674],[3.101,-1.611],[3.255,-0.992]]],[[[3.557,-1.063],[3.571,-1.07],[3.557,-1.07],[3.557,-1.063]]],[[[-3.202,-1.182],[-3.188,-1.259],[-2.964,-1.914],[-2.943,-2.019],[-2.838,-2.343],[-3.048,-2.441],[-3.125,-2.455],[-3.153,-2.406],[-3.287,-2.012],[-3.322,-1.928],[-3.336,-1.921],[-3.448,-1.562],[-3.56,-1.267],[-3.202,-1.182]]]]},"properties":{"abbr":"S1DZ","name":"primary somatosensory cortex, dysgranular zone","plate":28,"ap_bregma_mm":-1.65,"area_mm2":0.8588,"traced_fraction":[0.985,1.0,1.0],"n_labels":2,"no_drawn_outline":false}},{"type":"Feature","geometry":{"type":"MultiPolygon","coordinates":[[[[-3.56,-1.267],[-3.448,-1.562],[-3.336,-1.921],[-3.322,-1.928],[-3.287,-2.012],[-3.153,-2.406],[-3.125,-2.455],[-3.427,-2.617],[-3.497,-2.638],[-3.567,-2.455],[-3.602,-2.385],[-3.63,-2.364],[-3.637,-2.279],[-3.672,-2.244],[-3.826,-1.871],[-3.883,-1.773],[-3.918,-1.66],[-3.96,-1.597],[-3.967,-1.555],[-4.002,-1.527],[-4.002,-1.449],[-4.044,-1.407],[-4.051,-1.379],[-3.798,-1.302],[-3.56,-1.267]]]]},"properties":{"abbr":"PtP","name":"parietal cortex, posterior area","plate":28,"ap_bregma_mm":-1.65,"area_mm2":0.6007,"traced_fraction":[0.944],"n_labels":1,"no_drawn_outline":false}},{"type":"Feature","geometry":{"type":"MultiPolygon","coordinates":[[[[-4.051,-1.379],[-4.044,-1.407],[-4.002,-1.449],[-4.002,-1.527],[-3.967,-1.555],[-3.96,-1.597],[-3.918,-1.66],[-3.883,-1.773],[-3.826,-1.871],[-3.707,-2.167],[-3.665,-2.258],[-3.637,-2.279],[-3.63,-2.364],[-3.602,-2.385],[-3.567,-2.455],[-3.497,-2.638],[-3.679,-2.744],[-3.834,-2.814],[-4.191,-3.053],[-5.046,-1.857],[-4.836,-1.717],[-4.528,-1.562],[-4.528,-1.548],[-4.507,-1.541],[-4.493,-1.548],[-4.493,-1.534],[-4.472,-1.527],[-4.457,-1.52],[-4.423,-1.506],[-4.331,-1.471],[-4.051,-1.379]]]]},"properties":{"abbr":"S1","name":"primary somatosensory cortex","plate":28,"ap_bregma_mm":-1.65,"area_mm2":1.3812,"traced_fraction":[0.955],"n_labels":1,"no_drawn_outline":false}},{"type":"Feature","geometry":{"type":"MultiPolygon","coordinates":[[[[0.983,-1.942],[1.173,-1.956],[1.439,-1.97],[1.748,-1.991],[1.748,-2.075],[1.635,-2.061],[1.32,-2.061],[1.173,-2.075],[1.088,-2.103],[0.92,-2.216],[0.822,-2.314],[0.822,-2.329],[0.689,-2.448],[0.633,-2.469],[0.626,-2.483],[0.577,-2.483],[0.584,-2.455],[0.689,-2.314],[0.815,-2.054],[0.885,-1.97],[0.983,-1.942]]],[[[-0.692,-2.047],[-0.629,-2.132],[-0.545,-2.307],[-0.475,-2.413],[-0.454,-2.483],[-0.503,-2.469],[-0.629,-2.364],[-0.749,-2.286],[-0.973,-2.202],[-1.106,-2.174],[-1.239,-2.167],[-1.632,-2.181],[-1.639,-2.103],[-1.38,-2.082],[-1.338,-2.068],[-1.148,-2.068],[-1.022,-2.04],[-0.889,-2.019],[-0.804,-2.012],[-0.692,-2.047]]]]},"properties":{"abbr":"cg","name":"cingulum","plate":28,"ap_bregma_mm":-1.65,"area_mm2":0.3361,"traced_fraction":[0.987,0.99],"n_labels":2,"no_drawn_outline":false}},{"type":"Feature","geometry":{"type":"MultiPolygon","coordinates":[[[[0.885,-1.97],[0.815,-2.054],[0.689,-2.314],[0.64,-2.392],[0.612,-2.413],[0.577,-2.483],[0.387,-2.561],[0.303,-2.561],[0.282,-2.54],[0.247,-2.54],[0.205,-2.554],[0.191,-2.575],[0.114,-2.575],[0.114,-2.476],[-0.075,-2.476],[-0.075,-2.554],[-0.089,-2.554],[-0.111,-2.589],[-0.188,-2.589],[-0.321,-2.561],[-0.391,-2.533],[-0.454,-2.483],[-0.475,-2.413],[-0.545,-2.307],[-0.629,-2.132],[-0.692,-2.047],[-0.538,-1.893],[-0.356,-1.759],[-0.174,-1.682],[0.03,-1.639],[0.282,-1.646],[0.45,-1.689],[0.71,-1.829],[0.885,-1.97]]]]},"properties":{"abbr":"RSGc","name":"retrosplenial granular cortex, c region","plate":28,"ap_bregma_mm":-1.65,"area_mm2":1.064,"traced_fraction":[0.946],"n_labels":2,"no_drawn_outline":false}},{"type":"Feature","geometry":{"type":"MultiPolygon","coordinates":[[[[3.655,-1.098],[3.683,-1.112],[4.293,-1.337],[4.314,-1.344],[4.321,-1.344],[4.321,-1.358],[4.342,-1.358],[4.349,-1.372],[4.426,-1.393],[4.433,-1.4],[4.447,-1.407],[4.468,-1.414],[4.468,-1.428],[4.615,-1.492],[4.622,-1.506],[4.657,-1.513],[4.664,-1.527],[4.903,-1.646],[4.917,-1.667],[4.98,-1.696],[5.12,-1.801],[5.141,-1.801],[5.148,-1.808],[5.169,-1.822],[5.19,-1.836],[5.176,-1.843],[5.204,-1.85],[5.218,-1.857],[5.211,-1.864],[5.225,-1.864],[5.239,-1.871],[5.232,-1.878],[5.246,-1.878],[5.274,-1.893],[5.281,-1.914],[5.429,-2.012],[5.429,-2.026],[5.499,-2.075],[5.499,-2.089],[5.155,-2.476],[5.12,-2.533],[5.008,-2.645],[5.008,-2.659],[4.924,-2.744],[4.805,-2.898],[4.699,-3.004],[4.622,-3.109],[4.552,-3.173],[4.552,-3.187],[4.524,-3.18],[4.377,-3.046],[4.258,-2.969],[4.04,-2.793],[3.914,-2.729],[3.767,-2.617],[3.571,-2.504],[3.5,-2.448],[3.213,-2.293],[3.374,-1.829],[3.437,-1.703],[3.62,-1.161],[3.655,-1.112],[3.655,-1.105],[3.655,-1.098]]],[[[-5.046,-1.857],[-4.191,-3.053],[-4.219,-3.088],[-4.261,-3.109],[-4.5,-3.313],[-4.514,-3.313],[-4.633,-3.187],[-4.647,-3.187],[-4.717,-3.109],[-4.794,-3.053],[-5.053,-2.793],[-5.067,-2.793],[-5.222,-2.638],[-5.362,-2.526],[-5.607,-2.286],[-5.607,-2.272],[-5.509,-2.195],[-5.509,-2.181],[-5.355,-2.068],[-5.348,-2.047],[-5.327,-2.033],[-5.313,-2.04],[-5.187,-1.942],[-5.046,-1.857]]]]},"properties":{"abbr":"S1BF","name":"primary somatosensory cortex, barrel field","plate":28,"ap_bregma_mm":-1.65,"area_mm2":3.4249,"traced_fraction":[1.0,1.0],"n_labels":2,"no_drawn_outline":false}},{"type":"Feature","geometry":{"type":"MultiPolygon","coordinates":[[[[1.432,-2.378],[1.439,-2.483],[1.341,-2.497],[1.243,-2.533],[1.18,-2.582],[1.117,-2.596],[0.906,-2.715],[0.843,-2.631],[1.004,-2.54],[1.075,-2.483],[1.173,-2.448],[1.18,-2.434],[1.348,-2.385],[1.432,-2.378]]],[[[-0.98,-2.533],[-1.022,-2.624],[-1.309,-2.547],[-1.422,-2.554],[-1.653,-2.54],[-1.828,-2.561],[-1.842,-2.448],[-1.611,-2.42],[-1.359,-2.42],[-1.092,-2.483],[-0.98,-2.533]]]]},"properties":{"abbr":"CA1","name":"field CA1 of the hippocampus","plate":28,"ap_bregma_mm":-1.65,"area_mm2":0.1688,"traced_fraction":[1.0,0.993],"n_labels":2,"no_drawn_outline":false}},{"type":"Feature","geometry":{"type":"MultiPolygon","coordinates":[[[[1.965,-2.392],[1.916,-2.49],[1.909,-2.54],[1.776,-2.497],[1.677,-2.49],[1.614,-2.49],[1.607,-2.476],[1.439,-2.483],[1.432,-2.378],[1.544,-2.357],[1.748,-2.357],[1.797,-2.371],[1.895,-2.371],[1.965,-2.392]]],[[[-1.842,-2.448],[-1.828,-2.561],[-1.989,-2.596],[-2.053,-2.617],[-2.144,-2.673],[-2.2,-2.68],[-2.228,-2.68],[-2.368,-2.758],[-2.396,-2.744],[-2.487,-2.624],[-2.403,-2.582],[-2.158,-2.518],[-2.144,-2.504],[-1.842,-2.448]]],[[[-0.98,-2.533],[-0.91,-2.547],[-0.812,-2.61],[-0.749,-2.624],[-0.433,-2.793],[-0.37,-2.807],[-0.321,-2.863],[-0.433,-2.891],[-0.461,-2.912],[-0.524,-2.863],[-0.713,-2.786],[-1.022,-2.624],[-0.98,-2.533]]],[[[0.843,-2.631],[0.906,-2.715],[0.738,-2.828],[0.717,-2.828],[0.654,-2.87],[0.591,-2.884],[0.549,-2.919],[0.465,-2.898],[0.436,-2.926],[0.401,-2.933],[0.401,-2.948],[0.345,-2.962],[0.31,-2.926],[0.317,-2.884],[0.373,-2.87],[0.429,-2.807],[0.478,-2.8],[0.556,-2.751],[0.668,-2.715],[0.689,-2.694],[0.843,-2.631]]]]},"properties":{"abbr":"CA2","name":"field CA2 of the hippocampus","plate":28,"ap_bregma_mm":-1.65,"area_mm2":0.3065,"traced_fraction":[1.0,1.0,1.0,0.985],"n_labels":4,"no_drawn_outline":false}},{"type":"Feature","geometry":{"type":"MultiPolygon","coordinates":[[[[5.499,-2.089],[5.534,-2.103],[5.737,-2.286],[5.751,-2.286],[5.751,-2.301],[5.807,-2.336],[5.807,-2.35],[5.961,-2.497],[5.975,-2.497],[6.017,-2.554],[4.966,-3.545],[4.952,-3.545],[4.678,-3.285],[4.58,-3.222],[4.552,-3.187],[4.552,-3.173],[4.622,-3.109],[4.699,-3.004],[4.805,-2.898],[4.805,-2.884],[4.889,-2.8],[5.008,-2.645],[5.12,-2.533],[5.155,-2.476],[5.499,-2.089]]],[[[-5.607,-2.286],[-5.362,-2.526],[-5.348,-2.526],[-5.067,-2.793],[-5.053,-2.793],[-4.794,-3.053],[-4.78,-3.053],[-4.647,-3.187],[-4.633,-3.187],[-4.514,-3.313],[-4.5,-3.313],[-4.64,-3.468],[-4.745,-3.545],[-4.759,-3.545],[-4.899,-3.412],[-5.032,-3.32],[-5.103,-3.25],[-5.215,-3.173],[-5.299,-3.088],[-5.439,-2.99],[-5.481,-2.99],[-5.481,-2.954],[-5.509,-2.926],[-5.797,-2.708],[-5.846,-2.652],[-5.895,-2.638],[-5.923,-2.603],[-5.916,-2.575],[-5.874,-2.54],[-5.874,-2.526],[-5.86,-2.526],[-5.86,-2.511],[-5.846,-2.511],[-5.818,-2.469],[-5.762,-2.427],[-5.762,-2.413],[-5.684,-2.357],[-5.671,-2.329],[-5.607,-2.286]]]]},"properties":{"abbr":"S1ULp","name":"primary somatosensory cortex, upper lip region","plate":28,"ap_bregma_mm":-1.65,"area_mm2":1.502,"traced_fraction":[1.0,0.949],"n_labels":2,"no_drawn_outline":false}},{"type":"Feature","geometry":{"type":"MultiPolygon","coordinates":[[[[1.965,-2.392],[2.021,-2.392],[2.126,-2.42],[2.281,-2.49],[2.456,-2.61],[2.526,-2.694],[2.526,-2.8],[2.505,-2.849],[2.449,-2.898],[2.315,-2.948],[1.965,-3.039],[1.958,-2.919],[2.084,-2.863],[2.168,-2.8],[2.182,-2.772],[2.182,-2.694],[2.098,-2.624],[2.077,-2.624],[1.979,-2.568],[1.937,-2.561],[1.909,-2.54],[1.916,-2.49],[1.965,-2.392]]],[[[-2.487,-2.624],[-2.396,-2.744],[-2.368,-2.758],[-2.424,-2.814],[-2.445,-2.884],[-2.438,-2.954],[-2.403,-2.99],[-2.27,-3.025],[-1.961,-3.039],[-1.976,-3.18],[-2.291,-3.173],[-2.466,-3.144],[-2.635,-3.095],[-2.691,-3.067],[-2.733,-3.025],[-2.775,-2.933],[-2.775,-2.856],[-2.761,-2.828],[-2.705,-2.751],[-2.62,-2.68],[-2.515,-2.624],[-2.487,-2.624]]]]},"properties":{"abbr":"Py","name":"pyramidal cell layer of the hippocampus","plate":28,"ap_bregma_mm":-1.65,"area_mm2":0.4219,"traced_fraction":[0.972,0.961],"n_labels":2,"no_drawn_outline":false}},{"type":"Feature","geometry":{"type":"MultiPolygon","coordinates":[[[[1.937,-2.561],[1.979,-2.568],[2.077,-2.624],[2.098,-2.624],[2.182,-2.694],[2.182,-2.772],[2.168,-2.8],[2.084,-2.863],[1.958,-2.919],[1.804,-2.926],[1.6,-2.969],[1.544,-2.962],[1.565,-2.933],[1.776,-2.884],[1.923,-2.821],[1.951,-2.779],[1.951,-2.744],[1.902,-2.624],[1.937,-2.561]]],[[[-2.2,-2.68],[-2.193,-2.715],[-2.242,-2.772],[-2.242,-2.828],[-2.186,-2.898],[-2.137,-2.926],[-1.772,-3.018],[-1.667,-3.032],[-1.457,-3.032],[-1.309,-3.053],[-1.274,-3.067],[-1.155,-3.074],[-1.134,-3.095],[-1.155,-3.109],[-1.288,-3.109],[-1.429,-3.067],[-1.618,-3.067],[-1.961,-3.039],[-2.27,-3.025],[-2.403,-2.99],[-2.438,-2.954],[-2.445,-2.884],[-2.424,-2.814],[-2.368,-2.758],[-2.228,-2.68],[-2.2,-2.68]]]]},"properties":{"abbr":"SLu","name":"stratum lucidum of the hippocampus","plate":28,"ap_bregma_mm":-1.65,"area_mm2":0.2022,"traced_fraction":[0.948,1.0],"n_labels":2,"no_drawn_outline":false}},{"type":"Feature","geometry":{"type":"MultiPolygon","coordinates":[[[[1.677,-2.49],[1.698,-2.526],[1.811,-2.561],[1.902,-2.624],[1.951,-2.744],[1.951,-2.779],[1.923,-2.821],[1.776,-2.884],[1.565,-2.933],[1.544,-2.962],[1.299,-3.011],[1.117,-3.074],[0.878,-3.088],[0.717,-3.053],[0.626,-3.018],[0.577,-2.976],[0.549,-2.919],[0.591,-2.884],[0.654,-2.87],[0.717,-2.828],[0.738,-2.828],[0.906,-2.715],[1.117,-2.596],[1.18,-2.582],[1.243,-2.533],[1.341,-2.497],[1.439,-2.483],[1.607,-2.476],[1.614,-2.49],[1.677,-2.49]]],[[[-1.022,-2.624],[-0.713,-2.786],[-0.524,-2.863],[-0.461,-2.912],[-0.489,-2.969],[-0.559,-3.025],[-0.706,-3.088],[-0.812,-3.109],[-1.134,-3.095],[-1.155,-3.074],[-1.274,-3.067],[-1.309,-3.053],[-1.302,-2.969],[-1.064,-2.983],[-0.945,-2.976],[-0.896,-2.948],[-0.896,-2.898],[-0.924,-2.87],[-0.994,-2.849],[-1.001,-2.807],[-1.436,-2.807],[-1.436,-2.856],[-1.45,-2.856],[-1.443,-2.87],[-1.457,-3.032],[-1.667,-3.032],[-1.772,-3.018],[-2.137,-2.926],[-2.186,-2.898],[-2.242,-2.828],[-2.242,-2.772],[-2.193,-2.715],[-2.2,-2.68],[-2.144,-2.673],[-2.123,-2.652],[-1.989,-2.596],[-1.828,-2.561],[-1.653,-2.54],[-1.422,-2.554],[-1.309,-2.547],[-1.022,-2.624]]]]},"properties":{"abbr":"Rad","name":"radiatum layer of the hippocampus","plate":28,"ap_bregma_mm":-1.65,"area_mm2":1.1121,"traced_fraction":[0.974,0.966],"n_labels":2,"no_drawn_outline":false}},{"type":"Feature","geometry":{"type":"MultiPolygon","coordinates":[[[[-0.377,-3.074],[-0.391,-3.109],[-0.405,-3.109],[-0.405,-3.123],[-0.468,-3.18],[-0.496,-3.187],[-0.636,-3.285],[-0.727,-3.32],[-0.812,-3.334],[-0.938,-3.32],[-1.113,-3.32],[-1.141,-3.334],[-1.19,-3.334],[-1.239,-3.32],[-1.197,-3.25],[-1.085,-3.236],[-0.749,-3.243],[-0.643,-3.215],[-0.545,-3.166],[-0.447,-3.095],[-0.419,-3.06],[-0.377,-3.074]]]]},"properties":{"abbr":"PoDG","name":"polymorph layer of the dentate gyrus","plate":28,"ap_bregma_mm":-1.65,"area_mm2":0.0645,"traced_fraction":[1.0],"n_labels":1,"no_drawn_outline":false}},{"type":"Feature","geometry":{"type":"MultiPolygon","coordinates":[[[[-0.321,-2.863],[-0.321,-2.87],[-0.314,-2.877],[-0.307,-2.877],[-0.321,-2.941],[-0.321,-2.969],[-0.307,-2.976],[-0.328,-3.011],[-0.356,-3.018],[-0.377,-3.074],[-0.419,-3.06],[-0.447,-3.095],[-0.545,-3.166],[-0.643,-3.215],[-0.749,-3.243],[-1.085,-3.236],[-1.197,-3.25],[-1.464,-3.187],[-1.891,-3.194],[-1.976,-3.18],[-1.961,-3.039],[-1.618,-3.067],[-1.429,-3.067],[-1.288,-3.109],[-1.155,-3.109],[-1.134,-3.095],[-0.812,-3.109],[-0.706,-3.088],[-0.559,-3.025],[-0.489,-2.969],[-0.461,-2.912],[-0.433,-2.891],[-0.321,-2.863]]],[[[0.549,-2.919],[0.577,-2.976],[0.626,-3.018],[0.717,-3.053],[0.878,-3.088],[1.117,-3.074],[1.299,-3.011],[1.544,-2.962],[1.6,-2.969],[1.804,-2.926],[1.958,-2.919],[1.965,-3.039],[1.853,-3.067],[1.635,-3.088],[1.544,-3.116],[1.425,-3.123],[1.131,-3.208],[0.892,-3.229],[0.647,-3.173],[0.521,-3.102],[0.457,-3.039],[0.401,-2.948],[0.401,-2.933],[0.436,-2.926],[0.465,-2.898],[0.549,-2.919]]]]},"properties":{"abbr":"CA3","name":"field CA3 of the hippocampus","plate":28,"ap_bregma_mm":-1.65,"area_mm2":0.4493,"traced_fraction":[0.977,0.972],"n_labels":2,"no_drawn_outline":false}},{"type":"Feature","geometry":{"type":"MultiPolygon","coordinates":[[[[2.484,-2.399],[2.652,-2.49],[2.813,-2.533],[2.89,-2.603],[2.897,-2.638],[2.968,-2.687],[3.087,-2.807],[3.255,-3.053],[3.578,-3.362],[3.627,-3.447],[3.69,-3.517],[3.739,-3.609],[3.746,-3.672],[3.725,-3.735],[3.599,-3.827],[3.529,-3.827],[3.444,-3.792],[3.318,-3.77],[3.129,-3.763],[3.115,-3.777],[3.08,-3.763],[3.003,-3.693],[2.947,-3.595],[2.904,-3.552],[2.897,-3.524],[2.82,-3.419],[2.736,-3.341],[2.659,-3.306],[2.407,-3.264],[2.203,-3.264],[1.951,-3.285],[1.86,-3.292],[1.677,-3.348],[1.671,-3.285],[1.677,-3.257],[1.818,-3.158],[1.979,-3.074],[2.063,-3.053],[2.414,-3.018],[2.61,-2.983],[2.701,-2.954],[2.785,-2.898],[2.806,-2.828],[2.806,-2.737],[2.792,-2.68],[2.757,-2.624],[2.687,-2.561],[2.477,-2.455],[2.47,-2.441],[2.484,-2.399]]],[[[-2.999,-2.673],[-2.985,-2.68],[-2.971,-2.751],[-3.062,-2.87],[-3.09,-2.983],[-3.083,-3.018],[-3.034,-3.095],[-2.943,-3.166],[-2.803,-3.208],[-2.607,-3.208],[-2.347,-3.25],[-2.095,-3.271],[-1.947,-3.299],[-1.884,-3.32],[-1.863,-3.348],[-2.137,-3.362],[-2.228,-3.362],[-2.396,-3.398],[-2.733,-3.517],[-2.887,-3.609],[-3.006,-3.742],[-3.027,-3.777],[-3.027,-3.806],[-3.16,-3.96],[-3.217,-3.974],[-3.252,-3.96],[-3.385,-3.96],[-3.532,-4.003],[-3.644,-4.009],[-3.77,-3.967],[-3.777,-3.953],[-3.763,-3.756],[-3.609,-3.334],[-3.532,-3.208],[-3.462,-3.13],[-3.357,-2.976],[-3.259,-2.884],[-3.245,-2.842],[-3.196,-2.793],[-2.999,-2.673]]]]},"properties":{"abbr":"fi","name":"fimbria of the hippocampus","plate":28,"ap_bregma_mm":-1.65,"area_mm2":1.8446,"traced_fraction":[1.0,0.996],"n_labels":2,"no_drawn_outline":false}},{"type":"Feature","geometry":{"type":"MultiPolygon","coordinates":[[[[2.89,-2.603],[2.947,-2.617],[3.003,-2.659],[3.171,-2.835],[3.325,-2.954],[3.508,-3.152],[3.641,-3.334],[3.69,-3.377],[3.718,-3.369],[3.718,-3.292],[3.641,-3.13],[3.641,-3.039],[3.662,-2.948],[3.697,-2.948],[3.739,-2.969],[3.711,-3.053],[3.725,-3.166],[3.767,-3.278],[3.907,-3.531],[3.9,-3.672],[3.795,-3.735],[3.725,-3.735],[3.746,-3.672],[3.739,-3.609],[3.69,-3.517],[3.627,-3.447],[3.578,-3.362],[3.255,-3.053],[3.087,-2.807],[2.968,-2.687],[2.897,-2.638],[2.89,-2.603]]],[[[-3.245,-2.842],[-3.259,-2.884],[-3.357,-2.976],[-3.462,-3.13],[-3.532,-3.208],[-3.609,-3.334],[-3.763,-3.756],[-3.777,-3.953],[-3.883,-3.953],[-3.953,-3.911],[-3.967,-3.862],[-3.967,-3.756],[-3.918,-3.588],[-3.904,-3.482],[-3.981,-3.271],[-3.939,-3.222],[-3.784,-3.102],[-3.623,-2.99],[-3.595,-2.983],[-3.49,-2.898],[-3.469,-2.898],[-3.455,-2.912],[-3.406,-2.912],[-3.294,-2.849],[-3.245,-2.842]]],[[[-0.145,-3.144],[-0.026,-3.187],[0.016,-3.229],[0.065,-3.341],[0.107,-3.334],[0.156,-3.292],[0.219,-3.285],[0.261,-3.236],[0.317,-3.313],[0.296,-3.341],[0.275,-3.419],[0.226,-3.461],[0.191,-3.545],[0.149,-3.573],[0.086,-3.566],[0.009,-3.496],[0.002,-3.475],[-0.033,-3.482],[-0.068,-3.51],[-0.111,-3.51],[-0.117,-3.461],[-0.082,-3.384],[-0.082,-3.334],[-0.145,-3.327],[-0.166,-3.257],[-0.209,-3.229],[-0.174,-3.158],[-0.145,-3.144]]]]},"properties":{"abbr":"chp","name":"choroid plexus","plate":28,"ap_bregma_mm":-1.65,"area_mm2":0.5765,"traced_fraction":[1.0,0.998,1.0],"n_labels":3,"no_drawn_outline":false}},{"type":"Feature","geometry":{"type":"MultiPolygon","coordinates":[[[[1.748,-1.991],[1.916,-1.998],[2.421,-2.075],[2.673,-2.097],[2.932,-2.188],[3.213,-2.293],[3.5,-2.448],[3.571,-2.504],[3.767,-2.617],[3.914,-2.729],[4.04,-2.793],[4.202,-2.926],[4.377,-3.046],[4.524,-3.18],[4.552,-3.187],[4.58,-3.222],[4.678,-3.285],[4.952,-3.545],[4.966,-3.545],[4.966,-3.559],[5.225,-3.834],[5.225,-3.855],[5.26,-3.897],[5.408,-4.171],[5.499,-4.41],[5.527,-4.572],[5.534,-4.938],[5.485,-5.318],[5.422,-5.522],[5.358,-5.662],[5.345,-5.669],[5.345,-5.698],[5.309,-5.719],[5.267,-5.803],[5.204,-5.782],[5.127,-5.831],[5.085,-5.831],[5.085,-5.81],[5.162,-5.747],[5.218,-5.669],[5.33,-5.458],[5.408,-5.226],[5.443,-4.994],[5.415,-4.748],[5.366,-4.537],[5.33,-4.41],[5.26,-4.277],[5.232,-4.192],[5.162,-4.066],[5.092,-3.988],[4.945,-3.763],[4.734,-3.559],[4.559,-3.433],[4.531,-3.426],[4.517,-3.405],[4.314,-3.306],[3.928,-3.06],[3.781,-2.99],[3.774,-2.976],[3.739,-2.969],[3.697,-2.948],[3.662,-2.948],[3.641,-2.863],[3.529,-2.708],[3.36,-2.561],[3.143,-2.427],[2.869,-2.301],[2.568,-2.209],[2.435,-2.188],[2.238,-2.202],[2.231,-2.167],[2.196,-2.139],[1.748,-2.075],[1.748,-1.991]]],[[[-1.737,-2.103],[-1.639,-2.103],[-1.632,-2.181],[-2.031,-2.237],[-2.046,-2.244],[-2.039,-2.314],[-2.34,-2.385],[-2.698,-2.497],[-2.789,-2.547],[-2.838,-2.554],[-2.901,-2.603],[-2.978,-2.631],[-3.062,-2.638],[-3.329,-2.737],[-3.441,-2.842],[-3.469,-2.898],[-3.49,-2.898],[-3.595,-2.983],[-3.623,-2.99],[-3.784,-3.102],[-3.939,-3.222],[-3.981,-3.271],[-4.114,-3.327],[-4.296,-3.44],[-4.675,-3.721],[-4.822,-3.862],[-4.913,-3.988],[-4.997,-4.157],[-5.012,-4.164],[-5.159,-4.467],[-5.271,-4.741],[-5.299,-4.882],[-5.306,-5.043],[-5.334,-5.212],[-5.327,-5.388],[-5.278,-5.627],[-5.222,-5.775],[-5.11,-5.979],[-5.018,-6.084],[-4.899,-6.176],[-4.906,-6.183],[-4.948,-6.183],[-5.074,-6.105],[-5.116,-6.105],[-5.131,-6.119],[-5.138,-6.155],[-5.103,-6.253],[-5.103,-6.359],[-5.138,-6.549],[-5.152,-6.542],[-5.159,-6.534],[-5.159,-6.527],[-5.166,-6.422],[-5.138,-6.323],[-5.138,-6.267],[-5.194,-6.169],[-5.194,-6.063],[-5.215,-5.979],[-5.327,-5.796],[-5.376,-5.641],[-5.425,-5.388],[-5.425,-4.98],[-5.404,-4.79],[-5.355,-4.614],[-5.222,-4.333],[-5.18,-4.213],[-4.99,-3.862],[-4.955,-3.834],[-4.885,-3.721],[-4.745,-3.545],[-4.64,-3.468],[-4.5,-3.313],[-4.331,-3.166],[-4.219,-3.088],[-4.191,-3.053],[-3.834,-2.814],[-3.679,-2.744],[-3.497,-2.638],[-3.427,-2.617],[-3.125,-2.455],[-3.048,-2.441],[-2.838,-2.343],[-2.522,-2.251],[-2.319,-2.216],[-2.186,-2.174],[-1.737,-2.103]]]]},"properties":{"abbr":"ec","name":"external capsule","plate":28,"ap_bregma_mm":-1.65,"area_mm2":1.9961,"traced_fraction":[0.997,0.996],"n_labels":2,"no_drawn_outline":false}},{"type":"Feature","geometry":{"type":"MultiPolygon","coordinates":[[[[2.904,-3.552],[2.82,-3.644],[2.785,-3.728],[2.785,-3.777],[2.729,-3.763],[2.617,-3.763],[2.498,-3.813],[2.336,-3.911],[2.315,-3.911],[2.302,-3.784],[2.259,-3.686],[2.189,-3.609],[2.056,-3.538],[1.979,-3.461],[1.951,-3.285],[2.203,-3.264],[2.407,-3.264],[2.659,-3.306],[2.764,-3.362],[2.848,-3.454],[2.904,-3.552]]],[[[-2.137,-3.362],[-2.137,-3.468],[-2.179,-3.623],[-2.179,-3.806],[-2.13,-3.967],[-2.053,-4.101],[-2.102,-4.101],[-2.235,-4.066],[-2.508,-3.967],[-2.733,-3.96],[-2.747,-3.862],[-2.824,-3.763],[-2.901,-3.756],[-2.999,-3.806],[-3.027,-3.806],[-3.027,-3.777],[-3.006,-3.742],[-2.887,-3.609],[-2.733,-3.517],[-2.396,-3.398],[-2.228,-3.362],[-2.137,-3.362]]]]},"properties":{"abbr":"LDVL","name":"laterodorsal thalamic nucleus, ventrolateral part","plate":28,"ap_bregma_mm":-1.65,"area_mm2":0.7675,"traced_fraction":[1.0,0.986],"n_labels":2,"no_drawn_outline":false}},{"type":"Feature","geometry":{"type":"MultiPolygon","coordinates":[[[[0.499,-3.482],[0.528,-3.482],[0.64,-3.545],[0.822,-3.566],[0.829,-3.595],[0.948,-3.672],[1.033,-3.707],[1.088,-3.707],[1.088,-3.756],[1.039,-3.855],[0.983,-3.876],[0.955,-3.848],[0.808,-3.813],[0.556,-3.672],[0.478,-3.658],[0.486,-3.496],[0.499,-3.482]]],[[[-0.454,-3.517],[-0.468,-3.679],[-0.51,-3.686],[-0.601,-3.77],[-0.643,-3.792],[-0.643,-3.806],[-0.664,-3.806],[-0.713,-3.848],[-0.791,-3.876],[-0.84,-3.918],[-0.903,-3.904],[-1.015,-3.827],[-1.05,-3.784],[-1.05,-3.742],[-0.889,-3.742],[-0.791,-3.651],[-0.699,-3.623],[-0.65,-3.581],[-0.545,-3.552],[-0.496,-3.517],[-0.454,-3.517]]]]},"properties":{"abbr":"sm","name":"stria medullaris of the thalamus","plate":28,"ap_bregma_mm":-1.65,"area_mm2":0.2164,"traced_fraction":[1.0,1.0],"n_labels":2,"no_drawn_outline":false}},{"type":"Feature","geometry":{"type":"MultiPolygon","coordinates":[[[[1.951,-3.285],[1.979,-3.461],[2.056,-3.538],[2.189,-3.609],[2.259,-3.686],[2.302,-3.784],[2.315,-3.911],[2.063,-4.052],[1.986,-4.122],[1.79,-4.129],[1.635,-4.094],[1.474,-4.009],[1.348,-3.897],[1.285,-3.799],[1.264,-3.792],[1.187,-3.707],[1.187,-3.686],[1.348,-3.588],[1.362,-3.559],[1.467,-3.503],[1.677,-3.348],[1.86,-3.292],[1.951,-3.285]]],[[[-1.863,-3.348],[-1.765,-3.384],[-1.695,-3.447],[-1.604,-3.496],[-1.26,-3.623],[-1.274,-3.841],[-1.316,-3.939],[-1.33,-3.939],[-1.422,-4.031],[-1.485,-4.066],[-1.485,-4.08],[-1.513,-4.08],[-1.611,-4.129],[-1.716,-4.15],[-2.025,-4.129],[-2.046,-4.108],[-2.053,-4.101],[-2.13,-3.967],[-2.179,-3.806],[-2.179,-3.623],[-2.137,-3.468],[-2.137,-3.362],[-1.863,-3.348]]]]},"properties":{"abbr":"LDDM","name":"laterodorsal thalamic nucleus, dorsomedial part","plate":28,"ap_bregma_mm":-1.65,"area_mm2":1.1486,"traced_fraction":[0.995,0.985],"n_labels":2,"no_drawn_outline":false}},{"type":"Feature","geometry":{"type":"MultiPolygon","coordinates":[[[[3.9,-3.672],[3.907,-3.756],[3.893,-3.799],[3.858,-3.855],[3.767,-3.939],[3.669,-3.995],[3.585,-4.024],[3.409,-4.009],[3.157,-3.827],[3.115,-3.777],[3.129,-3.763],[3.318,-3.77],[3.444,-3.792],[3.529,-3.827],[3.599,-3.827],[3.725,-3.735],[3.795,-3.735],[3.9,-3.672]]],[[[-3.217,-3.974],[-3.217,-4.003],[-3.259,-4.08],[-3.357,-4.164],[-3.581,-4.207],[-3.728,-4.178],[-3.791,-4.129],[-3.791,-4.017],[-3.77,-3.967],[-3.644,-4.009],[-3.532,-4.003],[-3.385,-3.96],[-3.252,-3.96],[-3.217,-3.974]]],[[[3.781,-5.894],[3.739,-5.951],[3.662,-5.979],[3.571,-6.042],[3.367,-6.253],[3.276,-6.317],[3.206,-6.387],[3.171,-6.373],[3.171,-6.359],[3.255,-6.281],[3.29,-6.218],[3.283,-6.141],[3.241,-6.091],[3.332,-5.986],[3.367,-5.972],[3.437,-5.909],[3.563,-5.845],[3.704,-5.831],[3.746,-5.845],[3.781,-5.894]]],[[[-3.721,-5.972],[-3.546,-6.014],[-3.392,-6.084],[-3.28,-6.162],[-3.196,-6.253],[-3.209,-6.253],[-3.259,-6.317],[-3.259,-6.38],[-3.217,-6.485],[-3.245,-6.485],[-3.294,-6.45],[-3.364,-6.373],[-3.434,-6.267],[-3.504,-6.197],[-3.588,-6.169],[-3.609,-6.127],[-3.693,-6.091],[-3.749,-6.084],[-3.805,-6.056],[-3.819,-6.035],[-3.784,-5.972],[-3.721,-5.972]]]]},"properties":{"abbr":"st","name":"stria terminalis","plate":28,"ap_bregma_mm":-1.65,"area_mm2":0.4541,"traced_fraction":[1.0,1.0,0.97,1.0],"n_labels":4,"no_drawn_outline":false}},{"type":"Feature","geometry":{"type":"MultiPolygon","coordinates":[[[[2.785,-3.777],[2.82,-3.855],[2.961,-3.995],[3.031,-4.031],[3.059,-4.073],[2.897,-4.059],[2.75,-4.08],[2.491,-4.164],[2.287,-4.27],[2.245,-4.277],[2.189,-4.277],[2.077,-4.305],[1.874,-4.298],[1.881,-4.27],[1.93,-4.221],[1.986,-4.122],[2.063,-4.052],[2.315,-3.911],[2.336,-3.911],[2.498,-3.813],[2.617,-3.763],[2.729,-3.763],[2.785,-3.777]]],[[[-2.733,-3.96],[-2.508,-3.967],[-2.235,-4.066],[-2.102,-4.101],[-2.053,-4.101],[-2.046,-4.108],[-2.025,-4.129],[-2.025,-4.164],[-1.997,-4.199],[-1.997,-4.221],[-1.891,-4.361],[-1.877,-4.403],[-2.031,-4.424],[-2.172,-4.417],[-2.235,-4.396],[-2.298,-4.34],[-2.389,-4.291],[-2.571,-4.242],[-2.719,-4.235],[-2.901,-4.277],[-3.034,-4.284],[-3.006,-4.242],[-2.852,-4.171],[-2.782,-4.108],[-2.754,-4.059],[-2.733,-3.96]]]]},"properties":{"abbr":"Po","name":"posterior thalamic nuclear group","plate":28,"ap_bregma_mm":-1.65,"area_mm2":0.5551,"traced_fraction":[1.0,1.0],"n_labels":2,"no_drawn_outline":false}},{"type":"Feature","geometry":{"type":"MultiPolygon","coordinates":[[[[-1.015,-3.827],[-0.903,-3.904],[-0.84,-3.918],[-0.826,-3.939],[-0.826,-4.298],[-1.197,-4.298],[-1.197,-4.143],[-1.162,-4.024],[-1.12,-3.946],[-1.043,-3.841],[-1.015,-3.827]]],[[[1.039,-3.855],[1.152,-3.96],[1.187,-4.009],[1.215,-4.087],[1.229,-4.207],[1.201,-4.305],[0.885,-4.305],[0.885,-3.953],[0.92,-3.918],[0.983,-3.876],[1.039,-3.855]]]]},"properties":{"abbr":"MDL","name":"mediodorsal thalamic nucleus, lateral part","plate":28,"ap_bregma_mm":-1.65,"area_mm2":0.2702,"traced_fraction":[0.545,0.547],"n_labels":2,"no_drawn_outline":true}},{"type":"Feature","geometry":{"type":"MultiPolygon","coordinates":[[[[-0.503,-3.981],[-0.468,-4.003],[-0.405,-4.003],[-0.405,-4.052],[-0.293,-4.052],[-0.293,-3.995],[-0.244,-3.995],[-0.202,-4.045],[-0.188,-4.045],[-0.174,-4.108],[-0.174,-4.207],[-0.188,-4.256],[-0.58,-4.256],[-0.58,-3.995],[-0.503,-3.981]]],[[[0.598,-4.024],[0.598,-4.249],[0.17,-4.249],[0.17,-4.115],[0.198,-4.045],[0.289,-3.981],[0.373,-3.988],[0.478,-4.024],[0.598,-4.024]]]]},"properties":{"abbr":"MDM","name":"mediodorsal thalamic nucleus, medial part","plate":28,"ap_bregma_mm":-1.65,"area_mm2":0.1973,"traced_fraction":[0.464,0.54],"n_labels":2,"no_drawn_outline":true}},{"type":"Feature","geometry":{"type":"MultiPolygon","coordinates":[[[[1.348,-3.897],[1.474,-4.009],[1.635,-4.094],[1.79,-4.129],[1.986,-4.122],[1.93,-4.221],[1.881,-4.27],[1.874,-4.298],[1.867,-4.298],[1.846,-4.284],[1.692,-4.291],[1.579,-4.277],[1.404,-4.235],[1.306,-4.15],[1.271,-4.08],[1.271,-3.981],[1.348,-3.897]]],[[[-1.485,-4.08],[-1.492,-4.129],[-1.527,-4.178],[-1.555,-4.263],[-1.555,-4.403],[-1.646,-4.446],[-1.8,-4.474],[-1.814,-4.474],[-1.814,-4.46],[-1.877,-4.403],[-1.891,-4.361],[-1.997,-4.221],[-1.997,-4.199],[-2.025,-4.164],[-2.025,-4.129],[-1.716,-4.15],[-1.611,-4.129],[-1.513,-4.08],[-1.485,-4.08]]]]},"properties":{"abbr":"AVDM","name":"anterovent thalamic nucleus, dorsomedial part","plate":28,"ap_bregma_mm":-1.65,"area_mm2":0.2627,"traced_fraction":[0.992,1.0],"n_labels":2,"no_drawn_outline":false}},{"type":"Feature","geometry":{"type":"MultiPolygon","coordinates":[[[[-0.188,-3.96],[-0.181,-3.96],[-0.005,-3.995],[0.086,-3.988],[0.184,-3.96],[0.184,-4.045],[0.198,-4.045],[0.17,-4.115],[0.17,-4.249],[0.177,-4.34],[0.128,-4.516],[0.114,-4.657],[0.065,-4.643],[-0.061,-4.643],[-0.139,-4.664],[-0.145,-4.565],[-0.188,-4.446],[-0.202,-4.361],[-0.188,-4.256],[-0.174,-4.207],[-0.188,-4.045],[-0.188,-3.96]]]]},"properties":{"abbr":"PV","name":"paraventricular thalamic nucleus","plate":28,"ap_bregma_mm":-1.65,"area_mm2":0.2249,"traced_fraction":[1.0],"n_labels":1,"no_drawn_outline":false}},{"type":"Feature","geometry":{"type":"MultiPolygon","coordinates":[[[[-1.316,-3.939],[-1.12,-3.946],[-1.162,-4.024],[-1.197,-4.143],[-1.197,-4.298],[-1.176,-4.41],[-1.106,-4.537],[-1.001,-4.643],[-0.783,-4.783],[-0.713,-4.847],[-0.77,-4.917],[-1.015,-4.811],[-1.176,-4.769],[-1.211,-4.727],[-1.344,-4.664],[-1.443,-4.572],[-1.457,-4.572],[-1.52,-4.495],[-1.555,-4.403],[-1.555,-4.263],[-1.527,-4.178],[-1.492,-4.129],[-1.485,-4.08],[-1.485,-4.066],[-1.45,-4.052],[-1.33,-3.939],[-1.316,-3.939]]],[[[1.271,-4.08],[1.306,-4.15],[1.404,-4.235],[1.376,-4.446],[1.32,-4.565],[1.131,-4.755],[1.131,-4.769],[0.927,-4.861],[0.766,-4.98],[0.745,-4.924],[0.675,-4.825],[0.815,-4.734],[1.018,-4.558],[1.033,-4.558],[1.145,-4.424],[1.201,-4.305],[1.229,-4.207],[1.215,-4.087],[1.271,-4.08]]]]},"properties":{"abbr":"PC","name":"paracentral thalamic nucleus","plate":28,"ap_bregma_mm":-1.65,"area_mm2":0.5132,"traced_fraction":[0.952,1.0],"n_labels":2,"no_drawn_outline":false}},{"type":"Feature","geometry":{"type":"MultiPolygon","coordinates":[[[[-0.826,-3.939],[-0.749,-3.967],[-0.58,-3.995],[-0.58,-4.256],[-0.188,-4.256],[-0.202,-4.361],[-0.188,-4.446],[-0.145,-4.565],[-0.139,-4.664],[-0.153,-4.811],[-0.188,-4.896],[-0.265,-4.938],[-0.37,-4.952],[-0.461,-4.938],[-0.713,-4.847],[-0.783,-4.783],[-1.001,-4.643],[-1.106,-4.537],[-1.176,-4.41],[-1.197,-4.298],[-0.826,-4.298],[-0.826,-3.939]]],[[[0.885,-3.953],[0.885,-4.305],[1.201,-4.305],[1.159,-4.403],[1.033,-4.558],[1.018,-4.558],[0.815,-4.734],[0.675,-4.825],[0.542,-4.889],[0.394,-4.924],[0.289,-4.917],[0.184,-4.882],[0.121,-4.776],[0.114,-4.657],[0.121,-4.551],[0.177,-4.34],[0.17,-4.249],[0.598,-4.249],[0.598,-4.024],[0.731,-4.009],[0.885,-3.953]]]]},"properties":{"abbr":"MDC","name":"mediodorsal thalamic nucleus, central part","plate":28,"ap_bregma_mm":-1.65,"area_mm2":1.1965,"traced_fraction":[0.64,0.651],"n_labels":2,"no_drawn_outline":true}},{"type":"Feature","geometry":{"type":"MultiPolygon","coordinates":[[[[3.907,-3.531],[3.942,-3.531],[4.005,-3.559],[4.096,-3.651],[4.167,-3.77],[4.202,-3.876],[4.223,-4.009],[4.23,-4.298],[4.209,-4.312],[4.167,-4.474],[4.124,-4.558],[4.012,-4.727],[3.9,-4.854],[3.83,-4.973],[3.69,-5.121],[3.641,-5.149],[3.514,-5.276],[3.339,-5.55],[3.29,-5.592],[3.269,-5.592],[3.248,-5.515],[3.185,-5.43],[3.143,-5.409],[3.08,-5.409],[3.017,-5.437],[2.645,-5.726],[2.344,-5.88],[2.077,-6.042],[1.916,-6.183],[1.832,-6.309],[1.79,-6.345],[1.776,-6.338],[1.776,-6.274],[1.811,-6.134],[1.839,-6.077],[1.923,-5.993],[2.105,-5.88],[2.287,-5.796],[2.519,-5.634],[2.645,-5.564],[2.659,-5.543],[2.862,-5.43],[3.171,-5.198],[3.255,-5.114],[3.311,-5.036],[3.367,-4.931],[3.388,-4.861],[3.402,-4.854],[3.493,-4.558],[3.508,-4.221],[3.479,-4.115],[3.423,-4.059],[3.409,-4.009],[3.585,-4.024],[3.669,-3.995],[3.767,-3.939],[3.886,-3.813],[3.907,-3.756],[3.9,-3.672],[3.907,-3.531]]],[[[-3.953,-3.911],[-3.883,-3.953],[-3.777,-3.953],[-3.77,-3.967],[-3.791,-4.017],[-3.791,-4.129],[-3.728,-4.178],[-3.581,-4.207],[-3.357,-4.164],[-3.378,-4.235],[-3.392,-4.242],[-3.539,-4.551],[-3.588,-4.755],[-3.546,-4.847],[-3.504,-4.882],[-3.399,-5.022],[-3.315,-5.198],[-3.196,-5.381],[-3.027,-5.564],[-2.803,-5.726],[-2.494,-5.887],[-2.326,-5.951],[-2.031,-6.113],[-1.94,-6.134],[-1.926,-6.169],[-1.828,-6.218],[-1.765,-6.288],[-1.758,-6.422],[-1.8,-6.499],[-1.821,-6.499],[-1.87,-6.394],[-2.018,-6.274],[-2.635,-5.972],[-2.656,-5.972],[-3.048,-5.768],[-3.111,-5.747],[-3.224,-5.747],[-3.259,-5.761],[-3.343,-5.859],[-3.343,-5.972],[-3.371,-5.965],[-3.434,-5.902],[-3.539,-5.733],[-3.588,-5.585],[-3.595,-5.472],[-3.616,-5.395],[-3.735,-5.276],[-3.735,-5.262],[-3.876,-5.128],[-3.89,-5.128],[-4.03,-4.98],[-4.086,-4.882],[-4.149,-4.628],[-4.149,-4.361],[-4.135,-4.249],[-4.093,-4.164],[-3.988,-4.059],[-3.953,-3.911]]]]},"properties":{"abbr":"ic","name":"internal capsule","plate":28,"ap_bregma_mm":-1.65,"area_mm2":2.362,"traced_fraction":[1.0,1.0],"n_labels":2,"no_drawn_outline":false}},{"type":"Feature","geometry":{"type":"MultiPolygon","coordinates":[[[[2.904,-3.552],[2.947,-3.595],[3.003,-3.693],[3.052,-3.742],[3.115,-3.777],[3.157,-3.827],[3.409,-4.009],[3.409,-4.038],[3.479,-4.115],[3.508,-4.221],[3.493,-4.558],[3.402,-4.854],[3.388,-4.861],[3.367,-4.931],[3.311,-5.036],[3.255,-5.114],[3.171,-5.198],[2.862,-5.43],[2.659,-5.543],[2.645,-5.564],[2.519,-5.634],[2.287,-5.796],[2.105,-5.88],[1.923,-5.993],[1.839,-6.077],[1.811,-6.134],[1.698,-6.113],[1.621,-6.119],[1.572,-6.07],[1.572,-6.042],[1.586,-6.035],[1.6,-5.986],[1.671,-5.972],[1.713,-5.937],[1.783,-5.923],[1.867,-5.873],[2.049,-5.789],[2.323,-5.571],[2.568,-5.444],[2.722,-5.332],[2.75,-5.325],[2.925,-5.198],[3.024,-5.1],[3.115,-5.015],[3.171,-4.917],[3.283,-4.685],[3.297,-4.579],[3.318,-4.446],[3.283,-4.298],[3.22,-4.192],[3.122,-4.094],[3.059,-4.073],[3.031,-4.031],[2.961,-3.995],[2.82,-3.855],[2.785,-3.777],[2.785,-3.728],[2.82,-3.644],[2.904,-3.552]]],[[[-2.733,-3.96],[-2.74,-4.017],[-2.782,-4.108],[-2.852,-4.171],[-3.006,-4.242],[-3.034,-4.284],[-3.069,-4.298],[-3.16,-4.389],[-3.252,-4.53],[-3.308,-4.727],[-3.308,-4.832],[-3.287,-4.903],[-3.259,-4.938],[-3.224,-5.029],[-3.167,-5.107],[-3.118,-5.184],[-3.041,-5.262],[-3.027,-5.262],[-3.027,-5.276],[-2.838,-5.472],[-2.614,-5.648],[-2.298,-5.831],[-2.151,-5.866],[-2.039,-5.923],[-1.786,-5.993],[-1.772,-6.014],[-1.723,-6.021],[-1.709,-6.035],[-1.562,-6.049],[-1.52,-6.084],[-1.464,-6.105],[-1.478,-6.183],[-1.639,-6.19],[-1.94,-6.134],[-2.031,-6.113],[-2.186,-6.021],[-2.438,-5.902],[-2.494,-5.887],[-2.803,-5.726],[-3.027,-5.564],[-3.196,-5.381],[-3.315,-5.198],[-3.399,-5.022],[-3.504,-4.882],[-3.546,-4.847],[-3.588,-4.755],[-3.539,-4.551],[-3.392,-4.242],[-3.378,-4.235],[-3.357,-4.164],[-3.259,-4.08],[-3.217,-4.003],[-3.217,-3.974],[-3.16,-3.96],[-3.027,-3.806],[-2.999,-3.806],[-2.901,-3.756],[-2.824,-3.763],[-2.747,-3.862],[-2.733,-3.96]]]]},"properties":{"abbr":"Rt","name":"reticular thalamic nucleus","plate":28,"ap_bregma_mm":-1.65,"area_mm2":1.4181,"traced_fraction":[0.999,1.0],"n_labels":2,"no_drawn_outline":false}},{"type":"Feature","geometry":{"type":"MultiPolygon","coordinates":[[[[1.404,-4.235],[1.579,-4.277],[1.692,-4.291],[1.846,-4.284],[1.867,-4.298],[1.797,-4.389],[1.776,-4.446],[1.698,-4.558],[1.502,-4.748],[1.418,-4.797],[1.278,-4.762],[1.131,-4.769],[1.131,-4.755],[1.32,-4.565],[1.376,-4.446],[1.404,-4.235]]],[[[-1.555,-4.403],[-1.52,-4.495],[-1.457,-4.572],[-1.443,-4.572],[-1.344,-4.664],[-1.211,-4.727],[-1.176,-4.769],[-1.344,-4.762],[-1.415,-4.783],[-1.478,-4.783],[-1.534,-4.811],[-1.555,-4.811],[-1.653,-4.706],[-1.653,-4.692],[-1.674,-4.685],[-1.695,-4.636],[-1.737,-4.6],[-1.751,-4.558],[-1.793,-4.509],[-1.8,-4.474],[-1.646,-4.446],[-1.555,-4.403]]]]},"properties":{"abbr":"AngT","name":"angular thalamic nucleus","plate":28,"ap_bregma_mm":-1.65,"area_mm2":0.3074,"traced_fraction":[1.0,1.0],"n_labels":2,"no_drawn_outline":false}},{"type":"Feature","geometry":{"type":"MultiPolygon","coordinates":[[[[3.739,-2.969],[3.774,-2.976],[3.781,-2.99],[3.928,-3.06],[4.314,-3.306],[4.517,-3.405],[4.531,-3.426],[4.559,-3.433],[4.734,-3.559],[4.945,-3.763],[5.092,-3.988],[5.162,-4.066],[5.232,-4.192],[5.26,-4.277],[5.33,-4.41],[5.366,-4.537],[5.415,-4.748],[5.443,-4.994],[5.408,-5.226],[5.351,-5.409],[5.218,-5.669],[5.162,-5.747],[5.085,-5.81],[5.085,-5.831],[5.036,-5.852],[4.98,-5.866],[4.945,-5.902],[4.833,-5.958],[4.622,-6.021],[4.531,-6.084],[4.447,-6.105],[4.44,-6.119],[4.377,-6.141],[4.37,-5.852],[4.181,-5.655],[4.244,-5.592],[4.244,-5.578],[4.3,-5.529],[4.342,-5.458],[4.405,-5.29],[4.44,-5.079],[4.44,-4.847],[4.349,-4.495],[4.272,-4.333],[4.23,-4.298],[4.223,-4.009],[4.202,-3.876],[4.167,-3.77],[4.096,-3.651],[4.005,-3.559],[3.942,-3.531],[3.907,-3.531],[3.879,-3.496],[3.872,-3.454],[3.858,-3.447],[3.837,-3.391],[3.809,-3.362],[3.725,-3.166],[3.711,-3.053],[3.739,-2.969]]],[[[-3.981,-3.271],[-3.904,-3.482],[-3.918,-3.588],[-3.967,-3.756],[-3.967,-3.862],[-3.953,-3.911],[-3.988,-4.059],[-4.093,-4.164],[-4.135,-4.249],[-4.149,-4.361],[-4.149,-4.628],[-4.177,-4.643],[-4.219,-4.706],[-4.289,-4.882],[-4.331,-5.072],[-4.324,-5.297],[-4.219,-5.606],[-4.086,-5.831],[-3.939,-5.986],[-3.868,-6.028],[-3.819,-6.035],[-3.805,-6.056],[-3.749,-6.084],[-3.693,-6.091],[-3.609,-6.127],[-3.588,-6.169],[-3.721,-6.169],[-3.819,-6.232],[-3.925,-6.239],[-4.03,-6.309],[-4.093,-6.246],[-4.1,-6.141],[-4.352,-6.141],[-4.352,-6.359],[-4.401,-6.352],[-4.549,-6.26],[-4.899,-6.176],[-5.018,-6.084],[-5.11,-5.979],[-5.222,-5.775],[-5.278,-5.627],[-5.327,-5.388],[-5.334,-5.212],[-5.306,-5.043],[-5.299,-4.882],[-5.271,-4.741],[-5.159,-4.467],[-5.012,-4.164],[-4.997,-4.157],[-4.913,-3.988],[-4.822,-3.862],[-4.675,-3.721],[-4.366,-3.489],[-4.114,-3.327],[-3.981,-3.271]]]]},"properties":{"abbr":"CPu","name":"caudate putamen (striatum)","plate":28,"ap_bregma_mm":-1.65,"area_mm2":5.2984,"traced_fraction":[0.941,0.925],"n_labels":2,"no_drawn_outline":false}},{"type":"Feature","geometry":{"type":"MultiPolygon","coordinates":[[[[-1.176,-4.769],[-1.015,-4.811],[-0.77,-4.917],[-0.678,-5.001],[-0.636,-5.022],[-0.573,-5.114],[-0.531,-5.149],[-0.524,-5.191],[-0.531,-5.247],[-0.699,-5.254],[-0.868,-5.226],[-1.211,-5.058],[-1.492,-4.868],[-1.534,-4.811],[-1.478,-4.783],[-1.415,-4.783],[-1.344,-4.762],[-1.176,-4.769]]],[[[1.418,-4.797],[1.257,-4.938],[1.138,-5.008],[0.948,-5.093],[0.724,-5.17],[0.584,-5.184],[0.591,-5.156],[0.752,-4.994],[0.759,-4.987],[0.766,-4.98],[0.927,-4.861],[1.131,-4.769],[1.278,-4.762],[1.418,-4.797]]]]},"properties":{"abbr":"AM","name":"anteromedial thalamic nucleus","plate":28,"ap_bregma_mm":-1.65,"area_mm2":0.3976,"traced_fraction":[0.969,1.0],"n_labels":2,"no_drawn_outline":false}},{"type":"Feature","geometry":{"type":"MultiPolygon","coordinates":[[[[3.059,-4.073],[3.122,-4.094],[3.22,-4.192],[3.283,-4.298],[3.318,-4.446],[3.297,-4.579],[3.157,-4.572],[3.066,-4.6],[2.911,-4.685],[2.785,-4.776],[2.638,-4.924],[2.638,-4.938],[2.533,-5.043],[2.533,-5.058],[2.33,-5.29],[2.217,-5.479],[2.182,-5.571],[2.182,-5.655],[1.986,-5.768],[1.972,-5.726],[1.698,-5.726],[1.684,-5.641],[1.684,-5.444],[1.698,-5.247],[1.804,-4.896],[1.86,-4.79],[2.056,-4.502],[2.231,-4.319],[2.245,-4.277],[2.287,-4.27],[2.491,-4.164],[2.519,-4.164],[2.722,-4.087],[2.897,-4.059],[3.059,-4.073]]],[[[-2.172,-4.417],[-2.172,-4.446],[-2.109,-4.572],[-2.06,-4.643],[-1.807,-5.142],[-1.688,-5.332],[-1.625,-5.479],[-1.611,-5.55],[-1.597,-5.55],[-1.611,-5.74],[-1.674,-5.916],[-1.695,-5.923],[-1.73,-5.979],[-1.772,-5.979],[-1.786,-5.993],[-2.039,-5.923],[-2.151,-5.866],[-2.151,-5.831],[-2.207,-5.775],[-2.263,-5.683],[-2.291,-5.599],[-2.48,-5.226],[-2.529,-5.156],[-2.74,-4.931],[-2.887,-4.854],[-3.048,-4.839],[-3.153,-4.861],[-3.259,-4.938],[-3.287,-4.903],[-3.308,-4.832],[-3.308,-4.727],[-3.252,-4.53],[-3.16,-4.389],[-3.069,-4.298],[-3.034,-4.284],[-2.901,-4.277],[-2.719,-4.235],[-2.571,-4.242],[-2.389,-4.291],[-2.298,-4.34],[-2.235,-4.396],[-2.172,-4.417]]]]},"properties":{"abbr":"VPM","name":"ventral posteromedial thalamic nucleus","plate":28,"ap_bregma_mm":-1.65,"area_mm2":2.7505,"traced_fraction":[0.948,1.0],"n_labels":2,"no_drawn_outline":false}},{"type":"Feature","geometry":{"type":"MultiPolygon","coordinates":[[[[0.675,-4.825],[0.745,-4.924],[0.766,-4.98],[0.759,-4.987],[0.752,-4.994],[0.591,-5.156],[0.584,-5.184],[0.499,-5.212],[0.366,-5.219],[0.247,-5.219],[0.142,-5.254],[-0.103,-5.254],[-0.181,-5.226],[-0.349,-5.233],[-0.496,-5.247],[-0.503,-5.205],[-0.524,-5.191],[-0.531,-5.149],[-0.573,-5.114],[-0.636,-5.022],[-0.678,-5.001],[-0.77,-4.917],[-0.713,-4.847],[-0.461,-4.938],[-0.37,-4.952],[-0.265,-4.938],[-0.188,-4.896],[-0.117,-4.917],[0.093,-4.917],[0.156,-4.903],[0.184,-4.882],[0.254,-4.91],[0.394,-4.924],[0.542,-4.889],[0.675,-4.825]]]]},"properties":{"abbr":"CM","name":"central medial thalamic nucleus","plate":28,"ap_bregma_mm":-1.65,"area_mm2":0.4236,"traced_fraction":[0.98],"n_labels":1,"no_drawn_outline":false}},{"type":"Feature","geometry":{"type":"MultiPolygon","coordinates":[[[[2.245,-4.277],[2.231,-4.319],[2.056,-4.502],[1.86,-4.79],[1.804,-4.896],[1.698,-5.247],[1.684,-5.444],[1.621,-5.444],[1.537,-5.472],[1.397,-5.494],[1.229,-5.487],[1.152,-5.458],[1.06,-5.381],[1.004,-5.29],[0.962,-5.184],[0.948,-5.093],[1.124,-5.015],[1.257,-4.938],[1.418,-4.797],[1.502,-4.748],[1.698,-4.558],[1.776,-4.446],[1.797,-4.389],[1.867,-4.298],[1.874,-4.298],[2.077,-4.305],[2.189,-4.277],[2.245,-4.277]]],[[[-1.877,-4.403],[-1.814,-4.46],[-1.814,-4.474],[-1.8,-4.474],[-1.793,-4.509],[-1.751,-4.558],[-1.737,-4.6],[-1.695,-4.636],[-1.674,-4.685],[-1.653,-4.692],[-1.653,-4.706],[-1.555,-4.811],[-1.534,-4.811],[-1.492,-4.868],[-1.211,-5.058],[-0.868,-5.226],[-0.889,-5.268],[-1.015,-5.388],[-1.197,-5.494],[-1.393,-5.543],[-1.597,-5.55],[-1.611,-5.55],[-1.625,-5.479],[-1.688,-5.332],[-1.807,-5.142],[-2.06,-4.643],[-2.109,-4.572],[-2.172,-4.446],[-2.172,-4.417],[-2.031,-4.424],[-1.877,-4.403]]]]},"properties":{"abbr":"VL","name":"ventrolateral thalamic nucleus","plate":28,"ap_bregma_mm":-1.65,"area_mm2":1.2101,"traced_fraction":[1.0,1.0],"n_labels":2,"no_drawn_outline":false}},{"type":"Feature","geometry":{"type":"MultiPolygon","coordinates":[[[[3.297,-4.579],[3.283,-4.685],[3.171,-4.917],[3.017,-4.917],[3.024,-5.1],[2.925,-5.198],[2.813,-5.283],[2.722,-5.332],[2.568,-5.444],[2.323,-5.571],[2.049,-5.789],[1.867,-5.873],[1.846,-5.845],[1.853,-5.824],[1.909,-5.81],[1.986,-5.768],[2.182,-5.655],[2.182,-5.571],[2.217,-5.479],[2.33,-5.29],[2.533,-5.058],[2.533,-5.043],[2.638,-4.938],[2.638,-4.924],[2.785,-4.776],[2.911,-4.685],[3.066,-4.6],[3.157,-4.572],[3.297,-4.579]]],[[[-2.151,-5.866],[-2.298,-5.831],[-2.614,-5.648],[-2.838,-5.472],[-2.964,-5.346],[-3.027,-5.262],[-3.027,-5.107],[-3.167,-5.107],[-3.224,-5.029],[-3.259,-4.938],[-3.153,-4.861],[-3.048,-4.839],[-2.887,-4.854],[-2.74,-4.931],[-2.529,-5.156],[-2.48,-5.226],[-2.291,-5.599],[-2.263,-5.683],[-2.207,-5.775],[-2.151,-5.831],[-2.151,-5.866]]]]},"properties":{"abbr":"VPL","name":"ventral posterolateral thalamic nucleus","plate":28,"ap_bregma_mm":-1.65,"area_mm2":0.869,"traced_fraction":[0.93,0.924],"n_labels":2,"no_drawn_outline":false}},{"type":"Feature","geometry":{"type":"MultiPolygon","coordinates":[[[[4.23,-4.298],[4.272,-4.333],[4.349,-4.495],[4.44,-4.847],[4.44,-5.079],[4.405,-5.29],[4.342,-5.458],[4.3,-5.529],[4.244,-5.578],[4.23,-5.578],[4.173,-5.515],[4.118,-5.487],[3.991,-5.487],[3.928,-5.501],[3.535,-5.641],[3.367,-5.74],[3.234,-5.852],[3.213,-5.852],[3.213,-5.817],[3.241,-5.775],[3.262,-5.69],[3.269,-5.592],[3.29,-5.592],[3.339,-5.55],[3.514,-5.276],[3.641,-5.149],[3.69,-5.121],[3.83,-4.973],[3.9,-4.854],[4.012,-4.727],[4.124,-4.558],[4.167,-4.474],[4.209,-4.312],[4.23,-4.298]]],[[[-4.149,-4.628],[-4.086,-4.882],[-4.03,-4.98],[-3.89,-5.128],[-3.813,-5.184],[-3.616,-5.395],[-3.595,-5.472],[-3.588,-5.585],[-3.539,-5.733],[-3.721,-5.733],[-3.721,-5.972],[-3.784,-5.972],[-3.819,-6.035],[-3.868,-6.028],[-3.939,-5.986],[-4.086,-5.831],[-4.219,-5.606],[-4.324,-5.297],[-4.331,-5.072],[-4.289,-4.882],[-4.219,-4.706],[-4.177,-4.643],[-4.149,-4.628]]]]},"properties":{"abbr":"GP","name":"globus pallidus","plate":28,"ap_bregma_mm":-1.65,"area_mm2":1.3114,"traced_fraction":[0.983,0.888],"n_labels":2,"no_drawn_outline":false}},{"type":"Feature","geometry":{"type":"MultiPolygon","coordinates":[[[[5.534,-4.938],[6.599,-5.135],[6.978,-5.191],[7.237,-5.247],[7.209,-5.395],[7.153,-5.571],[7.111,-5.655],[7.118,-5.676],[7.111,-5.683],[7.097,-5.683],[7.104,-5.698],[7.097,-5.712],[7.09,-5.726],[7.083,-5.74],[7.076,-5.754],[7.041,-5.81],[7.041,-5.845],[7.02,-5.845],[6.978,-5.902],[6.922,-5.866],[6.656,-5.775],[6.263,-5.606],[5.849,-5.458],[5.646,-5.367],[5.485,-5.318],[5.534,-4.938]]],[[[-5.425,-4.98],[-5.425,-5.388],[-6.323,-5.712],[-7.08,-5.951],[-7.101,-5.951],[-7.101,-5.93],[-7.122,-5.923],[-7.15,-5.887],[-7.227,-5.789],[-7.227,-5.782],[-7.311,-5.494],[-7.325,-5.402],[-7.325,-5.219],[-7.15,-5.212],[-5.867,-5.029],[-5.748,-5.022],[-5.53,-4.98],[-5.425,-4.98]]],[[[-7.234,-5.782],[-7.227,-5.782],[-7.227,-5.789],[-7.234,-5.782]]]]},"properties":{"abbr":"AuV","name":"secondary auditory cortex, ventral area","plate":28,"ap_bregma_mm":-1.65,"area_mm2":2.0222,"traced_fraction":[1.0,1.0,1.0],"n_labels":2,"no_drawn_outline":false}},{"type":"Feature","geometry":{"type":"MultiPolygon","coordinates":[[[[0.724,-5.17],[0.801,-5.297],[0.836,-5.409],[0.282,-5.409],[0.303,-5.332],[0.359,-5.254],[0.366,-5.219],[0.499,-5.212],[0.584,-5.184],[0.724,-5.17]]],[[[-0.349,-5.233],[-0.349,-5.247],[-0.258,-5.332],[-0.202,-5.472],[-0.755,-5.472],[-0.699,-5.254],[-0.531,-5.247],[-0.496,-5.247],[-0.349,-5.233]]]]},"properties":{"abbr":"SubD","name":"submedius thalamic nucleus, dorsal part","plate":28,"ap_bregma_mm":-1.65,"area_mm2":0.2062,"traced_fraction":[0.64,0.655],"n_labels":2,"no_drawn_outline":true}},{"type":"Feature","geometry":{"type":"MultiPolygon","coordinates":[[[[0.366,-5.219],[0.359,-5.254],[0.303,-5.332],[0.282,-5.409],[0.24,-5.557],[0.205,-5.606],[0.114,-5.648],[0.016,-5.662],[-0.082,-5.641],[-0.117,-5.62],[-0.181,-5.543],[-0.202,-5.472],[-0.258,-5.332],[-0.349,-5.247],[-0.349,-5.233],[-0.181,-5.226],[-0.103,-5.254],[0.142,-5.254],[0.247,-5.219],[0.366,-5.219]]]]},"properties":{"abbr":"Rh","name":"rhomboid thalamic nucleus","plate":28,"ap_bregma_mm":-1.65,"area_mm2":0.1998,"traced_fraction":[1.0],"n_labels":1,"no_drawn_outline":false}},{"type":"Feature","geometry":{"type":"MultiPolygon","coordinates":[[[[0.282,-5.409],[0.836,-5.409],[0.85,-5.508],[0.843,-5.613],[0.829,-5.683],[0.78,-5.789],[0.675,-5.768],[0.584,-5.768],[0.521,-5.831],[0.499,-5.916],[0.436,-5.866],[0.394,-5.803],[0.373,-5.796],[0.373,-5.782],[0.205,-5.606],[0.24,-5.557],[0.282,-5.409]]],[[[-0.755,-5.472],[-0.202,-5.472],[-0.181,-5.543],[-0.117,-5.62],[-0.314,-5.817],[-0.349,-5.894],[-0.391,-5.902],[-0.447,-5.972],[-0.475,-5.979],[-0.496,-5.937],[-0.566,-5.88],[-0.65,-5.88],[-0.685,-5.894],[-0.72,-5.838],[-0.749,-5.747],[-0.762,-5.634],[-0.755,-5.472]]]]},"properties":{"abbr":"SubV","name":"submedius thalamic nucleus, ventral part","plate":28,"ap_bregma_mm":-1.65,"area_mm2":0.4481,"traced_fraction":[0.737,0.739],"n_labels":2,"no_drawn_outline":true}},{"type":"Feature","geometry":{"type":"MultiPolygon","coordinates":[[[[0.948,-5.093],[0.962,-5.184],[1.004,-5.29],[1.06,-5.381],[1.152,-5.458],[1.229,-5.487],[1.397,-5.494],[1.537,-5.472],[1.621,-5.444],[1.684,-5.444],[1.684,-5.641],[1.698,-5.726],[1.705,-5.775],[1.741,-5.831],[1.741,-5.866],[1.705,-5.887],[1.713,-5.937],[1.671,-5.972],[1.6,-5.986],[1.285,-6.0],[0.801,-6.077],[0.801,-6.056],[0.843,-5.986],[0.843,-5.902],[0.822,-5.845],[0.78,-5.789],[0.829,-5.683],[0.843,-5.613],[0.85,-5.508],[0.836,-5.409],[0.801,-5.297],[0.724,-5.17],[0.948,-5.093]]],[[[-0.868,-5.226],[-0.699,-5.254],[-0.755,-5.472],[-0.755,-5.705],[-0.734,-5.803],[-0.685,-5.894],[-0.706,-5.902],[-0.819,-6.028],[-0.84,-6.077],[-0.826,-6.162],[-0.896,-6.162],[-1.134,-6.113],[-1.457,-6.105],[-1.457,-6.042],[-1.513,-6.021],[-1.562,-6.021],[-1.562,-5.923],[-1.674,-5.916],[-1.611,-5.74],[-1.597,-5.55],[-1.393,-5.543],[-1.197,-5.494],[-1.015,-5.388],[-0.889,-5.268],[-0.868,-5.226]]]]},"properties":{"abbr":"VM","name":"ventromedial thalamic nucleus","plate":28,"ap_bregma_mm":-1.65,"area_mm2":1.1278,"traced_fraction":[1.0,0.954],"n_labels":2,"no_drawn_outline":false}},{"type":"Feature","geometry":{"type":"MultiPolygon","coordinates":[[[[5.485,-5.318],[5.646,-5.367],[5.849,-5.458],[6.263,-5.606],[6.656,-5.775],[6.922,-5.866],[6.978,-5.902],[6.978,-5.944],[6.936,-6.0],[6.929,-6.014],[6.908,-6.021],[6.887,-6.07],[6.733,-6.274],[6.719,-6.274],[6.677,-6.338],[6.642,-6.359],[6.599,-6.323],[6.41,-6.239],[5.835,-5.951],[5.828,-5.937],[5.639,-5.852],[5.604,-5.824],[5.506,-5.789],[5.345,-5.698],[5.345,-5.669],[5.358,-5.662],[5.422,-5.522],[5.485,-5.318]]],[[[-5.425,-5.388],[-5.376,-5.641],[-5.327,-5.796],[-5.965,-6.098],[-6.589,-6.359],[-6.673,-6.38],[-6.701,-6.401],[-6.729,-6.38],[-6.764,-6.317],[-6.862,-6.211],[-6.862,-6.197],[-6.876,-6.197],[-6.876,-6.183],[-6.94,-6.134],[-6.94,-6.113],[-6.961,-6.105],[-6.996,-6.063],[-7.01,-6.063],[-7.003,-6.049],[-7.031,-6.014],[-7.045,-6.014],[-7.08,-5.951],[-6.323,-5.712],[-5.425,-5.388]]]]},"properties":{"abbr":"Ect","name":"ectorhinal cortex","plate":28,"ap_bregma_mm":-1.65,"area_mm2":1.5417,"traced_fraction":[1.0,1.0],"n_labels":2,"no_drawn_outline":false}},{"type":"Feature","geometry":{"type":"MultiPolygon","coordinates":[[[[0.78,-5.789],[0.822,-5.845],[0.843,-5.902],[0.843,-5.986],[0.801,-6.056],[0.801,-6.077],[0.703,-6.105],[0.682,-6.084],[0.556,-6.035],[0.514,-5.972],[0.499,-5.916],[0.521,-5.831],[0.584,-5.768],[0.675,-5.768],[0.78,-5.789]]],[[[-0.475,-5.979],[-0.475,-6.049],[-0.503,-6.113],[-0.496,-6.134],[-0.524,-6.134],[-0.538,-6.162],[-0.629,-6.218],[-0.727,-6.204],[-0.826,-6.162],[-0.84,-6.077],[-0.819,-6.028],[-0.791,-5.986],[-0.685,-5.894],[-0.65,-5.88],[-0.566,-5.88],[-0.496,-5.937],[-0.475,-5.979]]]]},"properties":{"abbr":"mt","name":"mammillothalamic tract","plate":28,"ap_bregma_mm":-1.65,"area_mm2":0.18,"traced_fraction":[1.0,1.0],"n_labels":2,"no_drawn_outline":false}},{"type":"Feature","geometry":{"type":"MultiPolygon","coordinates":[[[[-0.117,-5.62],[-0.082,-5.641],[0.016,-5.662],[0.016,-5.817],[-0.019,-5.859],[-0.04,-5.965],[-0.033,-6.155],[-0.019,-6.176],[-0.026,-6.246],[-0.307,-6.239],[-0.307,-6.19],[-0.335,-6.162],[-0.356,-6.077],[-0.349,-5.894],[-0.314,-5.817],[-0.117,-5.62]]]]},"properties":{"abbr":"Re","name":"reuniens thalamic nucleus","plate":28,"ap_bregma_mm":-1.65,"area_mm2":0.1742,"traced_fraction":[0.939],"n_labels":2,"no_drawn_outline":false}},{"type":"Feature","geometry":{"type":"MultiPolygon","coordinates":[[[[0.016,-5.817],[0.051,-5.817],[0.079,-5.845],[0.107,-5.937],[0.107,-6.07],[0.065,-6.253],[-0.026,-6.246],[-0.019,-6.176],[-0.033,-6.155],[-0.04,-5.965],[-0.019,-5.859],[0.016,-5.817]]]]},"properties":{"abbr":"Xi","name":"xiphoid thalamic nucleus","plate":28,"ap_bregma_mm":-1.65,"area_mm2":0.0525,"traced_fraction":[1.0],"n_labels":1,"no_drawn_outline":false}},{"type":"Feature","geometry":{"type":"MultiPolygon","coordinates":[[[[0.205,-5.606],[0.373,-5.782],[0.373,-5.796],[0.394,-5.803],[0.436,-5.866],[0.415,-5.894],[0.415,-6.042],[0.387,-6.141],[0.352,-6.183],[0.352,-6.225],[0.065,-6.253],[0.107,-6.07],[0.107,-5.937],[0.079,-5.845],[0.051,-5.817],[0.016,-5.817],[0.016,-5.662],[0.114,-5.648],[0.205,-5.606]]]]},"properties":{"abbr":"VRe","name":"ventral reuniens thalamic nucleus","plate":28,"ap_bregma_mm":-1.65,"area_mm2":0.1839,"traced_fraction":[0.943],"n_labels":1,"no_drawn_outline":false}},{"type":"Feature","geometry":{"type":"MultiPolygon","coordinates":[[[[4.181,-5.655],[4.37,-5.852],[4.377,-6.141],[4.307,-6.183],[4.279,-6.218],[4.223,-6.232],[4.202,-6.211],[4.167,-6.113],[4.11,-6.063],[3.963,-6.007],[3.753,-5.993],[3.739,-5.951],[3.781,-5.894],[3.816,-5.894],[3.858,-5.873],[4.181,-5.655]]],[[[-4.03,-6.309],[-4.086,-6.387],[-4.1,-6.436],[-4.121,-6.436],[-4.191,-6.394],[-4.352,-6.359],[-4.352,-6.141],[-4.1,-6.141],[-4.093,-6.246],[-4.03,-6.309]]]]},"properties":{"abbr":"ASt","name":"amygdalostriatal transition area","plate":28,"ap_bregma_mm":-1.65,"area_mm2":0.2539,"traced_fraction":[0.752,0.416],"n_labels":2,"no_drawn_outline":true}},{"type":"Feature","geometry":{"type":"MultiPolygon","coordinates":[[[[1.6,-5.986],[1.6,-6.007],[1.572,-6.042],[1.572,-6.07],[1.621,-6.119],[1.6,-6.141],[1.53,-6.162],[1.32,-6.197],[1.004,-6.225],[0.71,-6.232],[0.64,-6.225],[0.619,-6.19],[0.626,-6.155],[0.703,-6.105],[0.801,-6.077],[1.285,-6.0],[1.6,-5.986]]],[[[-1.464,-6.105],[-1.457,-6.105],[-1.134,-6.113],[-0.896,-6.162],[-0.826,-6.162],[-0.727,-6.204],[-0.629,-6.218],[-0.622,-6.281],[-0.636,-6.302],[-0.692,-6.33],[-1.099,-6.288],[-1.478,-6.183],[-1.464,-6.105]]]]},"properties":{"abbr":"ZI","name":"zona incerta","plate":28,"ap_bregma_mm":-1.65,"area_mm2":0.2792,"traced_fraction":[1.0,0.989],"n_labels":2,"no_drawn_outline":false}},{"type":"Feature","geometry":{"type":"MultiPolygon","coordinates":[[[[2.547,-5.902],[2.631,-5.909],[2.715,-5.979],[2.75,-6.091],[2.743,-6.197],[2.673,-6.309],[2.61,-6.373],[2.491,-6.408],[2.4,-6.401],[2.358,-6.38],[2.309,-6.317],[2.302,-6.176],[2.323,-6.113],[2.386,-6.007],[2.456,-5.937],[2.547,-5.902]]],[[[-2.578,-6.204],[-2.501,-6.204],[-2.438,-6.225],[-2.263,-6.338],[-2.214,-6.387],[-2.193,-6.436],[-2.193,-6.492],[-2.214,-6.542],[-2.277,-6.584],[-2.361,-6.584],[-2.487,-6.542],[-2.599,-6.478],[-2.663,-6.401],[-2.677,-6.309],[-2.656,-6.253],[-2.578,-6.204]]]]},"properties":{"abbr":"EP","name":"entopeduncular nucleus","plate":28,"ap_bregma_mm":-1.65,"area_mm2":0.3008,"traced_fraction":[1.0,0.995],"n_labels":2,"no_drawn_outline":false}},{"type":"Feature","geometry":{"type":"MultiPolygon","coordinates":[[[[3.753,-5.993],[3.963,-6.007],[4.11,-6.063],[4.167,-6.113],[4.202,-6.211],[4.223,-6.232],[4.118,-6.352],[4.026,-6.492],[4.012,-6.534],[3.928,-6.647],[3.676,-6.865],[3.634,-6.837],[3.578,-6.731],[3.542,-6.57],[3.55,-6.471],[3.508,-6.464],[3.486,-6.436],[3.472,-6.387],[3.472,-6.295],[3.472,-6.253],[3.5,-6.19],[3.592,-6.084],[3.627,-6.056],[3.662,-6.049],[3.704,-6.127],[3.732,-6.141],[3.753,-6.105],[3.718,-6.014],[3.753,-5.993]]],[[[-3.588,-6.169],[-3.504,-6.197],[-3.434,-6.267],[-3.364,-6.373],[-3.385,-6.387],[-3.399,-6.668],[-3.413,-6.689],[-3.441,-6.851],[-3.469,-6.879],[-3.483,-6.879],[-3.497,-6.851],[-3.511,-6.661],[-3.567,-6.499],[-3.658,-6.366],[-3.735,-6.288],[-3.777,-6.274],[-3.819,-6.232],[-3.721,-6.169],[-3.588,-6.169]]]]},"properties":{"abbr":"CeL","name":"central amygdaloid nucleus, lateral division","plate":28,"ap_bregma_mm":-1.65,"area_mm2":0.5285,"traced_fraction":[0.956,1.0],"n_labels":2,"no_drawn_outline":false}},{"type":"Feature","geometry":{"type":"MultiPolygon","coordinates":[[[[5.036,-5.852],[5.029,-5.88],[4.931,-5.965],[4.861,-6.007],[4.713,-6.063],[4.692,-6.091],[4.657,-6.098],[4.587,-6.162],[4.538,-6.183],[4.426,-6.197],[4.314,-6.253],[4.3,-6.253],[4.279,-6.218],[4.307,-6.183],[4.377,-6.141],[4.44,-6.119],[4.447,-6.105],[4.531,-6.084],[4.622,-6.021],[4.833,-5.958],[4.945,-5.902],[4.98,-5.866],[5.036,-5.852]]],[[[-4.899,-6.176],[-4.612,-6.239],[-4.521,-6.274],[-4.401,-6.352],[-4.352,-6.359],[-4.191,-6.394],[-4.121,-6.436],[-4.1,-6.436],[-4.044,-6.647],[-4.079,-6.654],[-4.114,-6.682],[-4.205,-6.563],[-4.345,-6.485],[-4.359,-6.464],[-4.423,-6.443],[-4.478,-6.401],[-4.556,-6.38],[-4.724,-6.302],[-4.766,-6.267],[-4.878,-6.225],[-4.906,-6.183],[-4.899,-6.176]]]]},"properties":{"abbr":"IMG","name":"amygdaloid intramedullary gray","plate":28,"ap_bregma_mm":-1.65,"area_mm2":0.1564,"traced_fraction":[0.992,0.993],"n_labels":2,"no_drawn_outline":false}},{"type":"Feature","geometry":{"type":"MultiPolygon","coordinates":[[[[5.267,-5.803],[5.225,-6.0],[5.19,-6.042],[5.19,-6.07],[5.204,-6.07],[5.162,-6.169],[5.134,-6.183],[5.085,-6.267],[5.085,-6.323],[5.106,-6.373],[5.127,-6.38],[5.141,-6.485],[5.106,-6.527],[5.071,-6.492],[4.987,-6.33],[4.882,-6.225],[4.819,-6.183],[4.727,-6.148],[4.692,-6.091],[4.713,-6.063],[4.861,-6.007],[4.931,-5.965],[5.029,-5.88],[5.036,-5.852],[5.085,-5.831],[5.127,-5.831],[5.204,-5.782],[5.267,-5.803]]],[[[-4.906,-6.183],[-4.878,-6.225],[-4.78,-6.26],[-4.724,-6.302],[-4.752,-6.352],[-4.857,-6.45],[-4.99,-6.52],[-5.082,-6.549],[-5.138,-6.549],[-5.103,-6.359],[-5.103,-6.253],[-5.138,-6.155],[-5.131,-6.119],[-5.116,-6.105],[-5.074,-6.105],[-4.948,-6.183],[-4.906,-6.183]]]]},"properties":{"abbr":"LaD","name":"lateral amygdaloid nucleus, dorsal part","plate":28,"ap_bregma_mm":-1.65,"area_mm2":0.281,"traced_fraction":[0.997,1.0],"n_labels":2,"no_drawn_outline":false}},{"type":"Feature","geometry":{"type":"MultiPolygon","coordinates":[[[[0.64,-6.225],[0.71,-6.232],[0.717,-6.295],[0.689,-6.33],[0.457,-6.464],[0.324,-6.359],[0.345,-6.33],[0.415,-6.295],[0.64,-6.225]]],[[[-0.622,-6.281],[-0.447,-6.295],[-0.356,-6.33],[-0.293,-6.387],[-0.44,-6.457],[-0.461,-6.506],[-0.503,-6.499],[-0.671,-6.422],[-0.692,-6.394],[-0.692,-6.33],[-0.636,-6.302],[-0.622,-6.281]]],[[[1.18,-6.295],[1.292,-6.323],[1.32,-6.359],[1.32,-6.408],[1.271,-6.464],[1.222,-6.485],[1.152,-6.499],[1.06,-6.485],[1.025,-6.443],[1.033,-6.38],[1.082,-6.33],[1.18,-6.295]]],[[[-1.169,-6.38],[-1.092,-6.38],[-1.029,-6.415],[-0.994,-6.499],[-1.001,-6.556],[-1.022,-6.584],[-1.085,-6.605],[-1.183,-6.605],[-1.246,-6.584],[-1.281,-6.556],[-1.295,-6.499],[-1.281,-6.422],[-1.239,-6.394],[-1.169,-6.38]]]]},"properties":{"abbr":"ANS","name":"accessory neurosecretory nuclei","plate":28,"ap_bregma_mm":-1.65,"area_mm2":0.2074,"traced_fraction":[1.0,0.964,0.982,1.0],"n_labels":3,"no_drawn_outline":false}},{"type":"Feature","geometry":{"type":"MultiPolygon","coordinates":[[[[5.345,-5.698],[5.506,-5.789],[5.604,-5.824],[5.639,-5.852],[6.599,-6.323],[6.642,-6.359],[6.593,-6.436],[6.473,-6.542],[6.417,-6.57],[6.326,-6.591],[6.298,-6.612],[6.277,-6.661],[6.277,-6.745],[6.319,-6.851],[6.326,-6.921],[6.249,-7.034],[6.228,-7.034],[6.214,-7.013],[6.109,-6.949],[6.004,-6.921],[5.933,-6.886],[5.59,-6.781],[5.4,-6.689],[5.267,-6.591],[5.218,-6.584],[5.19,-6.527],[5.141,-6.485],[5.127,-6.38],[5.134,-6.281],[5.162,-6.169],[5.204,-6.07],[5.232,-6.028],[5.225,-6.0],[5.267,-5.803],[5.309,-5.719],[5.345,-5.698]]],[[[-5.327,-5.796],[-5.215,-5.979],[-5.194,-6.063],[-5.194,-6.169],[-5.138,-6.267],[-5.138,-6.323],[-5.166,-6.422],[-5.159,-6.527],[-5.208,-6.542],[-5.348,-6.661],[-5.6,-6.809],[-5.993,-6.928],[-6.098,-6.957],[-6.196,-6.964],[-6.358,-7.02],[-6.379,-6.949],[-6.379,-6.886],[-6.351,-6.767],[-6.379,-6.745],[-6.47,-6.738],[-6.505,-6.71],[-6.533,-6.675],[-6.526,-6.668],[-6.54,-6.668],[-6.631,-6.549],[-6.645,-6.527],[-6.645,-6.506],[-6.659,-6.506],[-6.666,-6.464],[-6.68,-6.457],[-6.701,-6.401],[-6.673,-6.38],[-6.589,-6.359],[-5.965,-6.098],[-5.327,-5.796]]]]},"properties":{"abbr":"PRh","name":"perirhinal cortex","plate":28,"ap_bregma_mm":-1.65,"area_mm2":2.1628,"traced_fraction":[1.0,1.0],"n_labels":2,"no_drawn_outline":false}},{"type":"Feature","geometry":{"type":"MultiPolygon","coordinates":[[[[1.811,-6.134],[1.776,-6.274],[1.776,-6.338],[1.79,-6.345],[1.769,-6.415],[1.769,-6.556],[1.783,-6.598],[1.825,-6.64],[1.944,-6.682],[2.056,-6.703],[2.161,-6.71],[2.266,-6.696],[2.266,-6.724],[2.217,-6.788],[2.189,-6.802],[2.056,-6.935],[2.056,-6.949],[2.042,-6.949],[1.965,-7.027],[1.965,-7.041],[1.663,-7.35],[1.334,-7.343],[1.208,-7.21],[1.222,-7.182],[1.222,-7.09],[1.194,-6.957],[1.159,-6.879],[1.18,-6.816],[1.18,-6.724],[1.159,-6.654],[1.117,-6.584],[0.983,-6.478],[0.871,-6.436],[0.71,-6.422],[0.647,-6.436],[0.57,-6.485],[0.549,-6.485],[0.499,-6.527],[0.499,-6.549],[0.457,-6.563],[0.408,-6.626],[0.345,-6.612],[0.352,-6.584],[0.422,-6.527],[0.457,-6.464],[0.689,-6.33],[0.717,-6.295],[0.71,-6.232],[1.004,-6.225],[1.32,-6.197],[1.53,-6.162],[1.6,-6.141],[1.621,-6.119],[1.698,-6.113],[1.811,-6.134]]],[[[1.18,-6.295],[1.082,-6.33],[1.033,-6.38],[1.025,-6.443],[1.06,-6.485],[1.124,-6.499],[1.222,-6.485],[1.271,-6.464],[1.32,-6.408],[1.32,-6.359],[1.292,-6.323],[1.18,-6.295]]]]},"properties":{"abbr":"ns","name":"nigrostriatal bundle","plate":28,"ap_bregma_mm":-1.65,"area_mm2":0.9366,"traced_fraction":[0.926,0.982],"n_labels":2,"no_drawn_outline":false}},{"type":"Feature","geometry":{"type":"MultiPolygon","coordinates":[[[[3.269,-5.592],[3.262,-5.69],[3.241,-5.775],[3.213,-5.817],[3.213,-5.852],[3.171,-5.894],[3.101,-6.007],[3.059,-6.042],[3.059,-6.063],[3.01,-6.091],[2.919,-6.19],[2.827,-6.253],[2.799,-6.288],[2.652,-6.387],[2.379,-6.64],[2.33,-6.675],[2.266,-6.696],[2.161,-6.71],[2.056,-6.703],[1.944,-6.682],[1.825,-6.64],[1.783,-6.598],[1.769,-6.556],[1.769,-6.415],[1.79,-6.345],[1.832,-6.309],[1.916,-6.183],[2.077,-6.042],[2.344,-5.88],[2.645,-5.726],[3.017,-5.437],[3.08,-5.409],[3.143,-5.409],[3.185,-5.43],[3.248,-5.515],[3.269,-5.592]]],[[[-1.821,-6.499],[-1.828,-6.619],[-1.863,-6.731],[-1.926,-6.802],[-2.031,-6.844],[-2.249,-6.851],[-2.354,-6.816],[-2.494,-6.703],[-2.529,-6.689],[-2.529,-6.675],[-2.592,-6.64],[-2.592,-6.626],[-2.628,-6.612],[-2.677,-6.563],[-2.712,-6.549],[-2.733,-6.52],[-2.789,-6.492],[-2.922,-6.373],[-3.006,-6.323],[-3.048,-6.267],[-3.259,-6.098],[-3.343,-5.972],[-3.343,-5.859],[-3.259,-5.761],[-3.224,-5.747],[-3.111,-5.747],[-3.048,-5.768],[-2.656,-5.972],[-2.635,-5.972],[-2.018,-6.274],[-1.87,-6.394],[-1.821,-6.499]]],[[[2.547,-5.902],[2.456,-5.937],[2.386,-6.007],[2.344,-6.07],[2.302,-6.176],[2.309,-6.317],[2.358,-6.38],[2.4,-6.401],[2.491,-6.408],[2.61,-6.373],[2.673,-6.309],[2.743,-6.197],[2.75,-6.091],[2.715,-5.979],[2.631,-5.909],[2.547,-5.902]]],[[[-2.578,-6.204],[-2.656,-6.253],[-2.677,-6.309],[-2.663,-6.401],[-2.599,-6.478],[-2.487,-6.542],[-2.361,-6.584],[-2.277,-6.584],[-2.214,-6.542],[-2.193,-6.492],[-2.193,-6.436],[-2.214,-6.387],[-2.263,-6.338],[-2.438,-6.225],[-2.501,-6.204],[-2.578,-6.204]]]]},"properties":{"abbr":"cp","name":"cerebral peduncle","plate":28,"ap_bregma_mm":-1.65,"area_mm2":1.4621,"traced_fraction":[1.0,1.0,1.0,0.995],"n_labels":2,"no_drawn_outline":false}},{"type":"Feature","geometry":{"type":"MultiPolygon","coordinates":[[[[4.692,-6.091],[4.727,-6.148],[4.79,-6.169],[4.882,-6.225],[4.987,-6.33],[5.071,-6.492],[5.106,-6.527],[5.029,-6.661],[5.001,-6.668],[4.973,-6.71],[4.966,-6.76],[4.98,-6.76],[4.931,-6.844],[4.903,-6.928],[4.882,-6.935],[4.854,-7.034],[4.84,-7.125],[4.847,-7.224],[4.79,-7.231],[4.671,-7.104],[4.587,-7.069],[4.594,-6.999],[4.363,-6.626],[4.321,-6.542],[4.272,-6.38],[4.244,-6.345],[4.251,-6.317],[4.314,-6.253],[4.426,-6.197],[4.538,-6.183],[4.587,-6.162],[4.657,-6.098],[4.692,-6.091]]],[[[-4.724,-6.302],[-4.556,-6.38],[-4.478,-6.401],[-4.423,-6.443],[-4.359,-6.464],[-4.345,-6.485],[-4.205,-6.563],[-4.114,-6.682],[-4.114,-6.703],[-4.072,-6.753],[-4.044,-6.83],[-4.401,-7.027],[-4.535,-7.055],[-4.689,-7.069],[-4.787,-7.069],[-4.822,-7.055],[-4.899,-7.062],[-4.913,-7.02],[-4.99,-6.921],[-4.99,-6.9],[-5.032,-6.844],[-5.11,-6.675],[-5.131,-6.64],[-5.138,-6.591],[-5.138,-6.549],[-5.082,-6.549],[-4.99,-6.52],[-4.857,-6.45],[-4.752,-6.352],[-4.724,-6.302]]]]},"properties":{"abbr":"LaV","name":"lateral amygdaloid nucleus, ventral part","plate":28,"ap_bregma_mm":-1.65,"area_mm2":1.0687,"traced_fraction":[0.983,0.997],"n_labels":2,"no_drawn_outline":false}},{"type":"Feature","geometry":{"type":"MultiPolygon","coordinates":[[[[3.472,-6.295],[3.472,-6.387],[3.486,-6.436],[3.508,-6.464],[3.55,-6.471],[3.542,-6.57],[3.578,-6.731],[3.634,-6.837],[3.676,-6.865],[3.676,-6.879],[3.557,-6.992],[3.557,-7.006],[3.479,-7.055],[3.409,-7.076],[3.374,-7.062],[3.346,-7.027],[3.297,-6.668],[3.311,-6.577],[3.367,-6.422],[3.43,-6.317],[3.472,-6.295]]],[[[-3.364,-6.373],[-3.294,-6.45],[-3.308,-6.464],[-3.294,-6.774],[-3.357,-7.013],[-3.448,-7.132],[-3.518,-7.182],[-3.581,-7.203],[-3.63,-7.182],[-3.665,-7.111],[-3.602,-7.076],[-3.525,-7.006],[-3.469,-6.879],[-3.441,-6.851],[-3.413,-6.689],[-3.399,-6.668],[-3.385,-6.387],[-3.364,-6.373]]]]},"properties":{"abbr":"CeM","name":"central amygdaloid nucleus, medial division","plate":28,"ap_bregma_mm":-1.65,"area_mm2":0.2724,"traced_fraction":[0.966,0.941],"n_labels":2,"no_drawn_outline":false}},{"type":"Feature","geometry":{"type":"MultiPolygon","coordinates":[[[[-0.37,-6.675],[-0.798,-6.682],[-0.798,-6.591],[-0.762,-6.57],[-0.643,-6.549],[-0.538,-6.556],[-0.461,-6.584],[-0.447,-6.605],[-0.412,-6.619],[-0.37,-6.675]]]]},"properties":{"abbr":"PaPo","name":"paraventricular hypothalamic nucleus, posterior part","plate":28,"ap_bregma_mm":-1.65,"area_mm2":0.0443,"traced_fraction":[0.551],"n_labels":1,"no_drawn_outline":true}},{"type":"Feature","geometry":{"type":"MultiPolygon","coordinates":[[[[0.324,-6.359],[0.457,-6.464],[0.422,-6.527],[0.352,-6.584],[0.345,-6.612],[0.261,-6.738],[0.107,-6.844],[0.093,-6.837],[0.086,-6.83],[0.058,-6.781],[0.072,-6.57],[0.086,-6.563],[0.107,-6.499],[0.121,-6.499],[0.156,-6.443],[0.24,-6.387],[0.324,-6.359]]],[[[-0.293,-6.387],[-0.181,-6.415],[-0.075,-6.478],[-0.068,-6.661],[-0.061,-6.682],[-0.04,-6.689],[-0.047,-6.795],[-0.111,-6.823],[-0.166,-6.823],[-0.223,-6.795],[-0.258,-6.76],[-0.3,-6.682],[-0.342,-6.605],[-0.398,-6.556],[-0.44,-6.542],[-0.461,-6.506],[-0.44,-6.457],[-0.293,-6.387]]]]},"properties":{"abbr":"PaMM","name":"paraventricular hypothalamic nucleus, medial magnocellular part","plate":28,"ap_bregma_mm":-1.65,"area_mm2":0.2181,"traced_fraction":[1.0,1.0],"n_labels":1,"no_drawn_outline":false}},{"type":"Feature","geometry":{"type":"MultiPolygon","coordinates":[[[[1.025,-6.872],[1.018,-6.879],[0.997,-6.985],[0.976,-6.992],[0.948,-7.069],[0.885,-7.139],[0.703,-7.139],[0.703,-7.245],[0.521,-7.217],[0.415,-7.174],[0.387,-7.146],[0.296,-7.132],[0.275,-6.985],[0.289,-6.851],[0.338,-6.731],[0.408,-6.626],[0.457,-6.563],[0.499,-6.549],[0.64,-6.52],[0.745,-6.52],[0.892,-6.57],[0.941,-6.605],[0.962,-6.64],[0.976,-6.64],[1.004,-6.696],[1.025,-6.872]]]]},"properties":{"abbr":"AHP","name":"anterior hypothalamic area, posterior part","plate":28,"ap_bregma_mm":-1.65,"area_mm2":0.4137,"traced_fraction":[0.898],"n_labels":1,"no_drawn_outline":false}},{"type":"Feature","geometry":{"type":"MultiPolygon","coordinates":[[[[3.241,-6.091],[3.283,-6.141],[3.29,-6.218],[3.255,-6.281],[3.171,-6.359],[3.171,-6.373],[3.143,-6.415],[3.003,-6.549],[2.989,-6.549],[2.757,-6.795],[2.757,-6.809],[2.68,-6.886],[2.68,-6.9],[2.449,-7.174],[2.287,-7.414],[2.196,-7.512],[2.14,-7.533],[2.112,-7.568],[2.063,-7.597],[1.846,-7.575],[1.79,-7.597],[1.79,-7.618],[1.776,-7.618],[1.713,-7.646],[1.6,-7.765],[1.6,-7.779],[1.572,-7.793],[1.537,-7.85],[1.516,-7.857],[1.432,-7.948],[1.411,-7.948],[1.404,-7.885],[1.439,-7.793],[1.544,-7.618],[1.684,-7.442],[1.726,-7.407],[1.726,-7.393],[1.916,-7.21],[1.916,-7.196],[1.986,-7.132],[1.986,-7.118],[2.091,-7.013],[2.196,-6.879],[2.372,-6.703],[2.442,-6.654],[2.68,-6.429],[2.799,-6.345],[2.947,-6.211],[3.101,-6.105],[3.185,-6.084],[3.241,-6.091]]],[[[-3.196,-6.253],[-3.125,-6.309],[-3.055,-6.338],[-3.027,-6.38],[-2.852,-6.492],[-2.691,-6.64],[-2.635,-6.668],[-2.635,-6.682],[-2.487,-6.774],[-2.487,-6.788],[-2.361,-6.865],[-2.34,-6.893],[-2.158,-7.006],[-2.074,-7.097],[-1.905,-7.364],[-1.772,-7.512],[-1.73,-7.589],[-1.716,-7.589],[-1.646,-7.695],[-1.632,-7.695],[-1.534,-7.829],[-1.52,-7.829],[-1.45,-7.934],[-1.422,-7.941],[-1.387,-7.906],[-1.302,-7.997],[-1.351,-8.033],[-1.351,-8.061],[-1.239,-8.166],[-1.218,-8.222],[-1.253,-8.222],[-1.359,-8.159],[-1.485,-8.04],[-1.499,-8.04],[-1.499,-8.025],[-1.548,-7.997],[-1.548,-7.983],[-1.646,-7.913],[-1.8,-7.857],[-1.919,-7.85],[-2.039,-7.744],[-2.074,-7.73],[-2.109,-7.73],[-2.109,-7.744],[-2.116,-7.744],[-2.144,-7.737],[-2.158,-7.751],[-2.214,-7.709],[-2.382,-7.414],[-2.649,-7.062],[-2.817,-6.893],[-2.922,-6.76],[-3.217,-6.485],[-3.259,-6.38],[-3.259,-6.317],[-3.238,-6.281],[-3.196,-6.253]]]]},"properties":{"abbr":"opt","name":"optic tract","plate":28,"ap_bregma_mm":-1.65,"area_mm2":1.5212,"traced_fraction":[1.0,0.999],"n_labels":2,"no_drawn_outline":false}},{"type":"Feature","geometry":{"type":"MultiPolygon","coordinates":[[[[5.141,-6.485],[5.19,-6.527],[5.218,-6.584],[5.253,-6.781],[5.246,-6.893],[5.225,-6.957],[5.211,-7.111],[5.12,-7.294],[5.057,-7.315],[4.987,-7.301],[4.91,-7.21],[4.889,-7.21],[4.896,-7.118],[4.91,-7.09],[4.903,-6.928],[4.931,-6.844],[4.98,-6.76],[5.008,-6.731],[5.029,-6.661],[5.106,-6.527],[5.141,-6.485]]],[[[-5.138,-6.591],[-5.131,-6.64],[-5.11,-6.675],[-5.124,-6.675],[-5.11,-6.76],[-4.948,-7.069],[-4.948,-7.203],[-4.983,-7.343],[-4.983,-7.442],[-5.018,-7.54],[-5.046,-7.568],[-5.095,-7.582],[-5.145,-7.561],[-5.18,-7.512],[-5.208,-7.35],[-5.278,-7.189],[-5.306,-7.076],[-5.306,-6.957],[-5.236,-6.703],[-5.18,-6.619],[-5.138,-6.591]]]]},"properties":{"abbr":"DEn","name":"dorsal endopiriform nucleus","plate":28,"ap_bregma_mm":-1.65,"area_mm2":0.4243,"traced_fraction":[0.985,1.0],"n_labels":2,"no_drawn_outline":false}},{"type":"Feature","geometry":{"type":"MultiPolygon","coordinates":[[[[3.739,-5.951],[3.753,-5.993],[3.718,-6.014],[3.662,-6.049],[3.641,-6.049],[3.592,-6.084],[3.5,-6.19],[3.472,-6.253],[3.472,-6.295],[3.43,-6.317],[3.367,-6.422],[3.311,-6.577],[3.297,-6.668],[3.346,-7.027],[3.374,-7.062],[3.409,-7.076],[3.409,-7.168],[3.248,-7.203],[2.771,-7.35],[2.638,-7.414],[2.456,-7.47],[2.323,-7.54],[2.224,-7.568],[2.196,-7.512],[2.287,-7.414],[2.449,-7.174],[2.68,-6.9],[2.68,-6.886],[2.757,-6.809],[2.757,-6.795],[2.989,-6.549],[3.003,-6.549],[3.143,-6.415],[3.171,-6.373],[3.206,-6.387],[3.276,-6.317],[3.367,-6.253],[3.571,-6.042],[3.662,-5.979],[3.739,-5.951]]],[[[-3.294,-6.45],[-3.245,-6.485],[-3.217,-6.485],[-2.922,-6.76],[-2.817,-6.893],[-2.649,-7.062],[-2.382,-7.414],[-2.214,-7.709],[-2.158,-7.751],[-2.179,-7.8],[-2.263,-7.779],[-2.34,-7.723],[-2.494,-7.653],[-2.501,-7.639],[-2.663,-7.575],[-2.796,-7.505],[-2.915,-7.47],[-3.132,-7.378],[-3.245,-7.35],[-3.294,-7.266],[-3.343,-7.266],[-3.371,-7.287],[-3.441,-7.301],[-3.553,-7.259],[-3.588,-7.224],[-3.581,-7.203],[-3.518,-7.182],[-3.448,-7.132],[-3.357,-7.013],[-3.294,-6.774],[-3.308,-6.556],[-3.308,-6.464],[-3.294,-6.45]]]]},"properties":{"abbr":"MePD","name":"medial amygdaloid nucleus, posterodorsal part","plate":28,"ap_bregma_mm":-1.65,"area_mm2":1.3138,"traced_fraction":[0.989,0.98],"n_labels":2,"no_drawn_outline":false}},{"type":"Feature","geometry":{"type":"MultiPolygon","coordinates":[[[[-1.94,-6.134],[-1.639,-6.19],[-1.478,-6.183],[-1.099,-6.288],[-0.692,-6.33],[-0.692,-6.394],[-0.671,-6.422],[-0.503,-6.499],[-0.461,-6.506],[-0.44,-6.542],[-0.398,-6.556],[-0.342,-6.605],[-0.3,-6.682],[-0.328,-6.682],[-0.342,-6.696],[-0.37,-6.675],[-0.37,-6.661],[-0.461,-6.584],[-0.538,-6.556],[-0.643,-6.549],[-0.762,-6.57],[-0.798,-6.591],[-0.924,-6.661],[-1.043,-6.781],[-1.071,-6.83],[-1.064,-6.957],[-1.162,-6.985],[-1.197,-7.034],[-1.232,-7.16],[-1.232,-7.252],[-1.211,-7.273],[-1.225,-7.273],[-1.365,-7.414],[-1.758,-7.421],[-1.779,-7.414],[-1.863,-7.28],[-2.01,-7.09],[-2.025,-7.09],[-2.046,-7.048],[-2.095,-7.013],[-2.144,-6.949],[-2.235,-6.886],[-2.249,-6.851],[-2.031,-6.844],[-1.926,-6.802],[-1.863,-6.731],[-1.828,-6.619],[-1.597,-6.619],[-1.597,-6.513],[-1.8,-6.499],[-1.758,-6.422],[-1.765,-6.288],[-1.828,-6.218],[-1.926,-6.169],[-1.94,-6.134]]],[[[-1.169,-6.38],[-1.239,-6.394],[-1.281,-6.422],[-1.295,-6.471],[-1.281,-6.556],[-1.246,-6.584],[-1.183,-6.605],[-1.085,-6.605],[-1.022,-6.584],[-1.001,-6.556],[-0.994,-6.499],[-1.029,-6.415],[-1.092,-6.38],[-1.169,-6.38]]]]},"properties":{"abbr":"PLH","name":"peduncular part of lateral hypothalamus","plate":28,"ap_bregma_mm":-1.65,"area_mm2":1.0162,"traced_fraction":[0.834,1.0],"n_labels":1,"no_drawn_outline":false}},{"type":"Feature","geometry":{"type":"MultiPolygon","coordinates":[[[[-0.798,-6.591],[-0.798,-6.682],[-0.37,-6.675],[-0.342,-6.696],[-0.3,-6.802],[-0.314,-6.816],[-0.3,-6.879],[-0.307,-7.09],[-0.468,-7.09],[-0.468,-7.301],[-0.552,-7.343],[-0.699,-7.343],[-0.798,-7.315],[-0.917,-7.231],[-0.917,-7.217],[-0.959,-7.189],[-0.973,-7.153],[-1.001,-7.139],[-1.001,-7.006],[-1.029,-6.971],[-1.064,-6.957],[-1.071,-6.83],[-1.043,-6.781],[-0.924,-6.661],[-0.798,-6.591]]]]},"properties":{"abbr":"SPa","name":"subparaventricular zone of the hypothalamus","plate":28,"ap_bregma_mm":-1.65,"area_mm2":0.4118,"traced_fraction":[0.717],"n_labels":1,"no_drawn_outline":true}},{"type":"Feature","geometry":{"type":"MultiPolygon","coordinates":[[[[4.244,-6.345],[4.272,-6.38],[4.321,-6.542],[4.363,-6.626],[4.594,-6.999],[4.587,-7.069],[4.503,-7.189],[4.426,-7.266],[4.391,-7.393],[4.279,-7.526],[4.195,-7.561],[4.054,-7.561],[3.928,-7.512],[3.823,-7.442],[3.655,-7.28],[3.613,-7.21],[3.753,-7.062],[3.844,-6.893],[3.949,-6.774],[4.061,-6.584],[4.089,-6.563],[4.167,-6.45],[4.195,-6.387],[4.23,-6.345],[4.244,-6.345]]],[[[-4.044,-6.83],[-3.995,-6.879],[-3.883,-7.048],[-3.777,-7.259],[-3.728,-7.315],[-3.665,-7.357],[-3.77,-7.47],[-3.953,-7.575],[-4.072,-7.618],[-4.423,-7.702],[-4.64,-7.723],[-4.535,-7.371],[-4.521,-7.252],[-4.535,-7.055],[-4.401,-7.027],[-4.044,-6.83]]]]},"properties":{"abbr":"BLA","name":"basolateral amygdaloid nucleus, anterior part","plate":28,"ap_bregma_mm":-1.65,"area_mm2":1.161,"traced_fraction":[1.0,0.987],"n_labels":2,"no_drawn_outline":false}},{"type":"Feature","geometry":{"type":"MultiPolygon","coordinates":[[[[-4.535,-7.055],[-4.521,-7.132],[-4.535,-7.371],[-4.64,-7.723],[-4.689,-7.737],[-4.808,-7.737],[-4.857,-7.723],[-4.892,-7.674],[-4.934,-7.582],[-4.948,-7.456],[-4.899,-7.217],[-4.899,-7.062],[-4.822,-7.055],[-4.787,-7.069],[-4.689,-7.069],[-4.535,-7.055]]],[[[4.587,-7.069],[4.671,-7.104],[4.79,-7.231],[4.847,-7.224],[4.847,-7.259],[4.868,-7.266],[4.805,-7.428],[4.777,-7.456],[4.756,-7.512],[4.657,-7.653],[4.594,-7.702],[4.482,-7.611],[4.447,-7.54],[4.412,-7.407],[4.391,-7.393],[4.426,-7.266],[4.503,-7.189],[4.587,-7.069]]]]},"properties":{"abbr":"BLP","name":"basolateral amygdaloid nucleus, posterior part","plate":28,"ap_bregma_mm":-1.65,"area_mm2":0.4157,"traced_fraction":[1.0,0.968],"n_labels":2,"no_drawn_outline":false}},{"type":"Feature","geometry":{"type":"MultiPolygon","coordinates":[[[[0.086,-3.566],[0.086,-3.735],[0.24,-3.742],[0.212,-3.799],[0.212,-3.876],[0.226,-3.918],[0.184,-3.96],[0.044,-3.995],[-0.061,-3.988],[-0.181,-3.96],[-0.188,-3.953],[-0.195,-3.946],[-0.202,-3.939],[-0.188,-3.799],[-0.216,-3.742],[-0.195,-3.728],[-0.117,-3.728],[-0.111,-3.51],[-0.068,-3.51],[-0.033,-3.482],[0.002,-3.475],[0.009,-3.496],[0.086,-3.566]]],[[[0.072,-6.57],[0.058,-6.781],[0.086,-6.83],[0.086,-6.837],[0.051,-6.837],[0.044,-6.978],[0.058,-7.751],[0.023,-7.815],[-0.019,-7.815],[-0.047,-7.758],[-0.061,-7.674],[-0.04,-7.343],[-0.047,-6.795],[-0.04,-6.689],[-0.033,-6.591],[-0.012,-6.52],[0.009,-6.506],[0.051,-6.513],[0.072,-6.57]]]]},"properties":{"abbr":"3V","name":"3rd ventricle","plate":28,"ap_bregma_mm":-1.65,"area_mm2":0.2728,"traced_fraction":[0.704,1.0],"n_labels":2,"no_drawn_outline":false}},{"type":"Feature","geometry":{"type":"MultiPolygon","coordinates":[[[[4.889,-7.21],[4.91,-7.21],[4.987,-7.301],[5.057,-7.315],[5.078,-7.4],[5.057,-7.449],[4.959,-7.561],[4.811,-7.66],[4.805,-7.667],[4.79,-7.674],[4.784,-7.681],[4.777,-7.681],[4.769,-7.688],[4.65,-7.737],[4.594,-7.737],[4.594,-7.702],[4.657,-7.653],[4.756,-7.512],[4.777,-7.456],[4.805,-7.428],[4.868,-7.266],[4.889,-7.21]]],[[[-4.983,-7.442],[-4.948,-7.456],[-4.948,-7.526],[-4.927,-7.604],[-4.871,-7.709],[-4.808,-7.737],[-4.801,-7.772],[-4.759,-7.822],[-4.766,-7.829],[-4.927,-7.843],[-5.032,-7.793],[-5.116,-7.681],[-5.095,-7.582],[-5.046,-7.568],[-5.018,-7.54],[-4.983,-7.442]]]]},"properties":{"abbr":"VEn","name":"ventral endopiriform nucleus","plate":28,"ap_bregma_mm":-1.65,"area_mm2":0.1659,"traced_fraction":[0.896,0.965],"n_labels":2,"no_drawn_outline":false}},{"type":"Feature","geometry":{"type":"MultiPolygon","coordinates":[[[[3.409,-7.168],[3.416,-7.174],[3.465,-7.371],[3.374,-7.428],[3.248,-7.547],[3.248,-7.561],[3.178,-7.625],[3.129,-7.695],[3.101,-7.772],[3.059,-7.836],[2.996,-7.906],[2.947,-8.019],[2.897,-8.019],[2.876,-8.012],[2.407,-7.857],[2.386,-7.85],[2.393,-7.843],[2.351,-7.822],[2.351,-7.808],[2.336,-7.808],[2.252,-7.709],[2.224,-7.568],[2.323,-7.54],[2.456,-7.47],[2.638,-7.414],[2.771,-7.35],[3.199,-7.217],[3.409,-7.168]]],[[[-3.245,-7.35],[-3.132,-7.378],[-2.915,-7.47],[-2.796,-7.505],[-2.663,-7.575],[-2.501,-7.639],[-2.494,-7.653],[-2.34,-7.723],[-2.263,-7.779],[-2.179,-7.8],[-2.2,-7.885],[-2.2,-7.899],[-2.186,-7.899],[-2.2,-7.927],[-2.214,-7.927],[-2.207,-7.941],[-2.214,-7.948],[-2.298,-8.004],[-2.431,-8.061],[-2.431,-8.075],[-2.452,-8.082],[-2.466,-8.089],[-2.48,-8.096],[-2.494,-8.103],[-2.508,-8.11],[-2.571,-8.124],[-2.81,-8.237],[-2.915,-8.265],[-2.915,-8.279],[-2.936,-8.286],[-2.964,-8.293],[-2.985,-8.3],[-3.013,-8.307],[-3.013,-8.3],[-3.034,-8.159],[-3.076,-8.054],[-3.125,-7.983],[-3.23,-7.899],[-3.357,-7.765],[-3.413,-7.625],[-3.413,-7.421],[-3.315,-7.4],[-3.245,-7.35]]]]},"properties":{"abbr":"MePV","name":"medial amygdaloid nucleus, posteroventral part","plate":28,"ap_bregma_mm":-1.65,"area_mm2":1.1972,"traced_fraction":[1.0,0.994],"n_labels":2,"no_drawn_outline":false}},{"type":"Feature","geometry":{"type":"MultiPolygon","coordinates":[[[[3.416,-7.174],[3.458,-7.174],[3.557,-7.21],[3.613,-7.21],[3.655,-7.28],[3.823,-7.442],[3.928,-7.512],[4.054,-7.561],[4.195,-7.561],[4.237,-7.547],[4.279,-7.526],[4.391,-7.393],[4.412,-7.407],[4.447,-7.54],[4.482,-7.611],[4.594,-7.702],[4.594,-7.737],[4.391,-7.822],[4.202,-7.829],[4.075,-7.8],[3.942,-7.737],[3.9,-7.73],[3.83,-7.667],[3.578,-7.498],[3.465,-7.371],[3.416,-7.174]]],[[[-3.665,-7.357],[-3.588,-7.378],[-3.553,-7.407],[-3.574,-7.512],[-3.672,-7.667],[-3.791,-7.779],[-3.911,-7.843],[-4.135,-7.913],[-4.387,-7.927],[-4.563,-7.892],[-4.759,-7.822],[-4.801,-7.772],[-4.808,-7.737],[-4.689,-7.737],[-4.64,-7.723],[-4.423,-7.702],[-4.072,-7.618],[-3.953,-7.575],[-3.77,-7.47],[-3.665,-7.357]]]]},"properties":{"abbr":"BMP","name":"basomedial amygdaloid nucleus, posterior part","plate":28,"ap_bregma_mm":-1.65,"area_mm2":0.5712,"traced_fraction":[0.998,0.998],"n_labels":2,"no_drawn_outline":false}},{"type":"Feature","geometry":{"type":"MultiPolygon","coordinates":[[[[5.604,-7.428],[5.66,-7.428],[5.674,-7.449],[5.737,-7.456],[5.646,-7.547],[5.611,-7.604],[5.429,-7.765],[5.408,-7.864],[5.387,-7.885],[5.394,-7.913],[5.583,-7.92],[5.583,-7.941],[5.548,-7.983],[5.541,-7.969],[5.541,-7.99],[5.527,-8.012],[5.506,-8.019],[5.379,-8.194],[5.366,-8.194],[5.337,-8.244],[5.323,-8.244],[5.281,-8.307],[5.267,-8.307],[5.267,-8.321],[5.253,-8.321],[5.246,-8.342],[5.183,-8.391],[5.183,-8.405],[5.169,-8.419],[5.148,-8.419],[5.155,-8.433],[5.12,-8.462],[5.099,-8.462],[5.099,-8.476],[5.078,-8.476],[5.064,-8.497],[4.868,-8.616],[4.805,-8.637],[4.777,-8.581],[4.748,-8.398],[4.734,-8.377],[4.741,-8.215],[4.748,-8.208],[4.756,-8.208],[4.833,-8.222],[4.91,-8.124],[5.001,-8.103],[5.036,-8.061],[5.085,-7.948],[5.155,-7.885],[5.246,-7.843],[5.26,-7.744],[5.309,-7.681],[5.485,-7.54],[5.59,-7.428],[5.604,-7.428]]],[[[-5.404,-7.892],[-5.348,-7.934],[-5.327,-8.019],[-5.222,-8.089],[-5.194,-8.201],[-5.11,-8.286],[-5.032,-8.342],[-4.913,-8.349],[-4.843,-8.377],[-4.843,-8.405],[-4.857,-8.405],[-4.885,-8.483],[-4.892,-8.532],[-4.878,-8.539],[-4.906,-8.553],[-5.018,-8.525],[-5.11,-8.433],[-5.222,-8.349],[-5.264,-8.307],[-5.32,-8.201],[-5.425,-8.124],[-5.439,-8.054],[-5.481,-8.047],[-5.509,-8.019],[-5.53,-7.941],[-5.474,-7.892],[-5.404,-7.892]]]]},"properties":{"abbr":"Pir","name":"piriform cortex","plate":28,"ap_bregma_mm":-1.65,"area_mm2":0.5165,"traced_fraction":[0.943,0.951],"n_labels":2,"no_drawn_outline":false}},{"type":"Feature","geometry":{"type":"MultiPolygon","coordinates":[[[[3.059,-6.063],[3.101,-6.105],[2.947,-6.211],[2.799,-6.345],[2.68,-6.429],[2.442,-6.654],[2.372,-6.703],[2.196,-6.879],[2.196,-6.893],[2.14,-6.942],[2.14,-6.957],[1.916,-7.196],[1.916,-7.21],[1.726,-7.393],[1.726,-7.407],[1.684,-7.442],[1.544,-7.618],[1.439,-7.793],[1.404,-7.885],[1.411,-7.948],[1.404,-7.976],[1.383,-7.976],[1.355,-8.019],[1.215,-8.124],[1.033,-8.222],[0.962,-8.237],[0.976,-8.18],[1.124,-8.04],[1.138,-8.004],[1.236,-7.899],[1.264,-7.843],[1.467,-7.568],[1.663,-7.35],[1.965,-7.041],[1.965,-7.027],[2.042,-6.949],[2.056,-6.949],[2.056,-6.935],[2.189,-6.802],[2.217,-6.788],[2.266,-6.724],[2.266,-6.696],[2.302,-6.689],[2.379,-6.64],[2.652,-6.387],[2.799,-6.288],[2.827,-6.253],[2.919,-6.19],[3.01,-6.091],[3.059,-6.063]]],[[[-1.302,-7.997],[-1.267,-8.012],[-1.085,-8.187],[-0.903,-8.3],[-0.889,-8.328],[-0.987,-8.328],[-1.218,-8.222],[-1.239,-8.166],[-1.351,-8.061],[-1.351,-8.033],[-1.302,-7.997]]]]},"properties":{"abbr":"sox","name":"supraoptic decussation","plate":28,"ap_bregma_mm":-1.65,"area_mm2":0.284,"traced_fraction":[0.997,0.993],"n_labels":2,"no_drawn_outline":false}},{"type":"Feature","geometry":{"type":"MultiPolygon","coordinates":[[[[-0.3,-6.682],[-0.258,-6.76],[-0.223,-6.795],[-0.166,-6.823],[-0.111,-6.823],[-0.096,-7.765],[-0.166,-7.864],[-0.174,-7.92],[-0.145,-7.976],[-0.174,-7.99],[-0.174,-8.391],[-0.692,-8.377],[-0.791,-8.363],[-0.889,-8.328],[-0.903,-8.3],[-1.085,-8.187],[-1.267,-8.012],[-1.302,-7.997],[-1.387,-7.906],[-1.401,-7.878],[-1.415,-7.878],[-1.415,-7.864],[-1.583,-7.702],[-1.604,-7.653],[-1.618,-7.653],[-1.639,-7.604],[-1.751,-7.456],[-1.758,-7.421],[-1.365,-7.414],[-1.225,-7.273],[-1.211,-7.273],[-1.197,-7.287],[-1.12,-7.287],[-1.036,-7.196],[-1.022,-7.196],[-0.98,-7.238],[-0.875,-7.407],[-0.812,-7.47],[-0.741,-7.498],[-0.699,-7.554],[-0.72,-7.653],[-0.678,-7.723],[-0.678,-7.744],[-0.657,-7.765],[-0.615,-7.765],[-0.608,-7.751],[-0.503,-7.751],[-0.475,-7.751],[-0.447,-7.73],[-0.433,-7.681],[-0.433,-7.554],[-0.251,-7.491],[-0.209,-7.456],[-0.188,-7.407],[-0.181,-7.315],[-0.202,-7.027],[-0.244,-6.872],[-0.265,-6.83],[-0.3,-6.802],[-0.342,-6.696],[-0.328,-6.682],[-0.3,-6.682]]]]},"properties":{"abbr":"VMHSh","name":"ventromedial nucleus of the hypothalamus shell","plate":28,"ap_bregma_mm":-1.65,"area_mm2":1.1775,"traced_fraction":[0.873],"n_labels":1,"no_drawn_outline":false}},{"type":"Feature","geometry":{"type":"MultiPolygon","coordinates":[[[[0.058,-7.751],[0.107,-7.758],[0.107,-7.772],[0.184,-7.85],[0.198,-7.913],[0.191,-7.976],[0.121,-7.997],[-0.054,-8.004],[-0.145,-7.976],[-0.174,-7.92],[-0.166,-7.864],[-0.096,-7.765],[-0.047,-7.758],[-0.019,-7.815],[0.023,-7.815],[0.058,-7.751]]]]},"properties":{"abbr":"Arc","name":"arcuate hypothalamic nucleus","plate":28,"ap_bregma_mm":-1.65,"area_mm2":0.0717,"traced_fraction":[1.0],"n_labels":1,"no_drawn_outline":false}},{"type":"Feature","geometry":{"type":"MultiPolygon","coordinates":[[[[0.345,-6.612],[0.408,-6.626],[0.338,-6.731],[0.289,-6.851],[0.275,-6.985],[0.296,-7.132],[0.289,-7.294],[0.303,-7.371],[0.345,-7.414],[0.401,-7.435],[0.387,-7.498],[0.352,-7.561],[0.352,-7.625],[0.373,-7.639],[0.38,-7.695],[0.408,-7.73],[0.436,-7.744],[0.507,-7.744],[0.633,-7.681],[0.689,-7.604],[0.724,-7.519],[0.724,-7.477],[0.745,-7.47],[0.766,-7.421],[0.927,-7.308],[1.06,-7.168],[1.131,-7.217],[1.208,-7.21],[1.334,-7.343],[1.663,-7.35],[1.467,-7.568],[1.264,-7.843],[1.236,-7.899],[1.138,-8.004],[1.124,-8.04],[0.976,-8.18],[0.962,-8.237],[0.899,-8.279],[0.78,-8.307],[0.787,-8.321],[0.745,-8.328],[0.387,-8.384],[0.345,-8.391],[0.121,-8.391],[0.121,-7.997],[0.191,-7.976],[0.198,-7.913],[0.184,-7.85],[0.107,-7.772],[0.107,-7.758],[0.107,-6.844],[0.261,-6.738],[0.345,-6.612]]]]},"properties":{"abbr":"TuLH","name":"tuberal region of lateral hypothalamus","plate":28,"ap_bregma_mm":-1.65,"area_mm2":1.1654,"traced_fraction":[0.885],"n_labels":1,"no_drawn_outline":false}},{"type":"Feature","geometry":{"type":"MultiPolygon","coordinates":[[[[3.101,-7.772],[3.248,-7.8],[3.395,-7.885],[3.521,-7.934],[3.592,-7.983],[3.704,-8.103],[3.697,-8.166],[3.641,-8.208],[3.613,-8.201],[3.423,-8.025],[3.353,-7.997],[3.248,-7.997],[3.15,-7.892],[3.094,-7.878],[3.059,-7.836],[3.101,-7.772]]],[[[-3.658,-8.3],[-3.637,-8.384],[-3.651,-8.384],[-3.651,-8.398],[-3.665,-8.398],[-3.714,-8.462],[-3.798,-8.511],[-3.819,-8.511],[-3.826,-8.525],[-3.925,-8.553],[-4.058,-8.56],[-4.142,-8.581],[-4.177,-8.623],[-4.233,-8.652],[-4.331,-8.644],[-4.394,-8.602],[-4.423,-8.602],[-4.415,-8.546],[-4.401,-8.462],[-4.394,-8.455],[-4.394,-8.44],[-4.373,-8.433],[-4.366,-8.426],[-4.296,-8.426],[-4.247,-8.469],[-4.219,-8.469],[-4.086,-8.419],[-3.925,-8.412],[-3.876,-8.391],[-3.756,-8.3],[-3.658,-8.3]]]]},"properties":{"abbr":"PLCo","name":"posterolateral cortical amygdaloid nucleus","plate":28,"ap_bregma_mm":-1.65,"area_mm2":0.2185,"traced_fraction":[0.953,1.0],"n_labels":2,"no_drawn_outline":false}},{"type":"Feature","geometry":{"type":"MultiPolygon","coordinates":[[[[-5.159,-6.527],[-5.159,-6.534],[-5.152,-6.542],[-5.138,-6.549],[-5.138,-6.591],[-5.18,-6.619],[-5.236,-6.703],[-5.306,-6.957],[-5.306,-7.076],[-5.278,-7.189],[-5.208,-7.35],[-5.18,-7.512],[-5.145,-7.561],[-5.095,-7.582],[-5.116,-7.681],[-5.032,-7.793],[-4.927,-7.843],[-4.766,-7.829],[-4.752,-7.885],[-4.759,-7.99],[-4.843,-8.377],[-4.913,-8.349],[-5.032,-8.342],[-5.11,-8.286],[-5.194,-8.201],[-5.222,-8.089],[-5.327,-8.019],[-5.348,-7.934],[-5.404,-7.892],[-5.439,-7.815],[-5.523,-7.737],[-5.53,-7.653],[-5.558,-7.625],[-5.628,-7.597],[-5.642,-7.54],[-5.692,-7.456],[-5.776,-7.371],[-5.888,-7.294],[-5.944,-7.217],[-5.986,-7.118],[-5.979,-6.964],[-5.993,-6.928],[-5.6,-6.809],[-5.348,-6.661],[-5.208,-6.542],[-5.159,-6.527]]],[[[5.218,-6.584],[5.267,-6.591],[5.366,-6.668],[5.541,-6.76],[5.933,-6.886],[6.004,-6.921],[5.94,-7.048],[5.884,-7.125],[5.842,-7.168],[5.758,-7.217],[5.737,-7.217],[5.688,-7.259],[5.604,-7.428],[5.59,-7.428],[5.485,-7.54],[5.309,-7.681],[5.26,-7.744],[5.246,-7.843],[5.155,-7.885],[5.085,-7.948],[5.036,-8.061],[5.001,-8.103],[4.91,-8.124],[4.833,-8.222],[4.756,-8.208],[4.748,-8.201],[4.756,-8.187],[4.756,-8.18],[4.798,-7.941],[4.798,-7.793],[4.769,-7.688],[4.777,-7.681],[4.784,-7.681],[4.79,-7.674],[4.805,-7.667],[4.811,-7.66],[4.959,-7.561],[5.057,-7.449],[5.078,-7.4],[5.106,-7.364],[5.12,-7.294],[5.211,-7.111],[5.225,-6.957],[5.246,-6.893],[5.253,-6.781],[5.218,-6.584]]],[[[3.465,-7.371],[3.578,-7.498],[3.83,-7.667],[3.9,-7.73],[3.921,-7.8],[3.984,-7.906],[4.026,-8.075],[4.033,-8.18],[4.012,-8.314],[3.984,-8.307],[3.914,-8.215],[3.788,-8.166],[3.704,-8.103],[3.592,-7.983],[3.521,-7.934],[3.395,-7.885],[3.248,-7.8],[3.101,-7.772],[3.129,-7.695],[3.178,-7.625],[3.248,-7.561],[3.248,-7.547],[3.374,-7.428],[3.465,-7.371]]],[[[-3.553,-7.407],[-3.413,-7.421],[-3.413,-7.625],[-3.357,-7.765],[-3.434,-7.765],[-3.539,-7.786],[-3.595,-7.815],[-3.658,-7.892],[-3.693,-8.012],[-3.686,-8.145],[-3.658,-8.3],[-3.756,-8.3],[-3.813,-8.349],[-3.925,-8.412],[-4.086,-8.419],[-4.219,-8.469],[-4.247,-8.469],[-4.296,-8.426],[-4.366,-8.426],[-4.373,-8.426],[-4.317,-8.3],[-4.205,-8.152],[-3.967,-7.99],[-3.925,-7.927],[-3.911,-7.843],[-3.791,-7.779],[-3.672,-7.667],[-3.574,-7.512],[-3.553,-7.407]]]]},"properties":{"abbr":"3","name":"layer 3 of cortex","plate":28,"ap_bregma_mm":-1.65,"area_mm2":2.3422,"traced_fraction":[0.989,0.952,1.0,1.0],"n_labels":4,"no_drawn_outline":false}},{"type":"Feature","geometry":{"type":"MultiPolygon","coordinates":[[[[-3.357,-7.765],[-3.23,-7.899],[-3.125,-7.983],[-3.076,-8.054],[-3.034,-8.159],[-3.013,-8.3],[-3.013,-8.307],[-3.034,-8.314],[-3.224,-8.37],[-3.23,-8.384],[-3.259,-8.384],[-3.462,-8.504],[-3.56,-8.546],[-3.574,-8.546],[-3.581,-8.511],[-3.616,-8.462],[-3.637,-8.384],[-3.658,-8.3],[-3.693,-8.075],[-3.686,-7.962],[-3.658,-7.892],[-3.595,-7.815],[-3.539,-7.786],[-3.434,-7.765],[-3.357,-7.765]]]]},"properties":{"abbr":"ACo","name":"anterior cortical amygdaloid nucleus","plate":28,"ap_bregma_mm":-1.65,"area_mm2":0.3588,"traced_fraction":[1.0],"n_labels":1,"no_drawn_outline":false}},{"type":"Feature","geometry":{"type":"MultiPolygon","coordinates":[[[[-6.098,-6.957],[-6.126,-7.055],[-6.126,-7.146],[-6.105,-7.203],[-6.0,-7.336],[-5.937,-7.456],[-5.839,-7.54],[-5.79,-7.625],[-5.699,-7.709],[-5.614,-7.892],[-5.572,-7.927],[-5.53,-7.941],[-5.509,-8.019],[-5.481,-8.047],[-5.439,-8.054],[-5.425,-8.124],[-5.32,-8.201],[-5.292,-8.265],[-5.222,-8.349],[-5.11,-8.433],[-5.018,-8.525],[-4.906,-8.553],[-5.004,-8.792],[-5.025,-8.785],[-5.046,-8.778],[-5.067,-8.771],[-5.067,-8.757],[-5.089,-8.757],[-5.271,-8.659],[-5.292,-8.63],[-5.341,-8.609],[-5.446,-8.511],[-5.46,-8.511],[-5.467,-8.49],[-5.481,-8.497],[-5.495,-8.476],[-5.488,-8.469],[-5.502,-8.469],[-5.523,-8.448],[-5.516,-8.44],[-5.53,-8.44],[-5.656,-8.293],[-5.65,-8.286],[-5.663,-8.286],[-5.671,-8.279],[-5.663,-8.265],[-5.762,-8.138],[-5.762,-8.117],[-5.804,-8.047],[-5.839,-8.012],[-5.86,-7.962],[-5.874,-7.962],[-5.916,-7.878],[-5.93,-7.878],[-6.007,-7.737],[-6.021,-7.737],[-6.021,-7.716],[-6.035,-7.716],[-6.042,-7.702],[-6.105,-7.597],[-6.14,-7.519],[-6.161,-7.512],[-6.161,-7.498],[-6.161,-7.477],[-6.182,-7.456],[-6.323,-7.16],[-6.358,-7.02],[-6.196,-6.964],[-6.098,-6.957]]],[[[3.059,-7.836],[3.094,-7.878],[3.15,-7.892],[3.248,-7.997],[3.353,-7.997],[3.423,-8.025],[3.613,-8.201],[3.641,-8.208],[3.655,-8.237],[3.809,-8.335],[3.858,-8.349],[3.949,-8.335],[3.998,-8.342],[3.998,-8.363],[3.914,-8.56],[3.879,-8.56],[3.704,-8.462],[3.276,-8.166],[3.255,-8.166],[3.157,-8.103],[3.143,-8.11],[3.122,-8.096],[3.073,-8.075],[3.052,-8.068],[3.031,-8.061],[3.01,-8.054],[2.989,-8.047],[2.961,-8.04],[2.968,-8.033],[2.947,-8.019],[2.996,-7.906],[3.059,-7.836]]]]},"properties":{"abbr":"1","name":"layer 1 of cortex","plate":28,"ap_bregma_mm":-1.65,"area_mm2":0.7541,"traced_fraction":[0.994,1.0],"n_labels":2,"no_drawn_outline":false}},{"type":"Feature","geometry":{"type":"MultiPolygon","coordinates":[[[[4.741,-8.215],[4.734,-8.377],[4.51,-8.363],[4.44,-8.377],[4.3,-8.462],[4.23,-8.455],[4.23,-8.469],[4.173,-8.469],[4.061,-8.426],[3.998,-8.363],[3.998,-8.342],[4.019,-8.321],[4.096,-8.321],[4.181,-8.286],[4.265,-8.286],[4.314,-8.328],[4.412,-8.335],[4.454,-8.307],[4.475,-8.251],[4.503,-8.222],[4.545,-8.215],[4.629,-8.272],[4.664,-8.272],[4.713,-8.222],[4.741,-8.215]]],[[[-4.843,-8.405],[-4.822,-8.433],[-4.773,-8.412],[-4.703,-8.412],[-4.654,-8.455],[-4.626,-8.455],[-4.584,-8.419],[-4.528,-8.419],[-4.472,-8.462],[-4.401,-8.455],[-4.401,-8.462],[-4.415,-8.546],[-4.465,-8.532],[-4.661,-8.532],[-4.738,-8.56],[-4.787,-8.56],[-4.878,-8.539],[-4.892,-8.532],[-4.885,-8.483],[-4.857,-8.405],[-4.843,-8.405]]]]},"properties":{"abbr":"RAPir","name":"rostral amygdalopiriform area","plate":28,"ap_bregma_mm":-1.65,"area_mm2":0.1432,"traced_fraction":[1.0,1.0],"n_labels":2,"no_drawn_outline":false}},{"type":"Feature","geometry":{"type":"MultiPolygon","coordinates":[[[[2.196,-2.23],[2.273,-2.307],[2.484,-2.399],[2.47,-2.441],[2.287,-2.364],[2.154,-2.329],[2.098,-2.301],[1.937,-2.272],[1.923,-2.258],[1.741,-2.23],[1.551,-2.23],[1.355,-2.265],[1.215,-2.314],[1.096,-2.378],[0.948,-2.476],[0.927,-2.504],[0.808,-2.575],[0.794,-2.596],[0.689,-2.638],[0.682,-2.589],[0.836,-2.497],[1.131,-2.258],[1.257,-2.202],[1.362,-2.174],[1.509,-2.153],[1.614,-2.153],[1.755,-2.174],[1.832,-2.167],[2.014,-2.188],[2.196,-2.23]]],[[[-1.05,-2.336],[-1.064,-2.378],[-1.204,-2.336],[-1.38,-2.307],[-1.632,-2.307],[-1.884,-2.343],[-2.473,-2.497],[-2.887,-2.687],[-2.971,-2.751],[-2.985,-2.68],[-2.999,-2.673],[-2.978,-2.631],[-2.901,-2.603],[-2.838,-2.554],[-2.789,-2.547],[-2.698,-2.497],[-2.34,-2.385],[-2.039,-2.314],[-1.737,-2.265],[-1.499,-2.251],[-1.267,-2.272],[-1.05,-2.336]]]]},"properties":{"abbr":"alv","name":"alveus of the hippocampus","plate":28,"ap_bregma_mm":-1.65,"area_mm2":0.2733,"traced_fraction":[1.0,0.995],"n_labels":2,"no_drawn_outline":false}},{"type":"Feature","geometry":{"type":"MultiPolygon","coordinates":[[[[1.748,-2.075],[2.196,-2.139],[2.231,-2.167],[2.238,-2.202],[2.196,-2.23],[2.014,-2.188],[1.832,-2.167],[1.755,-2.174],[1.614,-2.153],[1.509,-2.153],[1.362,-2.174],[1.257,-2.202],[1.131,-2.258],[0.836,-2.497],[0.682,-2.589],[0.457,-2.68],[0.226,-2.737],[0.114,-2.751],[-0.195,-2.737],[-0.356,-2.694],[-0.559,-2.575],[-0.84,-2.434],[-0.847,-2.42],[-1.05,-2.336],[-1.267,-2.272],[-1.499,-2.251],[-1.737,-2.265],[-2.039,-2.314],[-2.046,-2.244],[-2.031,-2.237],[-1.632,-2.181],[-1.239,-2.167],[-1.106,-2.174],[-0.973,-2.202],[-0.749,-2.286],[-0.629,-2.364],[-0.545,-2.441],[-0.475,-2.483],[-0.454,-2.483],[-0.391,-2.533],[-0.321,-2.561],[-0.188,-2.589],[-0.111,-2.589],[0.03,-2.596],[0.03,-2.589],[0.03,-2.568],[-0.075,-2.554],[-0.075,-2.476],[0.114,-2.476],[0.114,-2.575],[0.191,-2.575],[0.268,-2.582],[0.303,-2.561],[0.387,-2.561],[0.577,-2.483],[0.626,-2.483],[0.633,-2.469],[0.689,-2.448],[0.717,-2.413],[0.766,-2.385],[0.92,-2.216],[1.088,-2.103],[1.173,-2.075],[1.32,-2.061],[1.635,-2.061],[1.748,-2.075]]]]},"properties":{"abbr":"IG","name":"indusium griseum","plate":28,"ap_bregma_mm":-1.65,"area_mm2":0.5704,"traced_fraction":[0.975],"n_labels":1,"no_drawn_outline":false}},{"type":"Feature","geometry":{"type":"MultiPolygon","coordinates":[[[[3.662,-2.948],[3.641,-3.039],[3.641,-3.13],[3.718,-3.292],[3.718,-3.369],[3.69,-3.377],[3.641,-3.334],[3.542,-3.194],[3.325,-2.954],[3.171,-2.835],[3.003,-2.659],[2.947,-2.617],[2.89,-2.603],[2.813,-2.533],[2.652,-2.49],[2.484,-2.399],[2.273,-2.307],[2.196,-2.23],[2.238,-2.202],[2.435,-2.188],[2.568,-2.209],[2.869,-2.301],[3.143,-2.427],[3.36,-2.561],[3.458,-2.652],[3.472,-2.652],[3.62,-2.828],[3.655,-2.898],[3.662,-2.948]]],[[[-2.978,-2.631],[-2.999,-2.673],[-3.196,-2.793],[-3.245,-2.842],[-3.294,-2.849],[-3.406,-2.912],[-3.455,-2.912],[-3.469,-2.898],[-3.441,-2.842],[-3.329,-2.737],[-3.062,-2.638],[-2.978,-2.631]]]]},"properties":{"abbr":"LV","name":"lateral ventricle","plate":28,"ap_bregma_mm":-1.65,"area_mm2":0.4942,"traced_fraction":[1.0,1.0],"n_labels":2,"no_drawn_outline":false}},{"type":"Feature","geometry":{"type":"MultiPolygon","coordinates":[[[[2.47,-2.441],[2.477,-2.455],[2.687,-2.561],[2.757,-2.624],[2.792,-2.68],[2.806,-2.737],[2.806,-2.828],[2.785,-2.898],[2.701,-2.954],[2.61,-2.983],[2.414,-3.018],[2.063,-3.053],[1.979,-3.074],[1.818,-3.158],[1.677,-3.257],[1.671,-3.236],[1.614,-3.215],[1.488,-3.215],[1.306,-3.278],[1.159,-3.285],[1.131,-3.208],[1.425,-3.123],[1.544,-3.116],[1.635,-3.088],[1.853,-3.067],[1.965,-3.039],[2.421,-2.912],[2.505,-2.849],[2.526,-2.8],[2.519,-2.68],[2.393,-2.561],[2.281,-2.49],[2.126,-2.42],[2.021,-2.392],[1.965,-2.392],[1.895,-2.371],[1.797,-2.371],[1.748,-2.357],[1.544,-2.357],[1.432,-2.378],[1.348,-2.385],[1.18,-2.434],[1.173,-2.448],[1.075,-2.483],[1.004,-2.54],[0.843,-2.631],[0.689,-2.694],[0.668,-2.715],[0.556,-2.751],[0.478,-2.8],[0.429,-2.807],[0.373,-2.87],[0.324,-2.877],[0.31,-2.926],[0.219,-2.912],[0.205,-2.898],[0.205,-2.87],[0.275,-2.828],[0.401,-2.793],[0.493,-2.737],[0.535,-2.729],[0.689,-2.638],[0.794,-2.596],[0.808,-2.575],[0.927,-2.504],[0.948,-2.476],[1.215,-2.314],[1.327,-2.272],[1.551,-2.23],[1.741,-2.23],[1.923,-2.258],[1.937,-2.272],[2.049,-2.301],[2.098,-2.301],[2.47,-2.441]]],[[[-1.064,-2.378],[-0.875,-2.469],[-0.833,-2.504],[-0.531,-2.659],[-0.475,-2.701],[-0.454,-2.701],[-0.363,-2.758],[-0.166,-2.828],[-0.145,-2.863],[-0.209,-2.884],[-0.258,-2.87],[-0.307,-2.877],[-0.314,-2.877],[-0.321,-2.87],[-0.321,-2.863],[-0.356,-2.814],[-0.433,-2.793],[-0.749,-2.624],[-0.798,-2.617],[-0.91,-2.547],[-0.98,-2.533],[-1.092,-2.483],[-1.359,-2.42],[-1.611,-2.42],[-1.842,-2.448],[-2.144,-2.504],[-2.158,-2.518],[-2.403,-2.582],[-2.487,-2.624],[-2.515,-2.624],[-2.62,-2.68],[-2.705,-2.751],[-2.761,-2.828],[-2.775,-2.856],[-2.775,-2.933],[-2.733,-3.025],[-2.691,-3.067],[-2.635,-3.095],[-2.466,-3.144],[-2.291,-3.173],[-1.976,-3.18],[-1.891,-3.194],[-1.464,-3.187],[-1.197,-3.25],[-1.239,-3.32],[-1.492,-3.278],[-1.625,-3.278],[-1.653,-3.285],[-1.688,-3.32],[-1.716,-3.327],[-1.765,-3.384],[-1.863,-3.348],[-1.884,-3.32],[-2.095,-3.271],[-2.347,-3.25],[-2.607,-3.208],[-2.803,-3.208],[-2.943,-3.166],[-3.034,-3.095],[-3.062,-3.06],[-3.09,-2.983],[-3.062,-2.87],[-2.971,-2.751],[-2.887,-2.687],[-2.473,-2.497],[-1.884,-2.343],[-1.632,-2.307],[-1.38,-2.307],[-1.204,-2.336],[-1.064,-2.378]]]]},"properties":{"abbr":"Or","name":"oriens layer of the hippocampus","plate":28,"ap_bregma_mm":-1.65,"area_mm2":1.0467,"traced_fraction":[1.0,1.0],"n_labels":2,"no_drawn_outline":false}},{"type":"Feature","geometry":{"type":"MultiPolygon","coordinates":[[[[-1.05,-2.336],[-0.847,-2.42],[-0.84,-2.434],[-0.559,-2.575],[-0.356,-2.694],[-0.195,-2.737],[0.002,-2.751],[0.226,-2.737],[0.457,-2.68],[0.682,-2.589],[0.689,-2.638],[0.535,-2.729],[0.493,-2.737],[0.401,-2.793],[0.275,-2.828],[0.205,-2.87],[0.163,-2.87],[0.114,-2.905],[0.093,-2.905],[0.079,-2.884],[0.016,-2.884],[-0.033,-2.919],[-0.075,-2.87],[-0.124,-2.863],[-0.145,-2.863],[-0.166,-2.828],[-0.363,-2.758],[-0.734,-2.561],[-0.875,-2.469],[-1.064,-2.378],[-1.05,-2.336]]]]},"properties":{"abbr":"dhc","name":"dorsal hippocampal commissure","plate":28,"ap_bregma_mm":-1.65,"area_mm2":0.1547,"traced_fraction":[1.0],"n_labels":1,"no_drawn_outline":false}},{"type":"Feature","geometry":{"type":"MultiPolygon","coordinates":[[[[-1.309,-3.053],[-1.457,-3.032],[-1.443,-2.87],[-1.436,-2.856],[-1.436,-2.807],[-1.001,-2.807],[-0.994,-2.849],[-0.952,-2.856],[-0.896,-2.898],[-0.896,-2.948],[-0.945,-2.976],[-1.064,-2.983],[-1.302,-2.969],[-1.309,-3.053]]],[[[-0.124,-2.863],[-0.075,-2.87],[-0.033,-2.919],[-0.139,-3.102],[-0.145,-3.144],[-0.174,-3.158],[-0.209,-3.229],[-0.433,-3.454],[-0.447,-3.51],[-0.454,-3.517],[-0.496,-3.517],[-0.545,-3.552],[-0.65,-3.581],[-0.924,-3.588],[-0.959,-3.573],[-1.036,-3.573],[-1.12,-3.602],[-1.148,-3.637],[-1.26,-3.623],[-1.604,-3.496],[-1.695,-3.447],[-1.765,-3.384],[-1.716,-3.327],[-1.688,-3.32],[-1.681,-3.334],[-1.485,-3.348],[-1.26,-3.412],[-1.169,-3.412],[-1.064,-3.384],[-0.966,-3.384],[-0.854,-3.412],[-0.755,-3.412],[-0.545,-3.306],[-0.426,-3.229],[-0.356,-3.152],[-0.307,-3.067],[-0.328,-3.011],[-0.307,-2.976],[-0.244,-2.99],[-0.216,-2.948],[-0.132,-2.905],[-0.124,-2.863]]],[[[1.671,-3.285],[1.677,-3.348],[1.488,-3.489],[1.362,-3.559],[1.054,-3.545],[1.025,-3.559],[0.822,-3.566],[0.64,-3.545],[0.528,-3.482],[0.499,-3.482],[0.422,-3.384],[0.317,-3.313],[0.261,-3.236],[0.17,-3.074],[0.163,-3.039],[0.345,-3.032],[0.436,-3.187],[0.457,-3.194],[0.499,-3.25],[0.528,-3.257],[0.528,-3.271],[0.612,-3.32],[0.696,-3.334],[0.808,-3.377],[1.327,-3.348],[1.39,-3.313],[1.516,-3.278],[1.635,-3.271],[1.671,-3.285]]]]},"properties":{"abbr":"MoDG","name":"molecular layer of the dentate gyrus","plate":28,"ap_bregma_mm":-1.65,"area_mm2":0.7395,"traced_fraction":[0.898,1.0,0.97],"n_labels":3,"no_drawn_outline":false}},{"type":"Feature","geometry":{"type":"MultiPolygon","coordinates":[[[[6.017,-2.554],[6.046,-2.568],[6.046,-2.582],[6.123,-2.652],[6.179,-2.729],[6.263,-2.8],[6.263,-2.814],[6.375,-2.933],[5.225,-3.834],[4.966,-3.559],[4.966,-3.545],[6.017,-2.554]]],[[[-5.923,-2.603],[-5.895,-2.638],[-5.846,-2.652],[-5.797,-2.708],[-5.509,-2.926],[-5.481,-2.954],[-5.481,-2.99],[-5.439,-2.99],[-5.299,-3.088],[-5.215,-3.173],[-5.103,-3.25],[-5.032,-3.32],[-4.899,-3.412],[-4.759,-3.545],[-4.745,-3.545],[-4.885,-3.721],[-4.955,-3.834],[-4.99,-3.862],[-5.018,-3.855],[-5.074,-3.806],[-5.236,-3.707],[-5.25,-3.686],[-5.348,-3.63],[-5.362,-3.609],[-5.46,-3.552],[-5.474,-3.531],[-6.26,-2.99],[-6.26,-2.969],[-6.196,-2.884],[-6.168,-2.87],[-6.035,-2.701],[-5.965,-2.631],[-5.951,-2.631],[-5.937,-2.603],[-5.923,-2.603]]]]},"properties":{"abbr":"S2","name":"secondary somatosensory cortex","plate":28,"ap_bregma_mm":-1.65,"area_mm2":1.3716,"traced_fraction":[1.0,0.952],"n_labels":4,"no_drawn_outline":false}},{"type":"Feature","geometry":{"type":"MultiPolygon","coordinates":[[[[-0.209,-3.229],[-0.166,-3.257],[-0.145,-3.327],[-0.082,-3.334],[-0.082,-3.384],[-0.117,-3.461],[-0.111,-3.51],[-0.117,-3.728],[-0.195,-3.728],[-0.216,-3.742],[-0.265,-3.686],[-0.286,-3.679],[-0.286,-3.665],[-0.349,-3.602],[-0.356,-3.573],[-0.412,-3.517],[-0.447,-3.51],[-0.433,-3.454],[-0.209,-3.229]]],[[[0.317,-3.313],[0.422,-3.384],[0.499,-3.482],[0.486,-3.496],[0.408,-3.531],[0.24,-3.742],[0.086,-3.735],[0.086,-3.566],[0.149,-3.573],[0.191,-3.545],[0.226,-3.461],[0.275,-3.419],[0.296,-3.341],[0.317,-3.313]]]]},"properties":{"abbr":"MHb","name":"medial habenular nucleus","plate":28,"ap_bregma_mm":-1.65,"area_mm2":0.1928,"traced_fraction":[0.802,0.789],"n_labels":2,"no_drawn_outline":false}},{"type":"Feature","geometry":{"type":"MultiPolygon","coordinates":[[[[0.478,-3.658],[0.556,-3.672],[0.808,-3.813],[0.955,-3.848],[0.983,-3.876],[0.92,-3.918],[0.822,-3.911],[0.703,-3.939],[0.549,-3.939],[0.444,-3.904],[0.478,-3.841],[0.478,-3.658]]],[[[-0.468,-3.679],[-0.461,-3.792],[-0.44,-3.876],[-0.405,-3.932],[-0.384,-3.939],[-0.391,-3.953],[-0.503,-3.981],[-0.58,-3.995],[-0.749,-3.967],[-0.826,-3.939],[-0.84,-3.918],[-0.791,-3.876],[-0.713,-3.848],[-0.664,-3.806],[-0.643,-3.806],[-0.643,-3.792],[-0.601,-3.77],[-0.51,-3.686],[-0.468,-3.679]]]]},"properties":{"abbr":"LHb","name":"lateral habenular nucleus","plate":28,"ap_bregma_mm":-1.65,"area_mm2":0.1559,"traced_fraction":[1.0,1.0],"n_labels":2,"no_drawn_outline":false}},{"type":"Feature","geometry":{"type":"MultiPolygon","coordinates":[[[[-1.26,-3.623],[-1.148,-3.637],[-1.148,-3.658],[-1.134,-3.658],[-1.134,-3.672],[-1.05,-3.742],[-1.05,-3.784],[-1.015,-3.827],[-1.043,-3.841],[-1.12,-3.946],[-1.316,-3.939],[-1.274,-3.841],[-1.26,-3.623]]],[[[1.187,-3.686],[1.187,-3.707],[1.264,-3.792],[1.285,-3.799],[1.348,-3.897],[1.271,-3.981],[1.271,-4.08],[1.215,-4.087],[1.208,-4.052],[1.152,-3.96],[1.039,-3.855],[1.075,-3.799],[1.088,-3.707],[1.187,-3.686]]]]},"properties":{"abbr":"CL","name":"centrolateral thalamic nucleus","plate":28,"ap_bregma_mm":-1.65,"area_mm2":0.1251,"traced_fraction":[0.874,1.0],"n_labels":2,"no_drawn_outline":false}},{"type":"Feature","geometry":{"type":"MultiPolygon","coordinates":[[[[0.444,-3.904],[0.549,-3.939],[0.703,-3.939],[0.822,-3.911],[0.92,-3.918],[0.885,-3.953],[0.731,-4.009],[0.598,-4.024],[0.478,-4.024],[0.373,-3.988],[0.289,-3.981],[0.198,-4.045],[0.184,-4.045],[0.184,-3.96],[0.226,-3.918],[0.444,-3.904]]]]},"properties":{"abbr":"fr","name":"fasciculus retroflexus","plate":28,"ap_bregma_mm":-1.65,"area_mm2":0.0579,"traced_fraction":[1.0],"n_labels":2,"no_drawn_outline":false}},{"type":"Feature","geometry":{"type":"MultiPolygon","coordinates":[[[[6.375,-2.933],[6.557,-3.144],[6.557,-3.158],[6.578,-3.166],[6.67,-3.306],[6.705,-3.334],[6.719,-3.369],[6.775,-3.433],[6.88,-3.609],[6.901,-3.609],[6.908,-3.623],[6.901,-3.644],[6.929,-3.672],[6.95,-3.735],[6.964,-3.742],[7.09,-3.988],[7.16,-4.164],[7.167,-4.213],[7.182,-4.213],[7.245,-4.467],[7.252,-4.488],[7.245,-4.516],[7.266,-4.678],[7.287,-4.678],[7.287,-5.079],[7.266,-5.079],[7.259,-5.177],[7.237,-5.247],[6.978,-5.191],[6.599,-5.135],[5.534,-4.938],[5.527,-4.572],[5.499,-4.41],[5.408,-4.171],[5.26,-3.897],[5.225,-3.855],[5.225,-3.834],[6.375,-2.933]]],[[[-6.26,-2.99],[-5.474,-3.531],[-5.46,-3.552],[-5.25,-3.686],[-5.236,-3.707],[-5.074,-3.806],[-5.018,-3.855],[-4.99,-3.862],[-5.18,-4.213],[-5.222,-4.333],[-5.355,-4.614],[-5.404,-4.79],[-5.425,-4.98],[-5.53,-4.98],[-5.748,-5.022],[-5.867,-5.029],[-7.15,-5.212],[-7.325,-5.219],[-7.283,-4.938],[-7.22,-4.713],[-7.073,-4.312],[-6.961,-4.066],[-6.961,-4.059],[-6.953,-4.045],[-6.947,-4.031],[-6.94,-4.017],[-6.932,-4.003],[-6.926,-3.988],[-6.919,-3.974],[-6.911,-3.96],[-6.904,-3.946],[-6.904,-3.939],[-6.883,-3.932],[-6.876,-3.897],[-6.869,-3.883],[-6.862,-3.869],[-6.855,-3.855],[-6.848,-3.841],[-6.841,-3.827],[-6.82,-3.792],[-6.813,-3.777],[-6.806,-3.763],[-6.799,-3.763],[-6.729,-3.637],[-6.708,-3.623],[-6.715,-3.616],[-6.694,-3.581],[-6.687,-3.566],[-6.68,-3.552],[-6.673,-3.559],[-6.673,-3.545],[-6.673,-3.538],[-6.652,-3.531],[-6.645,-3.503],[-6.624,-3.489],[-6.533,-3.334],[-6.519,-3.334],[-6.498,-3.285],[-6.47,-3.264],[-6.449,-3.215],[-6.435,-3.215],[-6.414,-3.166],[-6.4,-3.166],[-6.315,-3.039],[-6.302,-3.039],[-6.273,-2.99],[-6.26,-2.99]]],[[[-6.961,-4.059],[-6.961,-4.066],[-6.968,-4.066],[-6.961,-4.059]]]]},"properties":{"abbr":"Au1","name":"primary auditory cortex","plate":28,"ap_bregma_mm":-1.65,"area_mm2":6.1654,"traced_fraction":[1.0,1.0,1.0],"n_labels":4,"no_drawn_outline":false}},{"type":"Feature","geometry":{"type":"MultiPolygon","coordinates":[[[[0.114,-4.657],[0.121,-4.776],[0.184,-4.882],[0.156,-4.903],[0.093,-4.917],[-0.117,-4.917],[-0.188,-4.896],[-0.153,-4.811],[-0.139,-4.664],[-0.061,-4.643],[0.065,-4.643],[0.114,-4.657]]]]},"properties":{"abbr":"IMD","name":"intermediodorsal thalamic nucleus","plate":28,"ap_bregma_mm":-1.65,"area_mm2":0.0779,"traced_fraction":[1.0],"n_labels":1,"no_drawn_outline":false}},{"type":"Feature","geometry":{"type":"MultiPolygon","coordinates":[[[[4.244,-5.578],[4.244,-5.592],[4.181,-5.655],[3.858,-5.873],[3.816,-5.894],[3.781,-5.894],[3.746,-5.845],[3.704,-5.831],[3.563,-5.845],[3.437,-5.909],[3.367,-5.972],[3.332,-5.986],[3.241,-6.091],[3.185,-6.084],[3.101,-6.105],[3.059,-6.063],[3.059,-6.042],[3.101,-6.007],[3.171,-5.894],[3.213,-5.852],[3.234,-5.852],[3.367,-5.74],[3.535,-5.641],[3.928,-5.501],[3.991,-5.487],[4.118,-5.487],[4.173,-5.515],[4.23,-5.578],[4.244,-5.578]]],[[[-3.539,-5.733],[-3.434,-5.902],[-3.371,-5.965],[-3.343,-5.972],[-3.259,-6.098],[-3.048,-6.267],[-3.006,-6.323],[-3.055,-6.338],[-3.125,-6.309],[-3.196,-6.253],[-3.28,-6.162],[-3.392,-6.084],[-3.546,-6.014],[-3.721,-5.972],[-3.721,-5.733],[-3.539,-5.733]]]]},"properties":{"abbr":"B","name":"basal nucleus (Meynert)","plate":28,"ap_bregma_mm":-1.65,"area_mm2":0.3873,"traced_fraction":[0.955,0.804],"n_labels":2,"no_drawn_outline":false}},{"type":"Feature","geometry":{"type":"MultiPolygon","coordinates":[[[[1.698,-5.726],[1.972,-5.726],[1.986,-5.768],[1.909,-5.81],[1.853,-5.824],[1.846,-5.845],[1.867,-5.873],[1.783,-5.923],[1.713,-5.937],[1.705,-5.887],[1.741,-5.866],[1.741,-5.831],[1.705,-5.775],[1.698,-5.726]]]]},"properties":{"abbr":"ml","name":"medial lemniscus","plate":28,"ap_bregma_mm":-1.65,"area_mm2":0.0354,"traced_fraction":[0.732],"n_labels":2,"no_drawn_outline":false}},{"type":"Feature","geometry":{"type":"MultiPolygon","coordinates":[[[[-3.819,-6.232],[-3.798,-6.26],[-3.735,-6.288],[-3.658,-6.366],[-3.567,-6.499],[-3.518,-6.626],[-3.497,-6.851],[-3.49,-6.872],[-3.469,-6.879],[-3.525,-7.006],[-3.574,-7.055],[-3.665,-7.111],[-3.763,-7.006],[-3.862,-6.928],[-3.918,-6.823],[-4.044,-6.647],[-4.1,-6.436],[-4.086,-6.387],[-4.03,-6.309],[-3.925,-6.239],[-3.819,-6.232]]]]},"properties":{"abbr":"CeC","name":"central amygdaloid nucleus, capsular part","plate":28,"ap_bregma_mm":-1.65,"area_mm2":0.3396,"traced_fraction":[0.974],"n_labels":1,"no_drawn_outline":false}},{"type":"Feature","geometry":{"type":"MultiPolygon","coordinates":[[[[4.279,-6.218],[4.3,-6.253],[4.314,-6.253],[4.251,-6.317],[4.244,-6.345],[4.23,-6.345],[4.195,-6.387],[4.167,-6.45],[4.089,-6.563],[4.061,-6.584],[3.949,-6.774],[3.844,-6.893],[3.753,-7.062],[3.613,-7.21],[3.557,-7.21],[3.486,-7.182],[3.416,-7.174],[3.409,-7.168],[3.409,-7.076],[3.479,-7.055],[3.557,-7.006],[3.557,-6.992],[3.676,-6.879],[3.676,-6.865],[3.928,-6.647],[4.012,-6.534],[4.026,-6.492],[4.118,-6.352],[4.223,-6.232],[4.279,-6.218]]],[[[-4.044,-6.647],[-3.918,-6.823],[-3.862,-6.928],[-3.763,-7.006],[-3.665,-7.111],[-3.63,-7.182],[-3.581,-7.203],[-3.588,-7.224],[-3.553,-7.259],[-3.441,-7.301],[-3.371,-7.287],[-3.343,-7.266],[-3.294,-7.266],[-3.245,-7.35],[-3.315,-7.4],[-3.413,-7.421],[-3.553,-7.407],[-3.588,-7.378],[-3.665,-7.357],[-3.728,-7.315],[-3.777,-7.259],[-3.883,-7.048],[-3.995,-6.879],[-4.044,-6.83],[-4.044,-6.809],[-4.114,-6.703],[-4.114,-6.682],[-4.079,-6.654],[-4.044,-6.647]]]]},"properties":{"abbr":"STIA","name":"bed nucleus of the stria terminalis, intraamygdaloid division","plate":28,"ap_bregma_mm":-1.65,"area_mm2":0.2979,"traced_fraction":[0.994,0.991],"n_labels":2,"no_drawn_outline":false}},{"type":"Feature","geometry":{"type":"MultiPolygon","coordinates":[[[[1.159,-6.879],[1.194,-6.957],[1.222,-7.09],[1.222,-7.182],[1.208,-7.21],[1.131,-7.217],[1.06,-7.168],[1.033,-7.125],[0.997,-6.985],[1.018,-6.879],[1.025,-6.872],[1.103,-6.858],[1.159,-6.879]]],[[[-1.064,-6.957],[-1.029,-6.971],[-1.001,-7.006],[-1.001,-7.139],[-1.015,-7.146],[-1.022,-7.196],[-1.036,-7.196],[-1.12,-7.287],[-1.197,-7.287],[-1.211,-7.273],[-1.232,-7.252],[-1.232,-7.16],[-1.197,-7.034],[-1.162,-6.985],[-1.064,-6.957]]]]},"properties":{"abbr":"f","name":"fornix","plate":28,"ap_bregma_mm":-1.65,"area_mm2":0.1196,"traced_fraction":[1.0,1.0],"n_labels":2,"no_drawn_outline":false}},{"type":"Feature","geometry":{"type":"MultiPolygon","coordinates":[[[[0.997,-6.985],[1.033,-7.125],[1.06,-7.168],[0.927,-7.308],[0.766,-7.421],[0.731,-7.4],[0.717,-7.35],[0.717,-7.329],[0.71,-7.336],[0.668,-7.308],[0.668,-7.287],[0.682,-7.287],[0.703,-7.245],[0.703,-7.139],[0.885,-7.139],[0.948,-7.069],[0.976,-6.992],[0.997,-6.985]]]]},"properties":{"abbr":"AHC","name":"anterior hypothalamic area, central part","plate":28,"ap_bregma_mm":-1.65,"area_mm2":0.0777,"traced_fraction":[0.832],"n_labels":1,"no_drawn_outline":false}},{"type":"Feature","geometry":{"type":"MultiPolygon","coordinates":[[[[-0.503,-7.751],[-0.608,-7.751],[-0.678,-7.723],[-0.72,-7.653],[-0.699,-7.554],[-0.643,-7.526],[-0.573,-7.526],[-0.524,-7.547],[-0.468,-7.632],[-0.468,-7.681],[-0.496,-7.716],[-0.503,-7.751]]]]},"properties":{"abbr":"VMH","name":"ventromedial hypothalamic nucleus","plate":28,"ap_bregma_mm":-1.65,"area_mm2":0.0451,"traced_fraction":[1.0],"n_labels":1,"no_drawn_outline":false}},{"type":"Feature","geometry":{"type":"MultiPolygon","coordinates":[[[[-0.145,-7.976],[-0.054,-8.004],[0.121,-7.997],[0.121,-8.391],[-0.174,-8.391],[-0.174,-7.99],[-0.145,-7.976]]]]},"properties":{"abbr":"RCh","name":"retrochiasmatic area","plate":28,"ap_bregma_mm":-1.65,"area_mm2":0.1164,"traced_fraction":[0.507],"n_labels":1,"no_drawn_outline":true}},{"type":"Feature","geometry":{"type":"Polygon","coordinates":[[[0.885,-0.718],[0.864,-0.739],[0.738,-0.746],[0.549,-0.788],[0.422,-0.823],[0.233,-0.936],[0.177,-1.006],[0.163,-1.006],[0.128,-1.063],[0.051,-1.259],[0.03,-1.259],[0.002,-1.161],[-0.054,-1.07],[-0.068,-1.07],[-0.068,-1.056],[-0.082,-1.056],[-0.082,-1.042],[-0.181,-0.943],[-0.363,-0.845],[-0.482,-0.816],[-0.482,-0.795],[-0.426,-0.795],[-0.16,-0.915],[-0.139,-0.95],[-0.117,-0.957],[0.03,-1.175],[0.044,-1.175],[0.156,-0.957],[0.38,-0.823],[0.38,-0.809],[0.415,-0.788],[0.668,-0.732],[0.696,-0.711],[0.885,-0.718]]]},"properties":{"abbr":null,"name":"unnamed sealed face","plate":28,"ap_bregma_mm":-1.65,"index":0}},{"type":"Feature","geometry":{"type":"Polygon","coordinates":[[[2.119,-0.767],[2.372,-0.774],[3.227,-0.936],[3.557,-1.063],[3.557,-1.07],[3.255,-0.992],[2.989,-0.922],[2.729,-0.873],[2.344,-0.809],[2.119,-0.788],[2.119,-0.767]]]},"properties":{"abbr":null,"name":"unnamed sealed face","plate":28,"ap_bregma_mm":-1.65,"index":1}},{"type":"Feature","geometry":{"type":"Polygon","coordinates":[[[-2.628,-1.034],[-2.628,-1.049],[-3.202,-1.182],[-3.56,-1.267],[-3.798,-1.302],[-4.051,-1.379],[-4.331,-1.471],[-4.31,-1.407],[-3.834,-1.267],[-2.628,-1.034]]]},"properties":{"abbr":null,"name":"unnamed sealed face","plate":28,"ap_bregma_mm":-1.65,"index":2}},{"type":"Feature","geometry":{"type":"Polygon","coordinates":[[[5.274,-1.893],[5.366,-1.9],[5.73,-2.251],[5.744,-2.251],[5.751,-2.272],[5.828,-2.258],[5.863,-2.286],[5.863,-2.301],[5.814,-2.336],[5.835,-2.343],[5.954,-2.462],[5.968,-2.462],[6.017,-2.526],[6.032,-2.526],[6.221,-2.701],[6.298,-2.807],[6.817,-3.405],[6.803,-3.44],[6.866,-3.454],[6.901,-3.609],[6.88,-3.609],[6.775,-3.433],[6.754,-3.419],[6.705,-3.334],[6.67,-3.306],[6.578,-3.166],[6.557,-3.158],[6.557,-3.144],[6.375,-2.933],[6.263,-2.814],[6.263,-2.8],[6.207,-2.758],[6.123,-2.652],[6.046,-2.582],[6.046,-2.568],[6.017,-2.554],[6.017,-2.54],[6.004,-2.54],[5.975,-2.497],[5.877,-2.42],[5.807,-2.35],[5.807,-2.336],[5.751,-2.301],[5.751,-2.286],[5.737,-2.286],[5.534,-2.103],[5.499,-2.089],[5.499,-2.075],[5.429,-2.026],[5.429,-2.012],[5.281,-1.914],[5.274,-1.893]]]},"properties":{"abbr":null,"name":"unnamed sealed face","plate":28,"ap_bregma_mm":-1.65,"index":3}},{"type":"Feature","geometry":{"type":"Polygon","coordinates":[[[-5.348,-2.047],[-5.355,-2.068],[-5.509,-2.181],[-5.509,-2.195],[-5.6,-2.265],[-5.607,-2.286],[-5.621,-2.286],[-5.656,-2.329],[-5.671,-2.329],[-5.671,-2.343],[-5.684,-2.343],[-5.684,-2.357],[-5.762,-2.413],[-5.762,-2.427],[-5.776,-2.427],[-5.776,-2.441],[-5.79,-2.441],[-5.79,-2.455],[-5.804,-2.455],[-5.804,-2.469],[-5.818,-2.469],[-5.818,-2.483],[-5.916,-2.575],[-5.923,-2.603],[-5.937,-2.603],[-5.951,-2.631],[-5.965,-2.631],[-6.035,-2.701],[-6.168,-2.87],[-6.196,-2.884],[-6.26,-2.969],[-6.26,-2.99],[-6.273,-2.99],[-6.386,-3.13],[-6.4,-3.166],[-6.414,-3.166],[-6.435,-3.215],[-6.449,-3.215],[-6.47,-3.264],[-6.498,-3.285],[-6.519,-3.334],[-6.533,-3.334],[-6.54,-3.362],[-6.645,-3.503],[-6.652,-3.531],[-6.673,-3.538],[-6.442,-3.116],[-6.309,-2.983],[-6.309,-2.969],[-6.091,-2.729],[-5.923,-2.518],[-5.874,-2.469],[-5.839,-2.483],[-5.635,-2.244],[-5.425,-2.103],[-5.404,-2.082],[-5.418,-2.047],[-5.348,-2.047]]]},"properties":{"abbr":null,"name":"unnamed sealed face","plate":28,"ap_bregma_mm":-1.65,"index":4}},{"type":"Feature","geometry":{"type":"Polygon","coordinates":[[[0.205,-2.87],[0.205,-2.898],[0.219,-2.912],[0.31,-2.926],[0.345,-2.962],[0.401,-2.948],[0.457,-3.039],[0.521,-3.102],[0.647,-3.173],[0.892,-3.229],[1.131,-3.208],[1.159,-3.285],[1.306,-3.278],[1.488,-3.215],[1.614,-3.215],[1.671,-3.236],[1.677,-3.257],[1.671,-3.285],[1.635,-3.271],[1.516,-3.278],[1.39,-3.313],[1.327,-3.348],[0.808,-3.377],[0.696,-3.334],[0.612,-3.32],[0.528,-3.271],[0.528,-3.257],[0.499,-3.25],[0.499,-3.236],[0.436,-3.187],[0.345,-3.032],[0.163,-3.039],[0.17,-3.074],[0.261,-3.236],[0.219,-3.285],[0.156,-3.292],[0.107,-3.334],[0.065,-3.341],[0.016,-3.229],[-0.026,-3.187],[-0.145,-3.144],[-0.139,-3.102],[-0.033,-2.919],[0.016,-2.884],[0.079,-2.884],[0.093,-2.905],[0.114,-2.905],[0.163,-2.87],[0.205,-2.87]]]},"properties":{"abbr":null,"name":"unnamed sealed face","plate":28,"ap_bregma_mm":-1.65,"index":5}},{"type":"Feature","geometry":{"type":"Polygon","coordinates":[[[-0.328,-3.011],[-0.307,-3.067],[-0.356,-3.152],[-0.426,-3.229],[-0.545,-3.306],[-0.755,-3.412],[-0.854,-3.412],[-0.966,-3.384],[-1.064,-3.384],[-1.169,-3.412],[-1.26,-3.412],[-1.485,-3.348],[-1.681,-3.334],[-1.688,-3.32],[-1.674,-3.299],[-1.625,-3.278],[-1.492,-3.278],[-1.239,-3.32],[-1.19,-3.334],[-1.141,-3.334],[-1.113,-3.32],[-0.938,-3.32],[-0.889,-3.334],[-0.727,-3.32],[-0.636,-3.285],[-0.496,-3.187],[-0.468,-3.18],[-0.405,-3.123],[-0.405,-3.109],[-0.391,-3.109],[-0.377,-3.074],[-0.356,-3.018],[-0.328,-3.011]]]},"properties":{"abbr":null,"name":"unnamed sealed face","plate":28,"ap_bregma_mm":-1.65,"index":6}},{"type":"Feature","geometry":{"type":"Polygon","coordinates":[[[0.486,-3.496],[0.478,-3.658],[0.478,-3.841],[0.444,-3.904],[0.226,-3.918],[0.212,-3.876],[0.212,-3.799],[0.24,-3.742],[0.408,-3.531],[0.486,-3.496]]]},"properties":{"abbr":null,"name":"unnamed sealed face","plate":28,"ap_bregma_mm":-1.65,"index":7}},{"type":"Feature","geometry":{"type":"Polygon","coordinates":[[[-0.447,-3.51],[-0.412,-3.517],[-0.356,-3.573],[-0.349,-3.602],[-0.286,-3.665],[-0.286,-3.679],[-0.265,-3.686],[-0.216,-3.742],[-0.188,-3.799],[-0.202,-3.939],[-0.202,-3.946],[-0.384,-3.939],[-0.405,-3.932],[-0.44,-3.876],[-0.461,-3.792],[-0.468,-3.679],[-0.454,-3.517],[-0.447,-3.51]]]},"properties":{"abbr":null,"name":"unnamed sealed face","plate":28,"ap_bregma_mm":-1.65,"index":8}},{"type":"Feature","geometry":{"type":"Polygon","coordinates":[[[1.362,-3.559],[1.348,-3.588],[1.187,-3.686],[1.088,-3.707],[1.033,-3.707],[0.948,-3.672],[0.829,-3.595],[0.822,-3.566],[1.025,-3.559],[1.054,-3.545],[1.362,-3.559]]]},"properties":{"abbr":null,"name":"unnamed sealed face","plate":28,"ap_bregma_mm":-1.65,"index":9}},{"type":"Feature","geometry":{"type":"Polygon","coordinates":[[[-0.65,-3.581],[-0.671,-3.609],[-0.791,-3.651],[-0.889,-3.742],[-1.05,-3.742],[-1.085,-3.721],[-1.134,-3.658],[-1.148,-3.658],[-1.148,-3.637],[-1.12,-3.602],[-1.036,-3.573],[-0.959,-3.573],[-0.924,-3.588],[-0.65,-3.581]]]},"properties":{"abbr":null,"name":"unnamed sealed face","plate":28,"ap_bregma_mm":-1.65,"index":10}},{"type":"Feature","geometry":{"type":"Polygon","coordinates":[[[-6.968,-4.066],[-6.961,-4.066],[-7.073,-4.312],[-7.22,-4.713],[-7.283,-4.938],[-7.325,-5.219],[-7.325,-5.402],[-7.311,-5.494],[-7.227,-5.782],[-7.234,-5.782],[-7.304,-5.676],[-7.367,-5.128],[-7.164,-4.417],[-7.108,-4.326],[-7.073,-4.298],[-7.087,-4.213],[-7.038,-4.192],[-7.052,-4.122],[-6.996,-4.122],[-6.968,-4.066]]]},"properties":{"abbr":null,"name":"unnamed sealed face","plate":28,"ap_bregma_mm":-1.65,"index":11}},{"type":"Feature","geometry":{"type":"Polygon","coordinates":[[[0.436,-5.866],[0.499,-5.916],[0.514,-5.972],[0.556,-6.035],[0.682,-6.084],[0.703,-6.105],[0.626,-6.155],[0.619,-6.19],[0.64,-6.225],[0.415,-6.295],[0.345,-6.33],[0.324,-6.359],[0.24,-6.387],[0.156,-6.443],[0.121,-6.499],[0.107,-6.499],[0.107,-6.52],[0.072,-6.57],[0.051,-6.513],[0.009,-6.506],[-0.012,-6.52],[-0.026,-6.549],[-0.04,-6.689],[-0.054,-6.689],[-0.068,-6.661],[-0.075,-6.478],[-0.181,-6.415],[-0.293,-6.387],[-0.356,-6.33],[-0.447,-6.295],[-0.622,-6.281],[-0.629,-6.218],[-0.538,-6.162],[-0.524,-6.134],[-0.496,-6.134],[-0.503,-6.113],[-0.475,-6.049],[-0.475,-5.979],[-0.447,-5.972],[-0.391,-5.902],[-0.349,-5.894],[-0.356,-6.077],[-0.335,-6.162],[-0.307,-6.19],[-0.307,-6.239],[-0.026,-6.246],[0.065,-6.253],[0.352,-6.225],[0.352,-6.183],[0.387,-6.141],[0.415,-6.042],[0.415,-5.894],[0.436,-5.866]]]},"properties":{"abbr":null,"name":"unnamed sealed face","plate":28,"ap_bregma_mm":-1.65,"index":12}},{"type":"Feature","geometry":{"type":"Polygon","coordinates":[[[6.929,-6.014],[6.803,-6.253],[6.677,-6.38],[6.677,-6.394],[6.593,-6.464],[6.593,-6.478],[6.501,-6.563],[6.501,-6.577],[6.305,-6.647],[6.361,-6.893],[6.291,-7.055],[6.214,-7.16],[6.109,-7.343],[5.604,-7.913],[5.597,-7.899],[5.632,-7.871],[5.653,-7.829],[5.667,-7.829],[5.695,-7.779],[5.709,-7.779],[5.772,-7.688],[5.786,-7.688],[5.835,-7.611],[5.849,-7.611],[5.898,-7.547],[5.912,-7.512],[5.926,-7.512],[5.996,-7.4],[6.053,-7.343],[6.249,-7.034],[6.326,-6.921],[6.319,-6.851],[6.277,-6.745],[6.277,-6.661],[6.298,-6.612],[6.326,-6.591],[6.375,-6.584],[6.473,-6.542],[6.593,-6.436],[6.642,-6.359],[6.677,-6.338],[6.719,-6.274],[6.733,-6.274],[6.887,-6.07],[6.908,-6.021],[6.929,-6.014]]]},"properties":{"abbr":null,"name":"unnamed sealed face","plate":28,"ap_bregma_mm":-1.65,"index":13}},{"type":"Feature","geometry":{"type":"Polygon","coordinates":[[[5.583,-7.92],[5.597,-7.92],[5.583,-7.941],[5.583,-7.92]]]},"properties":{"abbr":null,"name":"unnamed sealed face","plate":28,"ap_bregma_mm":-1.65,"index":14}},{"type":"Feature","geometry":{"type":"Polygon","coordinates":[[[-3.006,-6.323],[-2.922,-6.373],[-2.789,-6.492],[-2.733,-6.52],[-2.712,-6.549],[-2.677,-6.563],[-2.628,-6.612],[-2.592,-6.626],[-2.592,-6.64],[-2.529,-6.675],[-2.529,-6.689],[-2.494,-6.703],[-2.354,-6.816],[-2.249,-6.851],[-2.235,-6.886],[-2.144,-6.949],[-2.095,-7.013],[-2.046,-7.048],[-2.025,-7.09],[-2.01,-7.09],[-1.863,-7.28],[-1.779,-7.414],[-1.758,-7.421],[-1.751,-7.456],[-1.639,-7.604],[-1.618,-7.653],[-1.604,-7.653],[-1.583,-7.702],[-1.415,-7.864],[-1.415,-7.878],[-1.401,-7.878],[-1.387,-7.906],[-1.422,-7.941],[-1.45,-7.934],[-1.52,-7.829],[-1.534,-7.829],[-1.59,-7.744],[-1.604,-7.744],[-1.632,-7.695],[-1.646,-7.695],[-1.702,-7.625],[-1.716,-7.589],[-1.73,-7.589],[-1.772,-7.512],[-1.905,-7.364],[-2.074,-7.097],[-2.158,-7.006],[-2.34,-6.893],[-2.361,-6.865],[-2.487,-6.788],[-2.487,-6.774],[-2.635,-6.682],[-2.635,-6.668],[-2.691,-6.64],[-2.852,-6.492],[-3.027,-6.38],[-3.055,-6.338],[-3.006,-6.323]]]},"properties":{"abbr":null,"name":"unnamed sealed face","plate":28,"ap_bregma_mm":-1.65,"index":15}},{"type":"Feature","geometry":{"type":"Polygon","coordinates":[[[1.159,-6.879],[1.103,-6.858],[1.025,-6.872],[1.004,-6.696],[0.976,-6.64],[0.962,-6.64],[0.955,-6.619],[0.892,-6.57],[0.745,-6.52],[0.64,-6.52],[0.499,-6.549],[0.499,-6.527],[0.549,-6.485],[0.57,-6.485],[0.647,-6.436],[0.71,-6.422],[0.871,-6.436],[0.983,-6.478],[1.075,-6.542],[1.159,-6.654],[1.18,-6.724],[1.18,-6.816],[1.159,-6.879]]]},"properties":{"abbr":null,"name":"unnamed sealed face","plate":28,"ap_bregma_mm":-1.65,"index":16}},{"type":"Feature","geometry":{"type":"Polygon","coordinates":[[[-5.11,-6.675],[-5.032,-6.844],[-4.99,-6.9],[-4.969,-6.957],[-4.913,-7.02],[-4.899,-7.062],[-4.899,-7.217],[-4.948,-7.456],[-4.983,-7.442],[-4.983,-7.343],[-4.948,-7.203],[-4.948,-7.069],[-5.11,-6.76],[-5.124,-6.717],[-5.124,-6.675],[-5.11,-6.675]]]},"properties":{"abbr":null,"name":"unnamed sealed face","plate":28,"ap_bregma_mm":-1.65,"index":17}},{"type":"Feature","geometry":{"type":"Polygon","coordinates":[[[-0.047,-6.795],[-0.04,-7.343],[-0.061,-7.611],[-0.047,-7.758],[-0.096,-7.765],[-0.111,-6.823],[-0.047,-6.795]]]},"properties":{"abbr":null,"name":"unnamed sealed face","plate":28,"ap_bregma_mm":-1.65,"index":18}},{"type":"Feature","geometry":{"type":"Polygon","coordinates":[[[-0.3,-6.802],[-0.265,-6.83],[-0.244,-6.872],[-0.202,-7.027],[-0.181,-7.315],[-0.188,-7.407],[-0.209,-7.456],[-0.251,-7.491],[-0.433,-7.554],[-0.433,-7.681],[-0.447,-7.73],[-0.475,-7.751],[-0.503,-7.751],[-0.503,-7.73],[-0.468,-7.681],[-0.468,-7.632],[-0.496,-7.575],[-0.573,-7.526],[-0.643,-7.526],[-0.699,-7.554],[-0.741,-7.498],[-0.812,-7.47],[-0.875,-7.407],[-0.98,-7.238],[-1.022,-7.196],[-1.015,-7.146],[-1.001,-7.139],[-0.973,-7.153],[-0.959,-7.189],[-0.945,-7.189],[-0.917,-7.231],[-0.798,-7.315],[-0.699,-7.343],[-0.552,-7.343],[-0.468,-7.301],[-0.468,-7.09],[-0.307,-7.09],[-0.3,-6.879],[-0.314,-6.816],[-0.3,-6.802]]]},"properties":{"abbr":null,"name":"unnamed sealed face","plate":28,"ap_bregma_mm":-1.65,"index":19}},{"type":"Feature","geometry":{"type":"Polygon","coordinates":[[[0.086,-6.837],[0.093,-6.837],[0.107,-6.844],[0.107,-7.758],[0.058,-7.751],[0.044,-6.978],[0.051,-6.837],[0.086,-6.837]]]},"properties":{"abbr":null,"name":"unnamed sealed face","plate":28,"ap_bregma_mm":-1.65,"index":20}},{"type":"Feature","geometry":{"type":"Polygon","coordinates":[[[0.296,-7.132],[0.387,-7.146],[0.415,-7.174],[0.521,-7.217],[0.703,-7.245],[0.682,-7.287],[0.668,-7.287],[0.668,-7.308],[0.71,-7.336],[0.717,-7.35],[0.731,-7.4],[0.766,-7.421],[0.745,-7.47],[0.724,-7.477],[0.724,-7.519],[0.689,-7.604],[0.633,-7.681],[0.507,-7.744],[0.436,-7.744],[0.408,-7.73],[0.38,-7.695],[0.373,-7.639],[0.352,-7.625],[0.352,-7.561],[0.387,-7.498],[0.401,-7.435],[0.345,-7.414],[0.303,-7.371],[0.289,-7.294],[0.296,-7.132]]]},"properties":{"abbr":null,"name":"unnamed sealed face","plate":28,"ap_bregma_mm":-1.65,"index":21}},{"type":"Feature","geometry":{"type":"Polygon","coordinates":[[[2.196,-7.512],[2.224,-7.568],[2.252,-7.709],[2.273,-7.744],[2.336,-7.808],[2.351,-7.808],[2.351,-7.822],[2.393,-7.843],[2.386,-7.85],[2.245,-7.808],[2.245,-7.716],[2.175,-7.688],[2.189,-7.554],[2.112,-7.618],[1.79,-7.618],[1.79,-7.597],[1.846,-7.575],[2.063,-7.597],[2.112,-7.568],[2.14,-7.533],[2.196,-7.512]]]},"properties":{"abbr":null,"name":"unnamed sealed face","plate":28,"ap_bregma_mm":-1.65,"index":22}},{"type":"Feature","geometry":{"type":"Polygon","coordinates":[[[1.776,-7.618],[1.397,-8.033],[1.355,-8.047],[0.927,-8.307],[0.787,-8.321],[0.78,-8.307],[0.899,-8.279],[0.962,-8.237],[1.033,-8.222],[1.215,-8.124],[1.355,-8.019],[1.383,-7.976],[1.404,-7.976],[1.411,-7.948],[1.432,-7.948],[1.46,-7.913],[1.474,-7.913],[1.481,-7.892],[1.537,-7.85],[1.572,-7.793],[1.6,-7.779],[1.6,-7.765],[1.713,-7.646],[1.776,-7.618]]]},"properties":{"abbr":null,"name":"unnamed sealed face","plate":28,"ap_bregma_mm":-1.65,"index":23}},{"type":"Feature","geometry":{"type":"Polygon","coordinates":[[[4.769,-7.688],[4.798,-7.793],[4.798,-7.941],[4.756,-8.18],[4.756,-8.187],[4.748,-8.201],[4.748,-8.208],[4.741,-8.215],[4.713,-8.222],[4.664,-8.272],[4.629,-8.272],[4.545,-8.215],[4.503,-8.222],[4.475,-8.251],[4.454,-8.307],[4.412,-8.335],[4.335,-8.335],[4.265,-8.286],[4.181,-8.286],[4.096,-8.321],[4.019,-8.321],[4.012,-8.314],[4.033,-8.18],[4.026,-8.075],[3.984,-7.906],[3.921,-7.8],[3.9,-7.73],[3.942,-7.737],[4.075,-7.8],[4.202,-7.829],[4.391,-7.822],[4.594,-7.737],[4.65,-7.737],[4.769,-7.688]]]},"properties":{"abbr":null,"name":"unnamed sealed face","plate":28,"ap_bregma_mm":-1.65,"index":24}},{"type":"Feature","geometry":{"type":"Polygon","coordinates":[[[-1.218,-8.222],[-0.987,-8.328],[-0.889,-8.328],[-0.847,-8.349],[-0.692,-8.377],[-0.174,-8.391],[0.121,-8.391],[0.345,-8.391],[0.163,-8.426],[-0.755,-8.398],[-0.882,-8.391],[-1.127,-8.328],[-1.218,-8.3],[-1.246,-8.265],[-1.597,-7.983],[-1.625,-7.941],[-1.919,-7.885],[-2.109,-7.744],[-2.109,-7.73],[-2.039,-7.744],[-1.919,-7.85],[-1.8,-7.857],[-1.646,-7.913],[-1.548,-7.983],[-1.548,-7.997],[-1.499,-8.025],[-1.499,-8.04],[-1.485,-8.04],[-1.359,-8.159],[-1.253,-8.222],[-1.218,-8.222]]]},"properties":{"abbr":null,"name":"unnamed sealed face","plate":28,"ap_bregma_mm":-1.65,"index":25}},{"type":"Feature","geometry":{"type":"Polygon","coordinates":[[[-4.759,-7.822],[-4.563,-7.892],[-4.387,-7.927],[-4.135,-7.913],[-3.911,-7.843],[-3.925,-7.927],[-3.967,-7.99],[-4.205,-8.152],[-4.317,-8.3],[-4.373,-8.426],[-4.373,-8.433],[-4.394,-8.44],[-4.394,-8.455],[-4.401,-8.455],[-4.472,-8.462],[-4.528,-8.419],[-4.584,-8.419],[-4.626,-8.455],[-4.654,-8.455],[-4.703,-8.412],[-4.773,-8.412],[-4.822,-8.433],[-4.843,-8.405],[-4.843,-8.377],[-4.759,-7.99],[-4.752,-7.885],[-4.766,-7.829],[-4.759,-7.822]]]},"properties":{"abbr":null,"name":"unnamed sealed face","plate":28,"ap_bregma_mm":-1.65,"index":26}},{"type":"Feature","geometry":{"type":"Polygon","coordinates":[[[3.998,-8.363],[4.061,-8.426],[4.173,-8.469],[4.23,-8.469],[4.23,-8.455],[4.3,-8.462],[4.44,-8.377],[4.51,-8.363],[4.734,-8.377],[4.748,-8.398],[4.777,-8.581],[4.805,-8.637],[4.868,-8.616],[5.022,-8.525],[5.078,-8.476],[5.099,-8.476],[4.945,-8.616],[4.629,-8.729],[4.405,-8.743],[4.293,-8.736],[4.054,-8.687],[3.795,-8.56],[3.143,-8.11],[3.157,-8.103],[3.255,-8.166],[3.276,-8.166],[3.704,-8.462],[3.879,-8.56],[3.914,-8.56],[3.998,-8.363]]]},"properties":{"abbr":null,"name":"unnamed sealed face","plate":28,"ap_bregma_mm":-1.65,"index":27}},{"type":"Feature","geometry":{"type":"Polygon","coordinates":[[[5.12,-8.462],[5.099,-8.476],[5.099,-8.462],[5.12,-8.462]]]},"properties":{"abbr":null,"name":"unnamed sealed face","plate":28,"ap_bregma_mm":-1.65,"index":28}},{"type":"Feature","geometry":{"type":"Polygon","coordinates":[[[-3.637,-8.384],[-3.574,-8.546],[-3.462,-8.504],[-3.259,-8.384],[-3.23,-8.384],[-3.252,-8.44],[-3.497,-8.525],[-3.483,-8.581],[-3.546,-8.546],[-3.623,-8.602],[-3.834,-8.715],[-4.282,-8.848],[-4.808,-8.863],[-5.004,-8.792],[-4.906,-8.553],[-4.878,-8.539],[-4.787,-8.56],[-4.738,-8.56],[-4.661,-8.532],[-4.465,-8.532],[-4.415,-8.546],[-4.423,-8.602],[-4.394,-8.602],[-4.331,-8.644],[-4.233,-8.652],[-4.177,-8.623],[-4.142,-8.581],[-4.058,-8.56],[-3.925,-8.553],[-3.826,-8.525],[-3.819,-8.511],[-3.798,-8.511],[-3.714,-8.462],[-3.665,-8.398],[-3.637,-8.384]]]},"properties":{"abbr":null,"name":"unnamed sealed face","plate":28,"ap_bregma_mm":-1.65,"index":29}},{"type":"Feature","geometry":{"type":"MultiPolygon","coordinates":[[[[0.702,-0.708],[2.368,-0.778],[3.211,-0.936],[4.316,-1.341],[4.386,-1.324],[4.421,-1.394],[4.719,-1.5],[5.263,-1.887],[5.368,-1.905],[5.754,-2.275],[5.825,-2.257],[5.86,-2.292],[5.807,-2.327],[6.193,-2.679],[6.807,-3.401],[6.79,-3.436],[6.86,-3.454],[6.895,-3.613],[6.983,-3.665],[6.965,-3.736],[7.07,-3.841],[7.105,-4.017],[7.14,-4.0],[7.158,-4.158],[7.21,-4.158],[7.176,-4.211],[7.281,-4.616],[7.281,-5.127],[7.21,-5.496],[7.035,-5.813],[7.035,-5.936],[6.965,-5.936],[6.79,-6.253],[6.491,-6.57],[6.298,-6.641],[6.351,-6.887],[6.281,-7.046],[6.123,-7.31],[5.526,-7.996],[5.474,-8.155],[4.93,-8.613],[4.632,-8.718],[4.351,-8.736],[4.07,-8.683],[3.807,-8.56],[3.105,-8.084],[2.246,-7.803],[2.246,-7.715],[2.175,-7.679],[2.193,-7.539],[2.105,-7.609],[1.772,-7.609],[1.403,-8.014],[0.93,-8.296],[0.14,-8.419],[-0.877,-8.384],[-1.211,-8.296],[-1.649,-7.926],[-1.93,-7.873],[-2.123,-7.732],[-2.211,-7.943],[-2.404,-8.102],[-2.439,-8.067],[-2.684,-8.208],[-3.228,-8.366],[-3.263,-8.436],[-3.509,-8.525],[-3.491,-8.577],[-3.544,-8.542],[-3.824,-8.701],[-4.298,-8.841],[-4.789,-8.859],[-5.228,-8.718],[-5.474,-8.56],[-5.456,-8.525],[-5.825,-8.102],[-6.105,-7.591],[-6.175,-7.574],[-6.158,-7.503],[-6.298,-7.31],[-6.421,-6.922],[-6.386,-6.764],[-6.439,-6.799],[-7.0,-6.06],[-7.158,-5.989],[-7.088,-5.972],[-7.298,-5.69],[-7.368,-5.144],[-7.158,-4.405],[-7.07,-4.282],[-7.088,-4.211],[-7.035,-4.194],[-7.053,-4.123],[-7.0,-4.123],[-6.807,-3.753],[-6.825,-3.683],[-6.719,-3.613],[-6.439,-3.12],[-5.877,-2.468],[-5.842,-2.486],[-5.649,-2.257],[-5.403,-2.081],[-5.421,-2.046],[-5.351,-2.046],[-4.895,-1.694],[-4.333,-1.465],[-4.316,-1.412],[-3.842,-1.271],[-1.263,-0.76],[-0.439,-0.796],[-0.158,-0.919],[0.035,-1.183],[0.158,-0.954],[0.439,-0.778],[0.684,-0.725],[0.702,-0.708]]]]},"properties":{"abbr":"brain_outline","name":"outline of the section","plate":28,"ap_bregma_mm":-1.65}}]}
