{"type":"FeatureCollection","name":"GerbilAtlas plate 33","note":"Region extents cut from the atlas drawing (METHODS.md, Region extents). Coordinates are [ML, DV] in mm, ML positive to the right of the plate as printed, DV negative below the dorsal surface; AP is the plate bregma. traced_fraction is the share of each polygon boundary the atlas actually draws; below 0.5 the boundary is an estimate. no_drawn_outline marks a feature that lies only inside boundaries the atlas draws round more than one name and prints nothing within, so the whole of its outline is where the extraction cut it. Not a segmentation.","plate":33,"ap_bregma_mm":-3.4,"features":[{"type":"Feature","geometry":{"type":"MultiPolygon","coordinates":[[[[0.809,-0.274],[1.601,-0.344],[1.601,-0.358],[1.622,-0.365],[1.868,-0.429],[1.875,-0.429],[1.896,-0.443],[1.791,-0.844],[1.622,-1.378],[1.58,-1.378],[1.461,-1.343],[1.265,-1.259],[1.173,-1.259],[1.124,-1.132],[0.928,-0.752],[0.851,-0.555],[0.746,-0.358],[0.732,-0.288],[0.767,-0.281],[0.781,-0.288],[0.809,-0.274]]],[[[-0.727,-0.323],[-0.79,-0.52],[-1.077,-1.216],[-1.175,-1.209],[-1.428,-1.357],[-1.519,-1.392],[-1.554,-1.392],[-1.687,-0.745],[-1.729,-0.611],[-1.75,-0.457],[-1.659,-0.414],[-1.435,-0.365],[-1.021,-0.33],[-0.916,-0.309],[-0.783,-0.309],[-0.727,-0.323]]],[[[1.868,-0.421],[1.875,-0.429],[1.868,-0.429],[1.868,-0.421]]]]},"properties":{"abbr":"RSD","name":"retrosplenial dysgranular cortex","plate":33,"ap_bregma_mm":-3.4,"area_mm2":1.5193,"traced_fraction":[1.0,1.0,1.0],"n_labels":2,"no_drawn_outline":false}},{"type":"Feature","geometry":{"type":"MultiPolygon","coordinates":[[[[0.732,-0.288],[0.746,-0.358],[0.851,-0.555],[0.928,-0.752],[1.124,-1.132],[1.173,-1.259],[1.124,-1.272],[1.061,-1.315],[0.921,-1.462],[0.739,-1.434],[0.031,-1.385],[0.031,-1.399],[0.003,-1.413],[-0.734,-1.491],[-0.846,-1.519],[-0.881,-1.498],[-0.972,-1.35],[-1.077,-1.216],[-0.79,-0.52],[-0.727,-0.323],[-0.643,-0.344],[-0.509,-0.429],[-0.488,-0.429],[-0.474,-0.457],[-0.453,-0.457],[-0.453,-0.471],[-0.432,-0.471],[-0.425,-0.478],[-0.425,-0.492],[-0.39,-0.513],[-0.32,-0.597],[-0.306,-0.597],[-0.285,-0.64],[-0.264,-0.647],[-0.166,-0.801],[-0.145,-0.801],[-0.145,-0.808],[-0.131,-0.829],[-0.124,-0.844],[-0.103,-0.879],[-0.018,-1.012],[-0.018,-1.019],[-0.018,-1.026],[0.017,-1.118],[0.059,-1.118],[0.101,-1.069],[0.227,-0.787],[0.234,-0.773],[0.241,-0.759],[0.248,-0.745],[0.255,-0.731],[0.262,-0.717],[0.29,-0.668],[0.297,-0.654],[0.304,-0.64],[0.311,-0.647],[0.311,-0.632],[0.311,-0.625],[0.332,-0.618],[0.423,-0.485],[0.451,-0.471],[0.458,-0.443],[0.577,-0.351],[0.584,-0.358],[0.584,-0.344],[0.605,-0.33],[0.62,-0.337],[0.669,-0.316],[0.669,-0.302],[0.732,-0.288]]]]},"properties":{"abbr":"RSGc","name":"retrosplenial granular cortex, c region","plate":33,"ap_bregma_mm":-3.4,"area_mm2":1.6775,"traced_fraction":[1.0],"n_labels":2,"no_drawn_outline":false}},{"type":"Feature","geometry":{"type":"MultiPolygon","coordinates":[[[[1.896,-0.443],[2.05,-0.492],[2.071,-0.499],[2.092,-0.506],[2.12,-0.513],[2.12,-0.527],[2.19,-0.541],[2.211,-0.541],[2.232,-0.548],[2.246,-0.555],[2.358,-0.576],[2.435,-0.583],[2.435,-0.597],[2.583,-0.618],[2.982,-0.661],[2.912,-0.949],[2.723,-1.596],[2.667,-1.589],[1.889,-1.455],[1.678,-1.406],[1.622,-1.378],[1.791,-0.844],[1.896,-0.443]]],[[[-1.75,-0.457],[-1.729,-0.611],[-1.687,-0.745],[-1.554,-1.392],[-1.603,-1.413],[-1.75,-1.427],[-2.01,-1.484],[-2.318,-1.533],[-2.655,-1.61],[-2.711,-1.61],[-2.774,-1.42],[-2.942,-0.731],[-2.879,-0.71],[-2.844,-0.703],[-2.823,-0.696],[-2.802,-0.703],[-2.655,-0.675],[-2.444,-0.618],[-2.178,-0.569],[-2.129,-0.555],[-2.122,-0.534],[-2.094,-0.534],[-2.045,-0.527],[-1.933,-0.506],[-1.919,-0.513],[-1.75,-0.457]]],[[[2.19,-0.534],[2.211,-0.541],[2.19,-0.541],[2.19,-0.534]]]]},"properties":{"abbr":"V2M","name":"secondary visual cortex, medial area","plate":33,"ap_bregma_mm":-3.4,"area_mm2":2.1874,"traced_fraction":[1.0,1.0,1.0],"n_labels":2,"no_drawn_outline":false}},{"type":"Feature","geometry":{"type":"MultiPolygon","coordinates":[[[[2.982,-0.661],[3.256,-0.696],[3.41,-0.745],[3.557,-0.773],[3.571,-0.773],[3.592,-0.78],[3.613,-0.787],[3.634,-0.794],[3.662,-0.801],[3.684,-0.808],[3.711,-0.815],[3.775,-0.844],[3.817,-0.844],[3.922,-0.872],[3.957,-0.879],[3.985,-0.886],[4.02,-0.893],[4.013,-0.907],[4.294,-0.998],[4.315,-0.991],[4.329,-0.998],[4.329,-1.012],[4.357,-1.026],[4.294,-1.209],[4.139,-1.54],[4.097,-1.666],[3.922,-2.032],[3.859,-2.011],[3.74,-1.941],[3.669,-1.92],[3.648,-1.899],[3.62,-1.899],[3.375,-1.793],[3.13,-1.709],[2.723,-1.596],[2.912,-0.949],[2.982,-0.661]]],[[[-2.942,-0.731],[-2.774,-1.42],[-2.711,-1.61],[-2.753,-1.631],[-3.167,-1.73],[-3.307,-1.786],[-3.65,-1.891],[-3.798,-1.962],[-3.84,-1.87],[-3.861,-1.779],[-3.924,-1.673],[-4.008,-1.455],[-4.113,-1.244],[-4.127,-1.174],[-4.155,-1.153],[-4.162,-1.019],[-3.987,-0.977],[-3.924,-0.956],[-3.924,-0.942],[-3.896,-0.935],[-3.868,-0.928],[-3.552,-0.851],[-3.538,-0.836],[-3.503,-0.844],[-3.419,-0.829],[-3.412,-0.808],[-3.377,-0.808],[-3.349,-0.815],[-3.279,-0.801],[-3.272,-0.78],[-3.181,-0.773],[-3.16,-0.766],[-3.139,-0.759],[-3.11,-0.766],[-2.942,-0.731]]],[[[3.557,-0.766],[3.571,-0.773],[3.557,-0.773],[3.557,-0.766]]],[[[-3.377,-0.78],[-3.384,-0.794],[-3.405,-0.78],[-3.377,-0.78]]]]},"properties":{"abbr":"V1M","name":"primary visual cortex, monocular area","plate":33,"ap_bregma_mm":-3.4,"area_mm2":2.561,"traced_fraction":[0.997,0.975,1.0,1.0],"n_labels":2,"no_drawn_outline":false}},{"type":"Feature","geometry":{"type":"MultiPolygon","coordinates":[[[[-1.077,-1.216],[-0.972,-1.35],[-0.881,-1.498],[-0.846,-1.519],[-0.839,-1.554],[-0.607,-1.863],[-0.601,-1.891],[-0.628,-1.891],[-0.72,-1.835],[-1.098,-1.476],[-1.231,-1.427],[-1.337,-1.434],[-1.505,-1.476],[-1.862,-1.519],[-1.996,-1.547],[-2.01,-1.484],[-1.75,-1.427],[-1.638,-1.42],[-1.554,-1.392],[-1.519,-1.392],[-1.428,-1.357],[-1.175,-1.209],[-1.077,-1.216]]],[[[1.622,-1.378],[1.678,-1.406],[1.889,-1.455],[2.667,-1.589],[2.66,-1.666],[2.176,-1.589],[1.861,-1.589],[1.854,-1.533],[1.833,-1.526],[1.3,-1.448],[1.173,-1.484],[1.061,-1.547],[0.795,-1.765],[0.732,-1.807],[0.697,-1.814],[0.711,-1.758],[0.795,-1.659],[0.921,-1.462],[1.061,-1.315],[1.096,-1.287],[1.173,-1.259],[1.265,-1.259],[1.461,-1.343],[1.58,-1.378],[1.622,-1.378]]]]},"properties":{"abbr":"cg","name":"cingulum","plate":33,"ap_bregma_mm":-3.4,"area_mm2":0.44,"traced_fraction":[0.998,0.992],"n_labels":2,"no_drawn_outline":false}},{"type":"Feature","geometry":{"type":"MultiPolygon","coordinates":[[[[0.921,-1.462],[0.795,-1.659],[0.711,-1.758],[0.697,-1.814],[0.493,-1.99],[0.388,-2.046],[0.29,-2.067],[0.276,-2.053],[0.276,-1.983],[0.136,-1.983],[0.136,-2.11],[-0.194,-2.11],[-0.201,-2.074],[-0.236,-2.032],[-0.285,-2.032],[-0.313,-2.088],[-0.348,-2.088],[-0.418,-2.046],[-0.601,-1.891],[-0.607,-1.863],[-0.839,-1.554],[-0.846,-1.519],[-0.734,-1.491],[0.003,-1.413],[0.024,-1.406],[0.031,-1.385],[0.739,-1.434],[0.921,-1.462]]]]},"properties":{"abbr":"RSGb","name":"retrosplenial granular cortex, b region","plate":33,"ap_bregma_mm":-3.4,"area_mm2":0.8699,"traced_fraction":[0.937],"n_labels":2,"no_drawn_outline":false}},{"type":"Feature","geometry":{"type":"MultiPolygon","coordinates":[[[[-4.162,-1.019],[-4.155,-1.153],[-4.127,-1.174],[-4.113,-1.244],[-4.008,-1.455],[-3.924,-1.673],[-3.861,-1.779],[-3.84,-1.87],[-3.798,-1.962],[-4.183,-2.138],[-4.19,-2.152],[-4.225,-2.159],[-4.436,-2.271],[-4.877,-2.567],[-5.13,-2.264],[-5.347,-1.976],[-5.382,-1.948],[-5.572,-1.695],[-5.557,-1.673],[-5.501,-1.652],[-5.459,-1.617],[-5.438,-1.617],[-5.396,-1.582],[-5.06,-1.406],[-5.053,-1.385],[-5.046,-1.385],[-5.032,-1.378],[-4.66,-1.188],[-4.646,-1.181],[-4.632,-1.174],[-4.618,-1.181],[-4.548,-1.139],[-4.33,-1.061],[-4.162,-1.019]]],[[[4.378,-1.019],[4.392,-1.026],[4.392,-1.04],[4.413,-1.04],[4.42,-1.04],[4.553,-1.097],[4.595,-1.125],[4.637,-1.132],[4.644,-1.139],[4.658,-1.146],[4.672,-1.153],[4.686,-1.16],[4.7,-1.167],[4.714,-1.174],[4.728,-1.181],[4.742,-1.188],[4.756,-1.195],[4.77,-1.202],[4.784,-1.209],[4.798,-1.216],[4.798,-1.23],[4.819,-1.23],[4.833,-1.237],[4.847,-1.244],[4.861,-1.251],[4.876,-1.259],[4.889,-1.265],[4.904,-1.272],[4.904,-1.287],[5.303,-1.505],[5.324,-1.533],[5.387,-1.561],[5.422,-1.596],[5.38,-1.638],[5.317,-1.744],[5.177,-1.92],[5.163,-1.955],[4.756,-2.51],[4.672,-2.475],[4.595,-2.412],[4.343,-2.257],[4.097,-2.138],[3.922,-2.032],[4.097,-1.666],[4.139,-1.54],[4.294,-1.209],[4.357,-1.026],[4.378,-1.019]]],[[[4.413,-1.033],[4.42,-1.04],[4.413,-1.04],[4.413,-1.033]]]]},"properties":{"abbr":"V1B","name":"primary visual cortex, binocular area","plate":33,"ap_bregma_mm":-3.4,"area_mm2":2.7098,"traced_fraction":[0.975,0.997,1.0],"n_labels":2,"no_drawn_outline":false}},{"type":"Feature","geometry":{"type":"MultiPolygon","coordinates":[[[[3.515,-1.969],[3.698,-2.046],[3.705,-2.06],[3.81,-2.088],[3.817,-2.102],[3.908,-2.138],[3.95,-2.173],[4.209,-2.313],[4.294,-2.377],[4.336,-2.391],[4.553,-2.546],[4.658,-2.651],[4.826,-2.778],[4.981,-2.918],[4.981,-2.932],[5.254,-3.235],[5.485,-3.551],[5.542,-3.692],[5.556,-3.699],[5.668,-3.917],[5.843,-4.466],[5.871,-4.599],[5.885,-4.845],[5.871,-5.106],[5.829,-5.31],[5.696,-5.703],[5.506,-6.118],[5.352,-6.372],[5.128,-6.632],[5.114,-6.632],[4.897,-6.822],[4.897,-6.85],[4.721,-6.991],[4.693,-7.04],[4.637,-7.047],[4.378,-7.187],[4.055,-7.307],[3.908,-7.377],[3.866,-7.37],[3.866,-7.356],[3.908,-7.321],[4.237,-7.159],[4.258,-7.159],[4.266,-7.145],[4.497,-7.026],[4.735,-6.871],[4.953,-6.702],[4.995,-6.653],[5.1,-6.576],[5.191,-6.477],[5.352,-6.259],[5.457,-6.09],[5.577,-5.837],[5.703,-5.436],[5.78,-5.056],[5.787,-4.817],[5.731,-4.501],[5.64,-4.177],[5.57,-3.987],[5.493,-3.833],[5.485,-3.79],[5.331,-3.509],[5.065,-3.129],[4.826,-2.869],[4.812,-2.869],[4.7,-2.757],[4.658,-2.735],[4.574,-2.658],[4.245,-2.426],[3.824,-2.201],[3.775,-2.194],[3.768,-2.18],[3.747,-2.18],[3.711,-2.152],[3.494,-2.053],[3.494,-2.011],[3.508,-2.004],[3.515,-1.969]]],[[[-3.517,-1.976],[-3.496,-2.018],[-3.812,-2.159],[-3.91,-2.222],[-4.127,-2.32],[-4.148,-2.285],[-4.148,-2.257],[-3.994,-2.159],[-3.896,-2.131],[-3.819,-2.081],[-3.714,-2.06],[-3.608,-2.004],[-3.517,-1.976]]]]},"properties":{"abbr":"alv","name":"alveus of the hippocampus","plate":33,"ap_bregma_mm":-3.4,"area_mm2":0.6523,"traced_fraction":[0.996,0.99],"n_labels":2,"no_drawn_outline":false}},{"type":"Feature","geometry":{"type":"MultiPolygon","coordinates":[[[[-1.701,-1.87],[-1.624,-1.891],[-1.119,-2.145],[-0.607,-2.313],[-0.488,-2.37],[-0.509,-2.398],[-0.509,-2.426],[-0.495,-2.433],[-0.502,-2.595],[-0.797,-2.588],[-0.818,-2.602],[-0.951,-2.574],[-1.091,-2.567],[-1.161,-2.546],[-1.203,-2.517],[-1.302,-2.503],[-1.316,-2.489],[-1.316,-2.468],[-1.351,-2.433],[-1.491,-2.37],[-1.526,-2.32],[-1.603,-2.264],[-1.638,-2.208],[-1.645,-2.138],[-1.666,-2.095],[-1.68,-1.962],[-1.708,-1.891],[-1.701,-1.87]]],[[[1.433,-2.011],[1.405,-2.138],[1.314,-2.313],[1.279,-2.327],[1.244,-2.363],[1.244,-2.384],[1.145,-2.503],[1.138,-2.539],[1.082,-2.56],[1.04,-2.602],[1.04,-2.637],[0.928,-2.658],[0.914,-2.679],[0.5,-2.7],[0.374,-2.644],[0.346,-2.616],[0.325,-2.616],[0.15,-2.475],[0.073,-2.44],[0.045,-2.405],[0.045,-2.384],[0.073,-2.37],[0.157,-2.37],[0.185,-2.398],[0.206,-2.398],[0.227,-2.44],[0.262,-2.468],[0.346,-2.489],[0.416,-2.489],[0.451,-2.475],[0.444,-2.426],[0.416,-2.412],[0.29,-2.412],[0.269,-2.384],[0.634,-2.342],[0.963,-2.25],[1.131,-2.194],[1.251,-2.138],[1.377,-2.032],[1.433,-2.011]]]]},"properties":{"abbr":"DS","name":"dorsal subiculum","plate":33,"ap_bregma_mm":-3.4,"area_mm2":0.8023,"traced_fraction":[0.969,1.0],"n_labels":2,"no_drawn_outline":false}},{"type":"Feature","geometry":{"type":"MultiPolygon","coordinates":[[[[-0.601,-1.891],[-0.418,-2.046],[-0.348,-2.088],[-0.313,-2.088],[-0.257,-2.11],[-0.194,-2.11],[0.136,-2.11],[0.29,-2.067],[0.388,-2.046],[0.493,-1.99],[0.697,-1.814],[0.718,-1.814],[0.795,-1.765],[1.061,-1.547],[1.173,-1.484],[1.3,-1.448],[1.833,-1.526],[1.854,-1.533],[1.861,-1.589],[1.678,-1.582],[1.503,-1.603],[1.377,-1.673],[1.187,-1.814],[1.159,-1.821],[1.026,-1.941],[1.012,-1.941],[0.802,-2.145],[0.655,-2.243],[0.571,-2.278],[0.423,-2.313],[0.192,-2.335],[0.171,-2.342],[0.157,-2.37],[0.073,-2.37],[0.045,-2.384],[-0.054,-2.37],[-0.152,-2.377],[-0.215,-2.342],[-0.523,-2.278],[-0.643,-2.229],[-0.895,-2.053],[-1.217,-1.751],[-1.337,-1.673],[-1.47,-1.61],[-1.582,-1.582],[-1.75,-1.582],[-2.122,-1.631],[-2.115,-1.568],[-1.996,-1.547],[-1.862,-1.519],[-1.505,-1.476],[-1.337,-1.434],[-1.231,-1.427],[-1.098,-1.476],[-0.72,-1.835],[-0.628,-1.891],[-0.601,-1.891]]]]},"properties":{"abbr":"scc","name":"splenium of the corpus callosum","plate":33,"ap_bregma_mm":-3.4,"area_mm2":0.987,"traced_fraction":[0.998],"n_labels":1,"no_drawn_outline":false}},{"type":"Feature","geometry":{"type":"MultiPolygon","coordinates":[[[[-0.25,-2.405],[-0.18,-2.412],[-0.243,-2.51],[-0.25,-2.56],[-0.327,-2.581],[-0.502,-2.595],[-0.495,-2.433],[-0.418,-2.454],[-0.299,-2.454],[-0.264,-2.44],[-0.25,-2.405]]]]},"properties":{"abbr":"FC","name":"fasciola cinereum","plate":33,"ap_bregma_mm":-3.4,"area_mm2":0.0377,"traced_fraction":[0.899],"n_labels":1,"no_drawn_outline":false}},{"type":"Feature","geometry":{"type":"MultiPolygon","coordinates":[[[[5.422,-1.596],[5.506,-1.638],[5.731,-1.807],[5.759,-1.814],[5.759,-1.828],[5.815,-1.856],[5.815,-1.87],[5.99,-2.004],[5.99,-2.018],[6.067,-2.074],[6.067,-2.088],[6.095,-2.102],[6.095,-2.116],[6.187,-2.201],[6.187,-2.215],[6.201,-2.215],[6.229,-2.264],[6.243,-2.264],[6.439,-2.51],[6.208,-2.693],[6.088,-2.806],[5.493,-3.27],[5.422,-3.207],[5.422,-3.193],[5.135,-2.883],[5.135,-2.869],[5.114,-2.862],[5.009,-2.742],[4.995,-2.742],[4.932,-2.672],[4.855,-2.616],[4.784,-2.539],[4.77,-2.539],[4.756,-2.51],[5.037,-2.131],[5.051,-2.095],[5.093,-2.053],[5.177,-1.92],[5.317,-1.744],[5.38,-1.638],[5.422,-1.596]]],[[[-5.572,-1.695],[-5.382,-1.948],[-5.347,-1.976],[-5.13,-2.264],[-4.877,-2.567],[-5.172,-2.848],[-5.172,-2.862],[-5.305,-3.003],[-5.501,-3.27],[-5.957,-2.932],[-6.378,-2.658],[-6.406,-2.651],[-6.518,-2.567],[-6.504,-2.517],[-6.476,-2.496],[-6.469,-2.468],[-6.378,-2.349],[-6.364,-2.349],[-6.336,-2.299],[-6.322,-2.299],[-6.315,-2.278],[-6.132,-2.095],[-6.118,-2.095],[-6.118,-2.081],[-6.104,-2.081],[-6.104,-2.067],[-5.971,-1.962],[-5.971,-1.948],[-5.936,-1.934],[-5.936,-1.92],[-5.817,-1.849],[-5.817,-1.835],[-5.656,-1.73],[-5.572,-1.695]]]]},"properties":{"abbr":"V2L","name":"secondary visual cortex, lateral area","plate":33,"ap_bregma_mm":-3.4,"area_mm2":2.8071,"traced_fraction":[1.0,1.0],"n_labels":2,"no_drawn_outline":false}},{"type":"Feature","geometry":{"type":"MultiPolygon","coordinates":[[[[-1.841,-2.567],[-1.933,-2.651],[-2.059,-2.728],[-2.206,-2.848],[-2.641,-3.129],[-2.662,-3.129],[-2.669,-3.143],[-2.837,-3.221],[-3.118,-3.382],[-3.139,-3.382],[-3.146,-3.397],[-3.461,-3.551],[-3.538,-3.572],[-3.573,-3.601],[-3.608,-3.586],[-3.601,-3.502],[-3.503,-3.368],[-3.482,-3.361],[-3.426,-3.298],[-3.335,-3.235],[-3.195,-3.165],[-3.061,-3.066],[-2.823,-2.946],[-2.69,-2.89],[-2.522,-2.841],[-2.515,-2.827],[-2.283,-2.742],[-2.199,-2.693],[-2.171,-2.658],[-2.171,-2.623],[-2.206,-2.602],[-2.304,-2.609],[-2.304,-2.56],[-2.676,-2.56],[-2.676,-2.658],[-2.69,-2.665],[-3.153,-2.757],[-3.251,-2.792],[-3.258,-2.806],[-3.279,-2.806],[-3.405,-2.876],[-3.461,-2.89],[-3.51,-2.925],[-3.664,-2.975],[-3.861,-3.073],[-3.868,-3.087],[-3.889,-3.087],[-3.973,-3.143],[-3.973,-3.157],[-3.987,-3.157],[-4.029,-3.214],[-4.043,-3.214],[-4.043,-3.228],[-4.057,-3.228],[-4.078,-3.263],[-4.092,-3.263],[-4.092,-3.277],[-4.106,-3.277],[-4.113,-3.298],[-4.176,-3.347],[-4.232,-3.425],[-4.253,-3.432],[-4.324,-3.53],[-4.324,-3.551],[-4.267,-3.537],[-4.267,-3.523],[-4.225,-3.502],[-4.148,-3.425],[-4.148,-3.411],[-4.113,-3.39],[-4.106,-3.368],[-4.043,-3.333],[-4.008,-3.375],[-4.029,-3.404],[-4.092,-3.439],[-4.358,-3.65],[-4.527,-3.84],[-4.653,-4.037],[-4.73,-4.191],[-4.807,-4.423],[-4.856,-4.522],[-4.863,-4.578],[-4.877,-4.592],[-4.877,-4.656],[-4.898,-4.733],[-4.898,-4.86],[-4.863,-5.077],[-4.786,-5.338],[-4.66,-5.591],[-4.611,-5.661],[-4.415,-5.851],[-4.232,-5.95],[-4.155,-6.013],[-4.134,-6.013],[-4.127,-6.027],[-3.973,-6.097],[-4.015,-6.132],[-4.085,-6.104],[-4.19,-6.027],[-4.281,-5.985],[-4.33,-5.992],[-4.337,-6.02],[-4.324,-6.041],[-4.288,-6.055],[-4.267,-6.083],[-4.043,-6.231],[-4.029,-6.252],[-3.938,-6.294],[-3.784,-6.407],[-3.678,-6.456],[-3.489,-6.59],[-3.412,-6.625],[-3.37,-6.66],[-3.349,-6.66],[-3.258,-6.723],[-3.237,-6.723],[-3.061,-6.815],[-2.977,-6.836],[-2.914,-6.815],[-2.907,-6.751],[-2.949,-6.639],[-3.258,-6.231],[-3.321,-6.126],[-3.398,-6.055],[-3.433,-5.999],[-3.496,-5.943],[-3.496,-5.929],[-3.615,-5.795],[-3.629,-5.795],[-3.714,-5.711],[-3.763,-5.696],[-3.784,-5.633],[-3.966,-5.422],[-4.008,-5.338],[-4.008,-5.288],[-3.98,-5.281],[-3.973,-5.296],[-3.952,-5.296],[-3.678,-5.457],[-3.587,-5.471],[-3.58,-5.471],[-3.552,-5.584],[-3.538,-5.584],[-3.538,-5.591],[-3.531,-5.612],[-3.524,-5.626],[-3.531,-5.64],[-3.517,-5.64],[-3.51,-5.661],[-3.503,-5.675],[-3.461,-5.746],[-3.307,-5.985],[-3.293,-5.985],[-3.209,-6.097],[-3.195,-6.097],[-3.061,-6.273],[-3.04,-6.322],[-3.026,-6.322],[-3.019,-6.351],[-2.984,-6.386],[-2.914,-6.519],[-2.9,-6.519],[-2.879,-6.576],[-2.844,-6.618],[-2.739,-6.85],[-2.718,-6.85],[-2.683,-7.145],[-2.725,-7.173],[-2.76,-7.173],[-3.216,-6.899],[-3.342,-6.836],[-3.517,-6.773],[-3.714,-6.66],[-4.022,-6.512],[-4.387,-6.259],[-4.394,-6.238],[-4.429,-6.217],[-4.709,-5.922],[-5.004,-5.436],[-5.088,-5.218],[-5.116,-5.028],[-5.116,-4.874],[-5.109,-4.719],[-5.081,-4.578],[-4.976,-4.262],[-4.842,-4.03],[-4.674,-3.664],[-4.66,-3.657],[-4.611,-3.551],[-4.513,-3.418],[-4.176,-3.052],[-3.784,-2.799],[-3.552,-2.686],[-3.349,-2.609],[-3.314,-2.581],[-2.823,-2.433],[-2.55,-2.398],[-2.304,-2.398],[-2.059,-2.433],[-1.926,-2.489],[-1.862,-2.546],[-1.855,-2.567],[-1.841,-2.567]]],[[[3.88,-6.4],[3.852,-6.4],[3.656,-6.512],[3.389,-6.709],[3.235,-6.801],[3.039,-6.97],[3.003,-6.97],[2.933,-6.998],[2.877,-6.998],[2.835,-6.97],[2.835,-6.955],[2.828,-6.962],[2.821,-6.962],[2.8,-6.892],[2.793,-6.871],[2.8,-6.808],[2.863,-6.667],[2.884,-6.569],[2.884,-6.555],[2.898,-6.526],[2.891,-6.498],[2.912,-6.491],[2.933,-6.449],[2.961,-6.351],[2.954,-6.329],[2.954,-6.301],[2.975,-6.294],[2.989,-6.217],[2.982,-6.168],[2.982,-6.154],[2.989,-6.076],[2.975,-6.041],[3.06,-5.964],[3.102,-5.879],[3.221,-5.732],[3.263,-5.654],[3.298,-5.626],[3.319,-5.584],[3.382,-5.542],[3.522,-5.401],[3.648,-5.317],[3.698,-5.267],[3.711,-5.225],[3.775,-5.211],[3.901,-5.092],[3.95,-5.077],[3.943,-5.134],[3.838,-5.31],[3.817,-5.324],[3.711,-5.485],[3.543,-5.668],[3.529,-5.668],[3.389,-5.809],[3.298,-5.929],[3.165,-6.182],[3.123,-6.238],[3.067,-6.379],[3.046,-6.477],[3.024,-6.505],[3.024,-6.611],[3.052,-6.632],[3.158,-6.618],[3.368,-6.498],[3.648,-6.294],[3.669,-6.266],[3.859,-6.14],[3.999,-6.013],[4.02,-6.013],[4.034,-5.992],[4.097,-5.964],[4.195,-5.858],[4.202,-5.802],[4.188,-5.788],[4.322,-5.619],[4.385,-5.514],[4.56,-5.317],[4.679,-5.113],[4.742,-4.93],[4.763,-4.747],[4.763,-4.557],[4.707,-4.269],[4.623,-4.107],[4.623,-4.086],[4.595,-4.058],[4.581,-4.008],[4.441,-3.826],[4.399,-3.748],[4.202,-3.558],[4.202,-3.544],[4.167,-3.516],[4.153,-3.474],[4.146,-3.432],[4.118,-3.397],[3.838,-3.136],[3.508,-2.967],[3.452,-2.953],[3.095,-2.792],[2.961,-2.757],[2.772,-2.735],[2.716,-2.714],[2.569,-2.693],[2.33,-2.686],[2.274,-2.665],[2.043,-2.637],[1.987,-2.658],[1.959,-2.714],[1.966,-2.75],[2.043,-2.799],[2.12,-2.813],[2.358,-2.89],[2.59,-2.932],[2.702,-2.996],[2.751,-3.059],[2.863,-3.08],[2.968,-3.122],[3.116,-3.214],[3.207,-3.291],[3.235,-3.298],[3.235,-3.312],[3.277,-3.326],[3.277,-3.34],[3.34,-3.375],[3.375,-3.375],[3.389,-3.418],[3.494,-3.551],[3.501,-3.601],[3.459,-3.594],[3.144,-3.439],[2.793,-3.319],[2.779,-3.298],[2.709,-3.263],[2.457,-3.179],[2.26,-3.073],[2.141,-3.038],[2.036,-2.975],[2.015,-2.975],[1.938,-2.925],[1.938,-2.911],[1.924,-2.911],[1.847,-2.834],[1.791,-2.757],[1.77,-2.693],[1.882,-2.553],[1.98,-2.496],[2.106,-2.461],[2.281,-2.447],[2.463,-2.454],[2.737,-2.496],[3.102,-2.595],[3.193,-2.63],[3.2,-2.644],[3.333,-2.686],[3.747,-2.876],[3.971,-3.024],[4.069,-3.073],[4.23,-3.193],[4.364,-3.326],[4.511,-3.516],[4.756,-3.903],[4.883,-4.184],[4.939,-4.346],[4.981,-4.613],[4.981,-4.817],[4.967,-4.937],[4.939,-5.085],[4.868,-5.317],[4.742,-5.584],[4.581,-5.823],[4.279,-6.104],[4.245,-6.118],[4.104,-6.238],[3.915,-6.358],[3.88,-6.386],[3.88,-6.4]]],[[[2.884,-6.555],[2.884,-6.569],[2.877,-6.569],[2.884,-6.555]]]]},"properties":{"abbr":"MoDG","name":"molecular layer of the dentate gyrus","plate":33,"ap_bregma_mm":-3.4,"area_mm2":4.5901,"traced_fraction":[0.98,0.997,1.0],"n_labels":4,"no_drawn_outline":false}},{"type":"Feature","geometry":{"type":"MultiPolygon","coordinates":[[[[4.153,-3.474],[4.104,-3.46],[4.048,-3.404],[3.971,-3.375],[3.964,-3.347],[3.887,-3.27],[3.69,-3.136],[3.669,-3.136],[3.522,-3.052],[3.347,-2.982],[3.319,-2.982],[3.067,-2.869],[2.541,-2.771],[2.414,-2.771],[2.225,-2.742],[2.141,-2.742],[2.12,-2.813],[2.043,-2.799],[1.966,-2.75],[1.959,-2.714],[1.987,-2.658],[2.043,-2.637],[2.274,-2.665],[2.33,-2.686],[2.569,-2.693],[2.716,-2.714],[2.772,-2.735],[2.961,-2.757],[3.095,-2.792],[3.452,-2.953],[3.508,-2.967],[3.838,-3.136],[4.118,-3.397],[4.146,-3.432],[4.153,-3.474]]],[[[3.543,-5.668],[3.543,-5.746],[3.508,-5.767],[3.473,-5.837],[3.396,-5.922],[3.312,-6.062],[3.277,-6.097],[3.27,-6.132],[3.186,-6.266],[3.116,-6.463],[3.13,-6.512],[3.172,-6.512],[3.235,-6.484],[3.368,-6.4],[3.382,-6.379],[3.648,-6.203],[3.957,-5.971],[4.041,-5.886],[4.041,-5.872],[4.111,-5.844],[4.188,-5.788],[4.202,-5.802],[4.195,-5.858],[4.097,-5.964],[4.034,-5.992],[4.02,-6.013],[3.999,-6.013],[3.859,-6.14],[3.669,-6.266],[3.648,-6.294],[3.368,-6.498],[3.158,-6.618],[3.052,-6.632],[3.024,-6.611],[3.024,-6.505],[3.046,-6.477],[3.067,-6.379],[3.123,-6.238],[3.165,-6.182],[3.298,-5.929],[3.389,-5.809],[3.529,-5.668],[3.543,-5.668]]],[[[-3.763,-5.696],[-3.735,-5.696],[-3.629,-5.795],[-3.615,-5.795],[-3.496,-5.929],[-3.496,-5.943],[-3.433,-5.999],[-3.398,-6.055],[-3.321,-6.126],[-3.258,-6.231],[-2.949,-6.639],[-2.907,-6.751],[-2.914,-6.815],[-2.963,-6.836],[-3.061,-6.815],[-3.237,-6.723],[-3.258,-6.723],[-3.349,-6.66],[-3.37,-6.66],[-3.412,-6.625],[-3.489,-6.59],[-3.678,-6.456],[-3.784,-6.407],[-3.938,-6.294],[-4.029,-6.252],[-4.043,-6.231],[-4.324,-6.041],[-4.337,-6.02],[-4.33,-5.992],[-4.281,-5.985],[-4.19,-6.027],[-4.085,-6.104],[-4.015,-6.132],[-4.015,-6.147],[-3.966,-6.189],[-3.84,-6.273],[-3.819,-6.273],[-3.77,-6.315],[-3.692,-6.351],[-3.461,-6.512],[-3.44,-6.512],[-3.384,-6.555],[-3.216,-6.632],[-3.209,-6.646],[-3.188,-6.646],[-3.153,-6.674],[-3.131,-6.674],[-3.125,-6.688],[-3.04,-6.702],[-3.019,-6.674],[-3.033,-6.667],[-3.047,-6.597],[-3.076,-6.576],[-3.335,-6.224],[-3.58,-5.964],[-3.643,-5.858],[-3.749,-5.753],[-3.763,-5.696]]]]},"properties":{"abbr":"GrDG","name":"granular layer of the dentate gyrus","plate":33,"ap_bregma_mm":-3.4,"area_mm2":0.6008,"traced_fraction":[0.994,0.986,1.0],"n_labels":4,"no_drawn_outline":false}},{"type":"Feature","geometry":{"type":"MultiPolygon","coordinates":[[[[-3.37,-3.179],[-3.398,-3.165],[-3.503,-3.157],[-3.503,-3.108],[-3.517,-3.094],[-3.608,-3.115],[-3.756,-3.2],[-3.945,-3.368],[-4.008,-3.375],[-4.043,-3.333],[-4.043,-3.319],[-4.029,-3.319],[-4.029,-3.305],[-3.882,-3.171],[-3.587,-3.017],[-3.426,-2.961],[-3.251,-2.862],[-2.914,-2.771],[-2.774,-2.75],[-2.557,-2.693],[-2.508,-2.693],[-2.487,-2.764],[-2.676,-2.82],[-2.781,-2.876],[-2.858,-2.897],[-2.977,-2.967],[-3.04,-2.982],[-3.047,-2.996],[-3.216,-3.08],[-3.3,-3.15],[-3.37,-3.179]]],[[[2.225,-2.742],[2.414,-2.771],[2.541,-2.771],[3.067,-2.869],[3.284,-2.967],[3.522,-3.052],[3.669,-3.136],[3.69,-3.136],[3.887,-3.27],[3.964,-3.347],[3.971,-3.375],[3.831,-3.375],[3.656,-3.228],[3.536,-3.15],[3.284,-3.052],[3.235,-3.052],[3.221,-3.066],[3.221,-3.087],[3.263,-3.122],[3.249,-3.143],[3.186,-3.157],[3.172,-3.179],[2.926,-3.038],[2.814,-3.01],[2.786,-2.975],[2.646,-2.883],[2.253,-2.792],[2.225,-2.778],[2.225,-2.742]]],[[[3.543,-5.746],[3.564,-5.767],[3.599,-5.858],[3.627,-5.893],[3.641,-5.893],[3.641,-5.964],[3.669,-6.006],[3.726,-6.006],[3.796,-5.95],[3.894,-5.936],[3.985,-5.879],[4.041,-5.872],[4.041,-5.886],[3.957,-5.971],[3.648,-6.203],[3.249,-6.477],[3.172,-6.512],[3.13,-6.512],[3.116,-6.463],[3.186,-6.266],[3.27,-6.132],[3.277,-6.097],[3.312,-6.062],[3.396,-5.922],[3.473,-5.837],[3.508,-5.767],[3.543,-5.746]]],[[[-3.58,-5.964],[-3.335,-6.224],[-3.076,-6.576],[-3.047,-6.597],[-3.033,-6.667],[-3.019,-6.674],[-3.04,-6.702],[-3.125,-6.688],[-3.131,-6.674],[-3.153,-6.674],[-3.188,-6.646],[-3.209,-6.646],[-3.216,-6.632],[-3.384,-6.555],[-3.44,-6.512],[-3.461,-6.512],[-3.692,-6.351],[-3.77,-6.315],[-3.819,-6.273],[-3.84,-6.273],[-3.966,-6.189],[-4.015,-6.147],[-4.015,-6.132],[-3.973,-6.097],[-3.945,-6.09],[-3.833,-6.147],[-3.699,-6.161],[-3.699,-6.09],[-3.784,-6.027],[-3.819,-5.992],[-3.819,-5.971],[-3.58,-5.964]]]]},"properties":{"abbr":"PoDG","name":"polymorph layer of the dentate gyrus","plate":33,"ap_bregma_mm":-3.4,"area_mm2":0.9531,"traced_fraction":[0.998,1.0,1.0,1.0],"n_labels":4,"no_drawn_outline":false}},{"type":"Feature","geometry":{"type":"MultiPolygon","coordinates":[[[[-0.327,-3.228],[-0.397,-3.319],[-0.425,-3.298],[-0.502,-3.186],[-0.586,-3.115],[-0.895,-3.003],[-1.063,-2.989],[-1.231,-3.003],[-1.505,-3.087],[-1.596,-3.094],[-1.841,-3.193],[-1.904,-3.122],[-1.926,-3.08],[-1.933,-3.017],[-1.904,-2.939],[-1.785,-2.813],[-1.596,-2.714],[-1.463,-2.672],[-1.351,-2.651],[-1.049,-2.644],[-0.832,-2.693],[-0.699,-2.75],[-0.628,-2.799],[-0.516,-2.946],[-0.495,-2.996],[-0.488,-3.073],[-0.446,-3.165],[-0.327,-3.228]]],[[[1.601,-3.143],[1.405,-3.143],[1.377,-3.143],[1.342,-3.122],[1.321,-3.094],[1.236,-3.066],[0.872,-3.024],[0.662,-3.024],[0.563,-3.052],[0.479,-3.094],[0.297,-3.27],[0.234,-3.284],[0.22,-3.214],[0.248,-3.179],[0.255,-3.115],[0.297,-3.024],[0.43,-2.876],[0.542,-2.799],[0.704,-2.757],[0.963,-2.764],[1.468,-2.841],[1.545,-2.89],[1.615,-2.982],[1.629,-3.087],[1.601,-3.143]]]]},"properties":{"abbr":"SuG","name":"superficial gray layer of the superior colliculus","plate":33,"ap_bregma_mm":-3.4,"area_mm2":0.8627,"traced_fraction":[0.996,1.0],"n_labels":2,"no_drawn_outline":false}},{"type":"Feature","geometry":{"type":"MultiPolygon","coordinates":[[[[-1.161,-2.546],[-1.091,-2.567],[-0.951,-2.574],[-0.818,-2.602],[-0.804,-2.623],[-0.727,-2.644],[-0.601,-2.714],[-0.601,-2.728],[-0.551,-2.764],[-0.453,-2.946],[-0.397,-2.975],[-0.397,-2.996],[-0.376,-3.017],[-0.278,-3.045],[-0.243,-3.073],[-0.067,-3.122],[0.031,-3.122],[0.122,-3.073],[0.15,-3.017],[0.143,-2.996],[0.171,-2.989],[0.192,-2.939],[0.262,-2.869],[0.262,-2.848],[0.311,-2.827],[0.318,-2.806],[0.395,-2.757],[0.472,-2.728],[0.472,-2.714],[0.5,-2.7],[0.914,-2.679],[0.942,-2.7],[1.054,-2.721],[1.398,-2.75],[1.587,-2.827],[1.657,-2.876],[1.713,-2.939],[1.734,-2.975],[1.762,-3.115],[1.791,-3.143],[1.762,-3.157],[1.601,-3.143],[1.629,-3.087],[1.615,-2.982],[1.545,-2.89],[1.468,-2.841],[0.963,-2.764],[0.704,-2.757],[0.542,-2.799],[0.43,-2.876],[0.297,-3.024],[0.255,-3.115],[0.248,-3.179],[0.22,-3.214],[0.192,-3.214],[0.164,-3.193],[0.115,-3.193],[-0.004,-3.263],[-0.075,-3.263],[-0.25,-3.207],[-0.327,-3.228],[-0.446,-3.165],[-0.488,-3.073],[-0.502,-2.975],[-0.628,-2.799],[-0.699,-2.75],[-0.832,-2.693],[-1.049,-2.644],[-1.351,-2.651],[-1.463,-2.672],[-1.596,-2.714],[-1.785,-2.813],[-1.904,-2.939],[-1.933,-3.017],[-1.926,-3.08],[-1.904,-3.122],[-1.841,-3.193],[-1.898,-3.228],[-2.01,-3.235],[-2.01,-3.171],[-2.066,-3.073],[-2.066,-2.975],[-2.01,-2.869],[-1.904,-2.771],[-1.757,-2.686],[-1.624,-2.637],[-1.47,-2.595],[-1.175,-2.567],[-1.161,-2.546]]]]},"properties":{"abbr":"Zo","name":"zonal layer of the superior colliculus","plate":33,"ap_bregma_mm":-3.4,"area_mm2":0.4748,"traced_fraction":[0.999],"n_labels":2,"no_drawn_outline":false}},{"type":"Feature","geometry":{"type":"MultiPolygon","coordinates":[[[[-0.397,-3.319],[-0.397,-3.411],[-0.383,-3.453],[-0.285,-3.608],[-0.257,-3.678],[-0.32,-3.692],[-0.334,-3.664],[-0.383,-3.636],[-0.446,-3.572],[-0.446,-3.558],[-0.622,-3.368],[-0.748,-3.291],[-0.867,-3.249],[-1.049,-3.221],[-1.224,-3.228],[-1.372,-3.27],[-1.547,-3.354],[-1.575,-3.242],[-1.596,-3.214],[-1.512,-3.136],[-1.505,-3.087],[-1.231,-3.003],[-1.119,-2.989],[-0.895,-3.003],[-0.586,-3.115],[-0.502,-3.186],[-0.425,-3.298],[-0.397,-3.319]]],[[[1.342,-3.122],[1.321,-3.136],[1.314,-3.284],[1.279,-3.27],[1.166,-3.27],[1.033,-3.249],[0.732,-3.249],[0.669,-3.263],[0.556,-3.319],[0.479,-3.397],[0.444,-3.481],[0.381,-3.551],[0.29,-3.622],[0.199,-3.657],[0.164,-3.657],[0.164,-3.622],[0.199,-3.551],[0.234,-3.411],[0.234,-3.284],[0.297,-3.27],[0.479,-3.094],[0.563,-3.052],[0.662,-3.024],[0.872,-3.024],[1.236,-3.066],[1.321,-3.094],[1.342,-3.122]]]]},"properties":{"abbr":"Op","name":"optic nerve layer of the superior colliculus","plate":33,"ap_bregma_mm":-3.4,"area_mm2":0.5883,"traced_fraction":[1.0,1.0],"n_labels":2,"no_drawn_outline":false}},{"type":"Feature","geometry":{"type":"MultiPolygon","coordinates":[[[[6.439,-2.51],[6.586,-2.679],[6.586,-2.693],[6.6,-2.693],[6.621,-2.735],[6.649,-2.75],[6.726,-2.855],[6.741,-2.855],[6.775,-2.911],[6.818,-2.946],[6.93,-3.108],[6.986,-3.165],[7.014,-3.221],[7.028,-3.221],[7.035,-3.228],[7.028,-3.242],[7.042,-3.242],[7.049,-3.249],[7.042,-3.263],[7.056,-3.263],[7.063,-3.277],[7.056,-3.284],[7.07,-3.284],[7.077,-3.298],[7.14,-3.397],[5.906,-3.882],[5.878,-3.861],[5.836,-3.762],[5.703,-3.551],[5.661,-3.509],[5.57,-3.368],[5.506,-3.305],[5.493,-3.27],[5.57,-3.221],[6.011,-2.855],[6.053,-2.834],[6.208,-2.693],[6.362,-2.581],[6.425,-2.51],[6.439,-2.51]]],[[[-6.518,-2.567],[-6.406,-2.651],[-6.378,-2.658],[-5.957,-2.932],[-5.501,-3.27],[-5.74,-3.685],[-5.887,-4.016],[-6.287,-3.826],[-6.399,-3.755],[-7.044,-3.432],[-7.065,-3.432],[-7.065,-3.404],[-7.002,-3.298],[-6.988,-3.249],[-6.876,-3.073],[-6.869,-3.038],[-6.855,-3.017],[-6.841,-2.996],[-6.827,-2.975],[-6.82,-2.982],[-6.82,-2.967],[-6.805,-2.946],[-6.792,-2.925],[-6.777,-2.904],[-6.771,-2.911],[-6.763,-2.897],[-6.707,-2.827],[-6.714,-2.82],[-6.707,-2.806],[-6.7,-2.813],[-6.7,-2.799],[-6.7,-2.792],[-6.672,-2.778],[-6.553,-2.588],[-6.518,-2.567]]]]},"properties":{"abbr":"AuD","name":"secondary auditory cortex, dorsal area","plate":33,"ap_bregma_mm":-3.4,"area_mm2":2.3773,"traced_fraction":[1.0,1.0],"n_labels":2,"no_drawn_outline":false}},{"type":"Feature","geometry":{"type":"MultiPolygon","coordinates":[[[[-1.919,-3.312],[-1.87,-3.432],[-1.862,-3.544],[-2.017,-3.586],[-2.157,-3.664],[-2.22,-3.678],[-2.304,-3.769],[-2.318,-3.769],[-2.318,-3.678],[-2.353,-3.551],[-2.395,-3.481],[-2.459,-3.425],[-2.472,-3.375],[-2.409,-3.361],[-2.262,-3.361],[-1.919,-3.312]]],[[[-3.188,-3.488],[-3.188,-3.523],[-3.167,-3.537],[-3.16,-3.572],[-3.167,-3.579],[-3.286,-3.622],[-3.552,-3.748],[-3.636,-3.826],[-3.671,-3.882],[-3.798,-4.149],[-3.833,-4.29],[-3.826,-4.585],[-3.798,-4.698],[-3.798,-4.852],[-3.777,-4.951],[-3.903,-4.993],[-3.973,-4.684],[-4.043,-4.459],[-4.029,-4.269],[-3.973,-4.114],[-3.917,-4.016],[-3.903,-3.924],[-3.833,-3.847],[-3.812,-3.805],[-3.643,-3.65],[-3.419,-3.601],[-3.209,-3.488],[-3.188,-3.488]]],[[[3.761,-3.84],[3.789,-3.84],[3.824,-3.861],[4.013,-4.065],[4.083,-4.198],[4.118,-4.339],[4.132,-4.55],[4.118,-4.726],[4.083,-4.845],[4.034,-4.944],[3.964,-5.028],[3.95,-5.077],[3.901,-5.092],[3.775,-5.211],[3.711,-5.225],[3.698,-5.267],[3.648,-5.317],[3.522,-5.401],[3.382,-5.542],[3.319,-5.584],[3.305,-5.57],[3.305,-5.507],[3.438,-5.366],[3.508,-5.331],[3.557,-5.281],[3.564,-5.225],[3.719,-4.86],[3.754,-4.712],[3.761,-4.599],[3.761,-4.501],[3.733,-4.388],[3.733,-4.255],[3.81,-4.248],[3.796,-3.931],[3.768,-3.889],[3.761,-3.84]]]]},"properties":{"abbr":"opt","name":"optic tract","plate":33,"ap_bregma_mm":-3.4,"area_mm2":0.8786,"traced_fraction":[1.0,0.969,0.988],"n_labels":3,"no_drawn_outline":false}},{"type":"Feature","geometry":{"type":"MultiPolygon","coordinates":[[[[1.342,-3.122],[1.377,-3.143],[1.405,-3.143],[1.419,-3.165],[1.531,-3.193],[1.573,-3.221],[1.566,-3.263],[1.503,-3.34],[1.468,-3.488],[1.419,-3.474],[1.3,-3.34],[1.314,-3.284],[1.321,-3.136],[1.342,-3.122]]],[[[-1.596,-3.214],[-1.575,-3.242],[-1.547,-3.354],[-1.547,-3.382],[-1.568,-3.418],[-1.582,-3.516],[-1.645,-3.579],[-1.645,-3.594],[-1.729,-3.551],[-1.862,-3.544],[-1.87,-3.432],[-1.919,-3.312],[-1.596,-3.214]]]]},"properties":{"abbr":"OT","name":"nucleus of the optic tract","plate":33,"ap_bregma_mm":-3.4,"area_mm2":0.1536,"traced_fraction":[1.0,1.0],"n_labels":2,"no_drawn_outline":false}},{"type":"Feature","geometry":{"type":"MultiPolygon","coordinates":[[[[-0.32,-3.692],[-0.523,-3.72],[-0.825,-3.692],[-1.091,-3.629],[-1.323,-3.53],[-1.547,-3.382],[-1.547,-3.354],[-1.372,-3.27],[-1.224,-3.228],[-1.049,-3.221],[-0.867,-3.249],[-0.748,-3.291],[-0.622,-3.368],[-0.446,-3.558],[-0.446,-3.572],[-0.383,-3.636],[-0.334,-3.664],[-0.32,-3.692]]],[[[1.314,-3.284],[1.3,-3.34],[1.223,-3.481],[1.145,-3.495],[0.977,-3.579],[0.914,-3.586],[0.725,-3.65],[0.423,-3.692],[0.297,-3.685],[0.213,-3.699],[0.199,-3.657],[0.29,-3.622],[0.381,-3.551],[0.444,-3.481],[0.479,-3.397],[0.556,-3.319],[0.648,-3.27],[0.732,-3.249],[1.033,-3.249],[1.166,-3.27],[1.279,-3.27],[1.314,-3.284]]],[[[-0.579,-4.951],[-0.551,-4.972],[-0.432,-5.176],[-0.39,-5.275],[-0.355,-5.31],[-0.355,-5.331],[-0.341,-5.331],[-0.341,-5.352],[-0.362,-5.352],[-0.39,-5.38],[-0.53,-5.401],[-0.607,-5.373],[-0.748,-5.211],[-0.776,-5.148],[-0.776,-5.071],[-0.664,-5.042],[-0.579,-4.951]]]]},"properties":{"abbr":"InG","name":"intermediate gray layer of the superior colliculus","plate":33,"ap_bregma_mm":-3.4,"area_mm2":0.7601,"traced_fraction":[0.995,1.0,1.0],"n_labels":3,"no_drawn_outline":false}},{"type":"Feature","geometry":{"type":"MultiPolygon","coordinates":[[[[1.573,-3.221],[1.622,-3.221],[1.776,-3.27],[1.945,-3.291],[2.246,-3.375],[2.162,-3.53],[2.141,-3.608],[2.099,-3.671],[2.085,-3.671],[2.043,-3.622],[1.973,-3.608],[1.847,-3.572],[1.741,-3.572],[1.566,-3.643],[1.468,-3.488],[1.503,-3.34],[1.566,-3.263],[1.573,-3.221]]]]},"properties":{"abbr":"OPT","name":"olivary pretectal nucleus","plate":33,"ap_bregma_mm":-3.4,"area_mm2":0.2217,"traced_fraction":[0.997],"n_labels":1,"no_drawn_outline":false}},{"type":"Feature","geometry":{"type":"MultiPolygon","coordinates":[[[[-1.666,-2.095],[-1.645,-2.138],[-1.638,-2.208],[-1.736,-2.201],[-1.855,-2.159],[-2.003,-2.081],[-2.234,-2.018],[-2.381,-1.962],[-2.472,-1.941],[-2.634,-1.941],[-2.837,-1.976],[-3.082,-2.046],[-3.209,-2.095],[-3.321,-2.159],[-3.475,-2.215],[-3.545,-2.257],[-3.65,-2.292],[-4.12,-2.539],[-4.295,-2.658],[-4.324,-2.665],[-4.513,-2.799],[-4.667,-2.939],[-4.681,-2.939],[-4.913,-3.186],[-5.123,-3.474],[-5.172,-3.551],[-5.207,-3.643],[-5.242,-3.685],[-5.242,-3.706],[-5.277,-3.741],[-5.403,-3.966],[-5.501,-3.959],[-5.431,-3.797],[-5.368,-3.706],[-5.368,-3.685],[-5.354,-3.685],[-5.312,-3.586],[-5.249,-3.509],[-5.249,-3.488],[-5.207,-3.418],[-5.046,-3.193],[-5.032,-3.193],[-5.011,-3.15],[-4.863,-2.996],[-4.863,-2.982],[-4.849,-2.982],[-4.828,-2.946],[-4.814,-2.946],[-4.632,-2.778],[-4.583,-2.75],[-4.583,-2.735],[-4.555,-2.728],[-4.478,-2.658],[-4.408,-2.623],[-4.408,-2.609],[-4.366,-2.595],[-4.366,-2.581],[-4.324,-2.567],[-4.309,-2.546],[-4.176,-2.475],[-4.113,-2.426],[-3.924,-2.335],[-3.854,-2.285],[-3.482,-2.131],[-3.349,-2.067],[-3.342,-2.053],[-3.076,-1.948],[-2.802,-1.87],[-2.627,-1.842],[-2.472,-1.835],[-2.276,-1.863],[-1.912,-1.976],[-1.715,-2.081],[-1.666,-2.095]]],[[[5.303,-3.868],[5.03,-3.882],[4.777,-3.523],[4.735,-3.488],[4.735,-3.474],[4.693,-3.439],[4.525,-3.228],[4.462,-3.171],[4.462,-3.157],[4.266,-2.975],[3.943,-2.771],[3.62,-2.609],[3.459,-2.553],[3.403,-2.517],[3.312,-2.489],[3.228,-2.44],[3.102,-2.391],[2.947,-2.349],[2.814,-2.292],[2.632,-2.25],[2.358,-2.229],[2.155,-2.236],[2.05,-2.271],[1.896,-2.391],[1.678,-2.496],[1.531,-2.517],[1.138,-2.539],[1.145,-2.503],[1.244,-2.384],[1.356,-2.398],[1.552,-2.335],[1.636,-2.285],[1.776,-2.145],[1.931,-2.032],[2.057,-1.969],[2.141,-1.948],[2.295,-1.927],[2.548,-1.934],[2.702,-1.955],[2.842,-2.011],[2.954,-2.039],[3.109,-2.102],[3.417,-2.264],[3.669,-2.363],[3.677,-2.377],[4.076,-2.567],[4.518,-2.869],[4.847,-3.193],[4.861,-3.193],[4.91,-3.263],[4.932,-3.27],[5.177,-3.615],[5.303,-3.868]]]]},"properties":{"abbr":"CA1","name":"field CA1 of the hippocampus","plate":33,"ap_bregma_mm":-3.4,"area_mm2":1.6638,"traced_fraction":[0.995,0.976],"n_labels":2,"no_drawn_outline":false}},{"type":"Feature","geometry":{"type":"MultiPolygon","coordinates":[[[[-2.472,-3.375],[-2.459,-3.425],[-2.472,-3.432],[-2.493,-3.509],[-2.493,-3.79],[-2.508,-3.875],[-2.543,-3.945],[-2.641,-4.037],[-2.781,-4.114],[-2.935,-4.121],[-3.033,-4.093],[-3.153,-4.001],[-3.174,-4.001],[-3.181,-3.826],[-3.167,-3.579],[-3.16,-3.572],[-2.977,-3.488],[-2.802,-3.446],[-2.704,-3.404],[-2.697,-3.39],[-2.627,-3.375],[-2.472,-3.375]]],[[[2.442,-3.39],[2.709,-3.411],[2.905,-3.467],[3.031,-3.523],[2.961,-3.615],[2.947,-3.854],[2.968,-4.016],[2.884,-4.008],[2.744,-3.959],[2.59,-3.875],[2.492,-3.783],[2.435,-3.692],[2.414,-3.615],[2.408,-3.537],[2.442,-3.39]]]]},"properties":{"abbr":"LPMC","name":"lateral posterior thalamic nucleus, mediocaudal part","plate":33,"ap_bregma_mm":-3.4,"area_mm2":0.6778,"traced_fraction":[1.0,0.973],"n_labels":2,"no_drawn_outline":false}},{"type":"Feature","geometry":{"type":"MultiPolygon","coordinates":[[[[-1.862,-3.544],[-1.729,-3.551],[-1.645,-3.594],[-1.456,-3.797],[-1.463,-3.826],[-1.421,-3.903],[-1.379,-4.051],[-1.379,-4.241],[-1.456,-4.501],[-2.157,-4.501],[-2.171,-4.494],[-2.234,-4.318],[-2.29,-4.093],[-2.29,-3.987],[-2.269,-3.882],[-2.234,-3.79],[-2.157,-3.685],[-2.157,-3.664],[-2.017,-3.586],[-1.862,-3.544]]],[[[1.973,-3.608],[2.057,-3.72],[2.113,-3.917],[1.356,-3.917],[1.412,-3.812],[1.419,-3.755],[1.545,-3.671],[1.566,-3.643],[1.741,-3.572],[1.847,-3.572],[1.973,-3.608]]]]},"properties":{"abbr":"APTD","name":"anterior pretectal nucleus, dorsal part","plate":33,"ap_bregma_mm":-3.4,"area_mm2":0.9237,"traced_fraction":[0.794,0.623],"n_labels":2,"no_drawn_outline":false}},{"type":"Feature","geometry":{"type":"MultiPolygon","coordinates":[[[[-1.547,-3.382],[-1.323,-3.53],[-1.091,-3.629],[-0.825,-3.692],[-0.523,-3.72],[-0.558,-3.769],[-0.734,-3.861],[-1.035,-3.861],[-1.21,-3.79],[-1.224,-3.769],[-1.252,-3.762],[-1.372,-3.671],[-1.484,-3.608],[-1.582,-3.516],[-1.568,-3.418],[-1.547,-3.382]]],[[[1.223,-3.481],[1.166,-3.629],[1.166,-3.678],[1.209,-3.72],[1.159,-3.776],[1.04,-3.861],[0.935,-3.903],[0.858,-3.903],[0.746,-3.882],[0.577,-3.819],[0.458,-3.748],[0.423,-3.713],[0.423,-3.692],[0.725,-3.65],[0.788,-3.622],[0.977,-3.579],[1.145,-3.495],[1.223,-3.481]]]]},"properties":{"abbr":"InWh","name":"intermediate white layer of the superior colliculus","plate":33,"ap_bregma_mm":-3.4,"area_mm2":0.3541,"traced_fraction":[0.994,1.0],"n_labels":2,"no_drawn_outline":false}},{"type":"Feature","geometry":{"type":"MultiPolygon","coordinates":[[[[3.494,-2.053],[3.599,-2.095],[3.719,-2.166],[3.768,-2.18],[3.775,-2.194],[3.824,-2.201],[4.245,-2.426],[4.574,-2.658],[4.595,-2.686],[4.7,-2.757],[4.812,-2.869],[4.826,-2.869],[5.065,-3.129],[5.331,-3.509],[5.485,-3.79],[5.493,-3.833],[5.527,-3.889],[5.64,-4.177],[5.731,-4.501],[5.787,-4.817],[5.78,-5.056],[5.703,-5.436],[5.577,-5.837],[5.457,-6.09],[5.352,-6.259],[5.191,-6.477],[5.1,-6.576],[4.995,-6.653],[4.96,-6.632],[4.855,-6.632],[4.855,-6.611],[4.897,-6.569],[5.037,-6.477],[5.163,-6.351],[5.373,-6.055],[5.471,-5.844],[5.563,-5.549],[5.626,-5.267],[5.654,-5.028],[5.654,-4.754],[5.605,-4.571],[5.57,-4.297],[5.535,-4.17],[5.514,-4.142],[5.506,-4.093],[5.478,-4.022],[5.464,-4.016],[5.457,-3.973],[5.359,-3.812],[5.359,-3.79],[5.338,-3.776],[5.317,-3.713],[5.24,-3.608],[5.135,-3.397],[5.03,-3.263],[4.883,-3.101],[4.868,-3.101],[4.812,-3.038],[4.749,-2.996],[4.686,-2.925],[4.672,-2.925],[4.497,-2.764],[4.118,-2.503],[3.592,-2.243],[3.487,-2.208],[3.144,-2.025],[2.765,-1.891],[2.639,-1.863],[2.393,-1.835],[2.127,-1.835],[2.022,-1.849],[1.882,-1.906],[1.791,-1.969],[1.657,-2.095],[1.587,-2.194],[1.496,-2.278],[1.384,-2.32],[1.314,-2.313],[1.405,-2.138],[1.433,-2.011],[1.461,-1.948],[1.559,-1.849],[1.692,-1.758],[1.875,-1.702],[2.092,-1.68],[2.442,-1.716],[2.737,-1.779],[3.256,-1.948],[3.494,-2.053]]],[[[-4.148,-2.257],[-4.148,-2.285],[-4.127,-2.32],[-4.267,-2.412],[-4.309,-2.426],[-4.66,-2.672],[-4.863,-2.862],[-4.877,-2.862],[-4.877,-2.876],[-4.913,-2.897],[-4.94,-2.939],[-4.955,-2.939],[-4.983,-2.989],[-5.011,-3.003],[-5.039,-3.052],[-5.067,-3.066],[-5.088,-3.108],[-5.116,-3.122],[-5.389,-3.516],[-5.515,-3.762],[-5.529,-3.769],[-5.621,-3.973],[-5.635,-3.98],[-5.684,-4.135],[-5.614,-4.156],[-5.621,-4.205],[-5.67,-4.29],[-5.705,-4.409],[-5.761,-4.529],[-5.866,-4.937],[-5.873,-5.148],[-5.81,-5.485],[-5.698,-5.823],[-5.628,-5.957],[-5.578,-6.097],[-5.565,-6.104],[-5.431,-6.365],[-5.256,-6.597],[-5.109,-6.737],[-4.983,-6.815],[-4.926,-6.871],[-5.004,-6.899],[-5.06,-6.878],[-5.116,-6.836],[-5.123,-6.815],[-5.165,-6.794],[-5.165,-6.78],[-5.263,-6.695],[-5.298,-6.639],[-5.312,-6.639],[-5.34,-6.59],[-5.354,-6.59],[-5.361,-6.562],[-5.375,-6.562],[-5.424,-6.477],[-5.438,-6.477],[-5.663,-6.097],[-5.873,-5.598],[-5.943,-5.303],[-5.957,-5.077],[-5.901,-4.726],[-5.74,-4.248],[-5.747,-4.234],[-5.81,-4.22],[-5.817,-4.198],[-5.789,-4.107],[-5.712,-3.98],[-5.712,-3.959],[-5.621,-3.797],[-5.508,-3.544],[-5.354,-3.298],[-5.088,-2.953],[-4.821,-2.679],[-4.807,-2.679],[-4.765,-2.63],[-4.639,-2.531],[-4.443,-2.405],[-4.148,-2.257]]],[[[-1.316,-2.489],[-1.302,-2.503],[-1.203,-2.517],[-1.161,-2.546],[-1.175,-2.567],[-1.47,-2.595],[-1.624,-2.637],[-1.757,-2.686],[-1.904,-2.771],[-2.01,-2.869],[-2.066,-2.975],[-2.066,-3.073],[-2.01,-3.171],[-2.01,-3.235],[-2.192,-3.291],[-2.402,-3.291],[-2.543,-3.263],[-2.662,-3.27],[-2.718,-3.291],[-2.837,-3.368],[-3.167,-3.467],[-3.188,-3.488],[-3.209,-3.488],[-3.419,-3.601],[-3.643,-3.65],[-3.812,-3.805],[-3.833,-3.847],[-3.903,-3.924],[-3.903,-3.973],[-4.008,-4.198],[-4.043,-4.353],[-4.029,-4.529],[-3.973,-4.684],[-3.903,-4.993],[-3.889,-5.063],[-3.826,-5.204],[-3.714,-5.345],[-3.601,-5.436],[-3.587,-5.471],[-3.678,-5.457],[-3.952,-5.296],[-3.973,-5.296],[-3.98,-5.281],[-4.008,-5.288],[-4.008,-5.338],[-3.966,-5.422],[-3.784,-5.633],[-3.763,-5.696],[-3.749,-5.753],[-3.643,-5.858],[-3.58,-5.964],[-3.819,-5.971],[-3.833,-5.971],[-3.924,-5.802],[-4.176,-5.563],[-4.176,-5.549],[-4.274,-5.443],[-4.408,-5.19],[-4.436,-5.071],[-4.45,-5.063],[-4.485,-4.944],[-4.506,-4.824],[-4.499,-4.677],[-4.422,-4.445],[-4.352,-4.248],[-4.295,-4.156],[-4.267,-4.079],[-4.071,-3.776],[-3.861,-3.537],[-3.784,-3.418],[-3.503,-3.157],[-3.398,-3.165],[-3.37,-3.179],[-3.384,-3.207],[-3.412,-3.221],[-3.412,-3.235],[-3.454,-3.249],[-3.454,-3.263],[-3.468,-3.263],[-3.587,-3.397],[-3.622,-3.453],[-3.622,-3.488],[-3.601,-3.502],[-3.608,-3.586],[-3.573,-3.601],[-3.538,-3.572],[-3.461,-3.551],[-3.146,-3.397],[-3.139,-3.382],[-3.118,-3.382],[-2.837,-3.221],[-2.669,-3.143],[-2.662,-3.129],[-2.641,-3.129],[-2.206,-2.848],[-2.059,-2.728],[-1.933,-2.651],[-1.841,-2.567],[-1.75,-2.51],[-1.666,-2.489],[-1.316,-2.489]]],[[[3.263,-3.122],[3.424,-3.221],[3.571,-3.354],[3.585,-3.354],[3.726,-3.495],[3.726,-3.509],[3.936,-3.727],[3.936,-3.741],[4.083,-3.882],[4.216,-4.079],[4.315,-4.283],[4.35,-4.508],[4.343,-4.775],[4.322,-4.888],[4.181,-5.204],[4.104,-5.324],[3.726,-5.76],[3.641,-5.893],[3.613,-5.879],[3.564,-5.767],[3.543,-5.746],[3.543,-5.668],[3.711,-5.485],[3.817,-5.324],[3.838,-5.31],[3.943,-5.134],[3.95,-5.077],[3.964,-5.028],[4.034,-4.944],[4.083,-4.845],[4.118,-4.726],[4.132,-4.627],[4.118,-4.339],[4.083,-4.198],[4.013,-4.065],[3.824,-3.861],[3.789,-3.84],[3.761,-3.84],[3.648,-3.713],[3.529,-3.636],[3.501,-3.601],[3.494,-3.551],[3.389,-3.418],[3.375,-3.375],[3.333,-3.312],[3.207,-3.228],[3.172,-3.179],[3.186,-3.157],[3.249,-3.143],[3.263,-3.122]]]]},"properties":{"abbr":"Or","name":"oriens layer of the hippocampus","plate":33,"ap_bregma_mm":-3.4,"area_mm2":3.5851,"traced_fraction":[1.0,0.994,1.0,1.0],"n_labels":4,"no_drawn_outline":false}},{"type":"Feature","geometry":{"type":"MultiPolygon","coordinates":[[[[2.442,-3.39],[2.408,-3.558],[2.435,-3.692],[2.492,-3.783],[2.59,-3.875],[2.744,-3.959],[2.856,-4.001],[2.968,-4.016],[3.01,-4.121],[2.989,-4.128],[2.905,-4.1],[2.842,-4.1],[2.765,-4.114],[2.569,-4.184],[2.499,-4.177],[2.351,-4.128],[2.239,-4.051],[2.155,-3.812],[2.141,-3.805],[2.092,-3.692],[2.099,-3.671],[2.12,-3.65],[2.162,-3.53],[2.246,-3.375],[2.337,-3.368],[2.358,-3.382],[2.442,-3.39]]],[[[-2.459,-3.425],[-2.395,-3.481],[-2.353,-3.551],[-2.318,-3.678],[-2.318,-3.769],[-2.304,-3.769],[-2.318,-3.861],[-2.36,-3.959],[-2.381,-4.135],[-2.409,-4.198],[-2.409,-4.212],[-2.48,-4.269],[-2.55,-4.297],[-2.634,-4.311],[-2.788,-4.311],[-2.809,-4.332],[-2.963,-4.297],[-3.272,-4.304],[-3.202,-4.114],[-3.188,-4.008],[-3.174,-4.001],[-3.153,-4.001],[-3.033,-4.093],[-2.935,-4.121],[-2.781,-4.114],[-2.641,-4.037],[-2.543,-3.945],[-2.508,-3.875],[-2.493,-3.79],[-2.493,-3.509],[-2.472,-3.432],[-2.459,-3.425]]]]},"properties":{"abbr":"LPLC","name":"lateral posterior thalamic nucleus, laterocaudal part","plate":33,"ap_bregma_mm":-3.4,"area_mm2":0.604,"traced_fraction":[0.965,1.0],"n_labels":2,"no_drawn_outline":false}},{"type":"Feature","geometry":{"type":"MultiPolygon","coordinates":[[[[-1.638,-2.208],[-1.603,-2.264],[-1.526,-2.32],[-1.491,-2.37],[-1.708,-2.327],[-2.024,-2.306],[-2.395,-2.236],[-2.788,-2.236],[-2.914,-2.257],[-3.11,-2.313],[-3.286,-2.384],[-3.433,-2.461],[-3.51,-2.482],[-3.58,-2.524],[-3.636,-2.539],[-3.931,-2.686],[-4.253,-2.89],[-4.394,-3.003],[-4.436,-3.052],[-4.45,-3.052],[-4.639,-3.242],[-4.94,-3.657],[-5.053,-3.875],[-5.179,-4.065],[-5.249,-4.22],[-5.263,-4.226],[-5.368,-4.522],[-5.445,-4.909],[-5.431,-5.267],[-5.368,-5.485],[-5.221,-5.802],[-5.165,-5.886],[-5.081,-6.062],[-4.849,-6.407],[-4.765,-6.491],[-4.681,-6.547],[-4.541,-6.611],[-4.345,-6.674],[-4.394,-6.737],[-4.471,-6.78],[-4.576,-6.808],[-4.723,-6.808],[-4.786,-6.758],[-4.913,-6.716],[-5.011,-6.66],[-5.193,-6.484],[-5.193,-6.47],[-5.284,-6.372],[-5.396,-6.189],[-5.396,-6.168],[-5.41,-6.161],[-5.515,-5.95],[-5.551,-5.844],[-5.642,-5.654],[-5.698,-5.457],[-5.754,-5.085],[-5.761,-4.979],[-5.747,-4.852],[-5.691,-4.648],[-5.6,-4.437],[-5.551,-4.269],[-5.403,-3.966],[-5.277,-3.741],[-5.242,-3.706],[-5.242,-3.685],[-5.207,-3.643],[-5.207,-3.622],[-5.123,-3.474],[-4.913,-3.186],[-4.681,-2.939],[-4.667,-2.939],[-4.513,-2.799],[-4.324,-2.665],[-4.295,-2.658],[-4.12,-2.539],[-3.65,-2.292],[-3.545,-2.257],[-3.475,-2.215],[-3.37,-2.18],[-3.082,-2.046],[-2.837,-1.976],[-2.634,-1.941],[-2.472,-1.941],[-2.381,-1.962],[-2.234,-2.018],[-2.003,-2.081],[-1.855,-2.159],[-1.736,-2.201],[-1.638,-2.208]]],[[[-3.945,-3.368],[-3.973,-3.425],[-4.197,-3.678],[-4.387,-3.966],[-4.387,-3.987],[-4.45,-4.093],[-4.555,-4.388],[-4.597,-4.388],[-4.639,-4.522],[-4.667,-4.564],[-4.688,-4.656],[-4.877,-4.656],[-4.877,-4.592],[-4.863,-4.578],[-4.856,-4.522],[-4.807,-4.423],[-4.73,-4.191],[-4.653,-4.037],[-4.527,-3.84],[-4.358,-3.65],[-4.092,-3.439],[-4.029,-3.404],[-4.008,-3.375],[-3.945,-3.368]]],[[[3.971,-3.375],[4.048,-3.404],[4.104,-3.46],[4.153,-3.474],[4.167,-3.516],[4.202,-3.544],[4.202,-3.558],[4.399,-3.748],[4.441,-3.826],[4.581,-4.008],[4.595,-4.058],[4.623,-4.086],[4.623,-4.107],[4.707,-4.269],[4.763,-4.557],[4.763,-4.747],[4.742,-4.93],[4.679,-5.113],[4.56,-5.317],[4.385,-5.514],[4.322,-5.619],[4.188,-5.788],[4.111,-5.844],[4.041,-5.872],[3.985,-5.879],[3.894,-5.936],[3.796,-5.95],[3.915,-5.774],[4.153,-5.492],[4.237,-5.366],[4.315,-5.288],[4.364,-5.26],[4.371,-5.232],[4.413,-5.183],[4.434,-5.12],[4.448,-5.12],[4.448,-5.099],[4.497,-5.021],[4.497,-4.986],[4.532,-4.888],[4.56,-4.691],[4.56,-4.452],[4.539,-4.416],[4.553,-4.388],[4.553,-4.346],[4.539,-4.332],[4.511,-4.226],[4.462,-4.142],[4.462,-4.121],[4.35,-3.924],[4.329,-3.91],[4.3,-3.854],[4.266,-3.833],[4.209,-3.762],[4.153,-3.72],[4.146,-3.671],[4.034,-3.608],[3.908,-3.481],[3.831,-3.375],[3.971,-3.375]]],[[[5.303,-3.868],[5.345,-3.931],[5.464,-4.22],[5.514,-4.445],[5.527,-4.599],[5.57,-4.81],[5.57,-4.944],[5.535,-5.197],[5.429,-5.647],[5.373,-5.809],[5.282,-5.999],[5.191,-6.132],[5.051,-6.28],[5.051,-6.294],[4.932,-6.414],[4.742,-6.54],[4.602,-6.533],[4.413,-6.498],[4.364,-6.477],[4.35,-6.456],[4.406,-6.4],[4.714,-6.182],[4.91,-5.978],[5.086,-5.675],[5.233,-5.267],[5.254,-5.176],[5.275,-4.944],[5.247,-4.515],[5.142,-4.114],[5.03,-3.882],[5.303,-3.868]]]]},"properties":{"abbr":"Rad","name":"radiatum layer of the hippocampus","plate":33,"ap_bregma_mm":-3.4,"area_mm2":3.7058,"traced_fraction":[0.998,0.952,1.0,0.964],"n_labels":4,"no_drawn_outline":false}},{"type":"Feature","geometry":{"type":"MultiPolygon","coordinates":[[[[3.031,-3.523],[3.123,-3.544],[3.347,-3.636],[3.508,-3.727],[3.585,-3.797],[3.684,-3.987],[3.733,-4.255],[3.733,-4.388],[3.761,-4.501],[3.761,-4.599],[3.74,-4.599],[3.648,-4.677],[3.564,-4.698],[3.501,-4.698],[3.473,-4.677],[3.473,-4.656],[3.361,-4.48],[3.123,-4.248],[3.01,-4.121],[2.968,-4.016],[2.947,-3.854],[2.961,-3.615],[3.031,-3.523]]],[[[-3.167,-3.579],[-3.181,-3.826],[-3.174,-4.001],[-3.188,-4.008],[-3.202,-4.114],[-3.272,-4.304],[-3.321,-4.367],[-3.335,-4.367],[-3.44,-4.473],[-3.44,-4.487],[-3.503,-4.543],[-3.559,-4.62],[-3.678,-4.733],[-3.749,-4.726],[-3.798,-4.698],[-3.826,-4.585],[-3.833,-4.29],[-3.798,-4.149],[-3.671,-3.882],[-3.636,-3.826],[-3.552,-3.748],[-3.286,-3.622],[-3.167,-3.579]]]]},"properties":{"abbr":"DLG","name":"dorsal lateral geniculate nucleus","plate":33,"ap_bregma_mm":-3.4,"area_mm2":1.0704,"traced_fraction":[0.993,1.0],"n_labels":2,"no_drawn_outline":false}},{"type":"Feature","geometry":{"type":"MultiPolygon","coordinates":[[[[-0.173,-3.945],[-0.173,-3.959],[-0.285,-4.065],[-0.46,-4.163],[-0.537,-4.234],[-0.607,-4.269],[-0.748,-4.423],[-0.839,-4.487],[-0.874,-4.529],[-0.937,-4.55],[-1.0,-4.55],[-1.07,-4.522],[-1.126,-4.459],[-1.126,-4.395],[-1.098,-4.346],[-0.923,-4.149],[-0.881,-4.114],[-0.839,-4.1],[-0.825,-4.079],[-0.776,-4.065],[-0.685,-3.994],[-0.509,-3.917],[-0.313,-3.903],[-0.229,-3.917],[-0.173,-3.945]]],[[[0.809,-4.142],[0.83,-4.198],[0.921,-4.29],[0.984,-4.381],[0.991,-4.466],[0.963,-4.501],[0.893,-4.536],[0.788,-4.543],[0.753,-4.501],[0.676,-4.452],[0.669,-4.423],[0.613,-4.374],[0.613,-4.36],[0.458,-4.22],[0.409,-4.198],[0.339,-4.142],[0.192,-4.072],[0.108,-4.016],[0.052,-3.952],[0.108,-3.924],[0.178,-3.917],[0.346,-3.924],[0.423,-3.959],[0.605,-4.093],[0.809,-4.142]]]]},"properties":{"abbr":"PCom","name":"nucleus of the posterior commissure","plate":33,"ap_bregma_mm":-3.4,"area_mm2":0.4822,"traced_fraction":[1.0,1.0],"n_labels":2,"no_drawn_outline":false}},{"type":"Feature","geometry":{"type":"MultiPolygon","coordinates":[[[[1.377,-3.755],[1.419,-3.755],[1.412,-3.812],[1.356,-3.917],[1.314,-4.044],[1.314,-4.283],[1.328,-4.374],[0.984,-4.381],[0.921,-4.29],[0.83,-4.198],[0.809,-4.142],[0.956,-4.1],[0.984,-4.072],[1.012,-4.065],[1.138,-3.952],[1.314,-3.833],[1.349,-3.79],[1.363,-3.79],[1.377,-3.755]]],[[[-1.456,-3.797],[-1.421,-3.805],[-1.344,-3.861],[-1.126,-4.086],[-1.056,-4.121],[-0.944,-4.135],[-0.923,-4.149],[-1.098,-4.346],[-1.126,-4.395],[-1.126,-4.459],[-1.07,-4.522],[-1.0,-4.55],[-0.937,-4.55],[-0.874,-4.529],[-0.86,-4.536],[-0.93,-4.613],[-0.986,-4.705],[-0.993,-4.916],[-0.965,-4.972],[-0.916,-5.021],[-0.776,-5.071],[-0.776,-5.148],[-0.748,-5.211],[-0.607,-5.373],[-0.664,-5.38],[-0.727,-5.422],[-0.755,-5.471],[-0.776,-5.556],[-0.902,-5.535],[-1.014,-5.478],[-1.133,-5.45],[-1.231,-5.443],[-1.358,-5.471],[-1.435,-5.38],[-1.484,-5.352],[-1.596,-5.239],[-1.638,-5.162],[-1.75,-5.021],[-1.82,-5.028],[-1.849,-4.979],[-1.849,-4.93],[-1.736,-4.93],[-1.68,-4.916],[-1.589,-4.838],[-1.512,-4.691],[-1.456,-4.501],[-1.379,-4.241],[-1.379,-4.051],[-1.4,-3.959],[-1.463,-3.826],[-1.456,-3.797]]]]},"properties":{"abbr":"TG","name":"tectal gray","plate":33,"ap_bregma_mm":-3.4,"area_mm2":1.0766,"traced_fraction":[0.854,0.965],"n_labels":2,"no_drawn_outline":false}},{"type":"Feature","geometry":{"type":"MultiPolygon","coordinates":[[[[1.973,-3.608],[2.015,-3.608],[2.099,-3.671],[2.092,-3.692],[2.141,-3.805],[2.155,-3.812],[2.239,-4.051],[2.225,-4.177],[2.19,-4.311],[2.155,-4.381],[2.148,-4.445],[2.092,-4.585],[1.994,-4.733],[1.952,-4.775],[1.91,-4.754],[1.994,-4.599],[2.113,-4.276],[2.141,-4.107],[2.134,-3.994],[2.113,-3.917],[2.057,-3.72],[1.973,-3.608]]],[[[-2.157,-3.664],[-2.157,-3.685],[-2.234,-3.79],[-2.29,-3.987],[-2.276,-4.177],[-2.255,-4.212],[-2.206,-4.402],[-2.171,-4.494],[-2.157,-4.501],[-2.15,-4.543],[-2.066,-4.712],[-1.996,-4.824],[-1.919,-4.895],[-1.926,-4.923],[-2.003,-4.923],[-2.031,-4.909],[-2.15,-4.796],[-2.255,-4.578],[-2.353,-4.332],[-2.374,-4.234],[-2.374,-4.198],[-2.409,-4.198],[-2.381,-4.135],[-2.36,-3.959],[-2.318,-3.861],[-2.304,-3.769],[-2.22,-3.678],[-2.157,-3.664]]]]},"properties":{"abbr":"PLi","name":"posterior limitans thalamic nucleus","plate":33,"ap_bregma_mm":-3.4,"area_mm2":0.228,"traced_fraction":[1.0,1.0],"n_labels":2,"no_drawn_outline":false}},{"type":"Feature","geometry":{"type":"MultiPolygon","coordinates":[[[[4.855,-6.632],[4.777,-6.625],[4.749,-6.583],[4.742,-6.54],[4.932,-6.414],[5.156,-6.175],[5.282,-5.999],[5.401,-5.732],[5.506,-5.331],[5.57,-4.944],[5.57,-4.81],[5.471,-4.241],[5.345,-3.931],[5.303,-3.868],[5.177,-3.615],[4.932,-3.27],[4.91,-3.263],[4.868,-3.2],[4.847,-3.193],[4.518,-2.869],[4.076,-2.567],[3.768,-2.412],[3.747,-2.412],[3.669,-2.363],[3.417,-2.264],[3.109,-2.102],[2.954,-2.039],[2.842,-2.011],[2.702,-1.955],[2.548,-1.934],[2.295,-1.927],[2.141,-1.948],[2.057,-1.969],[1.931,-2.032],[1.776,-2.145],[1.636,-2.285],[1.552,-2.335],[1.356,-2.398],[1.244,-2.384],[1.244,-2.363],[1.314,-2.313],[1.384,-2.32],[1.496,-2.278],[1.587,-2.194],[1.657,-2.095],[1.791,-1.969],[1.882,-1.906],[2.022,-1.849],[2.127,-1.835],[2.393,-1.835],[2.639,-1.863],[2.765,-1.891],[3.144,-2.025],[3.487,-2.208],[3.592,-2.243],[4.118,-2.503],[4.497,-2.764],[4.672,-2.925],[4.686,-2.925],[4.749,-2.996],[4.812,-3.038],[4.868,-3.101],[4.883,-3.101],[5.03,-3.263],[5.135,-3.397],[5.24,-3.608],[5.317,-3.713],[5.338,-3.776],[5.359,-3.79],[5.359,-3.812],[5.457,-3.973],[5.464,-4.016],[5.478,-4.022],[5.506,-4.093],[5.514,-4.142],[5.535,-4.17],[5.57,-4.297],[5.605,-4.571],[5.654,-4.754],[5.654,-5.028],[5.605,-5.38],[5.521,-5.696],[5.436,-5.929],[5.352,-6.09],[5.163,-6.351],[5.037,-6.477],[4.897,-6.569],[4.855,-6.611],[4.855,-6.632]]],[[[-5.501,-3.959],[-5.403,-3.966],[-5.551,-4.269],[-5.6,-4.437],[-5.691,-4.648],[-5.747,-4.852],[-5.761,-4.979],[-5.754,-5.085],[-5.698,-5.457],[-5.642,-5.654],[-5.551,-5.844],[-5.515,-5.95],[-5.41,-6.161],[-5.396,-6.168],[-5.396,-6.189],[-5.284,-6.372],[-5.193,-6.47],[-5.193,-6.484],[-5.011,-6.66],[-4.913,-6.716],[-4.786,-6.758],[-4.723,-6.808],[-4.744,-6.857],[-4.772,-6.878],[-4.926,-6.871],[-4.983,-6.815],[-5.081,-6.758],[-5.158,-6.681],[-5.172,-6.681],[-5.305,-6.54],[-5.431,-6.365],[-5.565,-6.104],[-5.578,-6.097],[-5.628,-5.957],[-5.698,-5.823],[-5.81,-5.485],[-5.873,-5.148],[-5.866,-4.937],[-5.761,-4.529],[-5.705,-4.409],[-5.67,-4.29],[-5.621,-4.205],[-5.614,-4.156],[-5.501,-3.959]]],[[[-4.569,-4.445],[-4.422,-4.445],[-4.499,-4.677],[-4.506,-4.824],[-4.485,-4.944],[-4.45,-5.063],[-4.436,-5.071],[-4.408,-5.19],[-4.274,-5.443],[-4.176,-5.549],[-4.176,-5.563],[-3.924,-5.802],[-3.833,-5.971],[-3.819,-5.971],[-3.819,-5.992],[-3.699,-6.09],[-3.699,-6.161],[-3.833,-6.147],[-3.945,-6.09],[-3.952,-6.062],[-4.05,-5.922],[-4.232,-5.739],[-4.232,-5.725],[-4.281,-5.682],[-4.281,-5.668],[-4.429,-5.5],[-4.492,-5.345],[-4.52,-5.31],[-4.534,-5.253],[-4.548,-5.246],[-4.597,-5.063],[-4.639,-4.979],[-4.632,-4.916],[-4.653,-4.81],[-4.646,-4.67],[-4.569,-4.445]]],[[[4.504,-4.501],[4.504,-4.691],[4.476,-4.86],[4.413,-5.063],[4.329,-5.225],[4.308,-5.275],[4.315,-5.288],[4.237,-5.366],[4.153,-5.492],[3.915,-5.774],[3.796,-5.95],[3.726,-6.006],[3.669,-6.006],[3.641,-5.964],[3.641,-5.893],[3.726,-5.76],[4.104,-5.324],[4.181,-5.204],[4.322,-4.888],[4.343,-4.775],[4.35,-4.508],[4.504,-4.501]]]]},"properties":{"abbr":"Py","name":"pyramidal cell layer of the hippocampus","plate":33,"ap_bregma_mm":-3.4,"area_mm2":1.6651,"traced_fraction":[1.0,0.995,0.981,0.971],"n_labels":5,"no_drawn_outline":false}},{"type":"Feature","geometry":{"type":"MultiPolygon","coordinates":[[[[3.01,-4.121],[3.123,-4.248],[2.975,-4.276],[2.94,-4.297],[2.828,-4.311],[2.737,-4.36],[2.632,-4.452],[2.492,-4.677],[2.463,-4.705],[2.435,-4.712],[2.421,-4.656],[2.429,-4.437],[2.499,-4.283],[2.569,-4.184],[2.765,-4.114],[2.842,-4.1],[2.905,-4.1],[2.989,-4.128],[3.01,-4.121]]],[[[-2.809,-4.332],[-2.809,-4.339],[-2.795,-4.374],[-2.62,-4.529],[-2.578,-4.599],[-2.564,-4.656],[-2.578,-4.656],[-2.571,-4.838],[-2.585,-4.838],[-2.627,-4.909],[-2.655,-4.909],[-2.767,-4.803],[-2.928,-4.578],[-3.04,-4.466],[-3.125,-4.423],[-3.286,-4.395],[-3.321,-4.367],[-3.272,-4.304],[-2.963,-4.297],[-2.809,-4.332]]]]},"properties":{"abbr":"MGD","name":"medial geniculate nucleus, dorsal part","plate":33,"ap_bregma_mm":-3.4,"area_mm2":0.3481,"traced_fraction":[0.965,0.928],"n_labels":2,"no_drawn_outline":false}},{"type":"Feature","geometry":{"type":"MultiPolygon","coordinates":[[[[4.385,-4.072],[4.455,-4.205],[4.49,-4.339],[4.539,-4.332],[4.553,-4.346],[4.539,-4.416],[4.504,-4.43],[4.504,-4.501],[4.35,-4.508],[4.315,-4.283],[4.216,-4.079],[4.385,-4.072]]],[[[-4.877,-4.656],[-4.688,-4.656],[-4.695,-4.789],[-4.688,-4.817],[-4.653,-4.81],[-4.632,-4.916],[-4.639,-4.979],[-4.667,-4.979],[-4.674,-5.0],[-4.632,-5.176],[-4.583,-5.31],[-4.478,-5.485],[-4.429,-5.5],[-4.281,-5.668],[-4.281,-5.682],[-4.232,-5.725],[-4.232,-5.739],[-4.05,-5.922],[-3.987,-6.006],[-3.945,-6.09],[-3.973,-6.097],[-4.127,-6.027],[-4.134,-6.013],[-4.155,-6.013],[-4.232,-5.95],[-4.415,-5.851],[-4.611,-5.661],[-4.66,-5.591],[-4.786,-5.338],[-4.863,-5.077],[-4.898,-4.86],[-4.898,-4.733],[-4.877,-4.656]]]]},"properties":{"abbr":"SLu","name":"stratum lucidum of the hippocampus","plate":33,"ap_bregma_mm":-3.4,"area_mm2":0.4131,"traced_fraction":[0.847,0.963],"n_labels":2,"no_drawn_outline":false}},{"type":"Feature","geometry":{"type":"MultiPolygon","coordinates":[[[[7.14,-3.397],[7.154,-3.425],[7.161,-3.439],[7.175,-3.46],[7.196,-3.495],[7.203,-3.509],[7.21,-3.523],[7.231,-3.586],[7.252,-3.586],[7.252,-3.622],[7.287,-3.699],[7.294,-3.713],[7.301,-3.727],[7.308,-3.748],[7.301,-3.769],[7.315,-3.783],[7.407,-4.107],[7.414,-4.205],[7.435,-4.205],[7.435,-4.262],[7.449,-4.346],[7.442,-4.691],[7.4,-4.888],[7.343,-5.056],[7.315,-5.176],[7.322,-5.197],[7.315,-5.218],[7.308,-5.239],[7.301,-5.26],[7.294,-5.281],[7.287,-5.303],[7.28,-5.324],[7.224,-5.492],[7.217,-5.492],[7.105,-5.457],[7.014,-5.408],[6.881,-5.366],[6.614,-5.246],[6.446,-5.19],[6.292,-5.113],[6.06,-5.028],[6.053,-4.965],[6.074,-4.845],[6.06,-4.564],[6.004,-4.248],[5.948,-4.03],[5.899,-3.91],[5.906,-3.882],[7.14,-3.397]]],[[[-7.065,-3.432],[-7.044,-3.432],[-6.399,-3.755],[-6.287,-3.826],[-5.887,-4.016],[-6.034,-4.381],[-6.118,-4.656],[-6.161,-4.874],[-6.174,-5.113],[-7.142,-5.204],[-7.401,-5.211],[-7.591,-5.232],[-7.64,-5.077],[-7.661,-4.923],[-7.661,-4.775],[-7.64,-4.67],[-7.647,-4.627],[-7.64,-4.592],[-7.626,-4.592],[-7.563,-4.36],[-7.465,-4.177],[-7.465,-4.156],[-7.451,-4.149],[-7.352,-3.924],[-7.219,-3.699],[-7.219,-3.678],[-7.107,-3.488],[-7.107,-3.467],[-7.079,-3.432],[-7.065,-3.432]]]]},"properties":{"abbr":"Au1","name":"primary auditory cortex","plate":33,"ap_bregma_mm":-3.4,"area_mm2":4.4605,"traced_fraction":[1.0,1.0],"n_labels":3,"no_drawn_outline":false}},{"type":"Feature","geometry":{"type":"MultiPolygon","coordinates":[[[[2.239,-4.051],[2.351,-4.128],[2.499,-4.177],[2.379,-4.29],[2.337,-4.36],[2.316,-4.452],[2.148,-4.445],[2.155,-4.381],[2.19,-4.311],[2.225,-4.177],[2.239,-4.051]]],[[[-2.409,-4.212],[-2.409,-4.234],[-2.374,-4.234],[-2.353,-4.332],[-2.255,-4.578],[-2.444,-4.585],[-2.48,-4.515],[-2.522,-4.473],[-2.627,-4.409],[-2.809,-4.339],[-2.809,-4.332],[-2.788,-4.311],[-2.634,-4.311],[-2.55,-4.297],[-2.48,-4.269],[-2.409,-4.212]]]]},"properties":{"abbr":"Po","name":"posterior thalamic nuclear group","plate":33,"ap_bregma_mm":-3.4,"area_mm2":0.1567,"traced_fraction":[0.898,0.921],"n_labels":2,"no_drawn_outline":false}},{"type":"Feature","geometry":{"type":"MultiPolygon","coordinates":[[[[1.356,-3.917],[2.113,-3.917],[2.141,-4.044],[2.134,-4.177],[2.113,-4.234],[2.113,-4.276],[1.994,-4.599],[1.91,-4.754],[1.847,-4.824],[1.791,-4.845],[1.692,-4.852],[1.58,-4.824],[1.51,-4.782],[1.44,-4.712],[1.384,-4.599],[1.328,-4.374],[1.314,-4.283],[1.314,-4.044],[1.356,-3.917]]],[[[-2.157,-4.501],[-1.456,-4.501],[-1.512,-4.691],[-1.589,-4.838],[-1.68,-4.916],[-1.736,-4.93],[-1.849,-4.93],[-1.926,-4.923],[-1.919,-4.895],[-1.996,-4.824],[-2.066,-4.712],[-2.15,-4.543],[-2.157,-4.501]]]]},"properties":{"abbr":"APTV","name":"anterior pretectal nucleus, ventral part","plate":33,"ap_bregma_mm":-3.4,"area_mm2":0.8487,"traced_fraction":[0.765,0.662],"n_labels":2,"no_drawn_outline":true}},{"type":"Feature","geometry":{"type":"MultiPolygon","coordinates":[[[[1.328,-5.394],[1.328,-5.422],[1.37,-5.457],[1.538,-5.485],[1.51,-5.528],[1.468,-5.542],[1.37,-5.619],[1.377,-5.654],[1.321,-5.668],[1.244,-5.711],[1.173,-5.774],[1.159,-5.802],[1.159,-5.865],[1.202,-5.929],[1.117,-5.992],[1.117,-6.351],[1.026,-6.358],[0.9,-6.336],[0.781,-6.287],[0.739,-6.252],[0.718,-6.266],[0.528,-6.273],[0.5,-6.217],[0.507,-6.083],[0.592,-6.013],[0.62,-5.929],[0.613,-5.816],[0.563,-5.732],[0.676,-5.633],[0.711,-5.57],[0.732,-5.485],[0.816,-5.485],[0.928,-5.429],[1.082,-5.387],[1.251,-5.38],[1.328,-5.394]]],[[[-0.776,-5.556],[-0.734,-5.682],[-0.678,-5.739],[-0.622,-5.767],[-0.671,-5.851],[-0.671,-5.907],[-0.65,-5.978],[-0.579,-6.062],[-0.474,-6.118],[-0.481,-6.168],[-0.467,-6.217],[-0.622,-6.224],[-0.65,-6.259],[-0.755,-6.329],[-0.846,-6.365],[-0.965,-6.386],[-0.965,-6.14],[-1.26,-6.14],[-1.309,-6.09],[-1.316,-6.062],[-1.273,-6.048],[-1.231,-6.013],[-1.203,-5.943],[-1.203,-5.851],[-1.252,-5.788],[-1.4,-5.711],[-1.414,-5.682],[-1.526,-5.605],[-1.526,-5.556],[-1.4,-5.535],[-1.365,-5.507],[-1.358,-5.471],[-1.231,-5.443],[-1.133,-5.45],[-1.014,-5.478],[-0.902,-5.535],[-0.776,-5.556]]]]},"properties":{"abbr":"PR","name":"prerubral field","plate":33,"ap_bregma_mm":-3.4,"area_mm2":1.0601,"traced_fraction":[0.826,0.794],"n_labels":2,"no_drawn_outline":false}},{"type":"Feature","geometry":{"type":"MultiPolygon","coordinates":[[[[3.123,-4.248],[3.361,-4.48],[3.473,-4.656],[3.473,-4.677],[3.459,-4.677],[3.403,-4.831],[3.291,-5.021],[3.277,-5.021],[3.186,-5.113],[3.116,-5.155],[2.674,-5.148],[2.674,-5.232],[2.618,-5.225],[2.527,-5.148],[2.506,-5.092],[2.492,-5.085],[2.478,-5.014],[2.442,-4.958],[2.421,-4.888],[2.414,-4.768],[2.435,-4.712],[2.463,-4.705],[2.492,-4.677],[2.632,-4.452],[2.737,-4.36],[2.828,-4.311],[2.94,-4.297],[2.975,-4.276],[3.123,-4.248]]],[[[-3.321,-4.367],[-3.286,-4.395],[-3.125,-4.423],[-3.04,-4.466],[-2.928,-4.578],[-2.767,-4.803],[-2.655,-4.909],[-2.627,-4.909],[-2.62,-4.93],[-2.571,-4.951],[-2.564,-4.965],[-2.564,-5.099],[-2.592,-5.225],[-2.648,-5.288],[-2.732,-5.317],[-2.914,-5.324],[-2.914,-5.211],[-3.335,-5.211],[-3.363,-5.211],[-3.377,-5.19],[-3.412,-5.176],[-3.468,-5.113],[-3.51,-5.106],[-3.608,-4.93],[-3.622,-4.874],[-3.671,-4.789],[-3.678,-4.733],[-3.559,-4.62],[-3.559,-4.606],[-3.44,-4.487],[-3.44,-4.473],[-3.335,-4.367],[-3.321,-4.367]]]]},"properties":{"abbr":"MGV","name":"medial geniculate nucleus, ventral part","plate":33,"ap_bregma_mm":-3.4,"area_mm2":1.3676,"traced_fraction":[0.848,0.852],"n_labels":2,"no_drawn_outline":false}},{"type":"Feature","geometry":{"type":"MultiPolygon","coordinates":[[[[-0.446,-4.564],[-0.411,-4.634],[-0.397,-4.726],[-0.411,-4.93],[-0.516,-4.951],[-0.551,-4.972],[-0.579,-4.951],[-0.622,-4.874],[-0.643,-4.86],[-0.685,-4.768],[-0.699,-4.719],[-0.692,-4.663],[-0.579,-4.634],[-0.446,-4.564]]],[[[0.613,-4.571],[0.549,-4.81],[0.542,-4.888],[0.556,-4.909],[0.514,-4.916],[0.395,-4.916],[0.339,-4.754],[0.339,-4.677],[0.402,-4.571],[0.613,-4.571]]]]},"properties":{"abbr":"Lth","name":"lithoid nucleus","plate":33,"ap_bregma_mm":-3.4,"area_mm2":0.1563,"traced_fraction":[1.0,1.0],"n_labels":2,"no_drawn_outline":false}},{"type":"Feature","geometry":{"type":"MultiPolygon","coordinates":[[[[3.761,-4.599],[3.754,-4.712],[3.719,-4.86],[3.564,-5.225],[3.48,-5.218],[3.235,-5.331],[3.151,-5.296],[3.123,-5.253],[3.123,-5.225],[3.277,-5.106],[3.396,-4.965],[3.438,-4.895],[3.501,-4.698],[3.564,-4.698],[3.648,-4.677],[3.74,-4.599],[3.761,-4.599]]],[[[-3.798,-4.698],[-3.749,-4.726],[-3.678,-4.733],[-3.671,-4.789],[-3.622,-4.874],[-3.608,-4.93],[-3.51,-5.106],[-3.51,-5.141],[-3.461,-5.225],[-3.349,-5.303],[-3.174,-5.366],[-2.949,-5.394],[-2.956,-5.436],[-2.998,-5.464],[-3.061,-5.478],[-3.097,-5.471],[-3.293,-5.45],[-3.454,-5.401],[-3.503,-5.401],[-3.51,-5.471],[-3.58,-5.471],[-3.587,-5.471],[-3.601,-5.436],[-3.714,-5.345],[-3.826,-5.204],[-3.889,-5.063],[-3.903,-4.993],[-3.777,-4.951],[-3.798,-4.852],[-3.798,-4.698]]]]},"properties":{"abbr":"VG","name":"ventral geniculate nucleus","plate":33,"ap_bregma_mm":-3.4,"area_mm2":0.4276,"traced_fraction":[1.0,0.976],"n_labels":2,"no_drawn_outline":false}},{"type":"Feature","geometry":{"type":"MultiPolygon","coordinates":[[[[2.148,-4.445],[2.316,-4.452],[2.302,-4.473],[2.267,-4.67],[2.267,-4.824],[2.281,-4.824],[2.274,-4.888],[2.295,-4.993],[2.351,-5.148],[2.022,-5.141],[1.91,-5.155],[1.748,-5.204],[1.713,-5.155],[1.741,-5.127],[1.755,-5.021],[1.791,-4.909],[1.791,-4.845],[1.847,-4.824],[1.91,-4.754],[1.952,-4.775],[1.994,-4.733],[2.092,-4.585],[2.148,-4.445]]],[[[-2.255,-4.578],[-2.15,-4.796],[-2.031,-4.909],[-2.003,-4.923],[-1.926,-4.923],[-1.849,-4.93],[-1.849,-4.979],[-1.82,-5.028],[-1.933,-5.253],[-2.003,-5.338],[-2.066,-5.303],[-2.164,-5.275],[-2.438,-5.275],[-2.438,-5.239],[-2.438,-5.176],[-2.416,-5.12],[-2.416,-4.986],[-2.402,-4.684],[-2.43,-4.627],[-2.444,-4.585],[-2.255,-4.578]]]]},"properties":{"abbr":"PoT","name":"posterior thalamic nuclear group, triangular part","plate":33,"ap_bregma_mm":-3.4,"area_mm2":0.5559,"traced_fraction":[0.955,0.932],"n_labels":2,"no_drawn_outline":false}},{"type":"Feature","geometry":{"type":"MultiPolygon","coordinates":[[[[2.414,-4.768],[2.421,-4.888],[2.442,-4.958],[2.478,-5.014],[2.492,-5.085],[2.506,-5.092],[2.527,-5.148],[2.618,-5.225],[2.59,-5.26],[2.59,-5.296],[2.576,-5.296],[2.506,-5.296],[2.457,-5.253],[2.429,-5.246],[2.372,-5.19],[2.351,-5.148],[2.295,-4.993],[2.274,-4.888],[2.281,-4.824],[2.414,-4.768]]],[[[-2.564,-4.965],[-2.487,-4.986],[-2.416,-4.986],[-2.416,-5.12],[-2.438,-5.176],[-2.438,-5.239],[-2.451,-5.26],[-2.444,-5.275],[-2.459,-5.275],[-2.459,-5.288],[-2.564,-5.387],[-2.704,-5.394],[-2.732,-5.345],[-2.732,-5.317],[-2.648,-5.288],[-2.592,-5.225],[-2.564,-5.099],[-2.564,-4.965]]]]},"properties":{"abbr":"MGM","name":"medial geniculate nucleus, medial part","plate":33,"ap_bregma_mm":-3.4,"area_mm2":0.1484,"traced_fraction":[1.0,0.957],"n_labels":2,"no_drawn_outline":false}},{"type":"Feature","geometry":{"type":"MultiPolygon","coordinates":[[[[3.116,-5.155],[2.912,-5.239],[2.674,-5.232],[2.674,-5.148],[3.116,-5.155]]],[[[-3.335,-5.211],[-2.914,-5.211],[-2.914,-5.324],[-3.026,-5.324],[-3.174,-5.303],[-3.3,-5.246],[-3.335,-5.225],[-3.335,-5.211]]]]},"properties":{"abbr":"MZMG","name":"marginal zone of the medial geniculate","plate":33,"ap_bregma_mm":-3.4,"area_mm2":0.0659,"traced_fraction":[0.563,0.559],"n_labels":2,"no_drawn_outline":true}},{"type":"Feature","geometry":{"type":"MultiPolygon","coordinates":[[[[1.713,-5.155],[1.748,-5.204],[1.748,-5.232],[1.804,-5.324],[1.812,-5.373],[1.804,-5.408],[1.755,-5.443],[1.538,-5.485],[1.37,-5.457],[1.328,-5.422],[1.328,-5.394],[1.482,-5.099],[1.552,-5.0],[1.608,-5.0],[1.692,-5.148],[1.713,-5.155]]],[[[-1.358,-5.471],[-1.358,-5.492],[-1.386,-5.528],[-1.526,-5.556],[-1.792,-5.542],[-2.024,-5.464],[-2.024,-5.394],[-2.003,-5.338],[-1.933,-5.253],[-1.82,-5.028],[-1.75,-5.021],[-1.638,-5.162],[-1.596,-5.239],[-1.484,-5.352],[-1.435,-5.38],[-1.358,-5.471]]]]},"properties":{"abbr":"REth","name":"retroethmoid nucleus","plate":33,"ap_bregma_mm":-3.4,"area_mm2":0.3514,"traced_fraction":[1.0,1.0],"n_labels":2,"no_drawn_outline":false}},{"type":"Feature","geometry":{"type":"MultiPolygon","coordinates":[[[[2.351,-5.148],[2.372,-5.19],[2.429,-5.246],[2.457,-5.253],[2.506,-5.296],[2.33,-5.31],[2.218,-5.31],[1.812,-5.373],[1.804,-5.324],[1.748,-5.232],[1.748,-5.204],[1.91,-5.155],[2.022,-5.141],[2.351,-5.148]]],[[[-2.003,-5.338],[-2.024,-5.394],[-2.024,-5.464],[-2.227,-5.457],[-2.241,-5.471],[-2.332,-5.478],[-2.515,-5.429],[-2.564,-5.387],[-2.459,-5.288],[-2.459,-5.275],[-2.444,-5.275],[-2.438,-5.275],[-2.164,-5.275],[-2.066,-5.303],[-2.003,-5.338]]]]},"properties":{"abbr":"PIL","name":"posterior intralaminar thalamic nucleus","plate":33,"ap_bregma_mm":-3.4,"area_mm2":0.2043,"traced_fraction":[1.0,1.0],"n_labels":2,"no_drawn_outline":false}},{"type":"Feature","geometry":{"type":"MultiPolygon","coordinates":[[[[6.06,-5.028],[6.292,-5.113],[6.446,-5.19],[6.614,-5.246],[6.881,-5.366],[7.014,-5.408],[7.105,-5.457],[7.217,-5.492],[7.224,-5.492],[7.217,-5.514],[7.21,-5.535],[7.203,-5.556],[7.196,-5.57],[7.189,-5.591],[7.175,-5.591],[7.175,-5.612],[7.105,-5.739],[7.091,-5.739],[7.091,-5.753],[7.042,-5.795],[6.993,-5.76],[6.937,-5.746],[6.194,-5.38],[6.067,-5.303],[5.969,-5.267],[6.011,-5.12],[6.06,-5.028]]],[[[-6.174,-5.113],[-6.139,-5.331],[-6.203,-5.338],[-6.371,-5.401],[-7.079,-5.605],[-7.458,-5.732],[-7.528,-5.542],[-7.549,-5.373],[-7.591,-5.232],[-7.514,-5.218],[-7.142,-5.204],[-6.174,-5.113]]]]},"properties":{"abbr":"AuV","name":"secondary auditory cortex, ventral area","plate":33,"ap_bregma_mm":-3.4,"area_mm2":0.8779,"traced_fraction":[1.0,1.0],"n_labels":2,"no_drawn_outline":false}},{"type":"Feature","geometry":{"type":"MultiPolygon","coordinates":[[[[2.33,-5.31],[2.33,-5.366],[2.323,-5.373],[2.274,-5.373],[2.134,-5.408],[2.043,-5.457],[1.952,-5.485],[1.945,-5.5],[1.797,-5.542],[1.77,-5.563],[1.538,-5.612],[1.419,-5.654],[1.377,-5.654],[1.37,-5.619],[1.468,-5.542],[1.51,-5.528],[1.538,-5.485],[1.755,-5.443],[1.804,-5.408],[1.812,-5.373],[2.218,-5.31],[2.33,-5.31]]],[[[-2.024,-5.464],[-1.792,-5.542],[-1.526,-5.556],[-1.526,-5.605],[-1.456,-5.647],[-1.4,-5.711],[-1.617,-5.675],[-1.954,-5.549],[-2.178,-5.514],[-2.234,-5.492],[-2.241,-5.471],[-2.227,-5.457],[-2.024,-5.464]]]]},"properties":{"abbr":"VLi","name":"ventral linear nucleus of the thalamus","plate":33,"ap_bregma_mm":-3.4,"area_mm2":0.1679,"traced_fraction":[0.994,1.0],"n_labels":2,"no_drawn_outline":false}},{"type":"Feature","geometry":{"type":"MultiPolygon","coordinates":[[[[2.926,-5.281],[2.926,-5.331],[2.898,-5.422],[2.821,-5.429],[2.667,-5.478],[2.534,-5.549],[2.534,-5.577],[2.485,-5.577],[2.365,-5.647],[2.232,-5.654],[2.232,-5.718],[1.924,-5.879],[1.917,-5.893],[1.903,-5.893],[1.896,-5.711],[1.896,-5.696],[2.008,-5.633],[2.155,-5.514],[2.281,-5.436],[2.323,-5.394],[2.323,-5.373],[2.33,-5.366],[2.534,-5.338],[2.576,-5.296],[2.59,-5.296],[2.667,-5.303],[2.926,-5.281]]],[[[-2.564,-5.387],[-2.515,-5.429],[-2.332,-5.478],[-2.325,-5.514],[-2.29,-5.549],[-2.052,-5.682],[-1.841,-5.858],[-1.849,-6.034],[-1.87,-6.034],[-2.031,-5.915],[-2.101,-5.879],[-2.164,-5.823],[-2.22,-5.816],[-2.22,-5.767],[-2.234,-5.753],[-2.304,-5.746],[-2.353,-5.689],[-2.508,-5.612],[-2.606,-5.528],[-2.69,-5.485],[-2.816,-5.45],[-2.816,-5.401],[-2.704,-5.394],[-2.564,-5.387]]]]},"properties":{"abbr":"ZID","name":"zona incerta, dorsal part","plate":33,"ap_bregma_mm":-3.4,"area_mm2":0.3851,"traced_fraction":[0.921,0.86],"n_labels":2,"no_drawn_outline":false}},{"type":"Feature","geometry":{"type":"MultiPolygon","coordinates":[[[[3.123,-5.225],[3.123,-5.253],[3.151,-5.296],[3.235,-5.331],[3.151,-5.436],[3.13,-5.485],[3.13,-5.528],[3.01,-5.556],[2.926,-5.478],[2.898,-5.422],[2.926,-5.331],[2.926,-5.281],[3.046,-5.26],[3.123,-5.225]]],[[[-2.956,-5.436],[-2.816,-5.45],[-2.69,-5.485],[-2.606,-5.528],[-2.508,-5.612],[-2.515,-5.64],[-2.543,-5.661],[-2.648,-5.654],[-2.746,-5.626],[-2.907,-5.605],[-3.068,-5.612],[-3.076,-5.612],[-3.076,-5.549],[-3.097,-5.471],[-3.061,-5.478],[-2.998,-5.464],[-2.956,-5.436]]]]},"properties":{"abbr":"PP","name":"peripeduncular nucleus","plate":33,"ap_bregma_mm":-3.4,"area_mm2":0.149,"traced_fraction":[1.0,0.995],"n_labels":2,"no_drawn_outline":false}},{"type":"Feature","geometry":{"type":"MultiPolygon","coordinates":[[[[3.564,-5.225],[3.557,-5.281],[3.508,-5.331],[3.438,-5.366],[3.305,-5.507],[3.305,-5.57],[3.319,-5.584],[3.298,-5.626],[3.263,-5.654],[3.249,-5.654],[3.235,-5.591],[3.193,-5.542],[3.13,-5.528],[3.13,-5.485],[3.151,-5.436],[3.235,-5.331],[3.48,-5.218],[3.564,-5.225]]],[[[-3.097,-5.471],[-3.076,-5.549],[-3.076,-5.612],[-3.181,-5.626],[-3.251,-5.689],[-3.258,-5.711],[-3.272,-5.711],[-3.328,-5.64],[-3.342,-5.64],[-3.391,-5.577],[-3.44,-5.549],[-3.44,-5.535],[-3.475,-5.521],[-3.51,-5.471],[-3.503,-5.401],[-3.454,-5.401],[-3.293,-5.45],[-3.097,-5.471]]]]},"properties":{"abbr":"LT","name":"lateral terminal nucleus of the accessory optic tract","plate":33,"ap_bregma_mm":-3.4,"area_mm2":0.1477,"traced_fraction":[1.0,1.0],"n_labels":2,"no_drawn_outline":false}},{"type":"Feature","geometry":{"type":"MultiPolygon","coordinates":[[[[0.605,-5.338],[0.662,-5.359],[0.711,-5.408],[0.732,-5.485],[0.711,-5.57],[0.676,-5.633],[0.563,-5.732],[0.493,-5.703],[0.437,-5.633],[0.437,-5.485],[0.507,-5.352],[0.605,-5.338]]],[[[-0.607,-5.373],[-0.53,-5.401],[-0.523,-5.436],[-0.502,-5.45],[-0.488,-5.485],[-0.474,-5.619],[-0.481,-5.689],[-0.509,-5.746],[-0.551,-5.774],[-0.622,-5.767],[-0.678,-5.739],[-0.734,-5.682],[-0.776,-5.556],[-0.755,-5.471],[-0.727,-5.422],[-0.664,-5.38],[-0.607,-5.373]]]]},"properties":{"abbr":"fr","name":"fasciculus retroflexus","plate":33,"ap_bregma_mm":-3.4,"area_mm2":0.1782,"traced_fraction":[1.0,1.0],"n_labels":2,"no_drawn_outline":false}},{"type":"Feature","geometry":{"type":"MultiPolygon","coordinates":[[[[5.969,-5.267],[6.067,-5.303],[6.194,-5.38],[6.937,-5.746],[6.993,-5.76],[7.042,-5.795],[6.916,-5.957],[6.902,-5.957],[6.888,-5.992],[6.867,-6.006],[6.874,-6.02],[6.867,-6.027],[6.853,-6.027],[6.775,-6.161],[6.72,-6.224],[6.705,-6.224],[6.705,-6.238],[6.684,-6.238],[6.614,-6.161],[6.537,-6.104],[6.25,-5.929],[6.215,-5.886],[6.166,-5.879],[6.032,-5.76],[5.983,-5.753],[5.885,-5.668],[5.801,-5.64],[5.885,-5.429],[5.969,-5.267]]],[[[-6.139,-5.331],[-6.097,-5.464],[-6.041,-5.563],[-5.999,-5.675],[-6.455,-5.893],[-6.827,-6.118],[-7.016,-6.21],[-7.107,-6.287],[-7.135,-6.28],[-7.184,-6.224],[-7.198,-6.224],[-7.317,-6.062],[-7.422,-5.851],[-7.458,-5.732],[-7.079,-5.605],[-6.371,-5.401],[-6.203,-5.338],[-6.139,-5.331]]]]},"properties":{"abbr":"Ect","name":"ectorhinal cortex","plate":33,"ap_bregma_mm":-3.4,"area_mm2":1.214,"traced_fraction":[0.936,0.986],"n_labels":2,"no_drawn_outline":false}},{"type":"Feature","geometry":{"type":"MultiPolygon","coordinates":[[[[2.323,-5.373],[2.323,-5.394],[2.281,-5.436],[2.155,-5.514],[2.008,-5.633],[1.896,-5.696],[1.896,-5.711],[1.861,-5.718],[1.854,-5.732],[1.51,-5.907],[1.391,-5.95],[1.307,-5.964],[1.272,-5.964],[1.202,-5.929],[1.159,-5.865],[1.159,-5.802],[1.173,-5.774],[1.244,-5.711],[1.321,-5.668],[1.377,-5.654],[1.419,-5.654],[1.538,-5.612],[1.77,-5.563],[1.797,-5.542],[1.945,-5.5],[1.952,-5.485],[2.043,-5.457],[2.134,-5.408],[2.274,-5.373],[2.323,-5.373]]],[[[-2.241,-5.471],[-2.234,-5.492],[-2.178,-5.514],[-1.954,-5.549],[-1.617,-5.675],[-1.4,-5.711],[-1.252,-5.788],[-1.203,-5.851],[-1.203,-5.943],[-1.231,-6.013],[-1.273,-6.048],[-1.316,-6.062],[-1.421,-6.055],[-1.547,-6.02],[-1.729,-5.936],[-1.841,-5.858],[-2.052,-5.682],[-2.29,-5.549],[-2.325,-5.514],[-2.332,-5.478],[-2.241,-5.471]]]]},"properties":{"abbr":"ml","name":"medial lemniscus","plate":33,"ap_bregma_mm":-3.4,"area_mm2":0.4998,"traced_fraction":[1.0,1.0],"n_labels":2,"no_drawn_outline":false}},{"type":"Feature","geometry":{"type":"MultiPolygon","coordinates":[[[[5.801,-5.64],[5.885,-5.668],[5.983,-5.753],[6.032,-5.76],[6.166,-5.879],[6.215,-5.886],[6.25,-5.929],[6.537,-6.104],[6.614,-6.161],[6.684,-6.238],[6.705,-6.238],[6.705,-6.245],[6.698,-6.252],[6.677,-6.252],[6.677,-6.266],[6.614,-6.301],[6.488,-6.329],[6.376,-6.379],[6.355,-6.449],[6.369,-6.716],[6.32,-6.702],[6.173,-6.618],[5.976,-6.428],[5.976,-6.414],[5.927,-6.372],[5.801,-6.21],[5.71,-6.034],[5.661,-5.978],[5.668,-5.915],[5.801,-5.64]]],[[[-5.999,-5.675],[-5.887,-5.915],[-5.873,-5.978],[-5.887,-5.978],[-5.901,-6.006],[-5.922,-6.097],[-5.957,-6.175],[-6.097,-6.322],[-6.455,-6.519],[-6.595,-6.562],[-6.7,-6.611],[-6.735,-6.611],[-6.735,-6.576],[-6.707,-6.512],[-6.679,-6.491],[-6.665,-6.435],[-6.714,-6.414],[-6.925,-6.379],[-6.946,-6.386],[-6.967,-6.379],[-6.967,-6.365],[-7.079,-6.322],[-7.107,-6.287],[-7.016,-6.21],[-6.827,-6.118],[-6.455,-5.893],[-5.999,-5.675]]]]},"properties":{"abbr":"PRh","name":"perirhinal cortex","plate":33,"ap_bregma_mm":-3.4,"area_mm2":1.0529,"traced_fraction":[0.934,0.985],"n_labels":2,"no_drawn_outline":false}},{"type":"Feature","geometry":{"type":"MultiPolygon","coordinates":[[[[1.202,-5.929],[1.23,-5.95],[1.307,-5.964],[1.328,-6.097],[1.356,-6.147],[1.426,-6.203],[1.342,-6.308],[1.215,-6.343],[1.117,-6.351],[1.117,-5.992],[1.202,-5.929]]],[[[-1.26,-6.14],[-0.965,-6.14],[-0.965,-6.386],[-1.028,-6.4],[-1.126,-6.4],[-1.168,-6.386],[-1.168,-6.336],[-1.196,-6.238],[-1.26,-6.14]]]]},"properties":{"abbr":"F","name":"nucleus of the fields of Forel","plate":33,"ap_bregma_mm":-3.4,"area_mm2":0.1482,"traced_fraction":[0.626,0.523],"n_labels":2,"no_drawn_outline":true}},{"type":"Feature","geometry":{"type":"MultiPolygon","coordinates":[[[[-2.508,-6.048],[-2.451,-6.062],[-2.311,-6.161],[-2.22,-6.245],[-2.066,-6.343],[-2.003,-6.421],[-2.066,-6.435],[-2.108,-6.428],[-2.248,-6.358],[-2.318,-6.287],[-2.332,-6.287],[-2.444,-6.161],[-2.501,-6.09],[-2.508,-6.048]]]]},"properties":{"abbr":"SNC","name":"substantia nigra, compact part","plate":33,"ap_bregma_mm":-3.4,"area_mm2":0.0528,"traced_fraction":[0.982],"n_labels":2,"no_drawn_outline":false}},{"type":"Feature","geometry":{"type":"MultiPolygon","coordinates":[[[[2.947,-5.626],[2.912,-5.725],[2.905,-5.788],[2.877,-5.837],[2.765,-5.816],[2.604,-5.858],[2.471,-5.936],[2.408,-6.02],[2.372,-6.027],[2.33,-6.069],[2.295,-6.083],[2.288,-6.104],[2.218,-6.147],[2.19,-6.175],[2.19,-6.196],[2.176,-6.196],[2.099,-6.273],[2.085,-6.273],[2.05,-6.322],[2.029,-6.329],[2.022,-6.365],[1.931,-6.407],[1.833,-6.505],[1.734,-6.562],[1.727,-6.547],[1.685,-6.54],[1.51,-6.547],[1.363,-6.576],[1.244,-6.625],[1.11,-6.766],[1.082,-6.843],[1.075,-6.941],[0.858,-6.899],[0.739,-6.899],[0.746,-6.815],[0.725,-6.702],[0.697,-6.625],[0.634,-6.54],[0.62,-6.512],[0.62,-6.505],[0.613,-6.491],[0.528,-6.273],[0.718,-6.266],[0.739,-6.252],[0.781,-6.287],[0.9,-6.336],[1.026,-6.358],[1.117,-6.351],[1.215,-6.343],[1.342,-6.308],[1.426,-6.203],[1.573,-6.259],[1.734,-6.259],[1.797,-6.238],[2.064,-6.055],[2.162,-6.006],[2.316,-5.893],[2.555,-5.753],[2.814,-5.626],[2.947,-5.626]]]]},"properties":{"abbr":"ns","name":"nigrostriatal bundle","plate":33,"ap_bregma_mm":-3.4,"area_mm2":0.6993,"traced_fraction":[0.955],"n_labels":1,"no_drawn_outline":false}},{"type":"Feature","geometry":{"type":"MultiPolygon","coordinates":[[[[0.507,-6.083],[0.5,-6.217],[0.528,-6.273],[0.613,-6.491],[0.605,-6.505],[0.62,-6.505],[0.62,-6.512],[0.613,-6.54],[0.577,-6.576],[0.549,-6.576],[0.5,-6.547],[0.36,-6.365],[0.353,-6.238],[0.367,-6.118],[0.507,-6.083]]],[[[-0.474,-6.118],[-0.418,-6.126],[-0.418,-6.168],[-0.376,-6.252],[-0.355,-6.379],[-0.411,-6.512],[-0.495,-6.583],[-0.509,-6.583],[-0.544,-6.54],[-0.53,-6.484],[-0.502,-6.456],[-0.467,-6.329],[-0.467,-6.217],[-0.481,-6.168],[-0.474,-6.118]]]]},"properties":{"abbr":"mtg","name":"mammillotegmental tract","plate":33,"ap_bregma_mm":-3.4,"area_mm2":0.119,"traced_fraction":[0.938,0.968],"n_labels":2,"no_drawn_outline":false}},{"type":"Feature","geometry":{"type":"MultiPolygon","coordinates":[[[[2.877,-5.837],[2.842,-5.922],[2.66,-6.175],[2.52,-6.428],[2.414,-6.576],[2.351,-6.639],[2.218,-6.709],[1.945,-6.751],[1.678,-6.829],[1.538,-6.913],[1.468,-6.998],[1.44,-6.977],[1.433,-6.92],[1.482,-6.822],[1.734,-6.576],[1.734,-6.562],[1.833,-6.505],[1.931,-6.407],[2.022,-6.365],[2.092,-6.351],[2.169,-6.301],[2.372,-6.301],[2.372,-6.147],[2.351,-6.147],[2.351,-6.126],[2.386,-6.083],[2.408,-6.02],[2.471,-5.936],[2.604,-5.858],[2.765,-5.816],[2.877,-5.837]]],[[[-2.543,-5.992],[-2.543,-6.013],[-2.508,-6.048],[-2.501,-6.09],[-2.444,-6.161],[-2.353,-6.252],[-2.353,-6.266],[-2.248,-6.358],[-2.108,-6.428],[-2.066,-6.435],[-2.003,-6.421],[-1.764,-6.604],[-1.659,-6.66],[-1.659,-6.674],[-1.358,-6.962],[-1.351,-7.068],[-1.379,-7.096],[-1.414,-7.054],[-1.519,-6.977],[-1.736,-6.864],[-2.269,-6.688],[-2.416,-6.611],[-2.501,-6.533],[-2.564,-6.442],[-2.676,-6.203],[-2.767,-6.076],[-2.795,-6.013],[-2.739,-5.985],[-2.543,-5.992]]]]},"properties":{"abbr":"SNR","name":"substantia nigra, reticular part","plate":33,"ap_bregma_mm":-3.4,"area_mm2":0.8703,"traced_fraction":[0.924,1.0],"n_labels":2,"no_drawn_outline":false}},{"type":"Feature","geometry":{"type":"MultiPolygon","coordinates":[[[[-5.873,-5.978],[-5.845,-6.006],[-5.775,-6.168],[-5.761,-6.175],[-5.761,-6.196],[-5.649,-6.4],[-5.621,-6.421],[-5.614,-6.449],[-5.551,-6.512],[-5.487,-6.604],[-5.375,-6.709],[-5.354,-6.744],[-5.375,-6.744],[-5.459,-6.794],[-5.621,-6.843],[-5.782,-6.927],[-5.936,-6.983],[-6.161,-7.096],[-6.195,-7.117],[-6.195,-7.131],[-6.216,-7.131],[-6.238,-7.152],[-6.28,-7.159],[-6.448,-7.258],[-6.469,-7.251],[-6.497,-7.202],[-6.511,-7.202],[-6.539,-7.152],[-6.553,-7.152],[-6.567,-7.117],[-6.588,-7.117],[-6.602,-7.089],[-6.602,-7.068],[-6.651,-7.005],[-6.7,-6.906],[-6.721,-6.829],[-6.742,-6.822],[-6.75,-6.632],[-6.735,-6.611],[-6.7,-6.611],[-6.595,-6.562],[-6.455,-6.519],[-6.097,-6.322],[-5.957,-6.175],[-5.929,-6.118],[-5.901,-6.006],[-5.887,-5.978],[-5.873,-5.978]]],[[[5.661,-5.978],[5.71,-6.034],[5.801,-6.21],[5.927,-6.372],[5.976,-6.414],[5.976,-6.428],[6.173,-6.618],[6.236,-6.66],[6.369,-6.716],[6.355,-6.843],[6.348,-6.857],[6.334,-6.857],[6.334,-6.885],[6.327,-6.892],[6.313,-6.892],[6.187,-7.089],[6.187,-7.11],[6.082,-7.251],[6.067,-7.251],[6.004,-7.187],[6.004,-7.173],[5.934,-7.103],[5.92,-7.103],[5.892,-7.068],[5.829,-6.977],[5.703,-6.85],[5.689,-6.85],[5.514,-6.681],[5.429,-6.625],[5.324,-6.512],[5.324,-6.491],[5.366,-6.456],[5.499,-6.28],[5.633,-5.999],[5.661,-5.978]]]]},"properties":{"abbr":"LEnt","name":"lateral entorhinal cortex","plate":33,"ap_bregma_mm":-3.4,"area_mm2":1.3938,"traced_fraction":[0.996,0.988],"n_labels":2,"no_drawn_outline":false}},{"type":"Feature","geometry":{"type":"MultiPolygon","coordinates":[[[[-1.168,-6.386],[-1.126,-6.4],[-0.965,-6.386],[-0.846,-6.365],[-0.755,-6.329],[-0.65,-6.259],[-0.622,-6.224],[-0.467,-6.217],[-0.467,-6.329],[-0.502,-6.456],[-0.53,-6.484],[-0.544,-6.54],[-0.601,-6.54],[-0.643,-6.583],[-0.664,-6.632],[-0.664,-6.78],[-0.635,-6.871],[-0.818,-6.885],[-0.909,-6.906],[-1.049,-6.962],[-1.077,-6.885],[-1.147,-6.766],[-1.217,-6.695],[-1.281,-6.66],[-1.449,-6.625],[-1.61,-6.639],[-1.659,-6.66],[-1.764,-6.604],[-2.003,-6.421],[-2.066,-6.343],[-2.22,-6.245],[-2.311,-6.161],[-2.451,-6.062],[-2.508,-6.048],[-2.543,-6.013],[-2.543,-5.992],[-2.423,-5.985],[-2.353,-6.006],[-2.199,-6.09],[-1.891,-6.308],[-1.589,-6.435],[-1.337,-6.463],[-1.217,-6.435],[-1.168,-6.386]]]]},"properties":{"abbr":"PLH","name":"peduncular part of lateral hypothalamus","plate":33,"ap_bregma_mm":-3.4,"area_mm2":0.5722,"traced_fraction":[0.956],"n_labels":1,"no_drawn_outline":false}},{"type":"Feature","geometry":{"type":"MultiPolygon","coordinates":[[[[1.734,-6.562],[1.734,-6.576],[1.482,-6.822],[1.433,-6.92],[1.44,-6.977],[1.468,-6.998],[1.454,-7.11],[1.398,-7.124],[1.342,-7.173],[1.321,-7.216],[1.3,-7.202],[1.181,-7.187],[1.145,-7.159],[1.103,-7.152],[1.103,-7.145],[1.075,-6.941],[1.075,-6.878],[1.11,-6.766],[1.244,-6.625],[1.363,-6.576],[1.51,-6.547],[1.685,-6.54],[1.727,-6.547],[1.734,-6.562]]],[[[-1.049,-6.962],[-1.049,-7.054],[-1.028,-7.138],[-1.112,-7.187],[-1.196,-7.216],[-1.337,-7.3],[-1.365,-7.3],[-1.358,-7.187],[-1.379,-7.096],[-1.351,-7.068],[-1.358,-6.962],[-1.582,-6.737],[-1.596,-6.737],[-1.659,-6.674],[-1.659,-6.66],[-1.645,-6.646],[-1.491,-6.625],[-1.386,-6.632],[-1.281,-6.66],[-1.217,-6.695],[-1.147,-6.766],[-1.112,-6.815],[-1.049,-6.962]]]]},"properties":{"abbr":"PBP","name":"parabrachial pigmented nucleus of the ventral tegmental area","plate":33,"ap_bregma_mm":-3.4,"area_mm2":0.4483,"traced_fraction":[1.0,1.0],"n_labels":2,"no_drawn_outline":false}},{"type":"Feature","geometry":{"type":"MultiPolygon","coordinates":[[[[3.88,-6.4],[3.894,-6.421],[3.929,-6.435],[4.09,-6.477],[4.272,-6.477],[4.35,-6.456],[4.364,-6.477],[4.413,-6.498],[4.602,-6.533],[4.742,-6.54],[4.749,-6.583],[4.777,-6.625],[4.855,-6.632],[4.96,-6.632],[4.995,-6.653],[4.953,-6.702],[4.735,-6.871],[4.497,-7.026],[4.266,-7.145],[4.258,-7.159],[4.237,-7.159],[3.908,-7.321],[3.866,-7.356],[3.866,-7.37],[3.775,-7.413],[3.677,-7.504],[3.662,-7.504],[3.578,-7.595],[3.536,-7.673],[3.501,-7.701],[3.48,-7.701],[3.403,-7.624],[3.165,-7.462],[3.018,-7.272],[2.989,-7.209],[2.989,-7.138],[3.046,-7.04],[3.039,-6.97],[3.235,-6.801],[3.389,-6.709],[3.656,-6.512],[3.754,-6.449],[3.852,-6.4],[3.88,-6.4]]],[[[-4.022,-6.512],[-3.714,-6.66],[-3.517,-6.773],[-3.342,-6.836],[-3.216,-6.899],[-2.76,-7.173],[-2.767,-7.223],[-2.753,-7.272],[-2.753,-7.356],[-2.781,-7.406],[-2.774,-7.42],[-2.83,-7.476],[-2.851,-7.476],[-2.851,-7.49],[-2.872,-7.49],[-2.886,-7.511],[-2.998,-7.574],[-3.118,-7.687],[-3.139,-7.722],[-3.16,-7.729],[-3.174,-7.757],[-3.279,-7.835],[-3.321,-7.849],[-3.524,-7.631],[-3.622,-7.56],[-3.671,-7.546],[-3.678,-7.525],[-3.741,-7.483],[-3.854,-7.441],[-3.861,-7.427],[-4.653,-7.131],[-4.66,-7.117],[-4.681,-7.117],[-4.849,-7.026],[-4.863,-7.005],[-4.976,-6.941],[-5.004,-6.899],[-4.926,-6.871],[-4.772,-6.878],[-4.744,-6.857],[-4.723,-6.808],[-4.576,-6.808],[-4.471,-6.78],[-4.394,-6.737],[-4.345,-6.674],[-4.176,-6.646],[-4.085,-6.59],[-4.022,-6.512]]]]},"properties":{"abbr":"VS","name":"ventral subiculum","plate":33,"ap_bregma_mm":-3.4,"area_mm2":2.6736,"traced_fraction":[1.0,1.0],"n_labels":2,"no_drawn_outline":false}},{"type":"Feature","geometry":{"type":"MultiPolygon","coordinates":[[[[3.13,-5.528],[3.193,-5.542],[3.228,-5.577],[3.249,-5.654],[3.263,-5.654],[3.221,-5.732],[3.102,-5.879],[3.06,-5.964],[2.975,-6.041],[2.94,-6.041],[2.926,-6.062],[2.919,-6.055],[2.905,-6.048],[2.849,-6.076],[2.849,-6.09],[2.828,-6.097],[2.835,-6.111],[2.821,-6.126],[2.8,-6.132],[2.723,-6.252],[2.723,-6.273],[2.709,-6.28],[2.639,-6.435],[2.541,-6.604],[2.52,-6.618],[2.435,-6.751],[2.4,-6.78],[2.386,-6.815],[2.365,-6.822],[2.281,-6.927],[2.26,-6.948],[2.239,-6.948],[2.211,-6.983],[2.106,-7.047],[2.092,-7.068],[1.959,-7.131],[1.825,-7.166],[1.825,-7.187],[1.797,-7.187],[1.671,-7.209],[1.58,-7.187],[1.489,-7.187],[1.454,-7.11],[1.468,-6.998],[1.538,-6.913],[1.678,-6.829],[1.945,-6.751],[2.218,-6.709],[2.351,-6.639],[2.414,-6.576],[2.52,-6.428],[2.66,-6.175],[2.842,-5.922],[2.877,-5.837],[2.905,-5.788],[2.912,-5.725],[2.947,-5.626],[3.003,-5.577],[3.01,-5.556],[3.13,-5.528]]],[[[-3.076,-5.612],[-3.068,-5.612],[-3.068,-5.647],[-2.935,-5.809],[-2.872,-5.936],[-2.795,-6.013],[-2.767,-6.076],[-2.676,-6.203],[-2.564,-6.442],[-2.501,-6.533],[-2.416,-6.611],[-2.269,-6.688],[-1.736,-6.864],[-1.519,-6.977],[-1.414,-7.054],[-1.379,-7.096],[-1.358,-7.187],[-1.365,-7.3],[-1.4,-7.328],[-1.498,-7.321],[-1.589,-7.3],[-1.617,-7.3],[-1.624,-7.279],[-1.75,-7.265],[-2.017,-7.202],[-2.136,-7.11],[-2.262,-6.977],[-2.276,-6.977],[-2.276,-6.962],[-2.29,-6.962],[-2.29,-6.948],[-2.304,-6.948],[-2.304,-6.934],[-2.318,-6.934],[-2.318,-6.92],[-2.332,-6.92],[-2.332,-6.906],[-2.346,-6.906],[-2.346,-6.892],[-2.36,-6.892],[-2.36,-6.878],[-2.374,-6.878],[-2.374,-6.864],[-2.564,-6.73],[-2.662,-6.611],[-2.753,-6.322],[-2.816,-6.21],[-2.83,-6.21],[-2.858,-6.161],[-2.872,-6.161],[-2.872,-6.147],[-2.984,-6.041],[-2.998,-6.041],[-3.04,-5.992],[-3.054,-5.999],[-3.068,-5.985],[-3.061,-5.978],[-3.118,-5.936],[-3.118,-5.922],[-3.216,-5.823],[-3.272,-5.711],[-3.258,-5.711],[-3.251,-5.689],[-3.181,-5.626],[-3.076,-5.612]]]]},"properties":{"abbr":"cp","name":"cerebral peduncle","plate":33,"ap_bregma_mm":-3.4,"area_mm2":1.1066,"traced_fraction":[1.0,1.0],"n_labels":2,"no_drawn_outline":false}},{"type":"Feature","geometry":{"type":"MultiPolygon","coordinates":[[[[2.821,-6.962],[2.828,-6.962],[2.828,-6.97],[2.821,-6.962]]],[[[2.828,-6.97],[2.835,-6.97],[2.877,-6.998],[2.933,-6.998],[3.003,-6.97],[3.039,-6.97],[3.046,-7.04],[2.989,-7.138],[2.989,-7.209],[3.018,-7.272],[3.165,-7.462],[3.403,-7.624],[3.48,-7.701],[3.501,-7.701],[3.515,-7.736],[3.557,-7.778],[3.69,-7.884],[3.789,-7.926],[3.894,-7.933],[3.894,-7.947],[3.711,-7.947],[3.445,-7.715],[3.151,-7.483],[3.151,-7.469],[3.088,-7.42],[3.003,-7.286],[2.961,-7.244],[2.982,-7.04],[2.933,-7.054],[2.919,-7.173],[2.758,-7.145],[2.751,-7.026],[2.856,-7.061],[2.828,-6.97]]]]},"properties":{"abbr":"hif","name":"hippocampal fissure","plate":33,"ap_bregma_mm":-3.4,"area_mm2":0.0755,"traced_fraction":[1.0,1.0],"n_labels":2,"no_drawn_outline":false}},{"type":"Feature","geometry":{"type":"MultiPolygon","coordinates":[[[[5.324,-6.512],[5.429,-6.625],[5.514,-6.681],[5.689,-6.85],[5.703,-6.85],[5.829,-6.977],[5.892,-7.068],[5.871,-7.089],[5.808,-7.082],[5.815,-7.166],[5.766,-7.244],[5.738,-7.265],[5.745,-7.286],[5.801,-7.307],[5.696,-7.434],[5.64,-7.448],[5.626,-7.391],[5.633,-7.377],[5.619,-7.377],[5.605,-7.377],[5.506,-7.286],[5.296,-7.251],[5.016,-7.117],[4.693,-7.04],[4.721,-6.991],[4.897,-6.85],[4.939,-6.836],[5.268,-6.54],[5.303,-6.512],[5.324,-6.512]]],[[[-5.354,-6.744],[-5.151,-6.927],[-5.137,-6.927],[-5.074,-6.998],[-4.968,-7.075],[-4.947,-7.075],[-4.849,-7.138],[-4.814,-7.18],[-5.039,-7.195],[-5.284,-7.237],[-5.565,-7.321],[-5.733,-7.342],[-5.95,-7.427],[-5.957,-7.377],[-5.978,-7.342],[-5.992,-7.342],[-6.006,-7.314],[-6.02,-7.314],[-6.02,-7.3],[-6.104,-7.223],[-6.104,-7.209],[-6.118,-7.209],[-6.195,-7.131],[-6.195,-7.117],[-6.161,-7.096],[-5.936,-6.983],[-5.782,-6.927],[-5.621,-6.843],[-5.459,-6.794],[-5.375,-6.744],[-5.354,-6.744]]]]},"properties":{"abbr":"3","name":"layer 3 of cortex","plate":33,"ap_bregma_mm":-3.4,"area_mm2":0.9823,"traced_fraction":[0.97,0.995],"n_labels":2,"no_drawn_outline":false}},{"type":"Feature","geometry":{"type":"MultiPolygon","coordinates":[[[[-6.238,-7.152],[-6.216,-7.209],[-6.174,-7.265],[-6.125,-7.307],[-6.09,-7.363],[-6.006,-7.448],[-5.992,-7.448],[-6.118,-7.567],[-6.161,-7.553],[-6.259,-7.455],[-6.308,-7.427],[-6.315,-7.406],[-6.378,-7.363],[-6.378,-7.342],[-6.399,-7.335],[-6.413,-7.314],[-6.406,-7.307],[-6.434,-7.293],[-6.448,-7.258],[-6.294,-7.166],[-6.238,-7.152]]]]},"properties":{"abbr":"1","name":"layer 1 of cortex","plate":33,"ap_bregma_mm":-3.4,"area_mm2":0.0861,"traced_fraction":[1.0],"n_labels":1,"no_drawn_outline":false}},{"type":"Feature","geometry":{"type":"MultiPolygon","coordinates":[[[[1.181,-7.187],[1.265,-7.195],[1.321,-7.216],[1.307,-7.342],[1.328,-7.398],[1.286,-7.413],[1.244,-7.49],[1.202,-7.49],[1.152,-7.455],[1.131,-7.391],[1.117,-7.391],[1.103,-7.398],[1.117,-7.448],[1.11,-7.518],[1.082,-7.56],[1.047,-7.574],[0.956,-7.574],[0.928,-7.56],[0.886,-7.504],[0.886,-7.455],[0.942,-7.391],[0.991,-7.37],[1.047,-7.37],[1.047,-7.321],[1.026,-7.265],[1.082,-7.209],[1.089,-7.202],[1.181,-7.187]]],[[[-0.951,-7.413],[-0.979,-7.511],[-1.035,-7.553],[-1.154,-7.546],[-1.189,-7.511],[-1.217,-7.455],[-1.217,-7.391],[-1.161,-7.3],[-1.105,-7.265],[-1.021,-7.244],[-0.965,-7.286],[-0.951,-7.413]]]]},"properties":{"abbr":"LM","name":"lateral mammillary nucleus","plate":33,"ap_bregma_mm":-3.4,"area_mm2":0.1659,"traced_fraction":[0.996,1.0],"n_labels":2,"no_drawn_outline":false}},{"type":"Feature","geometry":{"type":"MultiPolygon","coordinates":[[[[0.528,-7.195],[0.69,-7.23],[0.718,-7.258],[0.76,-7.37],[0.774,-7.377],[0.795,-7.469],[0.844,-7.588],[0.837,-7.638],[0.816,-7.659],[0.725,-7.666],[0.514,-7.61],[0.297,-7.532],[0.178,-7.462],[0.129,-7.398],[0.122,-7.335],[0.143,-7.279],[0.206,-7.216],[0.311,-7.187],[0.528,-7.195]]],[[[-0.446,-7.209],[-0.411,-7.223],[-0.236,-7.223],[-0.159,-7.244],[-0.075,-7.321],[-0.046,-7.434],[-0.061,-7.476],[-0.11,-7.518],[-0.537,-7.708],[-0.643,-7.701],[-0.671,-7.673],[-0.692,-7.617],[-0.685,-7.483],[-0.65,-7.279],[-0.622,-7.237],[-0.586,-7.223],[-0.446,-7.209]]]]},"properties":{"abbr":"PMD","name":"premammillary nucleus, dorsal part","plate":33,"ap_bregma_mm":-3.4,"area_mm2":0.4785,"traced_fraction":[1.0,1.0],"n_labels":2,"no_drawn_outline":false}},{"type":"Feature","geometry":{"type":"MultiPolygon","coordinates":[[[[-0.614,-7.089],[-0.622,-7.138],[-0.586,-7.223],[-0.622,-7.237],[-0.65,-7.279],[-0.685,-7.483],[-0.692,-7.617],[-0.671,-7.673],[-0.643,-7.701],[-0.537,-7.708],[-0.11,-7.518],[-0.061,-7.476],[-0.046,-7.434],[-0.075,-7.321],[-0.159,-7.244],[-0.236,-7.223],[-0.411,-7.223],[-0.446,-7.209],[-0.397,-7.117],[-0.264,-7.152],[0.115,-7.159],[0.346,-7.138],[0.5,-7.096],[0.528,-7.195],[0.311,-7.187],[0.206,-7.216],[0.143,-7.279],[0.122,-7.335],[0.129,-7.398],[0.178,-7.462],[0.297,-7.532],[0.514,-7.61],[0.725,-7.666],[0.816,-7.659],[0.837,-7.638],[0.844,-7.588],[0.809,-7.511],[0.774,-7.377],[0.76,-7.37],[0.718,-7.258],[0.69,-7.23],[0.718,-7.187],[0.739,-7.11],[0.9,-7.103],[1.103,-7.145],[1.103,-7.152],[1.089,-7.202],[1.082,-7.209],[1.026,-7.265],[1.047,-7.321],[1.047,-7.37],[0.991,-7.37],[0.942,-7.391],[0.886,-7.455],[0.886,-7.504],[0.928,-7.56],[0.956,-7.574],[1.047,-7.574],[1.082,-7.56],[1.11,-7.518],[1.117,-7.448],[1.103,-7.398],[1.117,-7.391],[1.131,-7.391],[1.152,-7.455],[1.202,-7.49],[1.244,-7.49],[1.286,-7.413],[1.328,-7.398],[1.363,-7.469],[1.236,-7.631],[1.223,-7.631],[1.223,-7.645],[1.209,-7.645],[1.209,-7.659],[1.145,-7.708],[1.152,-7.722],[1.145,-7.729],[1.11,-7.75],[1.068,-7.806],[1.075,-7.821],[1.061,-7.842],[1.04,-7.842],[1.04,-7.856],[1.026,-7.856],[1.033,-7.87],[1.019,-7.884],[0.844,-7.996],[0.823,-7.996],[0.802,-8.017],[0.571,-8.123],[0.535,-8.151],[0.535,-8.165],[0.521,-8.172],[0.514,-8.172],[0.479,-8.179],[0.479,-8.137],[0.5,-8.102],[0.725,-7.926],[0.753,-7.877],[0.753,-7.813],[0.704,-7.736],[0.584,-7.666],[0.36,-7.602],[0.311,-7.602],[0.283,-7.624],[0.269,-7.624],[0.164,-7.588],[0.094,-7.581],[-0.012,-7.595],[-0.067,-7.631],[-0.145,-7.645],[-0.18,-7.617],[-0.208,-7.617],[-0.299,-7.645],[-0.432,-7.715],[-0.502,-7.764],[-0.565,-7.835],[-0.579,-7.926],[-0.565,-7.982],[-0.488,-8.06],[-0.257,-8.151],[-0.194,-8.2],[-0.215,-8.25],[-0.278,-8.242],[-0.292,-8.242],[-0.327,-8.235],[-0.327,-8.221],[-0.481,-8.172],[-0.699,-8.06],[-0.755,-8.01],[-0.755,-7.996],[-0.769,-7.996],[-0.804,-7.94],[-0.916,-7.821],[-0.93,-7.821],[-1.007,-7.743],[-1.161,-7.652],[-1.294,-7.511],[-1.33,-7.448],[-1.351,-7.441],[-1.365,-7.42],[-1.4,-7.328],[-1.365,-7.3],[-1.337,-7.3],[-1.196,-7.216],[-1.112,-7.187],[-1.028,-7.138],[-0.797,-7.082],[-0.614,-7.089]]],[[[-0.979,-7.511],[-0.965,-7.518],[-0.944,-7.574],[-0.874,-7.595],[-0.797,-7.588],[-0.762,-7.553],[-0.755,-7.462],[-0.783,-7.406],[-0.811,-7.391],[-0.888,-7.391],[-0.951,-7.413],[-0.965,-7.286],[-1.021,-7.244],[-1.133,-7.279],[-1.189,-7.335],[-1.217,-7.391],[-1.217,-7.455],[-1.189,-7.511],[-1.154,-7.546],[-1.035,-7.553],[-0.979,-7.511]]],[[[-0.292,-8.242],[-0.285,-8.242],[-0.285,-8.25],[-0.292,-8.242]]]]},"properties":{"abbr":"pm","name":"principal mammillary tract","plate":33,"ap_bregma_mm":-3.4,"area_mm2":0.9302,"traced_fraction":[0.996,1.0,1.0],"n_labels":2,"no_drawn_outline":false}},{"type":"Feature","geometry":{"type":"MultiPolygon","coordinates":[[[[5.92,-7.103],[5.934,-7.103],[6.004,-7.173],[6.004,-7.187],[6.067,-7.251],[6.082,-7.251],[5.871,-7.518],[5.857,-7.532],[5.836,-7.532],[5.71,-7.638],[5.654,-7.659],[5.64,-7.652],[5.64,-7.448],[5.696,-7.434],[5.801,-7.307],[5.885,-7.202],[5.92,-7.103]]]]},"properties":{"abbr":"Pir","name":"piriform cortex","plate":33,"ap_bregma_mm":-3.4,"area_mm2":0.0999,"traced_fraction":[1.0],"n_labels":1,"no_drawn_outline":false}},{"type":"Feature","geometry":{"type":"MultiPolygon","coordinates":[[[[4.693,-7.04],[5.016,-7.117],[5.296,-7.251],[5.506,-7.286],[5.605,-7.377],[5.619,-7.377],[5.626,-7.391],[5.64,-7.448],[5.64,-7.652],[5.654,-7.659],[5.619,-7.673],[5.605,-7.694],[5.493,-7.736],[5.324,-7.835],[5.191,-7.891],[5.17,-7.912],[5.086,-7.94],[5.086,-7.961],[5.065,-7.961],[5.037,-7.968],[4.883,-7.996],[4.883,-8.017],[4.686,-8.017],[4.679,-7.996],[4.539,-7.975],[4.532,-7.975],[4.532,-7.982],[4.504,-7.968],[4.448,-7.947],[4.364,-7.947],[4.357,-7.926],[4.315,-7.919],[4.097,-7.926],[4.097,-7.947],[4.076,-7.947],[4.062,-7.785],[4.027,-7.638],[3.978,-7.497],[3.908,-7.377],[4.055,-7.307],[4.378,-7.187],[4.637,-7.047],[4.693,-7.04]]],[[[-4.814,-7.18],[-4.73,-7.195],[-4.611,-7.258],[-4.555,-7.258],[-4.415,-7.321],[-4.394,-7.342],[-3.791,-7.532],[-3.791,-7.553],[-3.847,-7.645],[-3.854,-7.729],[-3.938,-7.729],[-4.015,-7.708],[-4.113,-7.708],[-4.197,-7.729],[-4.274,-7.771],[-4.337,-7.877],[-4.345,-7.884],[-4.345,-7.891],[-4.352,-7.898],[-4.379,-7.975],[-4.373,-8.067],[-4.394,-8.088],[-4.457,-8.102],[-4.618,-8.102],[-4.723,-8.053],[-4.772,-8.06],[-4.8,-8.06],[-4.807,-8.046],[-5.039,-8.025],[-5.088,-8.017],[-5.095,-7.996],[-5.235,-7.982],[-5.565,-7.884],[-5.578,-7.891],[-5.593,-7.877],[-5.628,-7.877],[-5.635,-7.856],[-5.719,-7.828],[-5.915,-7.722],[-6.048,-7.624],[-6.076,-7.617],[-6.118,-7.581],[-6.118,-7.567],[-5.992,-7.448],[-5.971,-7.448],[-5.95,-7.427],[-5.733,-7.342],[-5.565,-7.321],[-5.284,-7.237],[-5.039,-7.195],[-4.814,-7.18]]]]},"properties":{"abbr":"APir","name":"amygdalopiriform transition area","plate":33,"ap_bregma_mm":-3.4,"area_mm2":2.4721,"traced_fraction":[1.0,0.993],"n_labels":2,"no_drawn_outline":false}},{"type":"Feature","geometry":{"type":"MultiPolygon","coordinates":[[[[3.866,-7.37],[3.908,-7.377],[3.978,-7.497],[4.027,-7.638],[4.062,-7.785],[4.076,-7.947],[3.894,-7.947],[3.894,-7.933],[3.789,-7.926],[3.69,-7.884],[3.557,-7.778],[3.515,-7.736],[3.501,-7.701],[3.536,-7.673],[3.578,-7.595],[3.662,-7.504],[3.677,-7.504],[3.775,-7.413],[3.866,-7.37]]],[[[-3.791,-7.532],[-3.671,-7.546],[-3.622,-7.56],[-3.524,-7.631],[-3.321,-7.849],[-3.342,-7.87],[-3.426,-7.898],[-3.72,-7.919],[-3.763,-7.926],[-3.763,-7.947],[-3.77,-7.947],[-3.784,-7.863],[-3.854,-7.729],[-3.847,-7.645],[-3.798,-7.567],[-3.791,-7.532]]]]},"properties":{"abbr":"AHi","name":"amygdalohippocampal area","plate":33,"ap_bregma_mm":-3.4,"area_mm2":0.351,"traced_fraction":[1.0,0.995],"n_labels":2,"no_drawn_outline":false}},{"type":"Feature","geometry":{"type":"MultiPolygon","coordinates":[[[[-3.854,-7.729],[-3.784,-7.863],[-3.77,-7.947],[-3.84,-7.947],[-4.057,-7.961],[-4.302,-8.06],[-4.373,-8.067],[-4.379,-7.975],[-4.352,-7.898],[-4.345,-7.891],[-4.345,-7.884],[-4.337,-7.877],[-4.274,-7.771],[-4.197,-7.729],[-4.113,-7.708],[-3.854,-7.729]]]]},"properties":{"abbr":"PMCo","name":"posteromedial cortical amygdaloid nucleus","plate":33,"ap_bregma_mm":-3.4,"area_mm2":0.1395,"traced_fraction":[0.974],"n_labels":1,"no_drawn_outline":false}},{"type":"Feature","geometry":{"type":"MultiPolygon","coordinates":[[[[-0.131,-4.522],[0.003,-4.522],[0.031,-5.028],[0.01,-5.176],[0.01,-5.303],[-0.004,-5.352],[-0.033,-5.387],[-0.046,-5.387],[-0.075,-5.303],[-0.117,-4.972],[-0.131,-4.522]]],[[[0.269,-7.624],[0.248,-7.687],[0.178,-7.757],[0.143,-7.863],[0.136,-8.003],[0.164,-8.088],[0.199,-8.137],[0.199,-8.172],[0.171,-8.186],[0.066,-8.165],[-0.018,-7.884],[-0.124,-7.743],[-0.152,-7.659],[-0.145,-7.645],[-0.067,-7.631],[-0.012,-7.595],[0.094,-7.581],[0.164,-7.588],[0.269,-7.624]]]]},"properties":{"abbr":"3V","name":"3rd ventricle","plate":33,"ap_bregma_mm":-3.4,"area_mm2":0.2288,"traced_fraction":[0.96,1.0],"n_labels":2,"no_drawn_outline":false}},{"type":"Feature","geometry":{"type":"MultiPolygon","coordinates":[[[[0.479,-8.179],[0.472,-8.186],[0.444,-8.193],[0.332,-8.158],[0.297,-8.13],[0.269,-8.081],[0.241,-7.94],[0.297,-7.715],[0.297,-7.638],[0.283,-7.624],[0.311,-7.602],[0.36,-7.602],[0.584,-7.666],[0.704,-7.736],[0.753,-7.813],[0.76,-7.849],[0.725,-7.926],[0.5,-8.102],[0.479,-8.137],[0.479,-8.179]]],[[[-0.145,-7.645],[-0.152,-7.659],[-0.166,-7.659],[-0.187,-7.694],[-0.187,-7.821],[-0.096,-8.038],[-0.089,-8.13],[-0.096,-8.172],[-0.117,-8.193],[-0.194,-8.2],[-0.257,-8.151],[-0.488,-8.06],[-0.565,-7.982],[-0.579,-7.926],[-0.565,-7.835],[-0.502,-7.764],[-0.432,-7.715],[-0.299,-7.645],[-0.208,-7.617],[-0.18,-7.617],[-0.145,-7.645]]]]},"properties":{"abbr":"PMV","name":"premammillary nucleus, ventral part","plate":33,"ap_bregma_mm":-3.4,"area_mm2":0.3821,"traced_fraction":[1.0,0.972],"n_labels":2,"no_drawn_outline":false}},{"type":"Feature","geometry":{"type":"MultiPolygon","coordinates":[[[[0.269,-7.624],[0.283,-7.624],[0.297,-7.638],[0.297,-7.715],[0.241,-7.94],[0.269,-8.081],[0.297,-8.13],[0.332,-8.158],[0.444,-8.193],[0.472,-8.186],[0.472,-8.214],[0.444,-8.25],[0.43,-8.25],[0.43,-8.271],[0.213,-8.278],[0.206,-8.257],[0.108,-8.25],[0.08,-8.264],[0.08,-8.285],[-0.124,-8.292],[-0.124,-8.278],[-0.215,-8.25],[-0.194,-8.2],[-0.117,-8.193],[-0.096,-8.172],[-0.089,-8.13],[-0.096,-8.038],[-0.187,-7.821],[-0.187,-7.694],[-0.173,-7.666],[-0.152,-7.659],[-0.124,-7.743],[-0.018,-7.884],[0.066,-8.165],[0.171,-8.186],[0.199,-8.172],[0.199,-8.137],[0.164,-8.088],[0.136,-8.003],[0.143,-7.863],[0.178,-7.757],[0.248,-7.687],[0.269,-7.624]]]]},"properties":{"abbr":"Arc","name":"arcuate hypothalamic nucleus","plate":33,"ap_bregma_mm":-3.4,"area_mm2":0.1761,"traced_fraction":[1.0],"n_labels":1,"no_drawn_outline":false}},{"type":"Feature","geometry":{"type":"MultiPolygon","coordinates":[[[[-0.152,-2.377],[-0.18,-2.412],[-0.25,-2.405],[-0.313,-2.405],[-0.369,-2.384],[-0.488,-2.37],[-0.607,-2.313],[-1.119,-2.145],[-1.624,-1.891],[-1.701,-1.87],[-1.813,-1.8],[-1.982,-1.751],[-2.22,-1.737],[-2.571,-1.744],[-2.816,-1.779],[-3.082,-1.849],[-3.3,-1.927],[-3.496,-2.018],[-3.517,-1.976],[-3.258,-1.849],[-2.851,-1.723],[-2.606,-1.666],[-2.381,-1.638],[-2.122,-1.631],[-1.75,-1.582],[-1.582,-1.582],[-1.47,-1.61],[-1.337,-1.673],[-1.217,-1.751],[-0.895,-2.053],[-0.643,-2.229],[-0.523,-2.278],[-0.215,-2.342],[-0.152,-2.377]]],[[[1.861,-1.589],[2.176,-1.589],[2.66,-1.666],[2.94,-1.737],[3.179,-1.828],[3.207,-1.828],[3.515,-1.969],[3.508,-2.004],[3.494,-2.011],[3.494,-2.053],[3.256,-1.948],[2.737,-1.779],[2.442,-1.716],[2.092,-1.68],[1.875,-1.702],[1.692,-1.758],[1.559,-1.849],[1.461,-1.948],[1.433,-2.011],[1.377,-2.032],[1.251,-2.138],[1.131,-2.194],[0.963,-2.25],[0.634,-2.342],[0.269,-2.384],[0.22,-2.384],[0.206,-2.398],[0.185,-2.398],[0.157,-2.37],[0.157,-2.356],[0.192,-2.335],[0.423,-2.313],[0.571,-2.278],[0.655,-2.243],[0.802,-2.145],[1.012,-1.941],[1.026,-1.941],[1.159,-1.821],[1.187,-1.814],[1.314,-1.716],[1.503,-1.603],[1.678,-1.582],[1.861,-1.589]]]]},"properties":{"abbr":"dhc","name":"dorsal hippocampal commissure","plate":33,"ap_bregma_mm":-3.4,"area_mm2":0.9849,"traced_fraction":[1.0,0.993],"n_labels":2,"no_drawn_outline":false}},{"type":"Feature","geometry":{"type":"MultiPolygon","coordinates":[[[[-2.01,-1.484],[-1.996,-1.547],[-2.115,-1.568],[-2.122,-1.631],[-2.381,-1.638],[-2.648,-1.673],[-2.851,-1.723],[-3.258,-1.849],[-3.517,-1.976],[-3.608,-2.004],[-3.714,-2.06],[-3.819,-2.081],[-3.896,-2.131],[-3.994,-2.159],[-4.148,-2.257],[-4.443,-2.405],[-4.639,-2.531],[-4.765,-2.63],[-4.807,-2.679],[-4.821,-2.679],[-5.088,-2.953],[-5.284,-3.2],[-5.508,-3.544],[-5.621,-3.797],[-5.789,-4.107],[-5.817,-4.198],[-5.81,-4.22],[-5.824,-4.226],[-5.985,-4.684],[-6.041,-4.986],[-6.041,-5.204],[-6.02,-5.366],[-5.88,-5.809],[-5.656,-6.287],[-5.368,-6.66],[-5.305,-6.702],[-5.284,-6.737],[-5.221,-6.78],[-5.221,-6.794],[-5.123,-6.878],[-5.123,-6.892],[-4.983,-7.005],[-4.793,-7.124],[-4.59,-7.216],[-4.555,-7.244],[-4.555,-7.258],[-4.611,-7.258],[-4.73,-7.195],[-4.814,-7.18],[-4.849,-7.138],[-4.947,-7.075],[-4.968,-7.075],[-5.074,-6.998],[-5.137,-6.927],[-5.151,-6.927],[-5.354,-6.744],[-5.375,-6.709],[-5.487,-6.604],[-5.487,-6.59],[-5.614,-6.449],[-5.621,-6.421],[-5.649,-6.4],[-5.705,-6.308],[-5.845,-6.006],[-5.873,-5.978],[-5.887,-5.915],[-5.999,-5.675],[-6.041,-5.563],[-6.097,-5.464],[-6.139,-5.331],[-6.174,-5.113],[-6.161,-4.874],[-6.118,-4.656],[-6.034,-4.381],[-5.887,-4.016],[-5.74,-3.685],[-5.501,-3.27],[-5.305,-3.003],[-5.172,-2.862],[-5.172,-2.848],[-4.877,-2.567],[-4.436,-2.271],[-4.225,-2.159],[-4.19,-2.152],[-4.183,-2.138],[-3.798,-1.962],[-3.65,-1.891],[-3.622,-1.891],[-3.167,-1.73],[-2.753,-1.631],[-2.711,-1.61],[-2.655,-1.61],[-2.318,-1.533],[-2.01,-1.484]]],[[[2.667,-1.589],[2.723,-1.596],[3.13,-1.709],[3.375,-1.793],[3.62,-1.899],[3.648,-1.899],[3.669,-1.92],[3.74,-1.941],[3.761,-1.962],[3.922,-2.032],[4.097,-2.138],[4.343,-2.257],[4.595,-2.412],[4.672,-2.475],[4.756,-2.51],[4.77,-2.539],[4.784,-2.539],[4.855,-2.616],[4.868,-2.616],[4.995,-2.742],[5.009,-2.742],[5.114,-2.862],[5.135,-2.869],[5.135,-2.883],[5.205,-2.946],[5.205,-2.961],[5.422,-3.193],[5.422,-3.207],[5.493,-3.27],[5.506,-3.305],[5.542,-3.333],[5.703,-3.551],[5.836,-3.762],[5.878,-3.861],[5.906,-3.882],[5.899,-3.91],[5.948,-4.03],[6.004,-4.248],[6.06,-4.564],[6.074,-4.726],[6.067,-4.93],[6.053,-4.965],[6.06,-5.028],[6.011,-5.12],[5.969,-5.267],[5.885,-5.429],[5.801,-5.64],[5.668,-5.915],[5.661,-5.978],[5.633,-5.999],[5.499,-6.28],[5.401,-6.414],[5.324,-6.491],[5.324,-6.512],[5.303,-6.512],[5.268,-6.54],[4.939,-6.836],[4.897,-6.85],[4.897,-6.822],[5.114,-6.632],[5.128,-6.632],[5.352,-6.372],[5.506,-6.118],[5.696,-5.703],[5.829,-5.31],[5.871,-5.106],[5.885,-4.845],[5.871,-4.599],[5.843,-4.466],[5.668,-3.917],[5.556,-3.699],[5.542,-3.692],[5.485,-3.551],[5.31,-3.305],[5.03,-2.989],[5.03,-2.975],[4.981,-2.932],[4.981,-2.918],[4.826,-2.778],[4.658,-2.651],[4.553,-2.546],[4.336,-2.391],[4.294,-2.377],[4.209,-2.313],[3.95,-2.173],[3.908,-2.138],[3.831,-2.11],[3.81,-2.088],[3.705,-2.06],[3.698,-2.046],[3.515,-1.969],[3.207,-1.828],[3.179,-1.828],[2.94,-1.737],[2.66,-1.666],[2.667,-1.589]]]]},"properties":{"abbr":"dcw","name":"deep cerebral white matter","plate":33,"ap_bregma_mm":-3.4,"area_mm2":1.7885,"traced_fraction":[0.999,0.998],"n_labels":2,"no_drawn_outline":false}},{"type":"Feature","geometry":{"type":"MultiPolygon","coordinates":[[[[-0.054,-2.37],[0.045,-2.384],[0.045,-2.405],[0.073,-2.44],[0.059,-2.447],[0.059,-2.51],[0.122,-2.574],[0.129,-2.707],[0.185,-2.799],[0.199,-2.799],[0.234,-2.841],[0.262,-2.848],[0.262,-2.869],[0.192,-2.939],[0.157,-2.911],[0.115,-2.904],[0.101,-2.961],[0.031,-2.961],[-0.012,-2.939],[-0.061,-2.989],[-0.096,-2.989],[-0.117,-2.946],[-0.117,-2.862],[-0.138,-2.813],[-0.194,-2.75],[-0.222,-2.742],[-0.229,-2.63],[-0.208,-2.609],[-0.166,-2.503],[-0.138,-2.475],[-0.117,-2.461],[-0.046,-2.461],[-0.054,-2.37]]]]},"properties":{"abbr":"chp","name":"choroid plexus","plate":33,"ap_bregma_mm":-3.4,"area_mm2":0.1673,"traced_fraction":[0.996],"n_labels":1,"no_drawn_outline":false}},{"type":"Feature","geometry":{"type":"MultiPolygon","coordinates":[[[[-1.505,-3.087],[-1.512,-3.136],[-1.596,-3.214],[-1.919,-3.312],[-2.262,-3.361],[-2.409,-3.361],[-2.472,-3.375],[-2.627,-3.375],[-2.697,-3.39],[-2.704,-3.404],[-2.802,-3.446],[-2.977,-3.488],[-3.16,-3.572],[-3.167,-3.537],[-3.188,-3.523],[-3.188,-3.488],[-3.167,-3.467],[-2.837,-3.368],[-2.718,-3.291],[-2.662,-3.27],[-2.543,-3.263],[-2.402,-3.291],[-2.192,-3.291],[-2.01,-3.235],[-1.898,-3.228],[-1.841,-3.193],[-1.596,-3.094],[-1.505,-3.087]]],[[[1.601,-3.143],[1.706,-3.157],[1.762,-3.157],[1.791,-3.143],[1.889,-3.157],[2.05,-3.235],[2.19,-3.27],[2.534,-3.263],[2.744,-3.326],[2.793,-3.319],[3.144,-3.439],[3.459,-3.594],[3.501,-3.601],[3.529,-3.636],[3.648,-3.713],[3.761,-3.84],[3.768,-3.889],[3.796,-3.931],[3.81,-4.248],[3.733,-4.255],[3.684,-3.987],[3.585,-3.797],[3.508,-3.727],[3.347,-3.636],[3.123,-3.544],[3.031,-3.523],[2.905,-3.467],[2.709,-3.411],[2.442,-3.39],[2.358,-3.382],[2.337,-3.368],[2.246,-3.375],[1.945,-3.291],[1.776,-3.27],[1.622,-3.221],[1.573,-3.221],[1.531,-3.193],[1.419,-3.165],[1.405,-3.143],[1.601,-3.143]]]]},"properties":{"abbr":"bsc","name":"brachium of the superior colliculus","plate":33,"ap_bregma_mm":-3.4,"area_mm2":0.4365,"traced_fraction":[0.987,0.995],"n_labels":2,"no_drawn_outline":false}},{"type":"Feature","geometry":{"type":"MultiPolygon","coordinates":[[[[1.3,-3.34],[1.419,-3.474],[1.468,-3.488],[1.566,-3.643],[1.545,-3.671],[1.419,-3.755],[1.377,-3.755],[1.209,-3.72],[1.166,-3.678],[1.166,-3.629],[1.223,-3.481],[1.3,-3.34]]]]},"properties":{"abbr":"PPT","name":"posterior pretectal nucleus","plate":33,"ap_bregma_mm":-3.4,"area_mm2":0.0987,"traced_fraction":[0.994],"n_labels":1,"no_drawn_outline":false}},{"type":"Feature","geometry":{"type":"MultiPolygon","coordinates":[[[[3.831,-3.375],[3.908,-3.481],[4.034,-3.608],[4.146,-3.671],[4.153,-3.72],[4.174,-3.727],[4.266,-3.833],[4.258,-3.854],[4.272,-3.889],[4.3,-3.917],[4.385,-4.072],[4.216,-4.079],[4.083,-3.882],[3.824,-3.622],[3.726,-3.495],[3.48,-3.263],[3.263,-3.122],[3.221,-3.087],[3.221,-3.066],[3.235,-3.052],[3.284,-3.052],[3.536,-3.15],[3.656,-3.228],[3.831,-3.375]]],[[[-3.503,-3.157],[-3.784,-3.418],[-3.861,-3.537],[-4.071,-3.776],[-4.267,-4.079],[-4.267,-4.1],[-4.352,-4.248],[-4.422,-4.445],[-4.569,-4.445],[-4.555,-4.388],[-4.45,-4.093],[-4.394,-4.001],[-4.387,-3.966],[-4.197,-3.678],[-3.973,-3.425],[-3.945,-3.368],[-3.812,-3.242],[-3.608,-3.115],[-3.517,-3.094],[-3.503,-3.108],[-3.503,-3.157]]]]},"properties":{"abbr":"CA3","name":"field CA3 of the hippocampus","plate":33,"ap_bregma_mm":-3.4,"area_mm2":0.4656,"traced_fraction":[0.963,0.976],"n_labels":2,"no_drawn_outline":false}},{"type":"Feature","geometry":{"type":"MultiPolygon","coordinates":[[[[-1.582,-3.516],[-1.484,-3.608],[-1.393,-3.657],[-1.21,-3.79],[-1.035,-3.861],[-0.734,-3.861],[-0.622,-3.812],[-0.607,-3.79],[-0.558,-3.769],[-0.523,-3.72],[-0.32,-3.692],[-0.257,-3.678],[-0.131,-3.797],[-0.067,-3.826],[-0.004,-3.826],[0.08,-3.769],[0.164,-3.657],[0.199,-3.657],[0.213,-3.699],[0.297,-3.685],[0.423,-3.692],[0.423,-3.713],[0.458,-3.748],[0.577,-3.819],[0.746,-3.882],[0.858,-3.903],[0.935,-3.903],[1.04,-3.861],[1.159,-3.776],[1.209,-3.72],[1.377,-3.755],[1.363,-3.79],[1.349,-3.79],[1.314,-3.833],[1.138,-3.952],[1.012,-4.065],[0.984,-4.072],[0.956,-4.1],[0.809,-4.142],[0.605,-4.093],[0.423,-3.959],[0.346,-3.924],[0.178,-3.917],[0.108,-3.924],[0.052,-3.952],[-0.173,-3.945],[-0.229,-3.917],[-0.313,-3.903],[-0.509,-3.917],[-0.685,-3.994],[-0.776,-4.065],[-0.825,-4.079],[-0.839,-4.1],[-0.881,-4.114],[-0.923,-4.149],[-0.944,-4.135],[-1.056,-4.121],[-1.126,-4.086],[-1.344,-3.861],[-1.421,-3.805],[-1.456,-3.797],[-1.645,-3.594],[-1.645,-3.579],[-1.582,-3.516]]]]},"properties":{"abbr":"DpG","name":"deep gray layer of the superior colliculus","plate":33,"ap_bregma_mm":-3.4,"area_mm2":0.6018,"traced_fraction":[1.0],"n_labels":2,"no_drawn_outline":false}},{"type":"Feature","geometry":{"type":"MultiPolygon","coordinates":[[[[-0.173,-3.945],[0.052,-3.952],[0.108,-4.016],[0.192,-4.072],[0.339,-4.142],[0.409,-4.198],[0.458,-4.22],[0.613,-4.36],[0.613,-4.374],[0.669,-4.423],[0.676,-4.452],[0.598,-4.445],[0.542,-4.367],[0.465,-4.304],[0.444,-4.304],[0.227,-4.191],[0.15,-4.17],[0.108,-4.149],[0.052,-4.163],[0.045,-4.142],[0.024,-4.135],[-0.124,-4.135],[-0.257,-4.17],[-0.257,-4.184],[-0.348,-4.198],[-0.516,-4.276],[-0.65,-4.402],[-0.685,-4.459],[-0.734,-4.466],[-0.776,-4.501],[-0.86,-4.536],[-0.874,-4.529],[-0.839,-4.487],[-0.748,-4.423],[-0.607,-4.269],[-0.537,-4.234],[-0.46,-4.163],[-0.285,-4.065],[-0.173,-3.959],[-0.173,-3.945]]]]},"properties":{"abbr":"pc","name":"posterior commissure","plate":33,"ap_bregma_mm":-3.4,"area_mm2":0.1673,"traced_fraction":[0.994],"n_labels":1,"no_drawn_outline":false}},{"type":"Feature","geometry":{"type":"MultiPolygon","coordinates":[[[[0.003,-4.522],[-0.131,-4.522],[-0.138,-4.374],[-0.166,-4.318],[-0.145,-4.311],[-0.145,-4.262],[-0.124,-4.226],[-0.067,-4.191],[0.003,-4.198],[0.052,-4.262],[0.024,-4.346],[0.003,-4.522]]]]},"properties":{"abbr":"SCO","name":"subcommissural organ","plate":33,"ap_bregma_mm":-3.4,"area_mm2":0.0516,"traced_fraction":[0.92],"n_labels":1,"no_drawn_outline":false}},{"type":"Feature","geometry":{"type":"MultiPolygon","coordinates":[[[[0.15,-4.17],[0.227,-4.191],[0.444,-4.304],[0.465,-4.304],[0.542,-4.367],[0.598,-4.445],[0.613,-4.571],[0.402,-4.571],[0.304,-4.501],[0.213,-4.381],[0.157,-4.255],[0.15,-4.17]]],[[[-0.257,-4.184],[-0.292,-4.381],[-0.348,-4.48],[-0.446,-4.564],[-0.544,-4.62],[-0.692,-4.663],[-0.706,-4.656],[-0.713,-4.564],[-0.685,-4.459],[-0.65,-4.402],[-0.516,-4.276],[-0.348,-4.198],[-0.257,-4.184]]]]},"properties":{"abbr":"PrC","name":"precommissural nucleus","plate":33,"ap_bregma_mm":-3.4,"area_mm2":0.2218,"traced_fraction":[1.0,1.0],"n_labels":2,"no_drawn_outline":false}},{"type":"Feature","geometry":{"type":"MultiPolygon","coordinates":[[[[2.499,-4.177],[2.569,-4.184],[2.499,-4.283],[2.429,-4.437],[2.421,-4.656],[2.435,-4.712],[2.414,-4.768],[2.281,-4.824],[2.267,-4.824],[2.267,-4.67],[2.302,-4.473],[2.316,-4.452],[2.337,-4.36],[2.365,-4.311],[2.4,-4.262],[2.499,-4.177]]],[[[-2.43,-4.627],[-2.402,-4.684],[-2.416,-4.986],[-2.487,-4.986],[-2.564,-4.965],[-2.571,-4.951],[-2.571,-4.838],[-2.578,-4.656],[-2.564,-4.656],[-2.43,-4.627]]]]},"properties":{"abbr":"SG","name":"suprageniculate thalamic nucleus","plate":33,"ap_bregma_mm":-3.4,"area_mm2":0.1354,"traced_fraction":[0.996,0.829],"n_labels":2,"no_drawn_outline":false}},{"type":"Feature","geometry":{"type":"MultiPolygon","coordinates":[[[[5.03,-3.882],[5.142,-4.114],[5.247,-4.515],[5.275,-4.944],[5.254,-5.176],[5.233,-5.267],[5.086,-5.675],[4.91,-5.978],[4.714,-6.182],[4.434,-6.379],[4.35,-6.456],[4.272,-6.477],[4.09,-6.477],[3.929,-6.435],[3.894,-6.421],[3.88,-6.4],[3.88,-6.386],[3.915,-6.358],[4.104,-6.238],[4.245,-6.118],[4.279,-6.104],[4.581,-5.823],[4.742,-5.584],[4.868,-5.317],[4.939,-5.085],[4.967,-4.937],[4.981,-4.817],[4.981,-4.613],[4.939,-4.346],[4.883,-4.184],[4.756,-3.903],[4.511,-3.516],[4.364,-3.326],[4.23,-3.193],[4.069,-3.073],[3.971,-3.024],[3.747,-2.876],[3.333,-2.686],[3.2,-2.644],[3.193,-2.63],[3.102,-2.595],[2.737,-2.496],[2.463,-2.454],[2.281,-2.447],[2.106,-2.461],[1.98,-2.496],[1.882,-2.553],[1.77,-2.693],[1.755,-2.693],[1.748,-2.665],[1.706,-2.63],[1.671,-2.616],[1.258,-2.609],[1.04,-2.637],[1.04,-2.602],[1.082,-2.56],[1.138,-2.539],[1.531,-2.517],[1.678,-2.496],[1.896,-2.391],[2.05,-2.271],[2.155,-2.236],[2.358,-2.229],[2.632,-2.25],[2.814,-2.292],[2.947,-2.349],[3.102,-2.391],[3.228,-2.44],[3.312,-2.489],[3.403,-2.517],[3.459,-2.553],[3.62,-2.609],[4.02,-2.813],[4.266,-2.975],[4.462,-3.157],[4.462,-3.171],[4.525,-3.228],[4.525,-3.242],[4.777,-3.523],[5.03,-3.882]]],[[[-1.491,-2.37],[-1.351,-2.433],[-1.316,-2.468],[-1.316,-2.489],[-1.666,-2.489],[-1.75,-2.51],[-1.841,-2.567],[-1.855,-2.567],[-1.862,-2.546],[-1.926,-2.489],[-2.059,-2.433],[-2.304,-2.398],[-2.55,-2.398],[-2.823,-2.433],[-3.314,-2.581],[-3.349,-2.609],[-3.552,-2.686],[-3.784,-2.799],[-4.176,-3.052],[-4.513,-3.418],[-4.611,-3.551],[-4.66,-3.657],[-4.674,-3.664],[-4.842,-4.03],[-4.976,-4.262],[-5.081,-4.578],[-5.109,-4.719],[-5.116,-4.874],[-5.116,-5.028],[-5.088,-5.218],[-5.004,-5.436],[-4.709,-5.922],[-4.576,-6.055],[-4.576,-6.069],[-4.394,-6.238],[-4.387,-6.259],[-4.022,-6.512],[-4.036,-6.54],[-4.12,-6.618],[-4.197,-6.653],[-4.345,-6.674],[-4.541,-6.611],[-4.681,-6.547],[-4.765,-6.491],[-4.849,-6.407],[-5.081,-6.062],[-5.165,-5.886],[-5.221,-5.802],[-5.368,-5.485],[-5.431,-5.267],[-5.445,-4.909],[-5.368,-4.522],[-5.263,-4.226],[-5.249,-4.22],[-5.179,-4.065],[-5.053,-3.875],[-4.94,-3.657],[-4.639,-3.242],[-4.45,-3.052],[-4.436,-3.052],[-4.394,-3.003],[-4.253,-2.89],[-3.931,-2.686],[-3.636,-2.539],[-3.58,-2.524],[-3.51,-2.482],[-3.433,-2.461],[-3.286,-2.384],[-3.11,-2.313],[-2.914,-2.257],[-2.788,-2.236],[-2.395,-2.236],[-2.024,-2.306],[-1.708,-2.327],[-1.491,-2.37]]]]},"properties":{"abbr":"LMol","name":"lacunosum moleculare layer of the hippocampus","plate":33,"ap_bregma_mm":-3.4,"area_mm2":3.6074,"traced_fraction":[1.0,0.999],"n_labels":2,"no_drawn_outline":false}},{"type":"Feature","geometry":{"type":"MultiPolygon","coordinates":[[[[1.328,-4.374],[1.37,-4.557],[1.44,-4.712],[1.51,-4.782],[1.58,-4.824],[1.692,-4.852],[1.791,-4.845],[1.791,-4.909],[1.755,-5.021],[1.741,-5.127],[1.713,-5.155],[1.692,-5.148],[1.608,-5.0],[1.552,-5.0],[1.51,-5.049],[1.328,-5.394],[1.251,-5.38],[1.082,-5.387],[0.928,-5.429],[0.816,-5.485],[0.732,-5.485],[0.711,-5.408],[0.662,-5.359],[0.605,-5.338],[0.62,-5.303],[0.697,-5.232],[0.718,-5.19],[0.739,-5.092],[0.739,-4.979],[0.781,-4.972],[0.809,-4.951],[0.851,-4.817],[0.837,-4.67],[0.788,-4.571],[0.788,-4.543],[0.893,-4.536],[0.963,-4.501],[0.991,-4.466],[0.984,-4.381],[1.328,-4.374]]],[[[-0.685,-4.459],[-0.713,-4.564],[-0.706,-4.656],[-0.692,-4.663],[-0.699,-4.719],[-0.685,-4.768],[-0.643,-4.86],[-0.622,-4.874],[-0.579,-4.951],[-0.664,-5.042],[-0.776,-5.071],[-0.916,-5.021],[-0.965,-4.972],[-0.993,-4.916],[-0.986,-4.705],[-0.93,-4.613],[-0.86,-4.536],[-0.776,-4.501],[-0.734,-4.466],[-0.685,-4.459]]]]},"properties":{"abbr":"MCPC","name":"magnocellular nucleus of the posterior commissure","plate":33,"ap_bregma_mm":-3.4,"area_mm2":0.8824,"traced_fraction":[0.905,0.962],"n_labels":2,"no_drawn_outline":false}},{"type":"Feature","geometry":{"type":"MultiPolygon","coordinates":[[[[0.514,-4.916],[0.465,-5.063],[0.465,-5.099],[0.367,-5.275],[0.304,-5.239],[0.262,-5.155],[0.248,-5.035],[0.269,-4.986],[0.318,-4.944],[0.395,-4.916],[0.514,-4.916]]],[[[-0.411,-4.93],[-0.334,-4.937],[-0.271,-4.993],[-0.271,-5.162],[-0.313,-5.303],[-0.341,-5.331],[-0.355,-5.331],[-0.355,-5.31],[-0.39,-5.275],[-0.432,-5.176],[-0.551,-4.972],[-0.516,-4.951],[-0.411,-4.93]]]]},"properties":{"abbr":"Dk","name":"nucleus of Darkschewitsch","plate":33,"ap_bregma_mm":-3.4,"area_mm2":0.1274,"traced_fraction":[0.986,0.935],"n_labels":2,"no_drawn_outline":false}},{"type":"Feature","geometry":{"type":"MultiPolygon","coordinates":[[[[2.898,-5.422],[2.926,-5.478],[3.01,-5.556],[3.003,-5.577],[2.947,-5.626],[2.814,-5.626],[2.555,-5.753],[2.316,-5.893],[1.797,-6.238],[1.734,-6.259],[1.573,-6.259],[1.426,-6.203],[1.342,-6.126],[1.307,-6.02],[1.307,-5.964],[1.391,-5.95],[1.51,-5.907],[1.854,-5.732],[1.861,-5.718],[1.896,-5.711],[1.903,-5.893],[1.917,-5.893],[1.924,-5.879],[2.232,-5.718],[2.232,-5.654],[2.365,-5.647],[2.485,-5.577],[2.534,-5.577],[2.534,-5.549],[2.667,-5.478],[2.821,-5.429],[2.898,-5.422]]],[[[-2.508,-5.612],[-2.353,-5.689],[-2.304,-5.746],[-2.234,-5.753],[-2.22,-5.767],[-2.22,-5.816],[-2.164,-5.823],[-2.15,-5.844],[-1.87,-6.034],[-1.849,-6.034],[-1.841,-5.858],[-1.729,-5.936],[-1.547,-6.02],[-1.421,-6.055],[-1.316,-6.062],[-1.309,-6.09],[-1.26,-6.14],[-1.196,-6.238],[-1.168,-6.336],[-1.168,-6.386],[-1.217,-6.435],[-1.337,-6.463],[-1.589,-6.435],[-1.891,-6.308],[-2.199,-6.09],[-2.353,-6.006],[-2.423,-5.985],[-2.543,-5.992],[-2.739,-5.985],[-2.795,-6.013],[-2.872,-5.936],[-2.935,-5.809],[-3.068,-5.647],[-3.068,-5.612],[-2.907,-5.605],[-2.592,-5.661],[-2.529,-5.654],[-2.508,-5.612]]]]},"properties":{"abbr":"ZIV","name":"zona incerta, ventral part","plate":33,"ap_bregma_mm":-3.4,"area_mm2":1.0811,"traced_fraction":[0.948,0.93],"n_labels":2,"no_drawn_outline":false}},{"type":"Feature","geometry":{"type":"MultiPolygon","coordinates":[[[[-0.159,-5.696],[-0.145,-5.851],[-0.173,-5.985],[-0.201,-6.041],[-0.271,-6.097],[-0.418,-6.126],[-0.474,-6.118],[-0.579,-6.062],[-0.65,-5.978],[-0.671,-5.907],[-0.671,-5.851],[-0.622,-5.767],[-0.53,-5.767],[-0.488,-5.711],[-0.474,-5.619],[-0.397,-5.591],[-0.306,-5.598],[-0.236,-5.619],[-0.222,-5.647],[-0.159,-5.696]]],[[[0.437,-5.633],[0.493,-5.703],[0.563,-5.732],[0.613,-5.816],[0.62,-5.929],[0.592,-6.013],[0.507,-6.083],[0.367,-6.118],[0.248,-6.09],[0.157,-6.013],[0.129,-5.957],[0.108,-5.865],[0.129,-5.718],[0.178,-5.696],[0.192,-5.668],[0.213,-5.661],[0.213,-5.626],[0.227,-5.626],[0.227,-5.647],[0.276,-5.647],[0.353,-5.619],[0.437,-5.633]]]]},"properties":{"abbr":"RI","name":"rostral interstitial nucleus of medial longitudinal fasciculus","plate":33,"ap_bregma_mm":-3.4,"area_mm2":0.4013,"traced_fraction":[1.0,1.0],"n_labels":2,"no_drawn_outline":false}},{"type":"Feature","geometry":{"type":"MultiPolygon","coordinates":[[[[-0.159,-5.696],[-0.054,-5.725],[0.129,-5.718],[0.108,-5.865],[0.115,-5.915],[0.157,-6.013],[0.234,-6.083],[0.367,-6.118],[0.353,-6.238],[0.36,-6.365],[0.5,-6.547],[0.549,-6.576],[0.577,-6.576],[0.563,-6.653],[0.514,-6.737],[0.451,-6.808],[0.43,-6.899],[0.332,-6.92],[0.115,-6.934],[-0.152,-6.927],[-0.299,-6.899],[-0.369,-6.899],[-0.383,-6.829],[-0.467,-6.681],[-0.495,-6.583],[-0.411,-6.512],[-0.355,-6.379],[-0.362,-6.308],[-0.39,-6.21],[-0.418,-6.168],[-0.418,-6.126],[-0.271,-6.097],[-0.201,-6.041],[-0.173,-5.985],[-0.145,-5.851],[-0.159,-5.696]]]]},"properties":{"abbr":"PHA","name":"posterior hypothalamic area","plate":33,"ap_bregma_mm":-3.4,"area_mm2":0.8153,"traced_fraction":[1.0],"n_labels":1,"no_drawn_outline":false}},{"type":"Feature","geometry":{"type":"MultiPolygon","coordinates":[[[[-0.544,-6.54],[-0.509,-6.583],[-0.495,-6.583],[-0.467,-6.681],[-0.397,-6.794],[-0.369,-6.899],[-0.369,-6.998],[-0.397,-7.117],[-0.446,-7.209],[-0.586,-7.223],[-0.622,-7.138],[-0.614,-7.089],[-0.586,-7.054],[-0.579,-6.97],[-0.635,-6.871],[-0.664,-6.78],[-0.664,-6.632],[-0.643,-6.583],[-0.601,-6.54],[-0.544,-6.54]]],[[[0.613,-6.54],[0.634,-6.54],[0.697,-6.625],[0.725,-6.702],[0.746,-6.815],[0.739,-6.899],[0.704,-6.998],[0.704,-7.04],[0.739,-7.11],[0.718,-7.187],[0.69,-7.23],[0.528,-7.195],[0.5,-7.096],[0.486,-7.026],[0.437,-6.955],[0.43,-6.899],[0.451,-6.808],[0.514,-6.737],[0.563,-6.653],[0.577,-6.576],[0.613,-6.54]]]]},"properties":{"abbr":"mt","name":"mammillothalamic tract","plate":33,"ap_bregma_mm":-3.4,"area_mm2":0.2862,"traced_fraction":[1.0,0.979],"n_labels":2,"no_drawn_outline":false}},{"type":"Feature","geometry":{"type":"MultiPolygon","coordinates":[[[[-0.635,-6.871],[-0.579,-6.97],[-0.586,-7.054],[-0.614,-7.089],[-0.797,-7.082],[-1.028,-7.138],[-1.049,-7.054],[-1.049,-6.962],[-0.993,-6.948],[-0.972,-6.927],[-0.818,-6.885],[-0.635,-6.871]]],[[[1.075,-6.941],[1.103,-7.145],[0.9,-7.103],[0.739,-7.11],[0.704,-7.04],[0.704,-6.998],[0.739,-6.899],[0.802,-6.892],[1.075,-6.941]]]]},"properties":{"abbr":"SuML","name":"supramammillary nucleus, lateral part","plate":33,"ap_bregma_mm":-3.4,"area_mm2":0.1652,"traced_fraction":[0.989,0.97],"n_labels":2,"no_drawn_outline":false}},{"type":"Feature","geometry":{"type":"MultiPolygon","coordinates":[[[[-0.369,-6.899],[0.017,-6.934],[0.262,-6.927],[0.43,-6.899],[0.437,-6.955],[0.486,-7.026],[0.5,-7.096],[0.346,-7.138],[0.115,-7.159],[-0.264,-7.152],[-0.397,-7.117],[-0.369,-6.998],[-0.369,-6.899]]]]},"properties":{"abbr":"SuMM","name":"supramammillary nucleus, medial part","plate":33,"ap_bregma_mm":-3.4,"area_mm2":0.1917,"traced_fraction":[1.0],"n_labels":1,"no_drawn_outline":false}},{"type":"Feature","geometry":{"type":"MultiPolygon","coordinates":[[[[1.489,-7.187],[1.58,-7.187],[1.671,-7.209],[1.671,-7.384],[1.65,-7.37],[1.643,-7.342],[1.629,-7.349],[1.622,-7.384],[1.587,-7.342],[1.545,-7.384],[1.531,-7.314],[1.517,-7.384],[1.426,-7.384],[1.426,-7.363],[1.482,-7.265],[1.489,-7.187]]]]},"properties":{"abbr":"VTM","name":"ventral tuberomammillary nucleus","plate":33,"ap_bregma_mm":-3.4,"area_mm2":0.0364,"traced_fraction":[1.0],"n_labels":1,"no_drawn_outline":false}},{"type":"Feature","geometry":{"type":"MultiPolygon","coordinates":[[[[0.556,-4.909],[0.62,-4.958],[0.739,-4.979],[0.739,-5.092],[0.718,-5.19],[0.697,-5.232],[0.62,-5.303],[0.605,-5.338],[0.507,-5.352],[0.395,-5.317],[0.353,-5.317],[0.367,-5.275],[0.465,-5.099],[0.465,-5.063],[0.514,-4.916],[0.556,-4.909]]]]},"properties":{"abbr":"InC","name":"interstitial nucleus of Cajal","plate":33,"ap_bregma_mm":-3.4,"area_mm2":0.1069,"traced_fraction":[1.0],"n_labels":1,"no_drawn_outline":false}},{"type":"Feature","geometry":{"type":"Polygon","coordinates":[[[-0.488,-0.429],[-0.509,-0.429],[-0.643,-0.344],[-0.727,-0.323],[-0.783,-0.309],[-0.916,-0.309],[-1.021,-0.33],[-1.435,-0.365],[-1.659,-0.414],[-1.75,-0.457],[-1.919,-0.513],[-1.933,-0.506],[-1.568,-0.351],[-0.867,-0.288],[-0.783,-0.288],[-0.586,-0.337],[-0.488,-0.429]]]},"properties":{"abbr":null,"name":"unnamed sealed face","plate":33,"ap_bregma_mm":-3.4,"index":0}},{"type":"Feature","geometry":{"type":"Polygon","coordinates":[[[-0.488,-0.429],[-0.453,-0.457],[-0.474,-0.457],[-0.488,-0.429]]]},"properties":{"abbr":null,"name":"unnamed sealed face","plate":33,"ap_bregma_mm":-3.4,"index":1}},{"type":"Feature","geometry":{"type":"Polygon","coordinates":[[[-0.453,-0.457],[-0.432,-0.471],[-0.453,-0.471],[-0.453,-0.457]]]},"properties":{"abbr":null,"name":"unnamed sealed face","plate":33,"ap_bregma_mm":-3.4,"index":2}},{"type":"Feature","geometry":{"type":"Polygon","coordinates":[[[-0.425,-0.478],[-0.25,-0.611],[-0.145,-0.801],[-0.166,-0.801],[-0.264,-0.647],[-0.285,-0.64],[-0.306,-0.597],[-0.32,-0.597],[-0.327,-0.576],[-0.425,-0.492],[-0.425,-0.478]]]},"properties":{"abbr":null,"name":"unnamed sealed face","plate":33,"ap_bregma_mm":-3.4,"index":3}},{"type":"Feature","geometry":{"type":"Polygon","coordinates":[[[4.904,-1.272],[5.457,-1.547],[5.71,-1.751],[5.78,-1.793],[5.801,-1.821],[5.871,-1.863],[5.871,-1.877],[5.948,-1.941],[5.99,-1.962],[6.874,-2.953],[7.028,-3.221],[7.014,-3.221],[6.986,-3.165],[6.93,-3.108],[6.818,-2.946],[6.775,-2.911],[6.747,-2.862],[6.726,-2.855],[6.649,-2.75],[6.621,-2.735],[6.6,-2.693],[6.586,-2.693],[6.586,-2.679],[6.439,-2.51],[6.348,-2.391],[6.334,-2.391],[6.285,-2.313],[6.271,-2.313],[6.243,-2.264],[6.229,-2.264],[6.201,-2.215],[6.187,-2.215],[6.187,-2.201],[6.095,-2.116],[6.095,-2.102],[6.004,-2.032],[5.99,-2.004],[5.815,-1.87],[5.815,-1.856],[5.759,-1.828],[5.759,-1.814],[5.731,-1.807],[5.506,-1.638],[5.422,-1.596],[5.387,-1.561],[5.324,-1.533],[5.303,-1.505],[4.904,-1.287],[4.904,-1.272]]]},"properties":{"abbr":null,"name":"unnamed sealed face","plate":33,"ap_bregma_mm":-3.4,"index":4}},{"type":"Feature","geometry":{"type":"Polygon","coordinates":[[[7.035,-3.228],[7.042,-3.242],[7.028,-3.242],[7.035,-3.228]]]},"properties":{"abbr":null,"name":"unnamed sealed face","plate":33,"ap_bregma_mm":-3.4,"index":5}},{"type":"Feature","geometry":{"type":"Polygon","coordinates":[[[7.049,-3.249],[7.056,-3.263],[7.042,-3.263],[7.049,-3.249]]]},"properties":{"abbr":null,"name":"unnamed sealed face","plate":33,"ap_bregma_mm":-3.4,"index":6}},{"type":"Feature","geometry":{"type":"Polygon","coordinates":[[[-5.053,-1.385],[-5.06,-1.406],[-5.116,-1.427],[-5.144,-1.455],[-5.305,-1.533],[-5.312,-1.547],[-5.333,-1.547],[-5.438,-1.617],[-5.459,-1.617],[-5.501,-1.652],[-5.557,-1.673],[-5.572,-1.695],[-5.656,-1.73],[-5.817,-1.835],[-5.817,-1.849],[-5.936,-1.92],[-5.936,-1.934],[-5.971,-1.948],[-5.971,-1.962],[-6.104,-2.067],[-6.104,-2.081],[-6.118,-2.081],[-6.118,-2.095],[-6.132,-2.095],[-6.315,-2.278],[-6.315,-2.292],[-6.336,-2.299],[-6.364,-2.349],[-6.378,-2.349],[-6.455,-2.447],[-6.476,-2.496],[-6.504,-2.517],[-6.518,-2.567],[-6.553,-2.588],[-6.672,-2.778],[-6.7,-2.792],[-6.497,-2.44],[-6.09,-1.997],[-5.845,-1.828],[-5.705,-1.709],[-5.221,-1.476],[-5.207,-1.462],[-5.193,-1.378],[-5.137,-1.427],[-5.053,-1.385]]]},"properties":{"abbr":null,"name":"unnamed sealed face","plate":33,"ap_bregma_mm":-3.4,"index":7}},{"type":"Feature","geometry":{"type":"Polygon","coordinates":[[[-1.701,-1.87],[-1.708,-1.891],[-1.68,-1.962],[-1.666,-2.095],[-1.715,-2.081],[-1.912,-1.976],[-2.276,-1.863],[-2.472,-1.835],[-2.627,-1.842],[-2.802,-1.87],[-3.076,-1.948],[-3.342,-2.053],[-3.349,-2.067],[-3.482,-2.131],[-3.854,-2.285],[-3.924,-2.335],[-4.113,-2.426],[-4.176,-2.475],[-4.309,-2.546],[-4.324,-2.567],[-4.366,-2.581],[-4.366,-2.595],[-4.408,-2.609],[-4.408,-2.623],[-4.436,-2.63],[-4.555,-2.728],[-4.583,-2.735],[-4.583,-2.75],[-4.632,-2.778],[-4.814,-2.946],[-4.828,-2.946],[-4.849,-2.982],[-4.863,-2.982],[-4.863,-2.996],[-5.011,-3.15],[-5.032,-3.193],[-5.046,-3.193],[-5.207,-3.418],[-5.249,-3.488],[-5.249,-3.509],[-5.312,-3.586],[-5.354,-3.685],[-5.368,-3.685],[-5.368,-3.706],[-5.431,-3.797],[-5.501,-3.959],[-5.614,-4.156],[-5.684,-4.135],[-5.635,-3.98],[-5.621,-3.973],[-5.529,-3.769],[-5.515,-3.762],[-5.389,-3.516],[-5.116,-3.122],[-5.088,-3.108],[-5.067,-3.066],[-5.039,-3.052],[-5.011,-3.003],[-4.983,-2.989],[-4.955,-2.939],[-4.94,-2.939],[-4.913,-2.897],[-4.877,-2.876],[-4.877,-2.862],[-4.863,-2.862],[-4.66,-2.672],[-4.309,-2.426],[-4.267,-2.412],[-4.127,-2.32],[-3.91,-2.222],[-3.812,-2.159],[-3.496,-2.018],[-3.3,-1.927],[-3.082,-1.849],[-2.816,-1.779],[-2.571,-1.744],[-2.22,-1.737],[-1.982,-1.751],[-1.813,-1.8],[-1.701,-1.87]]]},"properties":{"abbr":null,"name":"unnamed sealed face","plate":33,"ap_bregma_mm":-3.4,"index":8}},{"type":"Feature","geometry":{"type":"Polygon","coordinates":[[[-0.054,-2.37],[-0.046,-2.461],[-0.117,-2.461],[-0.138,-2.475],[-0.166,-2.503],[-0.201,-2.595],[-0.229,-2.63],[-0.222,-2.742],[-0.194,-2.75],[-0.138,-2.813],[-0.117,-2.862],[-0.117,-2.946],[-0.096,-2.989],[-0.061,-2.989],[-0.012,-2.939],[0.031,-2.961],[0.101,-2.961],[0.115,-2.904],[0.157,-2.911],[0.192,-2.939],[0.171,-2.989],[0.143,-2.996],[0.15,-3.017],[0.122,-3.073],[0.073,-3.108],[0.031,-3.122],[-0.067,-3.122],[-0.159,-3.101],[-0.173,-3.087],[-0.243,-3.073],[-0.278,-3.045],[-0.376,-3.017],[-0.397,-2.996],[-0.397,-2.975],[-0.446,-2.953],[-0.474,-2.918],[-0.551,-2.764],[-0.565,-2.764],[-0.601,-2.714],[-0.727,-2.644],[-0.804,-2.623],[-0.818,-2.602],[-0.797,-2.588],[-0.502,-2.595],[-0.327,-2.581],[-0.25,-2.56],[-0.243,-2.51],[-0.18,-2.412],[-0.152,-2.377],[-0.054,-2.37]]]},"properties":{"abbr":null,"name":"unnamed sealed face","plate":33,"ap_bregma_mm":-3.4,"index":9}},{"type":"Feature","geometry":{"type":"Polygon","coordinates":[[[0.073,-2.44],[0.15,-2.475],[0.325,-2.616],[0.346,-2.616],[0.374,-2.644],[0.5,-2.7],[0.472,-2.714],[0.472,-2.728],[0.395,-2.757],[0.318,-2.806],[0.311,-2.827],[0.262,-2.848],[0.234,-2.841],[0.199,-2.799],[0.185,-2.799],[0.129,-2.707],[0.122,-2.574],[0.059,-2.51],[0.059,-2.447],[0.073,-2.44]]]},"properties":{"abbr":null,"name":"unnamed sealed face","plate":33,"ap_bregma_mm":-3.4,"index":10}},{"type":"Feature","geometry":{"type":"Polygon","coordinates":[[[-3.601,-3.502],[-3.622,-3.488],[-3.622,-3.453],[-3.587,-3.397],[-3.545,-3.361],[-3.503,-3.298],[-3.489,-3.298],[-3.454,-3.249],[-3.412,-3.235],[-3.37,-3.179],[-3.3,-3.15],[-3.216,-3.08],[-3.047,-2.996],[-3.04,-2.982],[-2.977,-2.967],[-2.858,-2.897],[-2.781,-2.876],[-2.676,-2.82],[-2.487,-2.764],[-2.508,-2.693],[-2.557,-2.693],[-2.774,-2.75],[-2.914,-2.771],[-3.251,-2.862],[-3.426,-2.961],[-3.587,-3.017],[-3.882,-3.171],[-3.945,-3.221],[-3.959,-3.249],[-3.994,-3.27],[-4.029,-3.319],[-4.043,-3.319],[-4.043,-3.333],[-4.106,-3.368],[-4.113,-3.39],[-4.148,-3.411],[-4.148,-3.425],[-4.225,-3.502],[-4.267,-3.523],[-4.267,-3.537],[-4.324,-3.551],[-4.324,-3.53],[-4.253,-3.432],[-4.232,-3.425],[-4.176,-3.347],[-4.155,-3.34],[-4.141,-3.312],[-4.12,-3.305],[-4.113,-3.284],[-4.092,-3.277],[-4.092,-3.263],[-4.078,-3.263],[-4.078,-3.249],[-4.043,-3.228],[-3.987,-3.157],[-3.973,-3.157],[-3.973,-3.143],[-3.889,-3.087],[-3.868,-3.087],[-3.861,-3.073],[-3.664,-2.975],[-3.51,-2.925],[-3.461,-2.89],[-3.405,-2.876],[-3.279,-2.806],[-3.258,-2.806],[-3.251,-2.792],[-3.153,-2.757],[-2.69,-2.665],[-2.676,-2.658],[-2.676,-2.56],[-2.304,-2.56],[-2.304,-2.609],[-2.206,-2.602],[-2.171,-2.623],[-2.171,-2.658],[-2.199,-2.693],[-2.283,-2.742],[-2.515,-2.827],[-2.522,-2.841],[-2.69,-2.89],[-2.823,-2.946],[-3.061,-3.066],[-3.195,-3.165],[-3.335,-3.235],[-3.426,-3.298],[-3.482,-3.361],[-3.503,-3.368],[-3.601,-3.502]]]},"properties":{"abbr":null,"name":"unnamed sealed face","plate":33,"ap_bregma_mm":-3.4,"index":11}},{"type":"Feature","geometry":{"type":"Polygon","coordinates":[[[1.77,-2.693],[1.791,-2.757],[1.847,-2.834],[1.924,-2.911],[1.938,-2.911],[1.938,-2.925],[2.015,-2.975],[2.036,-2.975],[2.141,-3.038],[2.26,-3.073],[2.457,-3.179],[2.709,-3.263],[2.779,-3.298],[2.793,-3.319],[2.744,-3.326],[2.534,-3.263],[2.19,-3.27],[2.05,-3.235],[1.889,-3.157],[1.791,-3.143],[1.762,-3.115],[1.734,-2.975],[1.713,-2.939],[1.657,-2.876],[1.587,-2.827],[1.398,-2.75],[1.054,-2.721],[0.942,-2.7],[0.914,-2.679],[0.928,-2.658],[1.04,-2.637],[1.258,-2.609],[1.671,-2.616],[1.706,-2.63],[1.748,-2.665],[1.755,-2.693],[1.77,-2.693]]]},"properties":{"abbr":null,"name":"unnamed sealed face","plate":33,"ap_bregma_mm":-3.4,"index":12}},{"type":"Feature","geometry":{"type":"Polygon","coordinates":[[[2.225,-2.742],[2.225,-2.778],[2.253,-2.792],[2.646,-2.883],[2.758,-2.953],[2.814,-3.01],[2.926,-3.038],[3.172,-3.179],[3.207,-3.228],[3.333,-3.312],[3.375,-3.375],[3.34,-3.375],[3.277,-3.34],[3.277,-3.326],[3.235,-3.312],[3.235,-3.298],[3.207,-3.291],[3.116,-3.214],[2.968,-3.122],[2.863,-3.08],[2.751,-3.059],[2.702,-2.996],[2.59,-2.932],[2.358,-2.89],[2.12,-2.813],[2.141,-2.742],[2.225,-2.742]]]},"properties":{"abbr":null,"name":"unnamed sealed face","plate":33,"ap_bregma_mm":-3.4,"index":13}},{"type":"Feature","geometry":{"type":"Polygon","coordinates":[[[-6.869,-3.038],[-6.876,-3.073],[-6.988,-3.249],[-6.988,-3.27],[-7.065,-3.404],[-7.065,-3.432],[-7.079,-3.432],[-7.107,-3.467],[-7.107,-3.488],[-7.149,-3.544],[-7.219,-3.699],[-7.352,-3.924],[-7.451,-4.149],[-7.465,-4.156],[-7.465,-4.177],[-7.563,-4.36],[-7.626,-4.592],[-7.64,-4.592],[-7.584,-4.304],[-7.388,-3.924],[-7.373,-3.917],[-7.072,-3.312],[-6.869,-3.038]]]},"properties":{"abbr":null,"name":"unnamed sealed face","plate":33,"ap_bregma_mm":-3.4,"index":14}},{"type":"Feature","geometry":{"type":"Polygon","coordinates":[[[0.22,-3.214],[0.234,-3.284],[0.234,-3.411],[0.206,-3.53],[0.164,-3.622],[0.164,-3.657],[0.08,-3.769],[-0.004,-3.826],[-0.067,-3.826],[-0.131,-3.797],[-0.257,-3.678],[-0.285,-3.608],[-0.383,-3.453],[-0.397,-3.411],[-0.397,-3.319],[-0.327,-3.228],[-0.25,-3.207],[-0.075,-3.263],[-0.004,-3.263],[0.115,-3.193],[0.164,-3.193],[0.192,-3.214],[0.22,-3.214]]]},"properties":{"abbr":null,"name":"unnamed sealed face","plate":33,"ap_bregma_mm":-3.4,"index":15}},{"type":"Feature","geometry":{"type":"Polygon","coordinates":[[[0.15,-4.17],[0.157,-4.255],[0.213,-4.381],[0.297,-4.494],[0.402,-4.571],[0.339,-4.677],[0.339,-4.754],[0.395,-4.916],[0.318,-4.944],[0.269,-4.986],[0.248,-5.035],[0.262,-5.155],[0.304,-5.239],[0.367,-5.275],[0.353,-5.317],[0.395,-5.317],[0.507,-5.352],[0.437,-5.485],[0.437,-5.633],[0.353,-5.619],[0.276,-5.647],[0.227,-5.647],[0.227,-5.626],[0.213,-5.626],[0.213,-5.661],[0.192,-5.668],[0.178,-5.696],[0.129,-5.718],[-0.054,-5.725],[-0.159,-5.696],[-0.18,-5.689],[-0.236,-5.619],[-0.306,-5.598],[-0.397,-5.591],[-0.474,-5.619],[-0.488,-5.485],[-0.502,-5.45],[-0.523,-5.436],[-0.53,-5.401],[-0.39,-5.38],[-0.362,-5.352],[-0.341,-5.352],[-0.341,-5.331],[-0.313,-5.303],[-0.271,-5.162],[-0.271,-4.993],[-0.334,-4.937],[-0.411,-4.93],[-0.397,-4.726],[-0.411,-4.634],[-0.446,-4.564],[-0.404,-4.536],[-0.32,-4.437],[-0.278,-4.339],[-0.257,-4.184],[-0.257,-4.17],[-0.124,-4.135],[0.024,-4.135],[0.045,-4.142],[0.052,-4.163],[0.108,-4.149],[0.15,-4.17]]]},"properties":{"abbr":null,"name":"unnamed sealed face","plate":33,"ap_bregma_mm":-3.4,"index":16}},{"type":"Feature","geometry":{"type":"Polygon","coordinates":[[[-0.131,-4.522],[-0.117,-4.972],[-0.082,-5.267],[-0.046,-5.387],[-0.012,-5.366],[0.01,-5.303],[0.01,-5.176],[0.031,-5.028],[0.003,-4.522],[0.024,-4.346],[0.052,-4.262],[-0.012,-4.191],[-0.067,-4.191],[-0.124,-4.226],[-0.145,-4.262],[-0.145,-4.311],[-0.166,-4.318],[-0.138,-4.374],[-0.131,-4.522]]]},"properties":{"abbr":null,"name":"unnamed sealed face","plate":33,"ap_bregma_mm":-3.4,"index":17}},{"type":"Feature","geometry":{"type":"Polygon","coordinates":[[[-5.81,-4.22],[-5.747,-4.234],[-5.74,-4.248],[-5.901,-4.726],[-5.957,-5.077],[-5.943,-5.303],[-5.873,-5.598],[-5.663,-6.097],[-5.438,-6.477],[-5.424,-6.477],[-5.417,-6.505],[-5.382,-6.533],[-5.354,-6.59],[-5.34,-6.59],[-5.312,-6.639],[-5.298,-6.639],[-5.263,-6.695],[-5.193,-6.751],[-5.165,-6.794],[-5.123,-6.815],[-5.123,-6.829],[-5.06,-6.878],[-5.004,-6.899],[-4.976,-6.941],[-4.884,-6.991],[-4.849,-7.026],[-4.681,-7.117],[-4.66,-7.117],[-4.653,-7.131],[-3.861,-7.427],[-3.854,-7.441],[-3.741,-7.483],[-3.678,-7.525],[-3.671,-7.546],[-3.791,-7.532],[-4.394,-7.342],[-4.415,-7.321],[-4.555,-7.258],[-4.555,-7.244],[-4.59,-7.216],[-4.793,-7.124],[-4.983,-7.005],[-5.123,-6.892],[-5.123,-6.878],[-5.144,-6.871],[-5.221,-6.794],[-5.221,-6.78],[-5.284,-6.737],[-5.305,-6.702],[-5.368,-6.66],[-5.656,-6.287],[-5.88,-5.809],[-6.02,-5.366],[-6.041,-5.204],[-6.041,-4.986],[-5.985,-4.684],[-5.824,-4.226],[-5.81,-4.22]]]},"properties":{"abbr":null,"name":"unnamed sealed face","plate":33,"ap_bregma_mm":-3.4,"index":18}},{"type":"Feature","geometry":{"type":"Polygon","coordinates":[[[-2.809,-4.339],[-2.627,-4.409],[-2.522,-4.473],[-2.48,-4.515],[-2.444,-4.585],[-2.43,-4.627],[-2.564,-4.656],[-2.578,-4.599],[-2.62,-4.529],[-2.683,-4.466],[-2.725,-4.445],[-2.725,-4.43],[-2.795,-4.374],[-2.809,-4.339]]]},"properties":{"abbr":null,"name":"unnamed sealed face","plate":33,"ap_bregma_mm":-3.4,"index":19}},{"type":"Feature","geometry":{"type":"Polygon","coordinates":[[[4.539,-4.416],[4.56,-4.452],[4.56,-4.691],[4.532,-4.888],[4.497,-4.986],[4.497,-5.021],[4.469,-5.056],[4.448,-5.12],[4.434,-5.12],[4.434,-5.141],[4.364,-5.26],[4.315,-5.288],[4.308,-5.275],[4.329,-5.225],[4.413,-5.063],[4.476,-4.86],[4.504,-4.691],[4.504,-4.501],[4.504,-4.43],[4.539,-4.416]]]},"properties":{"abbr":null,"name":"unnamed sealed face","plate":33,"ap_bregma_mm":-3.4,"index":20}},{"type":"Feature","geometry":{"type":"Polygon","coordinates":[[[0.598,-4.445],[0.676,-4.452],[0.753,-4.501],[0.788,-4.543],[0.788,-4.571],[0.837,-4.67],[0.851,-4.817],[0.809,-4.951],[0.781,-4.972],[0.739,-4.979],[0.62,-4.958],[0.556,-4.909],[0.542,-4.852],[0.613,-4.571],[0.598,-4.445]]]},"properties":{"abbr":null,"name":"unnamed sealed face","plate":33,"ap_bregma_mm":-3.4,"index":21}},{"type":"Feature","geometry":{"type":"Polygon","coordinates":[[[-7.647,-4.627],[-7.64,-4.67],[-7.661,-4.775],[-7.661,-4.923],[-7.64,-5.077],[-7.591,-5.232],[-7.549,-5.373],[-7.528,-5.542],[-7.458,-5.732],[-7.422,-5.851],[-7.317,-6.062],[-7.198,-6.224],[-7.184,-6.224],[-7.135,-6.28],[-7.107,-6.287],[-7.079,-6.322],[-6.967,-6.365],[-6.967,-6.379],[-7.177,-6.315],[-7.366,-5.992],[-7.443,-5.886],[-7.654,-5.155],[-7.682,-4.754],[-7.647,-4.627]]]},"properties":{"abbr":null,"name":"unnamed sealed face","plate":33,"ap_bregma_mm":-3.4,"index":22}},{"type":"Feature","geometry":{"type":"Polygon","coordinates":[[[3.473,-4.677],[3.501,-4.698],[3.438,-4.895],[3.396,-4.965],[3.277,-5.106],[3.123,-5.225],[3.046,-5.26],[2.926,-5.281],[2.667,-5.303],[2.59,-5.296],[2.59,-5.26],[2.618,-5.225],[2.674,-5.232],[2.912,-5.239],[3.116,-5.155],[3.186,-5.113],[3.277,-5.021],[3.291,-5.021],[3.403,-4.831],[3.459,-4.677],[3.473,-4.677]]]},"properties":{"abbr":null,"name":"unnamed sealed face","plate":33,"ap_bregma_mm":-3.4,"index":23}},{"type":"Feature","geometry":{"type":"Polygon","coordinates":[[[-3.51,-5.106],[-3.468,-5.113],[-3.412,-5.176],[-3.377,-5.19],[-3.363,-5.211],[-3.335,-5.211],[-3.335,-5.225],[-3.3,-5.246],[-3.174,-5.303],[-3.026,-5.324],[-2.914,-5.324],[-2.732,-5.317],[-2.732,-5.345],[-2.704,-5.394],[-2.816,-5.401],[-2.949,-5.394],[-3.174,-5.366],[-3.349,-5.303],[-3.461,-5.225],[-3.51,-5.141],[-3.51,-5.106]]]},"properties":{"abbr":null,"name":"unnamed sealed face","plate":33,"ap_bregma_mm":-3.4,"index":24}},{"type":"Feature","geometry":{"type":"Polygon","coordinates":[[[-3.58,-5.471],[-3.51,-5.471],[-3.51,-5.485],[-3.391,-5.577],[-3.391,-5.591],[-3.377,-5.591],[-3.272,-5.711],[-3.216,-5.823],[-3.118,-5.922],[-3.118,-5.936],[-3.061,-5.978],[-3.068,-5.985],[-3.082,-5.985],[-3.167,-5.893],[-3.209,-5.907],[-3.23,-5.886],[-3.293,-5.788],[-3.335,-5.753],[-3.335,-5.654],[-3.384,-5.626],[-3.391,-5.605],[-3.496,-5.528],[-3.51,-5.528],[-3.538,-5.584],[-3.552,-5.584],[-3.58,-5.471]]]},"properties":{"abbr":null,"name":"unnamed sealed face","plate":33,"ap_bregma_mm":-3.4,"index":25}},{"type":"Feature","geometry":{"type":"Polygon","coordinates":[[[-1.617,-7.3],[-2.108,-7.23],[-2.15,-7.11],[-2.192,-7.068],[-2.311,-6.983],[-2.339,-6.948],[-2.465,-6.857],[-2.515,-6.801],[-2.655,-6.695],[-2.802,-6.259],[-3.054,-5.999],[-3.04,-5.992],[-2.998,-6.041],[-2.984,-6.041],[-2.872,-6.147],[-2.872,-6.161],[-2.858,-6.161],[-2.83,-6.21],[-2.816,-6.21],[-2.753,-6.322],[-2.662,-6.611],[-2.564,-6.73],[-2.374,-6.864],[-2.374,-6.878],[-2.36,-6.878],[-2.36,-6.892],[-2.346,-6.892],[-2.346,-6.906],[-2.332,-6.906],[-2.276,-6.977],[-2.262,-6.977],[-2.052,-7.18],[-1.891,-7.237],[-1.624,-7.279],[-1.617,-7.3]]]},"properties":{"abbr":null,"name":"unnamed sealed face","plate":33,"ap_bregma_mm":-3.4,"index":26}},{"type":"Feature","geometry":{"type":"Polygon","coordinates":[[[7.189,-5.591],[7.147,-5.732],[6.874,-6.02],[6.867,-6.006],[6.888,-5.992],[6.902,-5.957],[6.916,-5.957],[7.042,-5.795],[7.091,-5.753],[7.091,-5.739],[7.105,-5.739],[7.175,-5.612],[7.175,-5.591],[7.189,-5.591]]]},"properties":{"abbr":null,"name":"unnamed sealed face","plate":33,"ap_bregma_mm":-3.4,"index":27}},{"type":"Feature","geometry":{"type":"Polygon","coordinates":[[[6.867,-6.027],[6.818,-6.168],[6.705,-6.245],[6.705,-6.238],[6.705,-6.224],[6.72,-6.224],[6.775,-6.161],[6.853,-6.027],[6.867,-6.027]]]},"properties":{"abbr":null,"name":"unnamed sealed face","plate":33,"ap_bregma_mm":-3.4,"index":28}},{"type":"Feature","geometry":{"type":"Polygon","coordinates":[[[6.698,-6.252],[6.677,-6.266],[6.677,-6.252],[6.698,-6.252]]]},"properties":{"abbr":null,"name":"unnamed sealed face","plate":33,"ap_bregma_mm":-3.4,"index":29}},{"type":"Feature","geometry":{"type":"Polygon","coordinates":[[[6.677,-6.266],[6.705,-6.301],[6.565,-6.343],[6.565,-6.54],[6.537,-6.47],[6.523,-6.47],[6.474,-6.562],[6.474,-6.428],[6.537,-6.414],[6.516,-6.365],[6.39,-6.4],[6.39,-6.794],[6.355,-6.843],[6.369,-6.716],[6.355,-6.449],[6.376,-6.379],[6.488,-6.329],[6.614,-6.301],[6.677,-6.266]]]},"properties":{"abbr":null,"name":"unnamed sealed face","plate":33,"ap_bregma_mm":-3.4,"index":30}},{"type":"Feature","geometry":{"type":"Polygon","coordinates":[[[-3.461,-5.746],[-3.44,-5.753],[-3.44,-5.767],[-3.097,-6.168],[-2.732,-6.758],[-2.718,-6.85],[-2.739,-6.85],[-2.844,-6.618],[-2.879,-6.576],[-2.9,-6.519],[-2.914,-6.519],[-2.984,-6.386],[-3.019,-6.351],[-3.026,-6.322],[-3.04,-6.322],[-3.047,-6.294],[-3.131,-6.175],[-3.146,-6.175],[-3.16,-6.14],[-3.195,-6.111],[-3.195,-6.097],[-3.209,-6.097],[-3.293,-5.985],[-3.307,-5.985],[-3.461,-5.746]]]},"properties":{"abbr":null,"name":"unnamed sealed face","plate":33,"ap_bregma_mm":-3.4,"index":31}},{"type":"Feature","geometry":{"type":"Polygon","coordinates":[[[2.408,-6.02],[2.386,-6.083],[2.351,-6.126],[2.351,-6.147],[2.372,-6.147],[2.372,-6.301],[2.169,-6.301],[2.092,-6.351],[2.022,-6.365],[2.029,-6.329],[2.05,-6.322],[2.05,-6.308],[2.064,-6.308],[2.064,-6.294],[2.176,-6.196],[2.19,-6.196],[2.19,-6.175],[2.218,-6.147],[2.288,-6.104],[2.295,-6.083],[2.33,-6.069],[2.372,-6.027],[2.408,-6.02]]]},"properties":{"abbr":null,"name":"unnamed sealed face","plate":33,"ap_bregma_mm":-3.4,"index":32}},{"type":"Feature","geometry":{"type":"Polygon","coordinates":[[[2.821,-6.126],[2.499,-6.737],[2.386,-6.843],[2.372,-6.843],[2.295,-6.927],[2.281,-6.927],[2.365,-6.822],[2.386,-6.815],[2.4,-6.78],[2.435,-6.751],[2.45,-6.716],[2.541,-6.604],[2.639,-6.435],[2.709,-6.28],[2.723,-6.273],[2.723,-6.252],[2.8,-6.132],[2.821,-6.126]]]},"properties":{"abbr":null,"name":"unnamed sealed face","plate":33,"ap_bregma_mm":-3.4,"index":33}},{"type":"Feature","geometry":{"type":"Polygon","coordinates":[[[2.26,-6.948],[2.232,-6.977],[2.253,-7.019],[2.113,-7.089],[2.05,-7.138],[2.008,-7.159],[1.825,-7.187],[1.825,-7.166],[1.959,-7.131],[2.092,-7.068],[2.106,-7.047],[2.211,-6.983],[2.239,-6.948],[2.26,-6.948]]]},"properties":{"abbr":null,"name":"unnamed sealed face","plate":33,"ap_bregma_mm":-3.4,"index":34}},{"type":"Feature","geometry":{"type":"Polygon","coordinates":[[[-6.735,-6.611],[-6.75,-6.632],[-6.756,-6.611],[-6.841,-6.611],[-6.855,-6.533],[-6.869,-6.533],[-6.932,-6.597],[-6.911,-6.498],[-6.827,-6.449],[-6.82,-6.428],[-6.946,-6.386],[-6.925,-6.379],[-6.714,-6.414],[-6.665,-6.435],[-6.679,-6.491],[-6.721,-6.54],[-6.735,-6.611]]]},"properties":{"abbr":null,"name":"unnamed sealed face","plate":33,"ap_bregma_mm":-3.4,"index":35}},{"type":"Feature","geometry":{"type":"Polygon","coordinates":[[[6.348,-6.857],[6.334,-6.885],[6.327,-6.871],[6.348,-6.857]]]},"properties":{"abbr":null,"name":"unnamed sealed face","plate":33,"ap_bregma_mm":-3.4,"index":36}},{"type":"Feature","geometry":{"type":"Polygon","coordinates":[[[6.327,-6.892],[6.095,-7.314],[5.885,-7.518],[5.871,-7.518],[6.082,-7.251],[6.187,-7.11],[6.187,-7.089],[6.313,-6.892],[6.327,-6.892]]]},"properties":{"abbr":null,"name":"unnamed sealed face","plate":33,"ap_bregma_mm":-3.4,"index":37}},{"type":"Feature","geometry":{"type":"Polygon","coordinates":[[[5.857,-7.532],[5.773,-7.624],[5.668,-7.687],[5.156,-7.954],[5.086,-7.961],[5.086,-7.94],[5.17,-7.912],[5.191,-7.891],[5.212,-7.891],[5.654,-7.659],[5.71,-7.638],[5.836,-7.532],[5.857,-7.532]]]},"properties":{"abbr":null,"name":"unnamed sealed face","plate":33,"ap_bregma_mm":-3.4,"index":38}},{"type":"Feature","geometry":{"type":"Polygon","coordinates":[[[1.454,-7.11],[1.489,-7.187],[1.482,-7.265],[1.426,-7.363],[1.426,-7.384],[1.426,-7.455],[1.166,-7.722],[1.152,-7.722],[1.145,-7.708],[1.194,-7.673],[1.223,-7.631],[1.236,-7.631],[1.363,-7.469],[1.328,-7.398],[1.307,-7.342],[1.321,-7.216],[1.342,-7.173],[1.398,-7.124],[1.454,-7.11]]]},"properties":{"abbr":null,"name":"unnamed sealed face","plate":33,"ap_bregma_mm":-3.4,"index":39}},{"type":"Feature","geometry":{"type":"Polygon","coordinates":[[[1.145,-7.729],[1.131,-7.828],[1.096,-7.806],[1.075,-7.821],[1.068,-7.806],[1.11,-7.75],[1.145,-7.729]]]},"properties":{"abbr":null,"name":"unnamed sealed face","plate":33,"ap_bregma_mm":-3.4,"index":40}},{"type":"Feature","geometry":{"type":"Polygon","coordinates":[[[-6.195,-7.131],[-6.118,-7.209],[-6.104,-7.209],[-6.104,-7.223],[-6.02,-7.3],[-6.02,-7.314],[-6.006,-7.314],[-5.992,-7.342],[-5.978,-7.342],[-5.957,-7.377],[-5.95,-7.427],[-5.971,-7.448],[-5.992,-7.448],[-6.006,-7.448],[-6.174,-7.265],[-6.216,-7.209],[-6.238,-7.152],[-6.231,-7.138],[-6.195,-7.131]]]},"properties":{"abbr":null,"name":"unnamed sealed face","plate":33,"ap_bregma_mm":-3.4,"index":41}},{"type":"Feature","geometry":{"type":"Polygon","coordinates":[[[-0.979,-7.511],[-0.951,-7.413],[-0.888,-7.391],[-0.811,-7.391],[-0.783,-7.406],[-0.755,-7.462],[-0.762,-7.553],[-0.797,-7.588],[-0.874,-7.595],[-0.944,-7.574],[-0.965,-7.518],[-0.979,-7.511]]]},"properties":{"abbr":null,"name":"unnamed sealed face","plate":33,"ap_bregma_mm":-3.4,"index":42}},{"type":"Feature","geometry":{"type":"Polygon","coordinates":[[[-1.351,-7.441],[-1.33,-7.448],[-1.294,-7.511],[-1.161,-7.652],[-1.007,-7.743],[-0.93,-7.821],[-0.916,-7.821],[-0.804,-7.94],[-0.769,-7.996],[-0.755,-7.996],[-0.755,-8.01],[-0.699,-8.06],[-0.481,-8.172],[-0.327,-8.221],[-0.327,-8.235],[-0.523,-8.2],[-0.586,-8.13],[-0.601,-8.13],[-0.628,-8.165],[-0.678,-8.109],[-0.692,-8.109],[-0.741,-8.053],[-0.755,-8.053],[-0.804,-7.996],[-0.818,-7.996],[-0.965,-7.863],[-1.007,-7.764],[-1.231,-7.645],[-1.281,-7.581],[-1.351,-7.441]]]},"properties":{"abbr":null,"name":"unnamed sealed face","plate":33,"ap_bregma_mm":-3.4,"index":43}},{"type":"Feature","geometry":{"type":"Polygon","coordinates":[[[-2.83,-7.476],[-2.851,-7.49],[-2.851,-7.476],[-2.83,-7.476]]]},"properties":{"abbr":null,"name":"unnamed sealed face","plate":33,"ap_bregma_mm":-3.4,"index":44}},{"type":"Feature","geometry":{"type":"Polygon","coordinates":[[[-2.851,-7.49],[-3.216,-7.842],[-3.517,-7.947],[-3.763,-7.947],[-3.763,-7.926],[-3.72,-7.919],[-3.426,-7.898],[-3.342,-7.87],[-3.321,-7.849],[-3.279,-7.835],[-3.174,-7.757],[-3.16,-7.729],[-3.139,-7.722],[-3.118,-7.687],[-2.998,-7.574],[-2.942,-7.546],[-2.928,-7.525],[-2.907,-7.525],[-2.872,-7.49],[-2.851,-7.49]]]},"properties":{"abbr":null,"name":"unnamed sealed face","plate":33,"ap_bregma_mm":-3.4,"index":45}},{"type":"Feature","geometry":{"type":"Polygon","coordinates":[[[-3.84,-7.947],[-3.868,-8.003],[-4.008,-7.968],[-4.379,-8.13],[-4.548,-8.144],[-4.772,-8.06],[-4.723,-8.053],[-4.618,-8.102],[-4.457,-8.102],[-4.394,-8.088],[-4.373,-8.067],[-4.302,-8.06],[-4.057,-7.961],[-3.84,-7.947]]]},"properties":{"abbr":null,"name":"unnamed sealed face","plate":33,"ap_bregma_mm":-3.4,"index":46}},{"type":"Feature","geometry":{"type":"MultiPolygon","coordinates":[[[[0.772,-0.267],[1.772,-0.355],[1.895,-0.443],[2.298,-0.567],[3.211,-0.655],[3.702,-0.813],[3.754,-0.778],[3.825,-0.848],[4.158,-0.919],[4.544,-1.095],[4.614,-1.06],[4.632,-1.13],[5.456,-1.553],[6.0,-1.975],[6.86,-2.943],[7.21,-3.524],[7.246,-3.507],[7.246,-3.613],[7.403,-3.947],[7.439,-4.334],[7.491,-4.422],[7.421,-4.898],[7.14,-5.725],[6.86,-6.024],[6.807,-6.165],[6.667,-6.271],[6.702,-6.289],[6.561,-6.341],[6.561,-6.535],[6.526,-6.447],[6.474,-6.553],[6.474,-6.429],[6.544,-6.412],[6.509,-6.359],[6.386,-6.394],[6.386,-6.782],[6.088,-7.31],[5.754,-7.627],[5.158,-7.943],[5.035,-7.961],[5.018,-8.014],[4.632,-8.014],[4.439,-7.943],[3.719,-7.943],[3.105,-7.433],[2.965,-7.239],[2.982,-7.028],[2.93,-7.046],[2.912,-7.169],[2.754,-7.134],[2.754,-7.028],[2.86,-7.063],[2.772,-6.817],[2.895,-6.517],[2.877,-6.429],[2.947,-6.341],[2.982,-6.148],[2.912,-6.13],[2.93,-6.042],[2.825,-6.113],[2.491,-6.729],[2.228,-6.975],[2.246,-7.01],[2.0,-7.151],[1.667,-7.204],[1.667,-7.38],[1.632,-7.327],[1.614,-7.38],[1.579,-7.327],[1.544,-7.38],[1.526,-7.274],[1.509,-7.38],[1.421,-7.38],[1.421,-7.45],[1.14,-7.732],[1.123,-7.82],[1.088,-7.803],[0.93,-7.979],[0.509,-8.172],[0.474,-8.26],[-0.298,-8.296],[-0.281,-8.243],[-0.526,-8.19],[-0.596,-8.12],[-0.632,-8.155],[-0.965,-7.855],[-1.0,-7.767],[-1.246,-7.627],[-1.368,-7.415],[-1.509,-7.31],[-2.105,-7.222],[-2.158,-7.098],[-2.649,-6.694],[-2.807,-6.253],[-3.175,-5.884],[-3.211,-5.901],[-3.333,-5.743],[-3.333,-5.655],[-3.509,-5.514],[-3.544,-5.584],[-3.491,-5.708],[-3.105,-6.165],[-2.737,-6.764],[-2.684,-7.204],[-2.632,-7.239],[-2.614,-7.186],[-2.544,-7.186],[-2.561,-7.327],[-2.649,-7.327],[-2.667,-7.274],[-2.702,-7.327],[-2.702,-7.204],[-2.754,-7.186],[-2.719,-7.362],[-3.228,-7.838],[-3.544,-7.943],[-3.842,-7.943],[-3.877,-7.996],[-4.0,-7.961],[-4.386,-8.12],[-4.544,-8.137],[-4.789,-8.049],[-4.947,-8.084],[-5.053,-8.014],[-5.474,-7.961],[-5.596,-7.873],[-5.737,-7.855],[-6.175,-7.556],[-6.211,-7.591],[-6.421,-7.31],[-6.561,-7.222],[-6.596,-7.098],[-6.737,-6.94],[-6.754,-6.606],[-6.842,-6.606],[-6.86,-6.517],[-6.93,-6.588],[-6.912,-6.5],[-6.807,-6.429],[-7.175,-6.306],[-7.439,-5.884],[-7.649,-5.162],[-7.684,-4.774],[-7.579,-4.299],[-7.07,-3.313],[-6.772,-2.891],[-6.807,-2.838],[-6.719,-2.82],[-6.491,-2.433],[-6.105,-2.01],[-5.702,-1.711],[-5.21,-1.465],[-5.193,-1.377],[-5.14,-1.429],[-4.421,-1.06],[-3.561,-0.848],[-3.509,-0.796],[-3.368,-0.813],[-3.404,-0.778],[-3.211,-0.778],[-2.912,-0.672],[-2.877,-0.708],[-2.404,-0.567],[-1.965,-0.514],[-1.579,-0.355],[-0.807,-0.285],[-0.596,-0.338],[-0.263,-0.602],[-0.035,-1.007],[0.07,-1.06],[0.439,-0.391],[0.456,-0.443],[0.631,-0.303],[0.754,-0.285],[0.772,-0.267]]]]},"properties":{"abbr":"brain_outline","name":"outline of the section","plate":33,"ap_bregma_mm":-3.4}}]}
