{"type":"FeatureCollection","name":"GerbilAtlas plate 29","note":"Region extents cut from the atlas drawing (METHODS.md, Region extents). Coordinates are [ML, DV] in mm, ML positive to the right of the plate as printed, DV negative below the dorsal surface; AP is the plate bregma. traced_fraction is the share of each polygon boundary the atlas actually draws; below 0.5 the boundary is an estimate. no_drawn_outline marks a feature that lies only inside boundaries the atlas draws round more than one name and prints nothing within, so the whole of its outline is where the extraction cut it. Not a segmentation.","plate":29,"ap_bregma_mm":-2.0,"features":[{"type":"Feature","geometry":{"type":"MultiPolygon","coordinates":[[[[-6.071,-7.075],[-6.092,-7.131],[-6.092,-7.194],[-6.042,-7.25],[-5.993,-7.349],[-5.867,-7.461],[-5.825,-7.532],[-5.741,-7.56],[-5.734,-7.616],[-5.685,-7.651],[-5.622,-7.778],[-5.545,-7.848],[-5.482,-7.94],[-5.355,-8.066],[-5.292,-8.101],[-5.292,-8.123],[-5.306,-8.123],[-5.412,-8.242],[-5.433,-8.221],[-5.446,-8.228],[-5.454,-8.221],[-5.454,-8.2],[-5.496,-8.172],[-5.496,-8.158],[-5.587,-8.059],[-5.601,-8.059],[-5.629,-8.01],[-5.657,-7.996],[-5.685,-7.947],[-5.706,-7.94],[-5.706,-7.926],[-5.762,-7.862],[-5.776,-7.862],[-5.776,-7.848],[-5.895,-7.729],[-5.895,-7.715],[-5.993,-7.637],[-5.993,-7.623],[-6.029,-7.609],[-6.029,-7.595],[-6.063,-7.581],[-6.063,-7.567],[-6.099,-7.553],[-6.099,-7.539],[-6.134,-7.525],[-6.134,-7.511],[-6.148,-7.511],[-6.162,-7.482],[-6.225,-7.433],[-6.316,-7.279],[-6.358,-7.124],[-6.141,-7.075],[-6.071,-7.075]]],[[[5.954,-7.103],[6.059,-7.117],[6.15,-7.152],[6.122,-7.222],[6.052,-7.321],[5.807,-7.574],[5.807,-7.588],[5.786,-7.588],[5.786,-7.602],[5.772,-7.602],[5.702,-7.672],[5.533,-7.736],[5.477,-7.771],[5.442,-7.82],[5.407,-7.933],[5.337,-8.024],[5.253,-8.087],[5.239,-8.115],[5.176,-8.151],[5.176,-8.165],[4.965,-8.298],[4.944,-8.298],[4.804,-8.376],[4.762,-8.383],[4.797,-8.151],[4.909,-8.123],[5.127,-7.989],[5.225,-7.89],[5.281,-7.785],[5.33,-7.771],[5.379,-7.708],[5.526,-7.574],[5.533,-7.553],[5.631,-7.497],[5.744,-7.384],[5.744,-7.37],[5.863,-7.264],[5.863,-7.25],[5.926,-7.187],[5.954,-7.103]]],[[[3.486,-7.968],[3.486,-8.066],[3.584,-8.179],[3.773,-8.298],[3.872,-8.333],[3.991,-8.355],[4.033,-8.376],[4.117,-8.383],[4.187,-8.376],[4.292,-8.34],[4.292,-8.509],[4.243,-8.516],[4.11,-8.573],[3.935,-8.601],[3.837,-8.58],[3.837,-8.566],[3.801,-8.559],[3.703,-8.495],[3.549,-8.348],[3.535,-8.348],[3.535,-8.333],[3.332,-8.2],[3.318,-8.179],[3.437,-7.989],[3.465,-7.961],[3.486,-7.968]]],[[[-3.897,-8.397],[-3.834,-8.467],[-3.785,-8.573],[-3.876,-8.636],[-4.037,-8.713],[-4.177,-8.748],[-4.346,-8.748],[-4.661,-8.706],[-4.872,-8.643],[-4.858,-8.622],[-4.858,-8.446],[-4.851,-8.439],[-4.682,-8.432],[-4.577,-8.453],[-4.528,-8.474],[-4.43,-8.566],[-4.325,-8.552],[-4.248,-8.502],[-4.22,-8.502],[-4.185,-8.544],[-4.1,-8.537],[-3.897,-8.397]]]]},"properties":{"abbr":"1","name":"layer 1 of cortex","plate":29,"ap_bregma_mm":-2.0,"area_mm2":1.028,"traced_fraction":[1.0,1.0,1.0,1.0],"n_labels":4,"no_drawn_outline":false}},{"type":"Feature","geometry":{"type":"MultiPolygon","coordinates":[[[[-6.029,-7.068],[-5.979,-7.208],[-5.923,-7.264],[-5.832,-7.3],[-5.804,-7.328],[-5.79,-7.377],[-5.692,-7.454],[-5.685,-7.497],[-5.664,-7.525],[-5.678,-7.546],[-5.741,-7.56],[-5.825,-7.532],[-5.867,-7.461],[-5.993,-7.349],[-6.042,-7.25],[-6.092,-7.194],[-6.092,-7.131],[-6.071,-7.075],[-6.029,-7.068]]],[[[5.884,-7.082],[5.954,-7.103],[5.926,-7.187],[5.863,-7.25],[5.863,-7.264],[5.807,-7.307],[5.631,-7.497],[5.533,-7.553],[5.526,-7.574],[5.428,-7.672],[5.414,-7.672],[5.33,-7.771],[5.281,-7.785],[5.225,-7.89],[5.127,-7.989],[4.909,-8.123],[4.797,-8.151],[4.797,-8.059],[4.804,-8.045],[4.888,-8.038],[4.993,-7.982],[5.049,-7.933],[5.134,-7.799],[5.169,-7.771],[5.232,-7.757],[5.358,-7.602],[5.428,-7.539],[5.477,-7.447],[5.568,-7.405],[5.674,-7.279],[5.73,-7.264],[5.758,-7.194],[5.849,-7.131],[5.884,-7.082]]],[[[4.306,-8.207],[4.292,-8.34],[4.187,-8.376],[4.117,-8.383],[4.033,-8.376],[3.991,-8.355],[3.998,-8.214],[4.194,-8.228],[4.306,-8.207]]],[[[-4.002,-8.284],[-3.939,-8.284],[-3.911,-8.326],[-3.897,-8.397],[-4.1,-8.537],[-4.185,-8.544],[-4.22,-8.502],[-4.248,-8.502],[-4.262,-8.418],[-4.241,-8.404],[-4.17,-8.404],[-4.079,-8.376],[-4.002,-8.284]]]]},"properties":{"abbr":"2","name":"layer 2 of cortex","plate":29,"ap_bregma_mm":-2.0,"area_mm2":0.3124,"traced_fraction":[0.979,1.0,0.91,0.964],"n_labels":4,"no_drawn_outline":false}},{"type":"Feature","geometry":{"type":"MultiPolygon","coordinates":[[[[-5.194,-6.674],[-5.187,-6.695],[-5.201,-6.695],[-5.215,-6.723],[-5.229,-6.842],[-5.278,-6.969],[-5.264,-7.138],[-5.075,-7.511],[-4.998,-7.616],[-4.991,-7.686],[-5.047,-7.715],[-5.096,-7.841],[-5.208,-8.003],[-5.306,-7.933],[-5.44,-7.799],[-5.538,-7.609],[-5.664,-7.525],[-5.685,-7.497],[-5.692,-7.454],[-5.79,-7.377],[-5.804,-7.328],[-5.832,-7.3],[-5.951,-7.243],[-5.986,-7.194],[-6.029,-7.068],[-6.014,-7.053],[-5.65,-6.941],[-5.44,-6.828],[-5.25,-6.681],[-5.194,-6.674]]],[[[5.274,-6.8],[5.33,-6.807],[5.456,-6.885],[5.625,-6.962],[5.631,-6.976],[5.659,-6.976],[5.758,-7.025],[5.821,-7.039],[5.884,-7.082],[5.849,-7.131],[5.758,-7.194],[5.73,-7.264],[5.674,-7.279],[5.568,-7.405],[5.477,-7.447],[5.428,-7.539],[5.358,-7.602],[5.302,-7.553],[5.295,-7.525],[5.267,-7.511],[5.042,-7.504],[5.042,-7.384],[4.958,-7.384],[4.958,-7.285],[4.986,-7.208],[5.12,-7.089],[5.134,-7.089],[5.218,-6.99],[5.26,-6.899],[5.274,-6.8]]],[[[3.935,-7.616],[4.145,-7.715],[4.278,-7.736],[4.398,-7.715],[4.398,-7.764],[4.362,-7.841],[4.306,-8.101],[4.313,-8.193],[4.306,-8.207],[4.194,-8.228],[3.998,-8.214],[3.928,-8.186],[3.921,-8.172],[3.837,-8.165],[3.752,-8.13],[3.57,-7.968],[3.598,-7.855],[3.71,-7.855],[3.794,-7.813],[3.879,-7.722],[3.935,-7.616]]],[[[-4.023,-7.827],[-4.023,-7.876],[-4.065,-8.003],[-4.065,-8.151],[-4.051,-8.207],[-4.002,-8.284],[-4.079,-8.376],[-4.17,-8.404],[-4.241,-8.404],[-4.262,-8.418],[-4.332,-8.418],[-4.465,-8.362],[-4.612,-8.34],[-4.71,-8.305],[-4.815,-8.305],[-4.802,-8.172],[-4.731,-7.975],[-4.675,-7.876],[-4.668,-7.834],[-4.626,-7.834],[-4.5,-7.869],[-4.318,-7.869],[-4.023,-7.827]]]]},"properties":{"abbr":"3","name":"layer 3 of cortex","plate":29,"ap_bregma_mm":-2.0,"area_mm2":1.6879,"traced_fraction":[0.998,0.799,0.973,1.0],"n_labels":4,"no_drawn_outline":false}},{"type":"Feature","geometry":{"type":"MultiPolygon","coordinates":[[[[-0.342,-3.108],[-0.321,-3.122],[-0.307,-3.157],[-0.321,-3.157],[-0.321,-3.192],[-0.279,-3.361],[-0.209,-3.417],[-0.09,-3.452],[0.015,-3.544],[0.071,-3.537],[0.156,-3.417],[0.268,-3.438],[0.135,-3.656],[0.128,-3.79],[0.149,-3.874],[0.135,-3.874],[0.114,-3.91],[0.086,-3.91],[0.015,-3.966],[-0.083,-3.966],[-0.167,-3.931],[-0.174,-3.924],[-0.167,-3.762],[-0.216,-3.614],[-0.23,-3.586],[-0.279,-3.551],[-0.405,-3.41],[-0.447,-3.326],[-0.469,-3.312],[-0.391,-3.15],[-0.342,-3.108]]]]},"properties":{"abbr":"3V","name":"3rd ventricle","plate":29,"ap_bregma_mm":-2.0,"area_mm2":0.223,"traced_fraction":[1.0],"n_labels":1,"no_drawn_outline":false}},{"type":"Feature","geometry":{"type":"MultiPolygon","coordinates":[[[[6.305,-2.791],[6.333,-2.805],[6.34,-2.826],[6.396,-2.869],[6.396,-2.883],[6.41,-2.883],[6.41,-2.897],[6.557,-3.066],[6.571,-3.101],[6.599,-3.115],[6.606,-3.122],[6.599,-3.136],[6.62,-3.143],[6.627,-3.15],[6.62,-3.164],[6.669,-3.234],[6.683,-3.234],[6.69,-3.263],[6.711,-3.277],[6.718,-3.305],[6.739,-3.319],[6.746,-3.347],[6.865,-3.509],[7.104,-3.917],[7.272,-4.296],[7.356,-4.585],[7.377,-4.585],[7.412,-5.077],[7.398,-5.077],[7.391,-5.225],[7.377,-5.253],[7.293,-5.232],[7.09,-5.225],[6.753,-5.19],[6.473,-5.14],[6.312,-5.126],[5.737,-5.021],[5.73,-4.943],[5.744,-4.852],[5.716,-4.739],[5.709,-4.606],[5.646,-4.402],[5.617,-4.289],[5.477,-4.001],[5.288,-3.734],[5.232,-3.677],[5.211,-3.628],[5.337,-3.544],[5.751,-3.206],[5.891,-3.115],[6.305,-2.791]]],[[[-6.281,-2.925],[-6.218,-2.988],[-6.05,-3.094],[-5.446,-3.544],[-5.159,-3.741],[-5.243,-3.895],[-5.341,-4.036],[-5.419,-4.226],[-5.545,-4.479],[-5.636,-4.754],[-5.657,-4.859],[-5.657,-4.95],[-5.664,-5.077],[-5.65,-5.098],[-5.65,-5.175],[-6.596,-5.373],[-6.737,-5.387],[-7.045,-5.457],[-7.326,-5.499],[-7.382,-5.52],[-7.438,-5.52],[-7.438,-5.0],[-7.417,-4.993],[-7.375,-4.725],[-7.27,-4.388],[-7.22,-4.282],[-7.228,-4.261],[-7.228,-4.254],[-7.206,-4.247],[-7.108,-4.029],[-7.059,-3.959],[-7.059,-3.938],[-7.038,-3.888],[-7.017,-3.881],[-6.996,-3.825],[-6.905,-3.684],[-6.877,-3.663],[-6.87,-3.635],[-6.856,-3.635],[-6.835,-3.586],[-6.793,-3.544],[-6.779,-3.502],[-6.772,-3.495],[-6.758,-3.495],[-6.758,-3.473],[-6.737,-3.445],[-6.73,-3.452],[-6.709,-3.41],[-6.695,-3.41],[-6.681,-3.375],[-6.66,-3.361],[-6.667,-3.354],[-6.667,-3.347],[-6.639,-3.333],[-6.618,-3.291],[-6.533,-3.206],[-6.393,-3.023],[-6.295,-2.925],[-6.281,-2.925]]]]},"properties":{"abbr":"Au1","name":"primary auditory cortex","plate":29,"ap_bregma_mm":-2.0,"area_mm2":6.8818,"traced_fraction":[1.0,1.0],"n_labels":6,"no_drawn_outline":false}},{"type":"Feature","geometry":{"type":"MultiPolygon","coordinates":[[[[0.829,-6.069],[0.899,-6.069],[1.025,-6.097],[1.025,-6.132],[1.004,-6.167],[1.004,-6.252],[1.039,-6.294],[0.983,-6.35],[0.983,-6.477],[0.695,-6.477],[0.695,-6.23],[0.766,-6.217],[0.822,-6.167],[0.836,-6.118],[0.829,-6.069]]],[[[-0.833,-6.132],[-0.84,-6.217],[-0.819,-6.273],[-0.784,-6.308],[-0.658,-6.315],[-0.574,-6.273],[-0.518,-6.329],[-0.482,-6.329],[-0.475,-6.568],[-0.44,-6.582],[-0.384,-6.638],[-0.447,-6.716],[-0.482,-6.814],[-0.602,-6.927],[-0.896,-6.934],[-0.945,-6.983],[-1.015,-6.913],[-1.085,-6.871],[-1.184,-6.871],[-1.233,-6.899],[-1.289,-6.962],[-1.345,-7.06],[-1.359,-7.117],[-1.527,-7.11],[-1.52,-7.046],[-1.541,-6.955],[-1.604,-6.885],[-1.717,-6.814],[-1.681,-6.737],[-1.681,-6.638],[-1.324,-6.638],[-1.324,-6.428],[-1.198,-6.42],[-1.121,-6.371],[-1.1,-6.308],[-1.1,-6.245],[-1.128,-6.174],[-1.092,-6.153],[-0.917,-6.139],[-0.889,-6.125],[-0.833,-6.132]]]]},"properties":{"abbr":"A13","name":"A13 dopamine cells","plate":29,"ap_bregma_mm":-2.0,"area_mm2":0.789,"traced_fraction":[0.525,0.64],"n_labels":2,"no_drawn_outline":true}},{"type":"Feature","geometry":{"type":"MultiPolygon","coordinates":[[[[3.514,-6.976],[3.507,-7.025],[3.423,-7.18],[3.423,-7.264],[3.437,-7.3],[3.479,-7.342],[3.528,-7.356],[3.542,-7.384],[3.626,-7.419],[3.654,-7.447],[3.83,-7.539],[3.935,-7.616],[3.879,-7.722],[3.794,-7.813],[3.71,-7.855],[3.598,-7.855],[3.556,-7.813],[3.521,-7.806],[3.458,-7.743],[3.093,-7.511],[3.072,-7.511],[2.89,-7.412],[2.561,-7.307],[2.574,-7.236],[2.595,-7.187],[2.638,-7.138],[2.652,-7.089],[2.785,-7.11],[2.981,-7.11],[3.037,-7.103],[3.163,-7.053],[3.22,-7.053],[3.416,-6.99],[3.514,-6.976]]],[[[-3.434,-7.285],[-3.147,-7.363],[-2.873,-7.384],[-2.712,-7.391],[-2.565,-7.37],[-2.488,-7.475],[-2.481,-7.574],[-2.495,-7.602],[-2.908,-7.686],[-3.119,-7.75],[-3.371,-7.848],[-3.575,-7.954],[-3.736,-8.066],[-3.911,-8.235],[-3.939,-8.284],[-4.002,-8.284],[-4.051,-8.207],[-4.065,-8.151],[-4.065,-8.003],[-4.023,-7.876],[-4.023,-7.827],[-3.778,-7.75],[-3.609,-7.658],[-3.483,-7.539],[-3.441,-7.461],[-3.441,-7.419],[-3.434,-7.285]]]]},"properties":{"abbr":"AHi","name":"amygdalohippocampal area","plate":29,"ap_bregma_mm":-2.0,"area_mm2":1.0938,"traced_fraction":[0.976,1.0],"n_labels":2,"no_drawn_outline":false}},{"type":"Feature","geometry":{"type":"MultiPolygon","coordinates":[[[[4.748,-6.048],[4.678,-6.055],[4.531,-6.118],[4.503,-6.118],[4.489,-6.104],[4.468,-5.998],[4.432,-5.935],[4.496,-5.872],[4.748,-5.872],[4.748,-6.048]]],[[[-4.304,-6.034],[-4.332,-6.062],[-4.374,-6.146],[-4.388,-6.217],[-4.381,-6.322],[-4.57,-6.266],[-4.682,-6.266],[-4.717,-6.273],[-4.745,-6.259],[-4.745,-6.104],[-4.731,-6.09],[-4.731,-6.034],[-4.304,-6.034]]]]},"properties":{"abbr":"ASt","name":"amygdalostriatal transition area","plate":29,"ap_bregma_mm":-2.0,"area_mm2":0.1525,"traced_fraction":[0.543,0.561],"n_labels":2,"no_drawn_outline":true}},{"type":"Feature","geometry":{"type":"MultiPolygon","coordinates":[[[[1.803,-4.036],[1.768,-4.219],[1.691,-4.388],[1.579,-4.557],[1.467,-4.662],[1.418,-4.683],[1.397,-4.303],[1.404,-4.142],[1.446,-4.142],[1.495,-4.107],[1.663,-4.05],[1.803,-4.036]]],[[[-1.899,-4.121],[-1.815,-4.17],[-1.667,-4.212],[-1.422,-4.233],[-1.485,-4.507],[-1.499,-4.662],[-1.492,-4.768],[-1.59,-4.775],[-1.625,-4.747],[-1.723,-4.641],[-1.73,-4.592],[-1.794,-4.535],[-1.815,-4.479],[-1.843,-4.472],[-1.843,-4.437],[-1.899,-4.31],[-1.927,-4.135],[-1.899,-4.121]]]]},"properties":{"abbr":"AngT","name":"angular thalamic nucleus","plate":29,"ap_bregma_mm":-2.0,"area_mm2":0.3494,"traced_fraction":[0.971,0.905],"n_labels":2,"no_drawn_outline":false}},{"type":"Feature","geometry":{"type":"MultiPolygon","coordinates":[[[[-0.069,-7.897],[-0.041,-8.087],[-0.02,-8.123],[0.015,-8.123],[0.029,-8.094],[0.036,-7.904],[0.071,-7.904],[0.092,-7.954],[0.107,-7.954],[0.191,-8.038],[0.415,-8.158],[0.464,-8.207],[0.506,-8.326],[0.338,-8.404],[0.191,-8.453],[0.029,-8.481],[0.015,-8.495],[-0.258,-8.453],[-0.3,-8.446],[-0.328,-8.446],[-0.335,-8.425],[-0.518,-8.397],[-0.518,-8.355],[-0.496,-8.298],[-0.398,-8.2],[-0.244,-8.087],[-0.153,-7.996],[-0.104,-7.919],[-0.069,-7.897]]]]},"properties":{"abbr":"Arc","name":"arcuate hypothalamic nucleus","plate":29,"ap_bregma_mm":-2.0,"area_mm2":0.3497,"traced_fraction":[1.0],"n_labels":1,"no_drawn_outline":false}},{"type":"Feature","geometry":{"type":"MultiPolygon","coordinates":[[[[5.526,-2.053],[5.617,-2.151],[5.631,-2.151],[5.723,-2.271],[5.737,-2.271],[5.737,-2.285],[5.814,-2.362],[5.828,-2.362],[5.849,-2.397],[5.898,-2.426],[5.898,-2.44],[5.919,-2.44],[5.947,-2.482],[5.982,-2.496],[5.982,-2.51],[6.017,-2.524],[6.017,-2.538],[6.052,-2.552],[6.052,-2.566],[6.087,-2.58],[6.192,-2.679],[6.206,-2.679],[6.305,-2.791],[5.891,-3.115],[5.751,-3.206],[5.337,-3.544],[5.211,-3.628],[5.134,-3.551],[4.951,-3.298],[4.671,-2.988],[4.657,-2.953],[5.526,-2.053]]],[[[-5.545,-2.193],[-5.531,-2.193],[-5.531,-2.208],[-5.257,-2.482],[-5.243,-2.482],[-5.11,-2.622],[-5.096,-2.622],[-4.661,-3.052],[-4.823,-3.263],[-5.061,-3.628],[-5.159,-3.741],[-5.446,-3.544],[-6.05,-3.094],[-6.218,-2.988],[-6.281,-2.925],[-6.274,-2.897],[-6.183,-2.812],[-6.183,-2.798],[-6.169,-2.798],[-6.169,-2.784],[-6.155,-2.784],[-6.155,-2.77],[-6.141,-2.77],[-6.141,-2.756],[-5.993,-2.608],[-5.979,-2.608],[-5.979,-2.594],[-5.909,-2.545],[-5.867,-2.482],[-5.811,-2.44],[-5.818,-2.433],[-5.783,-2.404],[-5.776,-2.412],[-5.741,-2.376],[-5.748,-2.369],[-5.706,-2.334],[-5.692,-2.32],[-5.545,-2.193]]]]},"properties":{"abbr":"AuD","name":"secondary auditory cortex, dorsal area","plate":29,"ap_bregma_mm":-2.0,"area_mm2":2.5209,"traced_fraction":[1.0,1.0],"n_labels":2,"no_drawn_outline":false}},{"type":"Feature","geometry":{"type":"MultiPolygon","coordinates":[[[[5.737,-5.021],[6.312,-5.126],[6.473,-5.14],[6.753,-5.19],[7.09,-5.225],[7.293,-5.232],[7.377,-5.253],[7.363,-5.358],[7.314,-5.527],[7.237,-5.717],[7.223,-5.724],[7.167,-5.858],[7.139,-5.879],[6.585,-5.64],[5.709,-5.204],[5.737,-5.021]]],[[[-5.65,-5.175],[-5.58,-5.464],[-5.72,-5.534],[-6.0,-5.717],[-6.288,-5.865],[-6.295,-5.879],[-6.947,-6.188],[-7.017,-6.209],[-7.08,-6.259],[-7.108,-6.252],[-7.185,-6.153],[-7.199,-6.153],[-7.298,-5.991],[-7.382,-5.773],[-7.417,-5.612],[-7.417,-5.548],[-7.438,-5.541],[-7.438,-5.52],[-7.382,-5.52],[-7.326,-5.499],[-7.045,-5.457],[-6.737,-5.387],[-6.596,-5.373],[-5.65,-5.175]]]]},"properties":{"abbr":"AuV","name":"secondary auditory cortex, ventral area","plate":29,"ap_bregma_mm":-2.0,"area_mm2":1.7105,"traced_fraction":[1.0,1.0],"n_labels":2,"no_drawn_outline":false}},{"type":"Feature","geometry":{"type":"MultiPolygon","coordinates":[[[[-4.458,-5.232],[-4.262,-5.429],[-4.086,-5.773],[-4.065,-5.78],[-4.072,-5.802],[-4.051,-5.851],[-4.058,-5.907],[-4.311,-5.851],[-4.395,-5.816],[-4.437,-5.766],[-4.486,-5.759],[-4.647,-5.562],[-4.738,-5.387],[-4.752,-5.302],[-4.528,-5.302],[-4.458,-5.232]]],[[[4.082,-5.633],[4.215,-5.633],[4.215,-5.83],[4.173,-5.844],[4.04,-5.837],[4.061,-5.661],[4.082,-5.633]]]]},"properties":{"abbr":"B","name":"basal nucleus (Meynert)","plate":29,"ap_bregma_mm":-2.0,"area_mm2":0.2721,"traced_fraction":[0.819,0.626],"n_labels":2,"no_drawn_outline":false}},{"type":"Feature","geometry":{"type":"MultiPolygon","coordinates":[[[[4.145,-6.442],[4.159,-6.449],[4.159,-6.456],[4.166,-6.47],[4.187,-6.568],[4.236,-6.667],[4.545,-6.962],[4.657,-7.103],[4.622,-7.187],[4.531,-7.314],[4.44,-7.398],[4.299,-7.475],[4.285,-7.475],[4.236,-7.412],[4.159,-7.363],[4.089,-7.328],[3.963,-7.293],[3.696,-7.3],[3.563,-7.328],[3.528,-7.356],[3.479,-7.342],[3.437,-7.3],[3.423,-7.264],[3.423,-7.18],[3.507,-7.025],[3.514,-6.976],[3.584,-6.92],[3.717,-6.864],[3.794,-6.793],[3.837,-6.779],[3.893,-6.716],[3.977,-6.638],[4.096,-6.477],[4.145,-6.442]]],[[[-4.283,-6.491],[-4.198,-6.547],[-4.1,-6.66],[-3.995,-6.744],[-3.995,-6.758],[-3.904,-6.842],[-3.813,-6.983],[-3.68,-7.117],[-3.525,-7.229],[-3.476,-7.243],[-3.434,-7.285],[-3.441,-7.419],[-3.567,-7.419],[-3.89,-7.461],[-4.198,-7.546],[-4.416,-7.651],[-4.479,-7.63],[-4.465,-7.454],[-4.486,-7.349],[-4.542,-7.208],[-4.542,-7.194],[-4.437,-7.082],[-4.339,-6.927],[-4.304,-6.8],[-4.283,-6.491]]]]},"properties":{"abbr":"BLA","name":"basolateral amygdaloid nucleus, anterior part","plate":29,"ap_bregma_mm":-2.0,"area_mm2":1.2748,"traced_fraction":[0.991,0.996],"n_labels":2,"no_drawn_outline":false}},{"type":"Feature","geometry":{"type":"MultiPolygon","coordinates":[[[[4.657,-7.103],[4.734,-7.138],[4.804,-7.138],[4.804,-7.201],[4.825,-7.285],[4.811,-7.293],[4.804,-7.37],[4.755,-7.532],[4.699,-7.588],[4.685,-7.63],[4.552,-7.686],[4.411,-7.708],[4.341,-7.553],[4.299,-7.504],[4.299,-7.475],[4.44,-7.398],[4.531,-7.314],[4.622,-7.187],[4.657,-7.103]]],[[[-4.542,-7.208],[-4.486,-7.349],[-4.465,-7.454],[-4.479,-7.63],[-4.507,-7.7],[-4.626,-7.806],[-4.626,-7.834],[-4.668,-7.834],[-4.802,-7.806],[-4.802,-7.764],[-4.844,-7.729],[-4.9,-7.574],[-4.907,-7.377],[-4.886,-7.257],[-4.759,-7.264],[-4.542,-7.208]]]]},"properties":{"abbr":"BLP","name":"basolateral amygdaloid nucleus, posterior part","plate":29,"ap_bregma_mm":-2.0,"area_mm2":0.3913,"traced_fraction":[1.0,1.0],"n_labels":2,"no_drawn_outline":false}},{"type":"Feature","geometry":{"type":"MultiPolygon","coordinates":[[[[4.299,-7.475],[4.299,-7.504],[4.341,-7.553],[4.411,-7.708],[4.398,-7.715],[4.299,-7.736],[4.145,-7.715],[3.935,-7.616],[3.83,-7.539],[3.654,-7.447],[3.626,-7.419],[3.542,-7.384],[3.528,-7.356],[3.563,-7.328],[3.696,-7.3],[3.963,-7.293],[4.089,-7.328],[4.159,-7.363],[4.236,-7.412],[4.264,-7.454],[4.299,-7.475]]],[[[-3.441,-7.419],[-3.441,-7.461],[-3.483,-7.539],[-3.609,-7.658],[-3.778,-7.75],[-4.023,-7.827],[-4.318,-7.869],[-4.5,-7.869],[-4.626,-7.834],[-4.626,-7.806],[-4.507,-7.7],[-4.479,-7.63],[-4.416,-7.651],[-4.198,-7.546],[-3.89,-7.461],[-3.567,-7.419],[-3.441,-7.419]]]]},"properties":{"abbr":"BMP","name":"basomedial amygdaloid nucleus, posterior part","plate":29,"ap_bregma_mm":-2.0,"area_mm2":0.5055,"traced_fraction":[1.0,0.995],"n_labels":2,"no_drawn_outline":false}},{"type":"Feature","geometry":{"type":"MultiPolygon","coordinates":[[[[2.469,-2.222],[2.441,-2.299],[2.399,-2.299],[2.091,-2.222],[1.768,-2.172],[1.418,-2.186],[1.256,-2.229],[1.151,-2.278],[0.955,-2.412],[0.45,-2.686],[0.31,-2.721],[0.212,-2.7],[0.205,-2.7],[0.198,-2.693],[0.191,-2.686],[0.191,-2.679],[0.226,-2.601],[0.275,-2.594],[0.366,-2.601],[0.485,-2.559],[0.801,-2.397],[1.004,-2.257],[1.193,-2.151],[1.362,-2.081],[1.418,-2.081],[1.523,-2.053],[1.775,-2.067],[2.147,-2.123],[2.336,-2.165],[2.469,-2.222]]],[[[-0.223,-2.601],[-0.181,-2.615],[-0.181,-2.644],[-0.237,-2.707],[-0.251,-2.707],[-0.265,-2.679],[-0.286,-2.686],[-0.384,-2.686],[-0.496,-2.644],[-0.518,-2.622],[-0.602,-2.594],[-0.91,-2.426],[-1.043,-2.327],[-1.191,-2.257],[-1.338,-2.222],[-1.829,-2.208],[-2.306,-2.285],[-2.558,-2.362],[-2.586,-2.278],[-2.383,-2.208],[-1.955,-2.13],[-1.667,-2.109],[-1.394,-2.123],[-1.373,-2.137],[-1.268,-2.144],[-1.071,-2.214],[-0.966,-2.285],[-0.945,-2.285],[-0.728,-2.44],[-0.44,-2.573],[-0.321,-2.608],[-0.223,-2.601]]]]},"properties":{"abbr":"CA1","name":"field CA1 of the hippocampus","plate":29,"ap_bregma_mm":-2.0,"area_mm2":0.4731,"traced_fraction":[1.0,1.0],"n_labels":2,"no_drawn_outline":false}},{"type":"Feature","geometry":{"type":"MultiPolygon","coordinates":[[[[2.469,-2.222],[2.511,-2.222],[2.785,-2.306],[3.051,-2.426],[3.142,-2.482],[3.058,-2.587],[3.037,-2.587],[2.939,-2.531],[2.757,-2.433],[2.729,-2.433],[2.708,-2.454],[2.624,-2.369],[2.469,-2.32],[2.441,-2.299],[2.469,-2.222]]],[[[-2.586,-2.278],[-2.558,-2.362],[-2.635,-2.383],[-2.663,-2.412],[-2.747,-2.447],[-2.852,-2.468],[-2.873,-2.489],[-2.929,-2.503],[-2.965,-2.418],[-2.894,-2.376],[-2.845,-2.369],[-2.838,-2.355],[-2.775,-2.341],[-2.726,-2.313],[-2.586,-2.278]]]]},"properties":{"abbr":"CA2","name":"field CA2 of the hippocampus","plate":29,"ap_bregma_mm":-2.0,"area_mm2":0.1314,"traced_fraction":[0.996,1.0],"n_labels":2,"no_drawn_outline":false}},{"type":"Feature","geometry":{"type":"MultiPolygon","coordinates":[[[[2.687,-2.897],[2.834,-2.897],[2.841,-3.023],[2.722,-3.037],[2.189,-3.037],[2.049,-3.03],[1.915,-3.002],[1.544,-3.009],[1.446,-3.044],[1.368,-3.052],[1.334,-3.03],[1.347,-2.995],[1.551,-2.911],[1.74,-2.883],[2.119,-2.876],[2.35,-2.897],[2.687,-2.897]]],[[[-1.73,-3.037],[-1.913,-3.03],[-1.948,-3.044],[-2.13,-3.059],[-2.291,-3.108],[-2.495,-3.129],[-2.782,-3.143],[-2.971,-3.136],[-2.965,-3.023],[-2.95,-3.023],[-2.789,-3.023],[-2.733,-3.002],[-2.544,-2.995],[-2.404,-3.009],[-2.067,-2.953],[-1.941,-2.946],[-1.906,-2.932],[-1.751,-2.932],[-1.597,-2.953],[-1.548,-2.967],[-1.513,-2.995],[-1.513,-3.052],[-1.562,-3.059],[-1.618,-3.037],[-1.73,-3.037]]]]},"properties":{"abbr":"CA3","name":"field CA3 of the hippocampus","plate":29,"ap_bregma_mm":-2.0,"area_mm2":0.3524,"traced_fraction":[0.974,0.978],"n_labels":2,"no_drawn_outline":false}},{"type":"Feature","geometry":{"type":"MultiPolygon","coordinates":[[[[-1.205,-3.579],[-1.149,-3.607],[-1.177,-3.699],[-1.156,-3.79],[-1.177,-3.797],[-1.205,-3.846],[-1.254,-4.064],[-1.247,-4.226],[-1.268,-4.381],[-1.24,-4.613],[-1.212,-4.761],[-1.275,-4.768],[-1.31,-4.747],[-1.366,-4.747],[-1.415,-4.789],[-1.429,-4.852],[-1.464,-4.866],[-1.492,-4.768],[-1.499,-4.662],[-1.485,-4.507],[-1.422,-4.233],[-1.324,-3.994],[-1.205,-3.579]]],[[[1.172,-3.579],[1.221,-3.621],[1.277,-3.72],[1.341,-3.938],[1.368,-3.994],[1.39,-4.128],[1.397,-4.135],[1.404,-4.142],[1.397,-4.303],[1.418,-4.683],[1.39,-4.817],[1.277,-4.761],[1.221,-4.768],[1.172,-4.803],[1.137,-4.789],[1.137,-4.761],[1.193,-4.676],[1.228,-4.564],[1.27,-4.374],[1.27,-4.212],[1.249,-4.078],[1.193,-3.924],[1.116,-3.804],[1.053,-3.741],[1.06,-3.628],[1.123,-3.621],[1.158,-3.593],[1.158,-3.579],[1.172,-3.579]]]]},"properties":{"abbr":"CL","name":"centrolateral thalamic nucleus","plate":29,"ap_bregma_mm":-2.0,"area_mm2":0.3845,"traced_fraction":[1.0,0.993],"n_labels":2,"no_drawn_outline":false}},{"type":"Feature","geometry":{"type":"MultiPolygon","coordinates":[[[[0.205,-4.993],[0.268,-5.028],[0.38,-5.056],[0.667,-5.056],[0.674,-5.091],[0.709,-5.112],[0.773,-5.19],[0.773,-5.232],[0.695,-5.302],[0.695,-5.316],[0.485,-5.323],[0.352,-5.309],[0.289,-5.309],[0.163,-5.281],[0.163,-5.19],[-0.167,-5.19],[-0.167,-5.267],[-0.307,-5.323],[-0.398,-5.337],[-0.651,-5.351],[-0.721,-5.253],[-0.721,-5.218],[-0.665,-5.119],[-0.63,-5.105],[-0.335,-5.084],[-0.279,-5.063],[-0.23,-5.014],[-0.209,-5.014],[-0.16,-5.035],[0.008,-5.042],[0.135,-5.028],[0.205,-4.993]]]]},"properties":{"abbr":"CM","name":"central medial thalamic nucleus","plate":29,"ap_bregma_mm":-2.0,"area_mm2":0.3334,"traced_fraction":[0.876],"n_labels":1,"no_drawn_outline":false}},{"type":"Feature","geometry":{"type":"MultiPolygon","coordinates":[[[[-4.486,-3.255],[-4.507,-3.326],[-4.556,-3.403],[-4.563,-3.509],[-4.514,-3.72],[-4.5,-3.952],[-4.444,-4.128],[-4.472,-4.135],[-4.57,-4.233],[-4.689,-4.458],[-4.731,-4.599],[-4.731,-4.711],[-4.71,-4.824],[-4.724,-4.824],[-4.738,-4.866],[-4.766,-5.147],[-4.752,-5.302],[-4.738,-5.387],[-4.647,-5.562],[-4.486,-5.759],[-4.437,-5.766],[-4.395,-5.816],[-4.311,-5.851],[-4.058,-5.907],[-4.051,-5.942],[-4.22,-5.977],[-4.304,-6.034],[-4.731,-6.034],[-4.731,-6.09],[-4.745,-6.104],[-4.745,-6.259],[-4.794,-6.245],[-4.9,-6.146],[-5.054,-6.041],[-5.18,-5.963],[-5.25,-5.928],[-5.278,-5.928],[-5.369,-5.766],[-5.489,-5.457],[-5.552,-5.175],[-5.566,-4.958],[-5.496,-4.697],[-5.425,-4.571],[-5.369,-4.423],[-5.236,-4.191],[-5.089,-3.987],[-5.019,-3.853],[-4.851,-3.628],[-4.731,-3.509],[-4.591,-3.326],[-4.521,-3.263],[-4.486,-3.255]]],[[[4.531,-3.305],[4.636,-3.319],[4.804,-3.41],[4.846,-3.459],[4.86,-3.459],[5.344,-4.099],[5.477,-4.303],[5.526,-4.409],[5.561,-4.662],[5.596,-4.789],[5.61,-5.14],[5.561,-5.373],[5.449,-5.59],[5.393,-5.619],[5.26,-5.752],[5.015,-5.893],[4.909,-5.97],[4.902,-5.991],[4.818,-6.013],[4.748,-6.055],[4.748,-6.048],[4.748,-5.872],[4.496,-5.872],[4.432,-5.935],[4.377,-5.879],[4.271,-5.823],[4.285,-5.802],[4.411,-5.745],[4.58,-5.64],[4.671,-5.548],[4.755,-5.408],[4.79,-5.253],[4.776,-5.119],[4.713,-4.929],[4.65,-4.88],[4.65,-4.852],[4.755,-4.641],[4.783,-4.557],[4.79,-4.374],[4.755,-4.205],[4.713,-4.099],[4.636,-4.015],[4.601,-4.001],[4.559,-3.959],[4.503,-3.938],[4.545,-3.748],[4.545,-3.368],[4.531,-3.347],[4.531,-3.305]]]]},"properties":{"abbr":"CPu","name":"caudate putamen (striatum)","plate":29,"ap_bregma_mm":-2.0,"area_mm2":3.7167,"traced_fraction":[0.905,0.935],"n_labels":2,"no_drawn_outline":false}},{"type":"Feature","geometry":{"type":"MultiPolygon","coordinates":[[[[4.271,-5.823],[4.377,-5.879],[4.432,-5.935],[4.468,-5.998],[4.489,-6.104],[4.503,-6.118],[4.419,-6.167],[4.222,-6.23],[4.103,-6.287],[4.089,-6.245],[3.893,-6.238],[3.9,-6.02],[3.935,-5.935],[4.026,-5.837],[4.04,-5.837],[4.173,-5.844],[4.215,-5.83],[4.271,-5.823]]],[[[-4.051,-5.942],[-4.009,-5.949],[-3.827,-6.125],[-3.729,-6.301],[-3.736,-6.385],[-3.722,-6.456],[-3.736,-6.568],[-3.757,-6.596],[-3.757,-6.624],[-3.841,-6.73],[-3.855,-6.73],[-3.953,-6.631],[-3.953,-6.617],[-4.086,-6.498],[-4.381,-6.322],[-4.388,-6.217],[-4.374,-6.146],[-4.332,-6.062],[-4.304,-6.034],[-4.22,-5.977],[-4.051,-5.942]]]]},"properties":{"abbr":"CeC","name":"central amygdaloid nucleus, capsular part","plate":29,"ap_bregma_mm":-2.0,"area_mm2":0.5224,"traced_fraction":[0.9,0.966],"n_labels":2,"no_drawn_outline":false}},{"type":"Feature","geometry":{"type":"MultiPolygon","coordinates":[[[[-3.638,-6.449],[-3.617,-6.533],[-3.624,-6.603],[-3.708,-6.723],[-3.792,-6.786],[-3.834,-6.758],[-3.841,-6.73],[-3.757,-6.624],[-3.757,-6.596],[-3.736,-6.568],[-3.722,-6.456],[-3.638,-6.449]]]]},"properties":{"abbr":"CeM","name":"central amygdaloid nucleus, medial division","plate":29,"ap_bregma_mm":-2.0,"area_mm2":0.0362,"traced_fraction":[0.854],"n_labels":2,"no_drawn_outline":false}},{"type":"Feature","geometry":{"type":"MultiPolygon","coordinates":[[[[0.485,-6.111],[0.555,-6.174],[0.541,-6.561],[0.534,-6.582],[0.506,-6.589],[0.478,-6.617],[0.422,-6.575],[0.296,-6.526],[0.12,-6.54],[0.135,-6.624],[0.135,-6.8],[0.099,-7.117],[0.078,-7.18],[0.001,-7.159],[0.043,-7.025],[0.036,-6.899],[0.05,-6.589],[0.015,-6.526],[-0.02,-6.533],[-0.041,-6.554],[-0.076,-6.519],[-0.097,-6.519],[-0.132,-6.589],[-0.265,-6.561],[-0.314,-6.582],[-0.384,-6.638],[-0.44,-6.582],[-0.475,-6.568],[-0.482,-6.329],[-0.518,-6.329],[-0.574,-6.273],[-0.511,-6.167],[-0.49,-6.153],[-0.447,-6.217],[-0.377,-6.217],[-0.286,-6.174],[-0.279,-6.308],[-0.223,-6.364],[-0.16,-6.385],[-0.153,-6.399],[-0.02,-6.434],[0.078,-6.428],[0.268,-6.35],[0.331,-6.294],[0.331,-6.202],[0.38,-6.209],[0.436,-6.188],[0.485,-6.111]]]]},"properties":{"abbr":"DA","name":"dorsal hypothalamic area","plate":29,"ap_bregma_mm":-2.0,"area_mm2":0.3258,"traced_fraction":[0.747],"n_labels":2,"no_drawn_outline":true}},{"type":"Feature","geometry":{"type":"MultiPolygon","coordinates":[[[[5.19,-6.519],[5.218,-6.645],[5.26,-6.73],[5.274,-6.8],[5.26,-6.899],[5.218,-6.99],[5.134,-7.089],[5.12,-7.089],[4.986,-7.208],[4.958,-7.285],[4.958,-7.384],[4.916,-7.405],[4.825,-7.285],[4.804,-7.201],[4.804,-7.138],[4.811,-7.11],[4.825,-7.089],[4.818,-7.018],[4.825,-6.99],[4.888,-6.885],[4.867,-6.871],[4.867,-6.849],[4.916,-6.821],[4.986,-6.751],[4.986,-6.737],[5.099,-6.624],[5.141,-6.554],[5.19,-6.519]]],[[[-5.187,-6.695],[-5.145,-6.744],[-5.103,-6.828],[-4.97,-6.955],[-4.97,-6.99],[-4.935,-7.004],[-4.9,-7.096],[-4.886,-7.18],[-4.907,-7.187],[-4.907,-7.222],[-4.886,-7.236],[-4.886,-7.257],[-4.907,-7.377],[-4.9,-7.574],[-4.949,-7.609],[-4.998,-7.616],[-5.075,-7.511],[-5.264,-7.138],[-5.278,-6.969],[-5.229,-6.842],[-5.215,-6.723],[-5.201,-6.695],[-5.187,-6.695]]]]},"properties":{"abbr":"DEn","name":"dorsal endopiriform nucleus","plate":29,"ap_bregma_mm":-2.0,"area_mm2":0.4213,"traced_fraction":[1.0,1.0],"n_labels":2,"no_drawn_outline":false}},{"type":"Feature","geometry":{"type":"MultiPolygon","coordinates":[[[[3.128,-3.277],[3.171,-3.277],[3.353,-3.326],[3.528,-3.424],[3.598,-3.509],[3.619,-3.565],[3.633,-3.769],[3.556,-3.797],[3.486,-3.804],[3.479,-3.825],[3.409,-3.804],[3.339,-3.804],[3.318,-3.776],[3.205,-3.713],[3.15,-3.656],[3.128,-3.614],[3.107,-3.467],[3.107,-3.34],[3.128,-3.277]]],[[[-2.866,-3.312],[-2.866,-3.375],[-2.894,-3.417],[-3.105,-3.628],[-3.217,-3.699],[-3.336,-3.811],[-3.427,-3.867],[-3.448,-3.853],[-3.617,-3.839],[-3.659,-3.825],[-3.708,-3.783],[-3.743,-3.776],[-3.757,-3.762],[-3.757,-3.663],[-3.736,-3.607],[-3.638,-3.488],[-3.525,-3.41],[-3.42,-3.368],[-3.196,-3.312],[-3.049,-3.326],[-2.915,-3.326],[-2.866,-3.312]]]]},"properties":{"abbr":"DLG","name":"dorsal lateral geniculate nucleus","plate":29,"ap_bregma_mm":-2.0,"area_mm2":0.5013,"traced_fraction":[0.996,1.0],"n_labels":2,"no_drawn_outline":false}},{"type":"Feature","geometry":{"type":"MultiPolygon","coordinates":[[[[0.478,-6.617],[0.548,-6.723],[0.562,-6.821],[0.639,-6.899],[0.78,-6.913],[0.85,-6.983],[0.808,-7.068],[0.815,-7.187],[0.857,-7.285],[0.934,-7.377],[0.801,-7.384],[0.766,-7.412],[0.745,-7.412],[0.709,-7.37],[0.688,-7.37],[0.681,-7.384],[0.653,-7.377],[0.562,-7.3],[0.576,-7.272],[0.506,-7.236],[0.345,-7.194],[0.219,-7.208],[0.191,-7.222],[0.205,-7.257],[0.114,-7.328],[0.071,-7.384],[0.057,-7.433],[0.036,-7.433],[0.001,-7.405],[0.078,-7.285],[0.114,-7.272],[0.078,-7.264],[0.078,-7.18],[0.099,-7.117],[0.135,-6.8],[0.135,-6.624],[0.12,-6.54],[0.296,-6.526],[0.422,-6.575],[0.478,-6.617]]],[[[-0.132,-6.589],[-0.132,-7.018],[-0.104,-7.187],[-0.097,-7.377],[-0.146,-7.342],[-0.251,-7.3],[-0.356,-7.3],[-0.546,-7.356],[-0.553,-7.166],[-0.861,-7.159],[-0.868,-7.11],[-0.945,-6.983],[-0.896,-6.934],[-0.602,-6.927],[-0.482,-6.814],[-0.447,-6.716],[-0.384,-6.638],[-0.314,-6.582],[-0.265,-6.561],[-0.132,-6.589]]]]},"properties":{"abbr":"DM","name":"dorsomedial hypothalamic nucleus","plate":29,"ap_bregma_mm":-2.0,"area_mm2":0.8001,"traced_fraction":[0.862,0.679],"n_labels":2,"no_drawn_outline":false}},{"type":"Feature","geometry":{"type":"MultiPolygon","coordinates":[[[[5.709,-5.204],[6.585,-5.64],[7.139,-5.879],[7.069,-6.027],[7.055,-6.027],[7.041,-6.069],[7.013,-6.09],[6.992,-6.139],[6.978,-6.139],[6.879,-6.287],[6.865,-6.287],[6.865,-6.301],[6.753,-6.406],[6.676,-6.456],[6.571,-6.498],[6.536,-6.456],[6.452,-6.413],[6.22,-6.252],[6.031,-6.069],[6.017,-6.069],[5.779,-5.802],[5.625,-5.569],[5.617,-5.541],[5.582,-5.506],[5.582,-5.478],[5.653,-5.365],[5.709,-5.204]]],[[[-5.58,-5.464],[-5.524,-5.569],[-5.482,-5.724],[-5.51,-5.738],[-5.587,-5.9],[-5.769,-6.146],[-6.042,-6.406],[-6.162,-6.498],[-6.421,-6.66],[-6.456,-6.702],[-6.631,-6.624],[-6.877,-6.463],[-6.898,-6.434],[-6.94,-6.413],[-6.94,-6.399],[-7.031,-6.336],[-7.059,-6.287],[-7.08,-6.28],[-7.08,-6.259],[-7.017,-6.209],[-6.947,-6.188],[-6.295,-5.879],[-6.288,-5.865],[-6.0,-5.717],[-5.72,-5.534],[-5.58,-5.464]]]]},"properties":{"abbr":"Ect","name":"ectorhinal cortex","plate":29,"ap_bregma_mm":-2.0,"area_mm2":1.7896,"traced_fraction":[1.0,1.0],"n_labels":2,"no_drawn_outline":false}},{"type":"Feature","geometry":{"type":"MultiPolygon","coordinates":[[[[0.226,-2.601],[0.191,-2.679],[0.191,-2.686],[0.198,-2.693],[0.205,-2.7],[0.212,-2.7],[0.219,-2.742],[0.296,-2.798],[0.303,-2.84],[0.233,-2.862],[0.184,-2.805],[0.142,-2.784],[0.135,-2.763],[0.071,-2.728],[0.092,-2.848],[0.135,-2.904],[0.17,-2.967],[0.24,-3.023],[0.31,-3.143],[0.268,-3.206],[0.282,-3.263],[0.282,-3.333],[0.268,-3.347],[0.191,-3.347],[0.142,-3.326],[0.029,-3.213],[-0.041,-3.178],[-0.09,-3.178],[-0.132,-3.199],[-0.195,-3.291],[-0.209,-3.305],[-0.237,-3.305],[-0.251,-3.291],[-0.258,-3.234],[-0.307,-3.157],[-0.321,-3.122],[-0.342,-3.108],[-0.335,-3.066],[-0.293,-3.002],[-0.251,-2.939],[-0.181,-2.883],[-0.167,-2.855],[-0.146,-2.848],[-0.111,-2.798],[-0.076,-2.728],[-0.069,-2.672],[-0.118,-2.693],[-0.146,-2.749],[-0.216,-2.812],[-0.216,-2.826],[-0.272,-2.826],[-0.293,-2.812],[-0.293,-2.805],[-0.286,-2.686],[-0.265,-2.679],[-0.251,-2.707],[-0.237,-2.707],[-0.181,-2.644],[-0.181,-2.615],[-0.132,-2.608],[-0.069,-2.644],[-0.006,-2.644],[0.078,-2.637],[0.163,-2.601],[0.226,-2.601]]]]},"properties":{"abbr":"FC","name":"fasciola cinereum","plate":29,"ap_bregma_mm":-2.0,"area_mm2":0.2997,"traced_fraction":[0.991],"n_labels":1,"no_drawn_outline":false}},{"type":"Feature","geometry":{"type":"MultiPolygon","coordinates":[[[[-4.71,-4.824],[-4.682,-4.852],[-4.633,-4.972],[-4.458,-5.232],[-4.528,-5.302],[-4.752,-5.302],[-4.766,-5.147],[-4.738,-4.866],[-4.724,-4.824],[-4.71,-4.824]]],[[[4.65,-4.88],[4.713,-4.929],[4.769,-5.084],[4.79,-5.253],[4.755,-5.408],[4.671,-5.548],[4.58,-5.64],[4.411,-5.745],[4.285,-5.802],[4.271,-5.823],[4.215,-5.83],[4.215,-5.633],[4.082,-5.633],[4.11,-5.52],[4.159,-5.415],[4.531,-5.042],[4.65,-4.88]]]]},"properties":{"abbr":"GP","name":"globus pallidus","plate":29,"ap_bregma_mm":-2.0,"area_mm2":0.43,"traced_fraction":[0.799,0.88],"n_labels":2,"no_drawn_outline":false}},{"type":"Feature","geometry":{"type":"MultiPolygon","coordinates":[[[[2.0,-2.791],[1.979,-2.812],[1.852,-2.812],[1.733,-2.84],[1.621,-2.84],[1.523,-2.862],[1.242,-2.96],[1.004,-3.066],[0.787,-3.08],[0.709,-3.115],[0.703,-3.157],[0.737,-3.178],[1.011,-3.171],[1.102,-3.185],[1.334,-3.164],[1.53,-3.108],[1.586,-3.08],[1.754,-3.059],[1.88,-3.059],[1.929,-3.073],[1.972,-3.108],[1.972,-3.157],[1.88,-3.136],[1.775,-3.136],[1.607,-3.164],[1.291,-3.263],[1.095,-3.263],[0.948,-3.241],[0.822,-3.277],[0.737,-3.277],[0.625,-3.234],[0.541,-3.143],[0.534,-3.08],[0.555,-3.059],[0.632,-3.03],[0.878,-3.016],[1.039,-2.981],[1.341,-2.848],[1.544,-2.784],[1.761,-2.756],[1.943,-2.756],[2.0,-2.791]]],[[[-2.025,-3.206],[-2.053,-3.199],[-2.06,-3.171],[-1.99,-3.122],[-1.899,-3.094],[-1.738,-3.087],[-1.373,-3.157],[-1.149,-3.178],[-0.889,-3.178],[-0.763,-3.143],[-0.749,-3.122],[-0.756,-3.101],[-1.205,-3.016],[-1.24,-2.995],[-1.331,-2.981],[-1.436,-2.939],[-1.625,-2.89],[-2.018,-2.869],[-2.109,-2.876],[-2.172,-2.862],[-2.193,-2.84],[-2.165,-2.819],[-2.074,-2.805],[-1.667,-2.812],[-1.611,-2.833],[-1.457,-2.855],[-1.128,-2.96],[-0.84,-3.002],[-0.693,-3.009],[-0.651,-3.023],[-0.616,-3.073],[-0.616,-3.15],[-0.637,-3.185],[-0.686,-3.234],[-0.77,-3.263],[-1.282,-3.248],[-1.492,-3.227],[-1.815,-3.164],[-2.025,-3.206]]]]},"properties":{"abbr":"GrDG","name":"granular layer of the dentate gyrus","plate":29,"ap_bregma_mm":-2.0,"area_mm2":0.4642,"traced_fraction":[0.999,0.995],"n_labels":2,"no_drawn_outline":false}},{"type":"Feature","geometry":{"type":"MultiPolygon","coordinates":[[[[-0.083,-4.655],[0.05,-4.662],[0.092,-4.866],[0.12,-4.915],[0.205,-4.993],[0.135,-5.028],[0.008,-5.042],[-0.16,-5.035],[-0.209,-5.014],[-0.209,-4.993],[-0.188,-4.979],[-0.16,-4.922],[-0.083,-4.655]]]]},"properties":{"abbr":"IMD","name":"intermediodorsal thalamic nucleus","plate":29,"ap_bregma_mm":-2.0,"area_mm2":0.0931,"traced_fraction":[0.995],"n_labels":1,"no_drawn_outline":false}},{"type":"Feature","geometry":{"type":"MultiPolygon","coordinates":[[[[1.887,-3.277],[1.901,-3.305],[1.901,-3.382],[1.88,-3.495],[1.859,-3.832],[1.831,-3.938],[1.838,-4.008],[1.803,-4.036],[1.663,-4.05],[1.495,-4.107],[1.446,-4.142],[1.404,-4.142],[1.397,-4.135],[1.39,-4.128],[1.368,-3.994],[1.341,-3.938],[1.277,-3.72],[1.242,-3.649],[1.172,-3.579],[1.172,-3.558],[1.186,-3.558],[1.2,-3.53],[1.341,-3.473],[1.362,-3.445],[1.446,-3.403],[1.572,-3.375],[1.817,-3.284],[1.887,-3.277]]],[[[-1.772,-3.361],[-1.359,-3.467],[-1.303,-3.495],[-1.282,-3.53],[-1.205,-3.579],[-1.226,-3.621],[-1.268,-3.825],[-1.422,-4.233],[-1.667,-4.212],[-1.815,-4.17],[-1.899,-4.121],[-1.983,-3.987],[-1.997,-3.776],[-1.962,-3.53],[-1.941,-3.467],[-1.878,-3.368],[-1.787,-3.375],[-1.772,-3.361]]]]},"properties":{"abbr":"LDVL","name":"laterodorsal thalamic nucleus, ventrolateral part","plate":29,"ap_bregma_mm":-2.0,"area_mm2":0.932,"traced_fraction":[1.0,1.0],"n_labels":2,"no_drawn_outline":false}},{"type":"Feature","geometry":{"type":"MultiPolygon","coordinates":[[[[5.218,-6.47],[5.4,-6.631],[5.631,-6.758],[5.793,-6.814],[6.003,-6.842],[6.143,-6.892],[6.227,-6.906],[6.214,-7.025],[6.185,-7.103],[6.15,-7.152],[6.087,-7.124],[5.954,-7.103],[5.884,-7.082],[5.821,-7.039],[5.758,-7.025],[5.659,-6.976],[5.631,-6.976],[5.625,-6.962],[5.456,-6.885],[5.33,-6.807],[5.274,-6.8],[5.26,-6.73],[5.218,-6.645],[5.19,-6.519],[5.197,-6.484],[5.218,-6.47]]]]},"properties":{"abbr":"LEnt","name":"lateral entorhinal cortex","plate":29,"ap_bregma_mm":-2.0,"area_mm2":0.2344,"traced_fraction":[1.0],"n_labels":1,"no_drawn_outline":false}},{"type":"Feature","geometry":{"type":"MultiPolygon","coordinates":[[[[2.133,-2.496],[2.126,-2.601],[2.07,-2.637],[1.985,-2.644],[1.754,-2.601],[1.481,-2.615],[1.383,-2.651],[1.291,-2.665],[1.088,-2.763],[0.92,-2.826],[0.639,-2.904],[0.422,-2.946],[0.24,-3.023],[0.17,-2.967],[0.135,-2.904],[0.233,-2.862],[0.303,-2.84],[0.359,-2.833],[0.541,-2.763],[0.822,-2.679],[1.172,-2.538],[1.228,-2.503],[1.53,-2.426],[1.663,-2.412],[1.943,-2.426],[2.056,-2.454],[2.133,-2.496]]],[[[-0.3,-2.812],[-0.293,-2.812],[-0.272,-2.826],[-0.216,-2.826],[-0.167,-2.855],[-0.167,-2.869],[-0.251,-2.939],[-0.293,-3.002],[-0.349,-2.974],[-0.714,-2.89],[-1.015,-2.784],[-1.303,-2.721],[-1.415,-2.679],[-1.611,-2.651],[-1.899,-2.644],[-2.018,-2.658],[-2.2,-2.714],[-2.348,-2.735],[-2.432,-2.7],[-2.46,-2.658],[-2.467,-2.615],[-2.404,-2.573],[-2.319,-2.545],[-1.913,-2.468],[-1.611,-2.461],[-1.576,-2.475],[-1.422,-2.475],[-1.212,-2.531],[-0.945,-2.637],[-0.3,-2.812]]]]},"properties":{"abbr":"LMol","name":"lacunosum moleculare layer of the hippocampus","plate":29,"ap_bregma_mm":-2.0,"area_mm2":0.7567,"traced_fraction":[0.998,0.996],"n_labels":2,"no_drawn_outline":false}},{"type":"Feature","geometry":{"type":"MultiPolygon","coordinates":[[[[2.54,-3.143],[2.553,-3.143],[2.574,-3.157],[2.701,-3.164],[2.764,-3.185],[2.897,-3.199],[3.128,-3.277],[3.107,-3.34],[3.107,-3.467],[3.128,-3.614],[3.15,-3.656],[3.205,-3.713],[3.318,-3.776],[3.339,-3.804],[3.297,-3.825],[3.22,-3.91],[3.205,-3.959],[3.213,-4.029],[3.114,-4.022],[3.072,-4.008],[3.023,-3.959],[2.932,-3.917],[2.729,-3.867],[2.595,-3.853],[2.54,-3.706],[2.504,-3.537],[2.504,-3.298],[2.54,-3.143]]],[[[-2.383,-3.241],[-2.383,-3.277],[-2.319,-3.389],[-2.319,-3.586],[-2.333,-3.684],[-2.383,-3.832],[-2.425,-3.91],[-2.565,-4.043],[-2.565,-4.057],[-2.866,-4.107],[-3.273,-4.114],[-3.308,-3.973],[-3.343,-3.938],[-3.441,-3.903],[-3.427,-3.867],[-3.336,-3.811],[-3.217,-3.699],[-3.105,-3.628],[-2.894,-3.417],[-2.866,-3.375],[-2.866,-3.312],[-2.726,-3.269],[-2.691,-3.241],[-2.509,-3.227],[-2.418,-3.227],[-2.383,-3.241]]]]},"properties":{"abbr":"LPLR","name":"lateral posterior thalamic nucleus, laterorostral part","plate":29,"ap_bregma_mm":-2.0,"area_mm2":1.1052,"traced_fraction":[1.0,1.0],"n_labels":2,"no_drawn_outline":false}},{"type":"Feature","geometry":{"type":"MultiPolygon","coordinates":[[[[2.54,-3.143],[2.504,-3.298],[2.504,-3.537],[2.54,-3.706],[2.595,-3.853],[2.504,-3.853],[2.245,-3.895],[1.838,-4.008],[1.831,-3.938],[1.859,-3.832],[1.88,-3.495],[1.901,-3.382],[1.901,-3.305],[1.887,-3.277],[1.901,-3.255],[1.985,-3.206],[2.042,-3.185],[2.252,-3.15],[2.406,-3.136],[2.54,-3.143]]],[[[-2.067,-3.269],[-2.046,-3.319],[-1.878,-3.368],[-1.941,-3.467],[-1.962,-3.53],[-1.997,-3.776],[-1.983,-3.987],[-1.899,-4.121],[-1.927,-4.135],[-1.955,-4.114],[-2.144,-4.078],[-2.411,-4.05],[-2.565,-4.057],[-2.565,-4.043],[-2.425,-3.91],[-2.383,-3.832],[-2.333,-3.684],[-2.319,-3.586],[-2.319,-3.389],[-2.383,-3.277],[-2.383,-3.241],[-2.242,-3.234],[-2.067,-3.269]]]]},"properties":{"abbr":"LPMR","name":"lateral posterior thalamic nucleus, mediorostral part","plate":29,"ap_bregma_mm":-2.0,"area_mm2":0.822,"traced_fraction":[1.0,1.0],"n_labels":2,"no_drawn_outline":false}},{"type":"Feature","geometry":{"type":"MultiPolygon","coordinates":[[[[2.82,-0.892],[3.107,-0.956],[3.121,-0.956],[3.142,-0.963],[3.171,-0.97],[3.199,-0.977],[3.22,-0.984],[3.248,-0.991],[3.269,-0.998],[3.297,-1.005],[3.318,-1.012],[3.346,-1.019],[3.374,-1.026],[3.395,-1.033],[3.423,-1.04],[3.444,-1.04],[3.444,-1.054],[3.465,-1.061],[3.661,-1.11],[3.668,-1.11],[3.788,-1.146],[3.83,-1.153],[3.822,-1.167],[3.963,-1.202],[4.166,-1.279],[4.117,-1.42],[4.061,-1.518],[3.998,-1.694],[3.928,-1.828],[3.83,-2.095],[3.745,-2.257],[3.717,-2.348],[3.689,-2.348],[3.044,-2.053],[2.617,-1.919],[2.715,-1.441],[2.75,-1.195],[2.778,-1.103],[2.792,-0.97],[2.82,-0.892]]],[[[-2.894,-0.942],[-2.894,-0.991],[-2.845,-1.23],[-2.81,-1.335],[-2.705,-1.905],[-2.677,-1.982],[-3.084,-2.109],[-3.427,-2.257],[-3.434,-2.271],[-3.554,-2.327],[-3.631,-2.348],[-3.694,-2.257],[-3.743,-2.144],[-3.757,-2.137],[-3.995,-1.68],[-4.206,-1.314],[-4.192,-1.293],[-4.17,-1.293],[-4.149,-1.272],[-4.128,-1.272],[-4.121,-1.258],[-3.925,-1.167],[-3.925,-1.153],[-3.904,-1.146],[-3.89,-1.153],[-3.89,-1.138],[-3.869,-1.131],[-3.855,-1.124],[-3.652,-1.047],[-3.631,-1.04],[-3.617,-1.033],[-3.596,-1.04],[-3.504,-1.019],[-3.497,-0.998],[-3.455,-0.998],[-3.119,-0.956],[-3.063,-0.949],[-2.978,-0.956],[-2.894,-0.942]]],[[[3.107,-0.949],[3.121,-0.956],[3.107,-0.956],[3.107,-0.949]]],[[[3.661,-1.103],[3.668,-1.11],[3.661,-1.11],[3.661,-1.103]]]]},"properties":{"abbr":"LPtA","name":"lateral parietal association cortex","plate":29,"ap_bregma_mm":-2.0,"area_mm2":2.8174,"traced_fraction":[1.0,1.0,1.0,1.0],"n_labels":1,"no_drawn_outline":false}},{"type":"Feature","geometry":{"type":"MultiPolygon","coordinates":[[[[3.809,-2.601],[3.858,-2.601],[3.956,-2.629],[4.068,-2.693],[4.11,-2.735],[4.096,-2.777],[4.103,-2.883],[4.159,-2.967],[4.194,-3.073],[4.271,-3.199],[4.299,-3.305],[4.369,-3.396],[4.398,-3.467],[4.426,-3.607],[4.426,-3.699],[4.398,-3.818],[4.348,-3.903],[4.306,-3.924],[4.257,-3.846],[4.124,-3.699],[4.005,-3.467],[3.935,-3.248],[3.907,-2.911],[3.816,-2.749],[3.801,-2.679],[3.809,-2.601]]],[[[-3.946,-2.728],[-3.953,-2.763],[-4.143,-3.023],[-4.198,-3.15],[-4.198,-3.241],[-4.255,-3.438],[-4.255,-3.769],[-4.325,-4.008],[-4.29,-4.149],[-4.332,-4.149],[-4.367,-4.099],[-4.402,-3.931],[-4.402,-3.832],[-4.367,-3.677],[-4.367,-3.551],[-4.353,-3.53],[-4.339,-3.298],[-4.325,-3.192],[-4.311,-3.178],[-4.304,-3.052],[-4.269,-2.939],[-4.234,-2.883],[-4.149,-2.805],[-4.093,-2.784],[-4.051,-2.749],[-4.002,-2.728],[-3.946,-2.728]]]]},"properties":{"abbr":"LV","name":"lateral ventricle","plate":29,"ap_bregma_mm":-2.0,"area_mm2":0.5363,"traced_fraction":[1.0,1.0],"n_labels":2,"no_drawn_outline":false}},{"type":"Feature","geometry":{"type":"MultiPolygon","coordinates":[[[[5.449,-5.59],[5.442,-5.689],[5.372,-6.005],[5.302,-6.181],[5.288,-6.181],[5.288,-6.167],[5.183,-6.055],[5.134,-6.027],[5.015,-5.991],[4.902,-5.991],[4.902,-5.977],[4.972,-5.921],[5.26,-5.752],[5.393,-5.619],[5.449,-5.59]]],[[[-5.278,-5.928],[-5.25,-5.928],[-5.054,-6.041],[-4.9,-6.146],[-4.794,-6.245],[-4.998,-6.322],[-5.075,-6.378],[-5.194,-6.498],[-5.208,-6.491],[-5.236,-6.28],[-5.292,-6.09],[-5.278,-5.928]]]]},"properties":{"abbr":"LaD","name":"lateral amygdaloid nucleus, dorsal part","plate":29,"ap_bregma_mm":-2.0,"area_mm2":0.2591,"traced_fraction":[1.0,1.0],"n_labels":2,"no_drawn_outline":false}},{"type":"Feature","geometry":{"type":"MultiPolygon","coordinates":[[[[4.902,-5.991],[5.015,-5.991],[5.134,-6.027],[5.183,-6.055],[5.253,-6.125],[5.288,-6.181],[5.302,-6.181],[5.267,-6.329],[5.211,-6.449],[5.218,-6.47],[5.197,-6.484],[5.19,-6.519],[5.141,-6.554],[5.099,-6.624],[4.986,-6.737],[4.986,-6.751],[4.916,-6.821],[4.867,-6.849],[4.867,-6.871],[4.846,-6.878],[4.818,-6.934],[4.811,-6.99],[4.825,-6.99],[4.818,-7.018],[4.797,-7.025],[4.797,-7.082],[4.811,-7.11],[4.804,-7.138],[4.734,-7.138],[4.657,-7.103],[4.545,-6.962],[4.236,-6.667],[4.187,-6.568],[4.166,-6.47],[4.159,-6.456],[4.159,-6.449],[4.152,-6.434],[4.152,-6.413],[4.25,-6.322],[4.706,-6.104],[4.748,-6.055],[4.818,-6.013],[4.902,-5.991]]],[[[-4.794,-6.245],[-4.745,-6.259],[-4.717,-6.273],[-4.682,-6.266],[-4.682,-6.287],[-4.654,-6.315],[-4.374,-6.42],[-4.304,-6.463],[-4.283,-6.491],[-4.304,-6.8],[-4.339,-6.927],[-4.437,-7.082],[-4.542,-7.194],[-4.542,-7.208],[-4.71,-7.257],[-4.886,-7.257],[-4.886,-7.236],[-4.886,-7.18],[-4.9,-7.096],[-4.935,-7.004],[-4.942,-6.976],[-4.97,-6.955],[-5.103,-6.828],[-5.145,-6.744],[-5.187,-6.695],[-5.194,-6.674],[-5.194,-6.498],[-5.075,-6.378],[-4.998,-6.322],[-4.794,-6.245]]]]},"properties":{"abbr":"LaV","name":"lateral amygdaloid nucleus, ventral part","plate":29,"ap_bregma_mm":-2.0,"area_mm2":1.3928,"traced_fraction":[0.998,1.0],"n_labels":2,"no_drawn_outline":false}},{"type":"Feature","geometry":{"type":"MultiPolygon","coordinates":[[[[1.67,-6.716],[1.712,-6.772],[1.831,-6.793],[1.908,-6.842],[1.873,-6.941],[1.803,-7.018],[1.733,-7.046],[1.628,-7.046],[1.6,-7.032],[1.523,-6.976],[1.509,-6.92],[1.53,-6.857],[1.579,-6.786],[1.649,-6.716],[1.67,-6.716]]],[[[-1.717,-6.814],[-1.604,-6.885],[-1.541,-6.955],[-1.52,-7.046],[-1.527,-7.11],[-1.576,-7.152],[-1.709,-7.159],[-1.801,-7.103],[-1.836,-7.053],[-1.892,-7.089],[-1.941,-7.032],[-1.955,-6.976],[-1.864,-6.962],[-1.864,-6.948],[-1.717,-6.814]]]]},"properties":{"abbr":"MCLH","name":"magnocellular nucleus of the lateral hypothalamus","plate":29,"ap_bregma_mm":-2.0,"area_mm2":0.1795,"traced_fraction":[0.961,0.958],"n_labels":1,"no_drawn_outline":false}},{"type":"Feature","geometry":{"type":"MultiPolygon","coordinates":[[[[1.053,-3.741],[1.116,-3.804],[1.193,-3.924],[1.249,-4.078],[1.27,-4.212],[1.27,-4.374],[1.228,-4.564],[0.864,-4.564],[0.871,-4.986],[0.808,-5.021],[0.667,-5.056],[0.38,-5.056],[0.268,-5.028],[0.205,-4.993],[0.12,-4.915],[0.092,-4.866],[0.05,-4.662],[0.05,-4.522],[0.086,-4.324],[0.555,-4.324],[0.555,-4.078],[0.695,-4.071],[0.801,-4.036],[0.892,-3.98],[0.962,-3.917],[0.941,-3.874],[0.948,-3.853],[0.969,-3.853],[0.997,-3.825],[1.004,-3.797],[1.053,-3.741]]],[[[-1.156,-3.79],[-1.085,-3.86],[-1.071,-3.86],[-1.043,-3.91],[-1.029,-3.91],[-0.98,-3.966],[-0.931,-3.987],[-0.931,-4.022],[-0.847,-4.078],[-0.763,-4.099],[-0.616,-4.099],[-0.616,-4.332],[-0.16,-4.332],[-0.111,-4.451],[-0.083,-4.655],[-0.16,-4.922],[-0.188,-4.979],[-0.209,-4.993],[-0.209,-5.014],[-0.23,-5.014],[-0.258,-5.049],[-0.335,-5.084],[-0.63,-5.105],[-0.665,-5.119],[-0.854,-5.084],[-0.854,-4.613],[-1.24,-4.613],[-1.268,-4.381],[-1.247,-4.226],[-1.254,-4.064],[-1.205,-3.846],[-1.177,-3.797],[-1.156,-3.79]]]]},"properties":{"abbr":"MDC","name":"mediodorsal thalamic nucleus, central part","plate":29,"ap_bregma_mm":-2.0,"area_mm2":1.7884,"traced_fraction":[0.687,0.682],"n_labels":2,"no_drawn_outline":true}},{"type":"Feature","geometry":{"type":"MultiPolygon","coordinates":[[[[1.228,-4.564],[1.193,-4.676],[1.137,-4.761],[1.137,-4.789],[1.109,-4.803],[1.039,-4.901],[1.018,-4.901],[0.955,-4.95],[0.871,-4.986],[0.864,-4.564],[1.228,-4.564]]],[[[-1.24,-4.613],[-0.854,-4.613],[-0.854,-5.084],[-0.98,-5.056],[-1.043,-5.021],[-1.121,-4.95],[-1.149,-4.894],[-1.17,-4.873],[-1.191,-4.873],[-1.212,-4.852],[-1.212,-4.761],[-1.24,-4.613]]]]},"properties":{"abbr":"MDL","name":"mediodorsal thalamic nucleus, lateral part","plate":29,"ap_bregma_mm":-2.0,"area_mm2":0.2433,"traced_fraction":[0.469,0.482],"n_labels":2,"no_drawn_outline":true}},{"type":"Feature","geometry":{"type":"MultiPolygon","coordinates":[[[[0.289,-4.029],[0.352,-4.036],[0.387,-4.057],[0.555,-4.078],[0.555,-4.324],[0.086,-4.324],[0.114,-4.219],[0.149,-4.156],[0.219,-4.078],[0.289,-4.029]]],[[[-0.349,-4.057],[-0.342,-4.057],[-0.349,-4.085],[-0.244,-4.184],[-0.23,-4.184],[-0.16,-4.332],[-0.616,-4.332],[-0.616,-4.099],[-0.349,-4.057]]]]},"properties":{"abbr":"MDM","name":"mediodorsal thalamic nucleus, medial part","plate":29,"ap_bregma_mm":-2.0,"area_mm2":0.2067,"traced_fraction":[0.51,0.519],"n_labels":2,"no_drawn_outline":true}},{"type":"Feature","geometry":{"type":"MultiPolygon","coordinates":[[[[0.352,-3.361],[0.38,-3.382],[0.45,-3.502],[0.457,-3.628],[0.443,-3.748],[0.415,-3.832],[0.373,-3.881],[0.282,-3.91],[0.205,-3.91],[0.149,-3.874],[0.128,-3.79],[0.135,-3.656],[0.268,-3.438],[0.331,-3.361],[0.352,-3.361]]],[[[-0.405,-3.41],[-0.356,-3.452],[-0.335,-3.495],[-0.23,-3.586],[-0.216,-3.614],[-0.167,-3.762],[-0.174,-3.924],[-0.321,-3.931],[-0.391,-3.91],[-0.419,-3.874],[-0.475,-3.72],[-0.496,-3.586],[-0.475,-3.537],[-0.482,-3.509],[-0.426,-3.417],[-0.405,-3.41]]]]},"properties":{"abbr":"MHb","name":"medial habenular nucleus","plate":29,"ap_bregma_mm":-2.0,"area_mm2":0.2484,"traced_fraction":[1.0,0.969],"n_labels":2,"no_drawn_outline":false}},{"type":"Feature","geometry":{"type":"MultiPolygon","coordinates":[[[[1.305,-0.562],[1.6,-0.604],[1.74,-0.646],[2.196,-0.731],[2.82,-0.892],[2.792,-0.97],[2.778,-1.103],[2.75,-1.195],[2.715,-1.441],[2.617,-1.919],[2.203,-1.821],[1.747,-1.75],[1.284,-1.708],[1.291,-1.462],[1.277,-1.342],[1.277,-1.096],[1.305,-0.562]]],[[[-1.282,-0.632],[-1.205,-1.771],[-1.233,-1.786],[-1.702,-1.807],[-1.948,-1.849],[-2.39,-1.912],[-2.677,-1.982],[-2.705,-1.905],[-2.81,-1.335],[-2.845,-1.23],[-2.894,-0.991],[-2.894,-0.942],[-2.677,-0.913],[-2.677,-0.899],[-2.621,-0.892],[-2.565,-0.885],[-2.284,-0.85],[-2.102,-0.808],[-2.067,-0.801],[-2.039,-0.794],[-2.011,-0.787],[-1.955,-0.794],[-1.829,-0.773],[-1.541,-0.695],[-1.52,-0.688],[-1.52,-0.674],[-1.485,-0.667],[-1.457,-0.674],[-1.429,-0.667],[-1.429,-0.653],[-1.394,-0.646],[-1.366,-0.653],[-1.282,-0.632]]]]},"properties":{"abbr":"MPtA","name":"medial parietal association cortex","plate":29,"ap_bregma_mm":-2.0,"area_mm2":3.2479,"traced_fraction":[1.0,1.0],"n_labels":2,"no_drawn_outline":false}},{"type":"Feature","geometry":{"type":"MultiPolygon","coordinates":[[[[0.036,-7.574],[0.043,-7.574],[0.086,-7.693],[0.205,-7.792],[0.191,-7.792],[0.184,-7.834],[0.219,-7.855],[0.506,-7.94],[0.66,-7.94],[0.745,-7.926],[0.801,-7.904],[0.878,-7.827],[0.92,-7.834],[1.004,-7.736],[1.088,-7.686],[1.235,-7.686],[1.256,-7.743],[1.362,-7.813],[1.186,-8.024],[1.011,-8.137],[0.758,-8.249],[0.632,-8.284],[0.562,-8.319],[0.506,-8.326],[0.464,-8.207],[0.415,-8.158],[0.191,-8.038],[0.107,-7.954],[0.092,-7.954],[0.071,-7.904],[0.086,-7.785],[0.036,-7.792],[0.022,-7.792],[0.015,-7.665],[-0.02,-7.637],[-0.013,-7.581],[0.036,-7.574]]]]},"properties":{"abbr":"MTu","name":"medial tuberal nucleus","plate":29,"ap_bregma_mm":-2.0,"area_mm2":0.3942,"traced_fraction":[0.985],"n_labels":1,"no_drawn_outline":false}},{"type":"Feature","geometry":{"type":"MultiPolygon","coordinates":[[[[3.605,-6.005],[3.577,-6.167],[3.507,-6.301],[3.409,-6.589],[3.297,-6.814],[3.163,-7.011],[3.163,-7.053],[3.037,-7.103],[2.981,-7.11],[2.785,-7.11],[2.652,-7.089],[2.413,-7.011],[2.35,-6.962],[2.406,-6.913],[2.49,-6.878],[2.624,-6.793],[2.75,-6.674],[2.953,-6.547],[3.1,-6.428],[3.163,-6.392],[3.205,-6.343],[3.423,-6.181],[3.591,-6.005],[3.605,-6.005]]],[[[-3.504,-6.301],[-3.462,-6.308],[-3.385,-6.378],[-3.245,-6.463],[-2.993,-6.582],[-2.944,-6.631],[-2.887,-6.66],[-2.705,-6.8],[-2.467,-7.039],[-2.383,-7.096],[-2.333,-7.152],[-2.39,-7.236],[-2.474,-7.321],[-2.565,-7.37],[-2.712,-7.391],[-2.873,-7.384],[-2.894,-7.356],[-3.119,-7.229],[-3.189,-7.159],[-3.315,-6.983],[-3.357,-6.885],[-3.392,-6.695],[-3.469,-6.42],[-3.504,-6.343],[-3.504,-6.301]]]]},"properties":{"abbr":"MePD","name":"medial amygdaloid nucleus, posterodorsal part","plate":29,"ap_bregma_mm":-2.0,"area_mm2":1.0879,"traced_fraction":[1.0,1.0],"n_labels":2,"no_drawn_outline":false}},{"type":"Feature","geometry":{"type":"MultiPolygon","coordinates":[[[[2.35,-6.962],[2.413,-7.011],[2.652,-7.089],[2.638,-7.138],[2.595,-7.187],[2.574,-7.236],[2.561,-7.307],[2.343,-7.3],[2.259,-7.328],[2.217,-7.37],[2.196,-7.461],[2.238,-7.595],[2.238,-7.644],[2.126,-7.609],[1.993,-7.525],[1.985,-7.511],[1.985,-7.504],[1.972,-7.384],[2.035,-7.229],[2.112,-7.117],[2.231,-7.025],[2.35,-6.962]]],[[[-2.333,-7.152],[-2.306,-7.159],[-2.165,-7.272],[-2.116,-7.321],[-2.074,-7.391],[-2.025,-7.426],[-2.039,-7.497],[-1.99,-7.658],[-1.99,-7.736],[-2.018,-7.799],[-2.088,-7.834],[-2.256,-7.876],[-2.256,-7.848],[-2.221,-7.771],[-2.221,-7.708],[-2.235,-7.679],[-2.277,-7.637],[-2.348,-7.609],[-2.439,-7.595],[-2.495,-7.602],[-2.481,-7.574],[-2.488,-7.475],[-2.565,-7.37],[-2.474,-7.321],[-2.39,-7.236],[-2.333,-7.152]]],[[[1.979,-7.504],[1.985,-7.504],[1.985,-7.511],[1.979,-7.504]]]]},"properties":{"abbr":"MePV","name":"medial amygdaloid nucleus, posteroventral part","plate":29,"ap_bregma_mm":-2.0,"area_mm2":0.4345,"traced_fraction":[1.0,1.0,1.0],"n_labels":2,"no_drawn_outline":false}},{"type":"Feature","geometry":{"type":"MultiPolygon","coordinates":[[[[2.133,-2.496],[2.252,-2.524],[2.315,-2.559],[2.378,-2.622],[2.385,-2.7],[2.343,-2.742],[2.287,-2.763],[2.0,-2.791],[1.943,-2.756],[1.761,-2.756],[1.544,-2.784],[1.341,-2.848],[1.039,-2.981],[0.878,-3.016],[0.632,-3.03],[0.583,-3.044],[0.534,-3.08],[0.541,-3.143],[0.625,-3.234],[0.737,-3.277],[0.822,-3.277],[0.948,-3.241],[1.095,-3.263],[1.291,-3.263],[1.607,-3.164],[1.775,-3.136],[1.88,-3.136],[1.972,-3.157],[1.985,-3.206],[1.901,-3.255],[1.887,-3.277],[1.817,-3.284],[1.572,-3.375],[1.446,-3.403],[1.362,-3.445],[1.284,-3.438],[1.207,-3.467],[0.85,-3.445],[0.794,-3.467],[0.583,-3.417],[0.401,-3.284],[0.366,-3.241],[0.331,-3.157],[0.31,-3.143],[0.24,-3.023],[0.422,-2.946],[0.639,-2.904],[0.92,-2.826],[1.088,-2.763],[1.291,-2.665],[1.383,-2.651],[1.481,-2.615],[1.754,-2.601],[1.985,-2.644],[2.07,-2.637],[2.126,-2.601],[2.133,-2.496]]],[[[-2.467,-2.615],[-2.446,-2.686],[-2.411,-2.714],[-2.348,-2.735],[-2.2,-2.714],[-2.018,-2.658],[-1.899,-2.644],[-1.611,-2.651],[-1.415,-2.679],[-1.303,-2.721],[-1.015,-2.784],[-0.714,-2.89],[-0.349,-2.974],[-0.293,-3.002],[-0.335,-3.066],[-0.342,-3.108],[-0.391,-3.15],[-0.469,-3.312],[-0.609,-3.41],[-0.756,-3.452],[-0.826,-3.445],[-1.079,-3.481],[-1.134,-3.502],[-1.24,-3.488],[-1.303,-3.495],[-1.359,-3.467],[-1.772,-3.361],[-1.822,-3.326],[-2.032,-3.269],[-2.025,-3.206],[-1.815,-3.164],[-1.492,-3.227],[-1.282,-3.248],[-0.77,-3.263],[-0.686,-3.234],[-0.637,-3.185],[-0.616,-3.15],[-0.616,-3.073],[-0.651,-3.023],[-0.693,-3.009],[-0.84,-3.002],[-1.128,-2.96],[-1.457,-2.855],[-1.611,-2.833],[-1.667,-2.812],[-2.074,-2.805],[-2.165,-2.819],[-2.193,-2.84],[-2.383,-2.84],[-2.453,-2.819],[-2.516,-2.735],[-2.516,-2.651],[-2.467,-2.615]]]]},"properties":{"abbr":"MoDG","name":"molecular layer of the dentate gyrus","plate":29,"ap_bregma_mm":-2.0,"area_mm2":1.3419,"traced_fraction":[0.998,0.996],"n_labels":2,"no_drawn_outline":false}},{"type":"Feature","geometry":{"type":"MultiPolygon","coordinates":[[[[-1.212,-4.761],[-1.212,-4.852],[-1.191,-4.873],[-1.184,-4.936],[-1.17,-4.95],[-1.184,-5.056],[-1.212,-5.084],[-1.24,-5.091],[-1.324,-5.084],[-1.401,-5.0],[-1.422,-4.943],[-1.457,-4.922],[-1.464,-4.866],[-1.429,-4.852],[-1.415,-4.789],[-1.366,-4.747],[-1.31,-4.747],[-1.275,-4.768],[-1.212,-4.761]]],[[[1.39,-4.817],[1.397,-4.845],[1.347,-4.915],[1.319,-5.014],[1.291,-5.021],[1.291,-5.035],[1.313,-5.035],[1.313,-5.084],[1.277,-5.105],[1.242,-5.077],[1.172,-5.098],[1.095,-5.091],[1.06,-5.007],[1.067,-4.929],[1.039,-4.901],[1.109,-4.803],[1.137,-4.789],[1.172,-4.803],[1.221,-4.768],[1.277,-4.761],[1.39,-4.817]]]]},"properties":{"abbr":"OPC","name":"oval paracentral thalamic nucleus","plate":29,"ap_bregma_mm":-2.0,"area_mm2":0.1565,"traced_fraction":[1.0,1.0],"n_labels":2,"no_drawn_outline":false}},{"type":"Feature","geometry":{"type":"MultiPolygon","coordinates":[[[[2.974,-2.208],[3.051,-2.25],[3.128,-2.271],[3.156,-2.32],[3.318,-2.397],[3.346,-2.426],[3.367,-2.426],[3.388,-2.454],[3.472,-2.503],[3.605,-2.629],[3.633,-2.637],[3.71,-2.756],[3.724,-2.848],[3.696,-2.939],[3.647,-3.009],[3.591,-3.037],[3.332,-3.087],[3.199,-3.087],[2.918,-3.122],[2.624,-3.115],[2.574,-3.122],[2.553,-3.143],[2.54,-3.143],[2.406,-3.136],[2.252,-3.15],[2.042,-3.185],[1.985,-3.206],[1.972,-3.157],[1.972,-3.108],[1.929,-3.073],[1.88,-3.059],[1.754,-3.059],[1.586,-3.08],[1.544,-3.009],[1.915,-3.002],[2.049,-3.03],[2.189,-3.037],[2.722,-3.037],[2.841,-3.023],[3.009,-3.009],[3.205,-2.967],[3.311,-2.939],[3.374,-2.883],[3.409,-2.77],[3.388,-2.679],[3.234,-2.538],[3.142,-2.482],[3.051,-2.426],[2.785,-2.306],[2.736,-2.299],[2.617,-2.25],[2.469,-2.222],[2.336,-2.165],[2.147,-2.123],[1.775,-2.067],[1.523,-2.053],[1.418,-2.081],[1.362,-2.081],[1.193,-2.151],[1.06,-2.222],[0.801,-2.397],[0.485,-2.559],[0.366,-2.601],[0.275,-2.594],[0.303,-2.559],[0.555,-2.44],[0.773,-2.306],[0.927,-2.158],[1.095,-2.039],[1.242,-1.968],[1.383,-1.933],[1.719,-1.912],[2.063,-1.961],[2.504,-2.053],[2.799,-2.144],[2.932,-2.208],[2.974,-2.208]]],[[[-0.223,-2.601],[-0.321,-2.608],[-0.44,-2.573],[-0.728,-2.44],[-0.945,-2.285],[-0.966,-2.285],[-1.071,-2.214],[-1.268,-2.144],[-1.373,-2.137],[-1.394,-2.123],[-1.667,-2.109],[-1.955,-2.13],[-2.383,-2.208],[-2.586,-2.278],[-2.726,-2.313],[-2.775,-2.341],[-2.838,-2.355],[-2.845,-2.369],[-2.894,-2.376],[-2.965,-2.418],[-3.112,-2.461],[-3.266,-2.524],[-3.518,-2.651],[-3.631,-2.756],[-3.68,-2.876],[-3.68,-2.925],[-3.659,-2.981],[-3.609,-3.023],[-3.56,-3.044],[-3.469,-3.073],[-3.294,-3.094],[-3.189,-3.122],[-2.971,-3.136],[-2.782,-3.143],[-2.495,-3.129],[-2.291,-3.108],[-2.13,-3.059],[-1.948,-3.044],[-1.913,-3.03],[-1.73,-3.037],[-1.738,-3.087],[-1.899,-3.094],[-1.99,-3.122],[-2.06,-3.171],[-2.053,-3.199],[-2.025,-3.206],[-2.032,-3.269],[-2.067,-3.269],[-2.242,-3.234],[-2.383,-3.241],[-2.418,-3.227],[-2.691,-3.241],[-2.824,-3.213],[-3.694,-3.199],[-3.883,-3.178],[-3.967,-3.101],[-3.974,-2.988],[-3.897,-2.826],[-3.792,-2.721],[-3.715,-2.651],[-3.617,-2.566],[-3.357,-2.426],[-3.119,-2.327],[-2.971,-2.25],[-2.642,-2.137],[-2.516,-2.081],[-2.172,-2.004],[-1.618,-1.947],[-1.387,-1.947],[-1.029,-2.046],[-0.798,-2.186],[-0.546,-2.418],[-0.518,-2.426],[-0.412,-2.503],[-0.251,-2.566],[-0.223,-2.601]]]]},"properties":{"abbr":"Or","name":"oriens layer of the hippocampus","plate":29,"ap_bregma_mm":-2.0,"area_mm2":1.6565,"traced_fraction":[0.999,0.998],"n_labels":2,"no_drawn_outline":false}},{"type":"Feature","geometry":{"type":"MultiPolygon","coordinates":[[[[-1.191,-4.873],[-1.17,-4.873],[-1.121,-4.95],[-1.043,-5.021],[-0.98,-5.056],[-0.854,-5.084],[-0.665,-5.119],[-0.721,-5.218],[-0.721,-5.253],[-0.651,-5.351],[-0.798,-5.358],[-1.043,-5.309],[-1.177,-5.246],[-1.254,-5.19],[-1.31,-5.133],[-1.324,-5.084],[-1.24,-5.091],[-1.212,-5.084],[-1.184,-5.056],[-1.17,-4.95],[-1.184,-4.936],[-1.191,-4.873]]],[[[1.039,-4.901],[1.067,-4.929],[1.06,-5.007],[1.095,-5.091],[1.172,-5.098],[1.242,-5.077],[1.277,-5.105],[1.186,-5.211],[1.123,-5.253],[1.025,-5.295],[0.843,-5.33],[0.695,-5.316],[0.695,-5.302],[0.773,-5.232],[0.773,-5.19],[0.758,-5.162],[0.674,-5.091],[0.667,-5.056],[0.808,-5.021],[0.871,-4.986],[0.955,-4.95],[1.018,-4.901],[1.039,-4.901]]]]},"properties":{"abbr":"PC","name":"paracentral thalamic nucleus","plate":29,"ap_bregma_mm":-2.0,"area_mm2":0.2923,"traced_fraction":[1.0,1.0],"n_labels":2,"no_drawn_outline":false}},{"type":"Feature","geometry":{"type":"MultiPolygon","coordinates":[[[[3.486,-7.968],[3.57,-7.968],[3.752,-8.13],[3.837,-8.165],[3.921,-8.172],[3.928,-8.186],[3.998,-8.214],[3.991,-8.355],[3.872,-8.333],[3.773,-8.298],[3.584,-8.179],[3.486,-8.066],[3.486,-7.968]]],[[[-4.262,-8.418],[-4.248,-8.502],[-4.325,-8.552],[-4.43,-8.566],[-4.528,-8.474],[-4.577,-8.453],[-4.682,-8.432],[-4.851,-8.439],[-4.836,-8.312],[-4.815,-8.305],[-4.71,-8.305],[-4.612,-8.34],[-4.465,-8.362],[-4.36,-8.411],[-4.262,-8.418]]]]},"properties":{"abbr":"PLCo","name":"posterolateral cortical amygdaloid nucleus","plate":29,"ap_bregma_mm":-2.0,"area_mm2":0.1612,"traced_fraction":[0.938,0.976],"n_labels":2,"no_drawn_outline":false}},{"type":"Feature","geometry":{"type":"MultiPolygon","coordinates":[[[[-1.527,-7.11],[-1.359,-7.117],[-1.373,-7.173],[-1.373,-7.349],[-1.352,-7.426],[-1.338,-7.433],[-1.317,-7.504],[-1.254,-7.588],[-1.275,-7.602],[-1.457,-7.602],[-1.464,-7.616],[-1.562,-7.616],[-1.632,-7.686],[-1.653,-7.672],[-1.709,-7.574],[-1.78,-7.314],[-1.794,-7.307],[-1.822,-7.208],[-1.892,-7.089],[-1.836,-7.053],[-1.801,-7.103],[-1.709,-7.159],[-1.576,-7.152],[-1.527,-7.11]]]]},"properties":{"abbr":"PLH","name":"peduncular part of lateral hypothalamus","plate":29,"ap_bregma_mm":-2.0,"area_mm2":0.2137,"traced_fraction":[0.772],"n_labels":1,"no_drawn_outline":false}},{"type":"Feature","geometry":{"type":"MultiPolygon","coordinates":[[[[2.561,-7.307],[2.89,-7.412],[3.072,-7.511],[3.093,-7.511],[3.458,-7.743],[3.521,-7.806],[3.556,-7.813],[3.598,-7.855],[3.57,-7.968],[3.486,-7.968],[3.465,-7.961],[3.437,-7.989],[3.318,-8.179],[3.234,-8.13],[3.22,-8.137],[3.213,-8.137],[3.213,-8.123],[3.178,-8.108],[3.163,-8.087],[3.051,-8.038],[2.995,-7.996],[2.974,-7.996],[2.841,-7.919],[2.624,-7.841],[2.427,-7.736],[2.245,-7.658],[2.238,-7.644],[2.238,-7.595],[2.196,-7.461],[2.217,-7.37],[2.259,-7.328],[2.343,-7.3],[2.561,-7.307]]],[[[-2.256,-7.876],[-2.306,-7.912],[-2.544,-8.003],[-2.544,-8.017],[-2.565,-8.024],[-2.586,-8.031],[-2.929,-8.151],[-2.95,-8.158],[-2.971,-8.165],[-2.993,-8.172],[-3.014,-8.179],[-3.035,-8.186],[-3.056,-8.193],[-3.077,-8.2],[-3.091,-8.207],[-3.112,-8.214],[-3.224,-8.27],[-3.245,-8.27],[-3.497,-8.397],[-3.722,-8.544],[-3.785,-8.573],[-3.834,-8.467],[-3.897,-8.397],[-3.911,-8.326],[-3.939,-8.284],[-3.911,-8.235],[-3.736,-8.066],[-3.575,-7.954],[-3.371,-7.848],[-3.119,-7.75],[-2.908,-7.686],[-2.495,-7.602],[-2.439,-7.595],[-2.348,-7.609],[-2.277,-7.637],[-2.235,-7.679],[-2.221,-7.708],[-2.221,-7.771],[-2.249,-7.827],[-2.256,-7.876]]]]},"properties":{"abbr":"PMCo","name":"posteromedial cortical amygdaloid nucleus","plate":29,"ap_bregma_mm":-2.0,"area_mm2":1.3275,"traced_fraction":[0.957,1.0],"n_labels":2,"no_drawn_outline":false}},{"type":"Feature","geometry":{"type":"MultiPolygon","coordinates":[[[[5.582,-5.506],[5.603,-5.52],[5.779,-5.802],[5.877,-5.907],[5.877,-5.921],[5.954,-5.991],[5.954,-6.005],[6.22,-6.252],[6.452,-6.413],[6.536,-6.456],[6.571,-6.498],[6.508,-6.54],[6.298,-6.617],[6.291,-6.631],[6.22,-6.66],[6.199,-6.688],[6.199,-6.744],[6.227,-6.849],[6.227,-6.906],[6.143,-6.892],[6.003,-6.842],[5.793,-6.814],[5.631,-6.758],[5.4,-6.631],[5.218,-6.47],[5.211,-6.449],[5.267,-6.329],[5.302,-6.181],[5.372,-6.005],[5.442,-5.689],[5.491,-5.654],[5.533,-5.541],[5.582,-5.506]]],[[[-5.482,-5.724],[-5.412,-5.851],[-5.355,-6.104],[-5.32,-6.202],[-5.257,-6.28],[-5.236,-6.28],[-5.208,-6.491],[-5.194,-6.498],[-5.194,-6.674],[-5.25,-6.681],[-5.44,-6.828],[-5.65,-6.941],[-5.93,-7.025],[-6.029,-7.068],[-6.071,-7.075],[-6.141,-7.075],[-6.358,-7.124],[-6.358,-6.927],[-6.372,-6.927],[-6.372,-6.786],[-6.365,-6.751],[-6.456,-6.702],[-6.421,-6.66],[-6.162,-6.498],[-5.958,-6.336],[-5.741,-6.111],[-5.587,-5.9],[-5.51,-5.738],[-5.482,-5.724]]]]},"properties":{"abbr":"PRh","name":"perirhinal cortex","plate":29,"ap_bregma_mm":-2.0,"area_mm2":1.775,"traced_fraction":[1.0,1.0],"n_labels":2,"no_drawn_outline":false}},{"type":"Feature","geometry":{"type":"MultiPolygon","coordinates":[[[[-1.794,-7.307],[-1.78,-7.314],[-1.709,-7.574],[-1.653,-7.672],[-1.632,-7.686],[-1.632,-7.7],[-1.569,-7.75],[-1.555,-7.792],[-1.562,-7.806],[-1.674,-7.799],[-1.674,-7.757],[-1.73,-7.679],[-1.815,-7.475],[-1.885,-7.37],[-1.899,-7.314],[-1.794,-7.307]]]]},"properties":{"abbr":"PTe","name":"paraterete nucleus","plate":29,"ap_bregma_mm":-2.0,"area_mm2":0.045,"traced_fraction":[0.953],"n_labels":1,"no_drawn_outline":false}},{"type":"Feature","geometry":{"type":"MultiPolygon","coordinates":[[[[0.114,-3.91],[0.177,-3.973],[0.289,-4.029],[0.219,-4.078],[0.149,-4.156],[0.015,-4.156],[0.015,-4.015],[-0.083,-4.015],[-0.083,-4.156],[-0.216,-4.163],[-0.23,-4.184],[-0.244,-4.184],[-0.349,-4.085],[-0.342,-4.057],[-0.342,-4.05],[-0.202,-3.987],[-0.167,-3.952],[-0.167,-3.931],[-0.083,-3.966],[0.015,-3.966],[0.086,-3.91],[0.114,-3.91]]]]},"properties":{"abbr":"PVP","name":"paraventricular thalamic nucleus, posterior part","plate":29,"ap_bregma_mm":-2.0,"area_mm2":0.0908,"traced_fraction":[0.639],"n_labels":1,"no_drawn_outline":true}},{"type":"Feature","geometry":{"type":"MultiPolygon","coordinates":[[[[-0.167,-6.16],[-0.139,-6.167],[-0.048,-6.238],[0.05,-6.238],[0.156,-6.174],[0.184,-6.16],[0.233,-6.16],[0.275,-6.188],[0.331,-6.202],[0.331,-6.294],[0.268,-6.35],[0.078,-6.428],[-0.02,-6.434],[-0.153,-6.399],[-0.16,-6.385],[-0.223,-6.364],[-0.279,-6.308],[-0.286,-6.174],[-0.244,-6.153],[-0.167,-6.16]]]]},"properties":{"abbr":"PaXi","name":"paraxiphoid nucleus of thalamus","plate":29,"ap_bregma_mm":-2.0,"area_mm2":0.1209,"traced_fraction":[0.89],"n_labels":1,"no_drawn_outline":false}},{"type":"Feature","geometry":{"type":"MultiPolygon","coordinates":[[[[-0.945,-6.983],[-0.868,-7.11],[-0.861,-7.159],[-1.015,-7.166],[-1.057,-7.222],[-1.079,-7.208],[-1.149,-7.215],[-1.219,-7.279],[-1.254,-7.363],[-1.233,-7.426],[-1.338,-7.433],[-1.352,-7.426],[-1.373,-7.349],[-1.373,-7.173],[-1.359,-7.117],[-1.345,-7.06],[-1.289,-6.962],[-1.233,-6.899],[-1.184,-6.871],[-1.085,-6.871],[-1.015,-6.913],[-0.945,-6.983]]],[[[1.235,-7.525],[1.102,-7.497],[1.011,-7.447],[0.934,-7.377],[0.857,-7.285],[0.815,-7.187],[0.808,-7.068],[0.85,-6.983],[0.906,-6.934],[1.025,-6.885],[1.151,-6.885],[1.214,-6.906],[1.291,-6.955],[1.368,-7.032],[1.446,-7.187],[1.467,-7.307],[1.46,-7.398],[1.439,-7.454],[1.39,-7.504],[1.326,-7.525],[1.235,-7.525]]],[[[1.039,-7.117],[1.018,-7.145],[1.018,-7.229],[1.053,-7.3],[1.123,-7.363],[1.2,-7.37],[1.228,-7.342],[1.228,-7.272],[1.214,-7.243],[1.137,-7.152],[1.109,-7.145],[1.081,-7.117],[1.039,-7.117]]]]},"properties":{"abbr":"PeF","name":"perifornical nucleus","plate":29,"ap_bregma_mm":-2.0,"area_mm2":0.4408,"traced_fraction":[0.877,0.989,1.0],"n_labels":2,"no_drawn_outline":false}},{"type":"Feature","geometry":{"type":"MultiPolygon","coordinates":[[[[-0.861,-7.159],[-0.553,-7.166],[-0.546,-7.356],[-0.672,-7.405],[-0.791,-7.497],[-0.861,-7.44],[-0.903,-7.525],[-0.98,-7.602],[-1.05,-7.63],[-1.17,-7.637],[-1.17,-7.616],[-1.219,-7.616],[-1.254,-7.588],[-1.317,-7.504],[-1.338,-7.433],[-1.233,-7.426],[-1.219,-7.44],[-1.149,-7.454],[-1.1,-7.44],[-1.079,-7.419],[-1.043,-7.335],[-1.057,-7.222],[-1.015,-7.166],[-0.861,-7.159]]]]},"properties":{"abbr":"PeFLH","name":"perifornical part of lateral hypothalamus","plate":29,"ap_bregma_mm":-2.0,"area_mm2":0.2046,"traced_fraction":[0.695],"n_labels":1,"no_drawn_outline":true}},{"type":"Feature","geometry":{"type":"MultiPolygon","coordinates":[[[[5.042,-7.504],[5.267,-7.511],[5.288,-7.518],[5.302,-7.553],[5.358,-7.602],[5.232,-7.757],[5.169,-7.771],[5.134,-7.799],[5.049,-7.933],[4.993,-7.982],[4.93,-8.024],[4.804,-8.045],[4.755,-7.651],[4.727,-7.623],[4.685,-7.63],[4.699,-7.588],[4.755,-7.532],[5.042,-7.532],[5.042,-7.504]]],[[[-5.664,-7.525],[-5.538,-7.609],[-5.44,-7.799],[-5.306,-7.933],[-5.208,-8.003],[-5.208,-8.01],[-5.292,-8.101],[-5.355,-8.066],[-5.482,-7.94],[-5.545,-7.848],[-5.622,-7.778],[-5.685,-7.651],[-5.734,-7.616],[-5.741,-7.56],[-5.678,-7.546],[-5.664,-7.525]]]]},"properties":{"abbr":"Pir","name":"piriform cortex","plate":29,"ap_bregma_mm":-2.0,"area_mm2":0.3003,"traced_fraction":[0.712,0.98],"n_labels":2,"no_drawn_outline":false}},{"type":"Feature","geometry":{"type":"MultiPolygon","coordinates":[[[[2.595,-3.853],[2.729,-3.867],[2.932,-3.917],[3.023,-3.959],[3.072,-4.008],[2.876,-4.05],[2.806,-4.078],[2.673,-4.17],[2.525,-4.318],[2.357,-4.55],[2.273,-4.634],[2.182,-4.761],[2.063,-4.739],[1.831,-4.739],[1.628,-4.775],[1.446,-4.845],[1.397,-4.845],[1.39,-4.817],[1.418,-4.683],[1.467,-4.662],[1.579,-4.557],[1.691,-4.388],[1.768,-4.219],[1.803,-4.036],[1.838,-4.008],[2.245,-3.895],[2.504,-3.853],[2.595,-3.853]]],[[[-1.927,-4.135],[-1.906,-4.282],[-1.843,-4.437],[-1.843,-4.472],[-1.815,-4.479],[-1.794,-4.535],[-1.73,-4.592],[-1.723,-4.641],[-1.625,-4.747],[-1.59,-4.775],[-1.492,-4.768],[-1.464,-4.866],[-1.457,-4.922],[-1.787,-4.845],[-2.116,-4.845],[-2.144,-4.859],[-2.158,-4.859],[-2.263,-4.754],[-2.383,-4.592],[-2.698,-4.275],[-2.838,-4.205],[-2.944,-4.184],[-3.014,-4.184],[-3.147,-4.212],[-3.168,-4.212],[-3.21,-4.212],[-3.245,-4.24],[-3.273,-4.24],[-3.273,-4.114],[-2.866,-4.107],[-2.565,-4.057],[-2.411,-4.05],[-2.144,-4.078],[-1.955,-4.114],[-1.927,-4.135]]]]},"properties":{"abbr":"Po","name":"posterior thalamic nuclear group","plate":29,"ap_bregma_mm":-2.0,"area_mm2":1.3886,"traced_fraction":[0.991,0.959],"n_labels":2,"no_drawn_outline":false}},{"type":"Feature","geometry":{"type":"MultiPolygon","coordinates":[[[[1.733,-2.84],[1.74,-2.883],[1.551,-2.911],[1.347,-2.995],[1.334,-3.03],[1.368,-3.052],[1.446,-3.044],[1.544,-3.009],[1.586,-3.08],[1.53,-3.108],[1.334,-3.164],[1.102,-3.185],[1.011,-3.171],[0.737,-3.178],[0.703,-3.157],[0.709,-3.115],[0.787,-3.08],[1.004,-3.066],[1.242,-2.96],[1.523,-2.862],[1.621,-2.84],[1.733,-2.84]]],[[[-1.738,-3.087],[-1.73,-3.037],[-1.618,-3.037],[-1.562,-3.059],[-1.513,-3.052],[-1.513,-2.995],[-1.569,-2.96],[-1.751,-2.932],[-1.906,-2.932],[-1.941,-2.946],[-2.067,-2.953],[-2.081,-2.918],[-2.109,-2.897],[-2.109,-2.876],[-2.018,-2.869],[-1.625,-2.89],[-1.436,-2.939],[-1.331,-2.981],[-1.24,-2.995],[-1.205,-3.016],[-0.756,-3.101],[-0.749,-3.122],[-0.763,-3.143],[-0.889,-3.178],[-1.149,-3.178],[-1.373,-3.157],[-1.738,-3.087]]]]},"properties":{"abbr":"PoDG","name":"polymorph layer of the dentate gyrus","plate":29,"ap_bregma_mm":-2.0,"area_mm2":0.2948,"traced_fraction":[1.0,0.992],"n_labels":2,"no_drawn_outline":false}},{"type":"Feature","geometry":{"type":"MultiPolygon","coordinates":[[[[4.166,-1.279],[4.285,-1.314],[4.51,-1.434],[4.608,-1.462],[4.615,-1.462],[4.699,-1.483],[4.699,-1.504],[4.748,-1.525],[4.58,-1.835],[4.517,-1.926],[4.44,-2.088],[4.411,-2.116],[4.348,-2.25],[4.257,-2.39],[4.208,-2.503],[4.166,-2.552],[3.914,-2.454],[3.717,-2.348],[3.745,-2.257],[3.83,-2.095],[3.928,-1.828],[3.998,-1.694],[4.166,-1.279]]],[[[-4.206,-1.314],[-3.995,-1.68],[-3.757,-2.137],[-3.743,-2.144],[-3.694,-2.257],[-3.631,-2.348],[-3.673,-2.383],[-3.876,-2.475],[-4.016,-2.573],[-4.044,-2.58],[-4.058,-2.601],[-4.107,-2.615],[-4.703,-1.715],[-4.759,-1.61],[-4.654,-1.525],[-4.598,-1.504],[-4.591,-1.483],[-4.584,-1.483],[-4.57,-1.476],[-4.556,-1.469],[-4.542,-1.462],[-4.521,-1.448],[-4.507,-1.455],[-4.395,-1.392],[-4.374,-1.392],[-4.367,-1.378],[-4.318,-1.363],[-4.311,-1.342],[-4.283,-1.335],[-4.269,-1.342],[-4.262,-1.328],[-4.206,-1.314]]],[[[4.608,-1.455],[4.615,-1.462],[4.608,-1.462],[4.608,-1.455]]]]},"properties":{"abbr":"PtP","name":"parietal cortex, posterior area","plate":29,"ap_bregma_mm":-2.0,"area_mm2":1.3823,"traced_fraction":[1.0,1.0,1.0],"n_labels":2,"no_drawn_outline":false}},{"type":"Feature","geometry":{"type":"MultiPolygon","coordinates":[[[[-2.965,-2.418],[-2.929,-2.503],[-2.95,-2.524],[-3.091,-2.587],[-3.182,-2.615],[-3.343,-2.707],[-3.413,-2.791],[-3.42,-2.876],[-3.378,-2.932],[-3.322,-2.96],[-3.077,-3.009],[-2.965,-3.023],[-2.971,-3.136],[-3.189,-3.122],[-3.294,-3.094],[-3.469,-3.073],[-3.56,-3.044],[-3.609,-3.023],[-3.659,-2.981],[-3.68,-2.925],[-3.68,-2.876],[-3.631,-2.756],[-3.518,-2.651],[-3.266,-2.524],[-3.112,-2.461],[-2.965,-2.418]]],[[[3.142,-2.482],[3.199,-2.51],[3.388,-2.679],[3.409,-2.77],[3.374,-2.883],[3.325,-2.932],[3.205,-2.967],[3.009,-3.009],[2.841,-3.023],[2.834,-2.897],[2.988,-2.876],[3.079,-2.855],[3.121,-2.805],[3.135,-2.756],[3.121,-2.658],[3.058,-2.601],[3.058,-2.587],[3.142,-2.482]]],[[[0.001,-7.159],[-0.027,-7.166],[-0.069,-7.025],[-0.069,-6.617],[-0.041,-6.554],[-0.02,-6.533],[0.015,-6.526],[0.05,-6.589],[0.036,-6.899],[0.043,-7.025],[0.001,-7.159]]]]},"properties":{"abbr":"Py","name":"pyramidal cell layer of the hippocampus","plate":29,"ap_bregma_mm":-2.0,"area_mm2":0.422,"traced_fraction":[0.981,0.962,1.0],"n_labels":3,"no_drawn_outline":false}},{"type":"Feature","geometry":{"type":"MultiPolygon","coordinates":[[[[4.804,-8.045],[4.797,-8.059],[4.636,-8.151],[4.426,-8.165],[4.313,-8.193],[4.306,-8.101],[4.362,-7.841],[4.398,-7.764],[4.398,-7.715],[4.411,-7.708],[4.552,-7.686],[4.685,-7.63],[4.727,-7.623],[4.755,-7.651],[4.804,-8.045]]],[[[-5.208,-8.01],[-5.194,-8.01],[-4.935,-8.277],[-4.886,-8.305],[-4.836,-8.312],[-4.851,-8.439],[-4.858,-8.446],[-4.921,-8.432],[-5.012,-8.376],[-5.124,-8.263],[-5.236,-8.179],[-5.278,-8.123],[-5.292,-8.123],[-5.292,-8.101],[-5.208,-8.01]]]]},"properties":{"abbr":"RAPir","name":"rostral amygdalopiriform area","plate":29,"ap_bregma_mm":-2.0,"area_mm2":0.2755,"traced_fraction":[0.973,1.0],"n_labels":2,"no_drawn_outline":false}},{"type":"Feature","geometry":{"type":"MultiPolygon","coordinates":[[[[0.878,-0.505],[1.305,-0.562],[1.277,-1.096],[1.277,-1.342],[1.291,-1.462],[1.284,-1.708],[1.004,-1.68],[0.878,-1.722],[0.745,-1.56],[0.611,-1.363],[0.548,-1.3],[0.52,-1.251],[0.443,-1.181],[0.443,-1.167],[0.31,-1.04],[0.156,-0.934],[0.184,-0.864],[0.31,-0.731],[0.415,-0.66],[0.534,-0.604],[0.548,-0.604],[0.534,-0.597],[0.562,-0.59],[0.864,-0.512],[0.878,-0.505]]],[[[-0.826,-0.59],[-0.714,-0.59],[-0.714,-0.611],[-0.581,-0.625],[-0.419,-0.674],[-0.412,-0.674],[-0.391,-0.681],[-0.391,-0.695],[-0.37,-0.688],[-0.363,-0.688],[-0.356,-0.709],[-0.258,-0.759],[-0.258,-0.773],[-0.244,-0.773],[-0.174,-0.843],[-0.118,-0.92],[-0.083,-1.005],[-0.16,-1.054],[-0.419,-1.328],[-0.595,-1.56],[-0.665,-1.694],[-0.728,-1.778],[-0.861,-1.75],[-1.043,-1.771],[-1.205,-1.771],[-1.282,-0.632],[-1.156,-0.611],[-0.826,-0.59]]],[[[-0.419,-0.667],[-0.412,-0.674],[-0.419,-0.674],[-0.419,-0.667]]]]},"properties":{"abbr":"RSD","name":"retrosplenial dysgranular cortex","plate":29,"ap_bregma_mm":-2.0,"area_mm2":1.9424,"traced_fraction":[1.0,1.0,1.0],"n_labels":2,"no_drawn_outline":false}},{"type":"Feature","geometry":{"type":"MultiPolygon","coordinates":[[[[0.156,-0.934],[0.31,-1.04],[0.443,-1.167],[0.443,-1.181],[0.52,-1.251],[0.548,-1.3],[0.611,-1.363],[0.745,-1.56],[0.878,-1.722],[0.794,-1.814],[0.576,-2.123],[0.471,-2.229],[0.457,-2.264],[0.408,-2.285],[0.296,-2.299],[0.282,-2.264],[0.24,-2.243],[0.24,-2.165],[0.043,-2.165],[0.043,-2.299],[0.036,-2.306],[0.029,-2.292],[-0.09,-2.264],[-0.118,-2.271],[-0.139,-2.313],[-0.307,-2.306],[-0.398,-2.264],[-0.447,-2.186],[-0.518,-2.116],[-0.644,-1.891],[-0.728,-1.778],[-0.665,-1.694],[-0.595,-1.56],[-0.419,-1.328],[-0.16,-1.054],[-0.083,-1.005],[-0.062,-1.033],[-0.006,-1.202],[0.029,-1.223],[0.114,-0.977],[0.156,-0.934]]]]},"properties":{"abbr":"RSGc","name":"retrosplenial granular cortex, c region","plate":29,"ap_bregma_mm":-2.0,"area_mm2":1.3864,"traced_fraction":[0.951],"n_labels":2,"no_drawn_outline":false}},{"type":"Feature","geometry":{"type":"MultiPolygon","coordinates":[[[[2.441,-2.299],[2.469,-2.32],[2.624,-2.369],[2.708,-2.454],[2.708,-2.468],[2.862,-2.629],[2.855,-2.862],[2.708,-2.876],[2.687,-2.897],[2.35,-2.897],[2.119,-2.876],[1.74,-2.883],[1.733,-2.84],[1.852,-2.812],[1.979,-2.812],[2.0,-2.791],[2.287,-2.763],[2.343,-2.742],[2.385,-2.7],[2.385,-2.637],[2.315,-2.559],[2.252,-2.524],[2.133,-2.496],[2.056,-2.454],[1.943,-2.426],[1.789,-2.412],[1.53,-2.426],[1.228,-2.503],[1.172,-2.538],[0.822,-2.679],[0.688,-2.714],[0.359,-2.833],[0.303,-2.84],[0.296,-2.798],[0.219,-2.742],[0.212,-2.7],[0.31,-2.721],[0.45,-2.686],[0.955,-2.412],[1.151,-2.278],[1.256,-2.229],[1.418,-2.186],[1.768,-2.172],[2.091,-2.222],[2.399,-2.299],[2.441,-2.299]]],[[[-0.286,-2.686],[-0.293,-2.805],[-0.3,-2.812],[-0.805,-2.679],[-1.317,-2.496],[-1.422,-2.475],[-1.576,-2.475],[-1.611,-2.461],[-1.913,-2.468],[-2.319,-2.545],[-2.404,-2.573],[-2.467,-2.615],[-2.516,-2.651],[-2.516,-2.735],[-2.453,-2.819],[-2.383,-2.84],[-2.193,-2.84],[-2.172,-2.862],[-2.109,-2.876],[-2.109,-2.897],[-2.081,-2.918],[-2.067,-2.953],[-2.404,-3.009],[-2.544,-2.995],[-2.733,-3.002],[-2.754,-2.988],[-2.957,-2.974],[-2.95,-3.023],[-2.965,-3.023],[-3.077,-3.009],[-3.077,-2.995],[-3.063,-2.96],[-3.07,-2.946],[-3.063,-2.686],[-3.049,-2.672],[-2.894,-2.545],[-2.859,-2.531],[-2.873,-2.489],[-2.852,-2.468],[-2.747,-2.447],[-2.663,-2.412],[-2.635,-2.383],[-2.558,-2.362],[-2.306,-2.285],[-1.829,-2.208],[-1.338,-2.222],[-1.156,-2.271],[-1.008,-2.348],[-0.861,-2.454],[-0.777,-2.489],[-0.602,-2.594],[-0.518,-2.622],[-0.496,-2.644],[-0.384,-2.686],[-0.286,-2.686]]]]},"properties":{"abbr":"Rad","name":"radiatum layer of the hippocampus","plate":29,"ap_bregma_mm":-2.0,"area_mm2":1.6108,"traced_fraction":[0.977,0.967],"n_labels":2,"no_drawn_outline":false}},{"type":"Feature","geometry":{"type":"MultiPolygon","coordinates":[[[[0.107,-5.64],[0.163,-5.794],[0.226,-5.879],[0.212,-5.879],[0.212,-6.027],[0.156,-6.027],[0.156,-6.174],[0.05,-6.238],[-0.048,-6.238],[-0.139,-6.167],[-0.167,-6.16],[-0.167,-5.963],[-0.209,-5.949],[-0.244,-5.907],[-0.146,-5.766],[-0.104,-5.654],[-0.041,-5.612],[0.078,-5.612],[0.107,-5.64]]]]},"properties":{"abbr":"Re","name":"reuniens thalamic nucleus","plate":29,"ap_bregma_mm":-2.0,"area_mm2":0.1978,"traced_fraction":[0.703],"n_labels":1,"no_drawn_outline":true}},{"type":"Feature","geometry":{"type":"MultiPolygon","coordinates":[[[[-0.167,-5.267],[-0.167,-5.344],[0.163,-5.344],[0.163,-5.281],[0.289,-5.309],[0.352,-5.309],[0.233,-5.541],[0.177,-5.605],[0.107,-5.64],[0.078,-5.612],[-0.041,-5.612],[-0.104,-5.654],[-0.174,-5.626],[-0.244,-5.562],[-0.363,-5.415],[-0.398,-5.337],[-0.307,-5.323],[-0.167,-5.267]]]]},"properties":{"abbr":"Rh","name":"rhomboid thalamic nucleus","plate":29,"ap_bregma_mm":-2.0,"area_mm2":0.173,"traced_fraction":[0.781],"n_labels":1,"no_drawn_outline":false}},{"type":"Feature","geometry":{"type":"MultiPolygon","coordinates":[[[[3.339,-3.804],[3.409,-3.804],[3.479,-3.825],[3.591,-3.91],[3.668,-3.938],[3.809,-4.121],[3.837,-4.177],[3.837,-4.219],[3.879,-4.36],[3.879,-4.465],[3.837,-4.627],[3.801,-4.69],[3.71,-4.81],[3.549,-4.979],[3.43,-5.07],[3.325,-5.175],[3.241,-5.232],[3.205,-5.281],[3.15,-5.316],[3.086,-5.33],[2.96,-5.309],[2.995,-5.26],[3.205,-5.119],[3.29,-5.028],[3.437,-4.775],[3.472,-4.655],[3.472,-4.507],[3.437,-4.374],[3.395,-4.275],[3.395,-4.233],[3.325,-4.114],[3.262,-4.05],[3.213,-4.029],[3.205,-3.959],[3.22,-3.91],[3.297,-3.825],[3.339,-3.804]]],[[[-3.441,-3.903],[-3.343,-3.938],[-3.308,-3.973],[-3.273,-4.114],[-3.273,-4.24],[-3.294,-4.303],[-3.315,-4.31],[-3.371,-4.395],[-3.371,-4.43],[-3.434,-4.592],[-3.434,-4.866],[-3.371,-5.014],[-3.273,-5.147],[-3.245,-5.162],[-3.245,-5.183],[-3.168,-5.26],[-3.168,-5.274],[-2.978,-5.443],[-3.007,-5.457],[-3.098,-5.464],[-3.119,-5.485],[-3.182,-5.471],[-3.287,-5.415],[-3.308,-5.373],[-3.406,-5.295],[-3.42,-5.267],[-3.631,-5.07],[-3.68,-4.986],[-3.729,-4.824],[-3.75,-4.662],[-3.75,-4.444],[-3.715,-4.282],[-3.715,-4.205],[-3.708,-4.092],[-3.694,-4.057],[-3.441,-3.903]]]]},"properties":{"abbr":"Rt","name":"reticular thalamic nucleus","plate":29,"ap_bregma_mm":-2.0,"area_mm2":1.0155,"traced_fraction":[1.0,1.0],"n_labels":2,"no_drawn_outline":false}},{"type":"Feature","geometry":{"type":"MultiPolygon","coordinates":[[[[4.748,-1.525],[4.846,-1.567],[4.888,-1.603],[4.909,-1.603],[4.923,-1.624],[5.141,-1.764],[5.162,-1.793],[5.211,-1.814],[5.232,-1.842],[5.428,-1.961],[5.428,-1.975],[5.484,-2.004],[5.484,-2.018],[5.498,-2.018],[5.526,-2.053],[4.657,-2.953],[4.531,-2.855],[4.404,-2.728],[4.201,-2.594],[4.166,-2.566],[4.166,-2.552],[4.208,-2.503],[4.257,-2.39],[4.348,-2.25],[4.411,-2.116],[4.44,-2.088],[4.517,-1.926],[4.58,-1.835],[4.748,-1.525]]],[[[-4.759,-1.61],[-4.703,-1.715],[-4.107,-2.615],[-4.346,-2.77],[-4.661,-3.052],[-5.096,-2.622],[-5.11,-2.622],[-5.243,-2.482],[-5.257,-2.482],[-5.531,-2.208],[-5.531,-2.193],[-5.517,-2.179],[-5.524,-2.172],[-5.503,-2.158],[-5.482,-2.137],[-5.468,-2.123],[-5.425,-2.088],[-5.412,-2.074],[-5.383,-2.046],[-5.362,-2.046],[-5.285,-1.968],[-4.998,-1.75],[-4.97,-1.743],[-4.956,-1.722],[-4.907,-1.701],[-4.907,-1.687],[-4.865,-1.673],[-4.781,-1.61],[-4.759,-1.61]]]]},"properties":{"abbr":"S1","name":"primary somatosensory cortex","plate":29,"ap_bregma_mm":-2.0,"area_mm2":1.9768,"traced_fraction":[1.0,1.0],"n_labels":2,"no_drawn_outline":false}},{"type":"Feature","geometry":{"type":"MultiPolygon","coordinates":[[[[2.939,-2.531],[3.037,-2.587],[3.058,-2.587],[3.058,-2.601],[3.121,-2.658],[3.135,-2.756],[3.121,-2.805],[3.079,-2.855],[2.988,-2.876],[2.967,-2.819],[2.904,-2.855],[2.855,-2.862],[2.862,-2.629],[2.89,-2.629],[2.939,-2.531]]],[[[-3.091,-2.587],[-3.049,-2.672],[-3.063,-2.686],[-3.07,-2.946],[-3.084,-2.953],[-3.077,-2.995],[-3.077,-3.009],[-3.322,-2.96],[-3.378,-2.932],[-3.42,-2.876],[-3.413,-2.791],[-3.343,-2.707],[-3.182,-2.615],[-3.091,-2.587]]]]},"properties":{"abbr":"SLu","name":"stratum lucidum of the hippocampus","plate":29,"ap_bregma_mm":-2.0,"area_mm2":0.1774,"traced_fraction":[0.797,0.816],"n_labels":2,"no_drawn_outline":false}},{"type":"Feature","geometry":{"type":"MultiPolygon","coordinates":[[[[4.748,-6.048],[4.748,-6.055],[4.706,-6.104],[4.25,-6.322],[4.152,-6.413],[4.152,-6.434],[4.145,-6.442],[4.096,-6.477],[3.977,-6.638],[3.893,-6.716],[3.837,-6.645],[3.809,-6.533],[3.816,-6.498],[3.865,-6.498],[3.886,-6.484],[3.984,-6.378],[4.026,-6.357],[4.103,-6.287],[4.222,-6.23],[4.419,-6.167],[4.503,-6.118],[4.531,-6.118],[4.678,-6.055],[4.748,-6.048]]],[[[-4.682,-6.266],[-4.57,-6.266],[-4.381,-6.322],[-4.086,-6.498],[-4.023,-6.561],[-4.009,-6.561],[-3.855,-6.73],[-3.841,-6.73],[-3.834,-6.758],[-3.792,-6.786],[-3.771,-6.821],[-3.736,-6.835],[-3.673,-6.821],[-3.603,-6.779],[-3.554,-6.779],[-3.532,-6.8],[-3.525,-6.864],[-3.588,-6.976],[-3.588,-7.032],[-3.554,-7.103],[-3.497,-7.173],[-3.476,-7.243],[-3.525,-7.229],[-3.68,-7.117],[-3.813,-6.983],[-3.904,-6.842],[-3.995,-6.758],[-3.995,-6.744],[-4.1,-6.66],[-4.198,-6.547],[-4.283,-6.491],[-4.304,-6.463],[-4.374,-6.42],[-4.654,-6.315],[-4.682,-6.287],[-4.682,-6.266]]]]},"properties":{"abbr":"STIA","name":"bed nucleus of the stria terminalis, intraamygdaloid division","plate":29,"ap_bregma_mm":-2.0,"area_mm2":0.3061,"traced_fraction":[0.991,1.0],"n_labels":2,"no_drawn_outline":false}},{"type":"Feature","geometry":{"type":"MultiPolygon","coordinates":[[[[0.352,-5.309],[0.485,-5.323],[0.695,-5.316],[0.843,-5.33],[0.906,-5.464],[0.927,-5.541],[0.233,-5.541],[0.352,-5.309]]],[[[-0.398,-5.337],[-0.363,-5.415],[-0.244,-5.562],[-0.272,-5.59],[-0.819,-5.59],[-0.896,-5.513],[-0.798,-5.387],[-0.798,-5.358],[-0.651,-5.351],[-0.398,-5.337]]]]},"properties":{"abbr":"SubD","name":"submedius thalamic nucleus, dorsal part","plate":29,"ap_bregma_mm":-2.0,"area_mm2":0.2594,"traced_fraction":[0.623,0.582],"n_labels":2,"no_drawn_outline":true}},{"type":"Feature","geometry":{"type":"MultiPolygon","coordinates":[[[[1.964,-6.104],[1.964,-6.132],[1.873,-6.23],[1.824,-6.315],[1.705,-6.428],[1.67,-6.491],[1.663,-6.533],[1.313,-6.533],[1.313,-6.357],[1.474,-6.336],[1.915,-6.111],[1.964,-6.104]]],[[[-1.941,-6.28],[-1.899,-6.28],[-1.836,-6.315],[-1.717,-6.343],[-1.569,-6.399],[-1.422,-6.428],[-1.324,-6.428],[-1.324,-6.638],[-1.681,-6.638],[-1.723,-6.547],[-1.85,-6.385],[-1.941,-6.308],[-1.941,-6.28]]]]},"properties":{"abbr":"SubI","name":"subincertal nucleus","plate":29,"ap_bregma_mm":-2.0,"area_mm2":0.2372,"traced_fraction":[0.718,0.684],"n_labels":2,"no_drawn_outline":true}},{"type":"Feature","geometry":{"type":"MultiPolygon","coordinates":[[[[-0.896,-5.513],[-0.819,-5.59],[-0.272,-5.59],[-0.244,-5.562],[-0.174,-5.626],[-0.104,-5.654],[-0.146,-5.766],[-0.244,-5.907],[-0.356,-5.991],[-0.405,-6.013],[-0.49,-6.118],[-0.511,-6.111],[-0.518,-6.076],[-0.553,-6.041],[-0.595,-6.034],[-0.665,-6.041],[-0.77,-6.076],[-0.91,-5.921],[-0.966,-5.802],[-0.966,-5.633],[-0.938,-5.562],[-0.896,-5.513]]],[[[0.233,-5.541],[0.927,-5.541],[0.955,-5.64],[0.948,-5.78],[0.906,-5.865],[0.78,-5.984],[0.632,-5.914],[0.548,-5.914],[0.485,-5.963],[0.471,-6.069],[0.443,-6.062],[0.366,-5.977],[0.226,-5.879],[0.17,-5.809],[0.107,-5.64],[0.177,-5.605],[0.233,-5.541]]]]},"properties":{"abbr":"SubV","name":"submedius thalamic nucleus, ventral part","plate":29,"ap_bregma_mm":-2.0,"area_mm2":0.644,"traced_fraction":[0.732,0.723],"n_labels":2,"no_drawn_outline":true}},{"type":"Feature","geometry":{"type":"MultiPolygon","coordinates":[[[[0.934,-7.377],[1.011,-7.447],[1.102,-7.497],[1.235,-7.525],[1.235,-7.686],[1.088,-7.686],[1.004,-7.736],[0.92,-7.834],[0.878,-7.827],[0.899,-7.75],[0.885,-7.644],[0.822,-7.504],[0.794,-7.497],[0.794,-7.511],[0.773,-7.511],[0.752,-7.475],[0.745,-7.44],[0.766,-7.433],[0.766,-7.412],[0.801,-7.384],[0.934,-7.377]]],[[[-1.254,-7.588],[-1.219,-7.616],[-1.17,-7.616],[-1.17,-7.637],[-1.17,-7.764],[-1.317,-7.764],[-1.317,-7.862],[-1.387,-7.933],[-1.436,-7.904],[-1.541,-7.792],[-1.555,-7.792],[-1.569,-7.75],[-1.625,-7.708],[-1.632,-7.686],[-1.562,-7.616],[-1.464,-7.616],[-1.457,-7.602],[-1.275,-7.602],[-1.254,-7.588]]]]},"properties":{"abbr":"TuLH","name":"tuberal region of lateral hypothalamus","plate":29,"ap_bregma_mm":-2.0,"area_mm2":0.2063,"traced_fraction":[0.872,0.425],"n_labels":2,"no_drawn_outline":true}},{"type":"Feature","geometry":{"type":"MultiPolygon","coordinates":[[[[4.825,-7.285],[4.916,-7.405],[4.958,-7.384],[5.042,-7.384],[5.042,-7.504],[5.042,-7.532],[4.755,-7.532],[4.804,-7.37],[4.811,-7.293],[4.825,-7.285]]],[[[-4.9,-7.574],[-4.844,-7.729],[-4.802,-7.764],[-4.802,-7.806],[-4.668,-7.834],[-4.675,-7.876],[-4.731,-7.975],[-4.802,-8.172],[-4.815,-8.305],[-4.836,-8.312],[-4.886,-8.305],[-4.935,-8.277],[-5.194,-8.01],[-5.208,-8.01],[-5.208,-8.003],[-5.096,-7.841],[-5.047,-7.715],[-4.991,-7.686],[-4.998,-7.616],[-4.949,-7.609],[-4.9,-7.574]]]]},"properties":{"abbr":"VEn","name":"ventral endopiriform nucleus","plate":29,"ap_bregma_mm":-2.0,"area_mm2":0.2479,"traced_fraction":[0.585,0.996],"n_labels":2,"no_drawn_outline":false}},{"type":"Feature","geometry":{"type":"MultiPolygon","coordinates":[[[[-3.743,-3.776],[-3.722,-3.776],[-3.659,-3.825],[-3.617,-3.839],[-3.448,-3.853],[-3.427,-3.867],[-3.441,-3.903],[-3.694,-4.057],[-3.715,-3.994],[-3.715,-3.874],[-3.743,-3.776]]]]},"properties":{"abbr":"VG","name":"ventral geniculate nucleus","plate":29,"ap_bregma_mm":-2.0,"area_mm2":0.0421,"traced_fraction":[0.978],"n_labels":2,"no_drawn_outline":false}},{"type":"Feature","geometry":{"type":"MultiPolygon","coordinates":[[[[0.149,-4.156],[0.114,-4.219],[0.086,-4.324],[0.05,-4.522],[0.05,-4.662],[-0.083,-4.655],[-0.111,-4.451],[-0.16,-4.332],[-0.23,-4.184],[-0.216,-4.163],[-0.083,-4.156],[-0.083,-4.015],[0.015,-4.015],[0.015,-4.156],[0.149,-4.156]]],[[[2.182,-4.761],[2.098,-4.887],[1.943,-5.077],[1.915,-5.14],[1.887,-5.274],[1.887,-5.379],[1.908,-5.492],[2.042,-5.766],[2.014,-5.787],[1.81,-5.844],[1.642,-5.858],[1.572,-5.837],[1.481,-5.745],[1.439,-5.738],[1.383,-5.647],[1.362,-5.569],[1.326,-5.253],[1.326,-5.133],[1.313,-5.084],[1.313,-5.035],[1.319,-5.014],[1.347,-4.915],[1.397,-4.845],[1.446,-4.845],[1.628,-4.775],[1.831,-4.739],[2.063,-4.739],[2.182,-4.761]]],[[[-1.457,-4.922],[-1.422,-4.943],[-1.401,-5.0],[-1.324,-5.084],[-1.324,-5.112],[-1.254,-5.19],[-1.275,-5.197],[-1.282,-5.387],[-1.317,-5.633],[-1.394,-5.816],[-1.45,-5.858],[-1.471,-5.9],[-1.534,-5.963],[-1.555,-5.963],[-1.59,-5.991],[-1.717,-6.005],[-1.843,-5.977],[-1.892,-5.949],[-1.808,-5.682],[-1.808,-5.45],[-1.892,-5.239],[-2.102,-4.922],[-2.144,-4.88],[-2.144,-4.859],[-2.116,-4.845],[-1.787,-4.845],[-1.457,-4.922]]]]},"properties":{"abbr":"VL","name":"ventrolateral thalamic nucleus","plate":29,"ap_bregma_mm":-2.0,"area_mm2":1.3843,"traced_fraction":[0.659,1.0,1.0],"n_labels":3,"no_drawn_outline":false}},{"type":"Feature","geometry":{"type":"MultiPolygon","coordinates":[[[[1.313,-5.084],[1.326,-5.133],[1.326,-5.253],[1.362,-5.569],[1.383,-5.647],[1.439,-5.738],[1.418,-5.78],[1.418,-5.83],[1.481,-5.893],[1.523,-5.907],[1.523,-5.921],[1.481,-5.949],[1.025,-6.097],[0.899,-6.069],[0.829,-6.069],[0.78,-5.984],[0.906,-5.865],[0.934,-5.823],[0.955,-5.752],[0.955,-5.64],[0.927,-5.541],[0.92,-5.499],[0.843,-5.33],[1.025,-5.295],[1.123,-5.253],[1.186,-5.211],[1.277,-5.105],[1.313,-5.084]]],[[[-1.254,-5.19],[-1.177,-5.246],[-1.043,-5.309],[-0.798,-5.358],[-0.798,-5.387],[-0.896,-5.513],[-0.938,-5.562],[-0.966,-5.633],[-0.966,-5.802],[-0.91,-5.921],[-0.77,-6.076],[-0.833,-6.132],[-0.889,-6.125],[-0.917,-6.139],[-1.043,-6.146],[-1.092,-6.153],[-1.128,-6.174],[-1.212,-6.111],[-1.45,-6.048],[-1.408,-5.998],[-1.373,-5.9],[-1.373,-5.837],[-1.394,-5.816],[-1.317,-5.633],[-1.282,-5.387],[-1.275,-5.197],[-1.254,-5.19]]]]},"properties":{"abbr":"VM","name":"ventromedial thalamic nucleus","plate":29,"ap_bregma_mm":-2.0,"area_mm2":0.7831,"traced_fraction":[1.0,1.0],"n_labels":2,"no_drawn_outline":false}},{"type":"Feature","geometry":{"type":"MultiPolygon","coordinates":[[[[-0.49,-7.377],[-0.496,-7.489],[-0.44,-7.616],[-0.37,-7.722],[-0.272,-7.813],[-0.244,-7.82],[-0.349,-7.904],[-0.412,-7.94],[-0.44,-7.94],[-0.461,-7.827],[-0.567,-7.672],[-0.581,-7.672],[-0.581,-7.658],[-0.602,-7.651],[-0.602,-7.637],[-0.665,-7.581],[-0.763,-7.539],[-0.763,-7.525],[-0.665,-7.44],[-0.56,-7.391],[-0.49,-7.377]]]]},"properties":{"abbr":"VMHC","name":"ventromedial hypothalamic nucleus, central part","plate":29,"ap_bregma_mm":-2.0,"area_mm2":0.0982,"traced_fraction":[1.0],"n_labels":1,"no_drawn_outline":false}},{"type":"Feature","geometry":{"type":"MultiPolygon","coordinates":[[[[0.562,-7.3],[0.653,-7.377],[0.681,-7.384],[0.716,-7.426],[0.681,-7.447],[0.625,-7.518],[0.541,-7.708],[0.527,-7.834],[0.548,-7.897],[0.345,-7.869],[0.275,-7.82],[0.205,-7.792],[0.086,-7.693],[0.043,-7.574],[0.036,-7.574],[-0.013,-7.581],[-0.013,-7.567],[-0.083,-7.574],[-0.139,-7.715],[-0.202,-7.778],[-0.202,-7.792],[-0.244,-7.82],[-0.272,-7.813],[-0.37,-7.722],[-0.44,-7.616],[-0.496,-7.489],[-0.49,-7.377],[-0.356,-7.335],[-0.251,-7.342],[-0.132,-7.412],[-0.083,-7.511],[-0.02,-7.511],[-0.027,-7.454],[0.001,-7.405],[0.036,-7.433],[0.057,-7.433],[0.071,-7.384],[0.114,-7.328],[0.205,-7.257],[0.268,-7.229],[0.345,-7.229],[0.394,-7.25],[0.464,-7.257],[0.562,-7.3]]]]},"properties":{"abbr":"VMHDM","name":"ventromedial hypothalamic nucleus, dorsomedial part","plate":29,"ap_bregma_mm":-2.0,"area_mm2":0.4513,"traced_fraction":[0.988],"n_labels":1,"no_drawn_outline":false}},{"type":"Feature","geometry":{"type":"MultiPolygon","coordinates":[[[[-0.791,-7.497],[-0.84,-7.567],[-0.868,-7.637],[-0.868,-7.827],[-0.854,-7.855],[-0.812,-7.848],[-0.791,-7.897],[-0.714,-7.947],[-0.728,-7.954],[-0.735,-7.989],[-0.686,-8.01],[-0.616,-8.017],[-0.616,-8.101],[-0.469,-8.101],[-0.469,-8.01],[-0.377,-7.982],[-0.286,-7.926],[-0.195,-7.848],[-0.125,-7.757],[-0.104,-7.757],[-0.097,-7.771],[-0.097,-7.813],[-0.069,-7.841],[-0.069,-7.897],[-0.104,-7.919],[-0.153,-7.996],[-0.244,-8.087],[-0.398,-8.2],[-0.496,-8.298],[-0.518,-8.355],[-0.518,-8.397],[-0.784,-8.39],[-0.91,-8.34],[-1.156,-8.165],[-1.156,-8.151],[-1.226,-8.101],[-1.226,-8.087],[-1.24,-8.087],[-1.247,-8.066],[-1.352,-7.982],[-1.387,-7.933],[-1.317,-7.862],[-1.317,-7.764],[-1.17,-7.764],[-1.17,-7.637],[-1.05,-7.63],[-0.98,-7.602],[-0.903,-7.525],[-0.861,-7.44],[-0.791,-7.497]]]]},"properties":{"abbr":"VMHVL","name":"ventromedial hypothalamic nucleus, ventrolateral part","plate":29,"ap_bregma_mm":-2.0,"area_mm2":0.4883,"traced_fraction":[0.831],"n_labels":1,"no_drawn_outline":false}},{"type":"Feature","geometry":{"type":"MultiPolygon","coordinates":[[[[3.409,-4.585],[3.416,-4.62],[3.381,-4.761],[3.304,-4.922],[3.241,-5.007],[3.114,-5.119],[2.967,-5.211],[2.799,-5.373],[2.638,-5.471],[2.595,-5.527],[2.546,-5.541],[2.399,-5.626],[2.357,-5.626],[2.203,-5.71],[2.161,-5.717],[2.161,-5.668],[2.273,-5.373],[2.322,-5.295],[2.455,-5.162],[2.567,-5.084],[2.589,-5.056],[2.645,-5.028],[2.883,-4.81],[3.093,-4.662],[3.255,-4.592],[3.409,-4.585]]],[[[-2.116,-5.844],[-2.228,-5.816],[-2.579,-5.647],[-3.021,-5.337],[-3.217,-5.147],[-3.294,-5.042],[-3.336,-4.958],[-3.35,-4.81],[-3.21,-4.803],[-3.091,-4.845],[-2.845,-4.972],[-2.663,-5.112],[-2.306,-5.485],[-2.172,-5.682],[-2.13,-5.766],[-2.116,-5.844]]]]},"properties":{"abbr":"VPL","name":"ventral posterolateral thalamic nucleus","plate":29,"ap_bregma_mm":-2.0,"area_mm2":0.9518,"traced_fraction":[1.0,1.0],"n_labels":2,"no_drawn_outline":false}},{"type":"Feature","geometry":{"type":"MultiPolygon","coordinates":[[[[3.072,-4.008],[3.114,-4.022],[3.128,-4.099],[3.192,-4.156],[3.269,-4.198],[3.353,-4.289],[3.416,-4.472],[3.409,-4.585],[3.255,-4.592],[3.093,-4.662],[2.883,-4.81],[2.645,-5.028],[2.589,-5.056],[2.567,-5.084],[2.455,-5.162],[2.322,-5.295],[2.273,-5.373],[2.161,-5.668],[2.161,-5.717],[2.105,-5.752],[2.042,-5.766],[1.908,-5.492],[1.887,-5.379],[1.887,-5.274],[1.901,-5.19],[1.943,-5.077],[2.098,-4.887],[2.182,-4.761],[2.273,-4.634],[2.357,-4.55],[2.49,-4.36],[2.673,-4.17],[2.806,-4.078],[2.876,-4.05],[3.072,-4.008]]],[[[-2.144,-4.859],[-2.144,-4.88],[-2.102,-4.922],[-1.92,-5.19],[-1.857,-5.309],[-1.808,-5.45],[-1.808,-5.682],[-1.892,-5.949],[-2.004,-5.914],[-2.116,-5.844],[-2.13,-5.766],[-2.263,-5.541],[-2.333,-5.45],[-2.404,-5.387],[-2.404,-5.373],[-2.663,-5.112],[-2.845,-4.972],[-3.091,-4.845],[-3.21,-4.803],[-3.35,-4.81],[-3.364,-4.775],[-3.364,-4.62],[-3.329,-4.5],[-3.238,-4.36],[-3.238,-4.346],[-3.294,-4.303],[-3.273,-4.24],[-3.245,-4.24],[-3.21,-4.212],[-3.168,-4.212],[-3.168,-4.261],[-3.147,-4.247],[-3.147,-4.212],[-3.014,-4.184],[-2.944,-4.184],[-2.838,-4.205],[-2.698,-4.275],[-2.383,-4.592],[-2.263,-4.754],[-2.158,-4.859],[-2.144,-4.859]]]]},"properties":{"abbr":"VPM","name":"ventral posteromedial thalamic nucleus","plate":29,"ap_bregma_mm":-2.0,"area_mm2":2.1573,"traced_fraction":[1.0,0.999],"n_labels":2,"no_drawn_outline":false}},{"type":"Feature","geometry":{"type":"MultiPolygon","coordinates":[[[[0.226,-5.879],[0.366,-5.977],[0.443,-6.062],[0.471,-6.069],[0.485,-6.111],[0.436,-6.188],[0.38,-6.209],[0.331,-6.202],[0.275,-6.188],[0.233,-6.16],[0.184,-6.16],[0.156,-6.174],[0.156,-6.027],[0.212,-6.027],[0.212,-5.879],[0.226,-5.879]]],[[[-0.244,-5.907],[-0.209,-5.949],[-0.167,-5.963],[-0.167,-6.16],[-0.244,-6.153],[-0.286,-6.174],[-0.377,-6.217],[-0.447,-6.217],[-0.49,-6.153],[-0.49,-6.118],[-0.405,-6.013],[-0.356,-5.991],[-0.244,-5.907]]]]},"properties":{"abbr":"VRe","name":"ventral reuniens thalamic nucleus","plate":29,"ap_bregma_mm":-2.0,"area_mm2":0.1293,"traced_fraction":[0.738,0.764],"n_labels":2,"no_drawn_outline":false}},{"type":"Feature","geometry":{"type":"MultiPolygon","coordinates":[[[[2.96,-5.309],[3.086,-5.33],[3.086,-5.344],[3.023,-5.394],[2.792,-5.534],[2.778,-5.555],[2.715,-5.583],[2.54,-5.71],[2.42,-5.773],[2.175,-5.97],[1.964,-6.104],[1.915,-6.111],[1.474,-6.336],[1.313,-6.357],[1.144,-6.343],[1.074,-6.322],[1.039,-6.294],[1.004,-6.252],[1.004,-6.167],[1.025,-6.132],[1.025,-6.097],[1.481,-5.949],[1.523,-5.921],[1.74,-5.928],[1.852,-5.907],[2.322,-5.696],[2.371,-5.668],[2.399,-5.626],[2.546,-5.541],[2.595,-5.527],[2.666,-5.506],[2.799,-5.422],[2.876,-5.344],[2.96,-5.309]]],[[[-2.978,-5.443],[-2.957,-5.443],[-2.88,-5.513],[-2.572,-5.71],[-1.99,-5.991],[-1.843,-6.041],[-1.702,-6.069],[-1.583,-6.069],[-1.45,-6.048],[-1.212,-6.111],[-1.128,-6.174],[-1.1,-6.245],[-1.1,-6.308],[-1.121,-6.371],[-1.198,-6.42],[-1.324,-6.428],[-1.422,-6.428],[-1.569,-6.399],[-1.717,-6.343],[-1.836,-6.315],[-1.899,-6.28],[-1.941,-6.28],[-2.046,-6.23],[-2.383,-6.005],[-2.558,-5.865],[-2.761,-5.738],[-2.796,-5.703],[-2.824,-5.696],[-2.993,-5.569],[-3.105,-5.513],[-3.119,-5.485],[-3.098,-5.464],[-3.007,-5.457],[-2.978,-5.443]]]]},"properties":{"abbr":"ZI","name":"zona incerta","plate":29,"ap_bregma_mm":-2.0,"area_mm2":0.928,"traced_fraction":[1.0,1.0],"n_labels":2,"no_drawn_outline":false}},{"type":"Feature","geometry":{"type":"MultiPolygon","coordinates":[[[[-1.948,-1.849],[-1.948,-1.891],[-1.969,-1.891],[-1.969,-1.933],[-2.418,-2.004],[-2.782,-2.116],[-2.894,-2.165],[-2.915,-2.186],[-3.224,-2.306],[-3.609,-2.489],[-3.757,-2.594],[-3.757,-2.622],[-3.715,-2.651],[-3.792,-2.721],[-3.841,-2.665],[-3.862,-2.665],[-3.876,-2.693],[-3.946,-2.728],[-4.002,-2.728],[-4.051,-2.749],[-4.058,-2.601],[-4.044,-2.58],[-4.016,-2.573],[-3.876,-2.475],[-3.673,-2.383],[-3.631,-2.348],[-3.554,-2.327],[-3.434,-2.271],[-3.427,-2.257],[-3.084,-2.109],[-2.677,-1.982],[-2.39,-1.912],[-1.948,-1.849]]],[[[3.128,-2.271],[3.184,-2.278],[3.809,-2.601],[3.801,-2.679],[3.816,-2.749],[3.71,-2.756],[3.633,-2.637],[3.605,-2.629],[3.472,-2.503],[3.388,-2.454],[3.367,-2.426],[3.346,-2.426],[3.318,-2.397],[3.156,-2.32],[3.128,-2.271]]]]},"properties":{"abbr":"alv","name":"alveus of the hippocampus","plate":29,"ap_bregma_mm":-2.0,"area_mm2":0.3383,"traced_fraction":[0.974,0.971],"n_labels":2,"no_drawn_outline":false}},{"type":"Feature","geometry":{"type":"MultiPolygon","coordinates":[[[[1.74,-1.821],[1.803,-1.835],[1.796,-1.884],[1.495,-1.87],[1.446,-1.884],[1.313,-1.884],[1.179,-1.912],[0.983,-2.025],[0.709,-2.278],[0.604,-2.348],[0.296,-2.489],[0.184,-2.524],[0.065,-2.538],[-0.153,-2.531],[-0.3,-2.489],[-0.602,-2.313],[-0.861,-2.081],[-1.113,-1.968],[-1.289,-1.926],[-1.52,-1.898],[-1.969,-1.933],[-1.969,-1.891],[-1.948,-1.891],[-1.534,-1.842],[-1.254,-1.842],[-0.98,-1.87],[-0.805,-1.94],[-0.574,-2.172],[-0.454,-2.257],[-0.398,-2.264],[-0.307,-2.306],[-0.139,-2.313],[0.008,-2.32],[0.036,-2.306],[0.043,-2.299],[0.086,-2.313],[0.296,-2.299],[0.408,-2.285],[0.457,-2.264],[0.513,-2.264],[0.576,-2.229],[0.892,-1.919],[1.039,-1.821],[1.298,-1.807],[1.341,-1.793],[1.74,-1.821]]]]},"properties":{"abbr":"cc","name":"corpus callosum","plate":29,"ap_bregma_mm":-2.0,"area_mm2":0.5024,"traced_fraction":[1.0],"n_labels":1,"no_drawn_outline":false}},{"type":"Feature","geometry":{"type":"MultiPolygon","coordinates":[[[[1.284,-1.708],[1.747,-1.75],[1.74,-1.821],[1.404,-1.793],[1.039,-1.821],[0.892,-1.919],[0.576,-2.229],[0.513,-2.264],[0.457,-2.264],[0.471,-2.229],[0.576,-2.123],[0.794,-1.814],[0.878,-1.722],[1.004,-1.68],[1.284,-1.708]]],[[[-0.728,-1.778],[-0.644,-1.891],[-0.518,-2.116],[-0.447,-2.186],[-0.398,-2.264],[-0.454,-2.257],[-0.574,-2.172],[-0.805,-1.94],[-0.98,-1.87],[-1.254,-1.842],[-1.534,-1.842],[-1.948,-1.891],[-1.948,-1.849],[-1.702,-1.807],[-1.233,-1.786],[-1.205,-1.771],[-1.043,-1.771],[-0.861,-1.75],[-0.728,-1.778]]]]},"properties":{"abbr":"cg","name":"cingulum","plate":29,"ap_bregma_mm":-2.0,"area_mm2":0.2961,"traced_fraction":[0.995,1.0],"n_labels":2,"no_drawn_outline":false}},{"type":"Feature","geometry":{"type":"MultiPolygon","coordinates":[[[[4.11,-2.735],[4.166,-2.749],[4.264,-2.855],[4.313,-2.946],[4.419,-3.08],[4.531,-3.305],[4.531,-3.347],[4.545,-3.368],[4.545,-3.748],[4.503,-3.938],[4.475,-4.015],[4.398,-4.022],[4.341,-3.987],[4.306,-3.945],[4.306,-3.924],[4.348,-3.903],[4.398,-3.818],[4.426,-3.699],[4.426,-3.607],[4.398,-3.467],[4.369,-3.396],[4.299,-3.305],[4.271,-3.199],[4.194,-3.073],[4.159,-2.967],[4.103,-2.883],[4.096,-2.777],[4.11,-2.735]]],[[[-4.304,-3.052],[-4.311,-3.178],[-4.325,-3.192],[-4.339,-3.298],[-4.353,-3.53],[-4.367,-3.551],[-4.367,-3.677],[-4.402,-3.832],[-4.402,-3.931],[-4.367,-4.099],[-4.332,-4.149],[-4.29,-4.149],[-4.283,-4.177],[-4.311,-4.205],[-4.339,-4.212],[-4.402,-4.184],[-4.444,-4.128],[-4.5,-3.952],[-4.514,-3.72],[-4.563,-3.509],[-4.556,-3.403],[-4.507,-3.326],[-4.486,-3.255],[-4.458,-3.206],[-4.381,-3.129],[-4.367,-3.094],[-4.332,-3.059],[-4.304,-3.052]]],[[[0.31,-3.143],[0.331,-3.157],[0.366,-3.241],[0.338,-3.263],[0.338,-3.319],[0.352,-3.333],[0.352,-3.361],[0.331,-3.361],[0.268,-3.438],[0.156,-3.417],[0.071,-3.537],[0.015,-3.544],[-0.09,-3.452],[-0.209,-3.417],[-0.279,-3.361],[-0.321,-3.192],[-0.321,-3.157],[-0.307,-3.157],[-0.258,-3.234],[-0.251,-3.291],[-0.237,-3.305],[-0.209,-3.305],[-0.132,-3.199],[-0.09,-3.178],[-0.041,-3.178],[0.029,-3.213],[0.142,-3.326],[0.191,-3.347],[0.268,-3.347],[0.282,-3.333],[0.268,-3.206],[0.31,-3.143]]]]},"properties":{"abbr":"chp","name":"choroid plexus","plate":29,"ap_bregma_mm":-2.0,"area_mm2":0.4918,"traced_fraction":[1.0,1.0,1.0],"n_labels":3,"no_drawn_outline":false}},{"type":"Feature","geometry":{"type":"MultiPolygon","coordinates":[[[[3.205,-5.281],[3.283,-5.281],[3.367,-5.323],[3.423,-5.379],[3.444,-5.485],[3.437,-5.569],[3.409,-5.64],[3.36,-5.71],[3.248,-5.823],[3.241,-5.851],[3.22,-5.851],[2.995,-6.069],[2.981,-6.069],[2.981,-6.083],[2.911,-6.125],[2.911,-6.139],[2.792,-6.209],[2.792,-6.224],[2.743,-6.245],[2.743,-6.259],[2.694,-6.28],[2.694,-6.294],[2.645,-6.315],[2.645,-6.329],[2.595,-6.35],[2.595,-6.364],[2.546,-6.385],[2.546,-6.399],[2.497,-6.42],[2.434,-6.477],[2.336,-6.533],[2.336,-6.547],[2.28,-6.575],[2.259,-6.603],[2.224,-6.617],[2.224,-6.631],[2.189,-6.645],[2.189,-6.66],[2.14,-6.688],[2.14,-6.702],[2.126,-6.702],[2.126,-6.716],[2.112,-6.716],[2.028,-6.8],[2.028,-6.814],[2.014,-6.814],[1.993,-6.857],[1.908,-6.842],[1.831,-6.793],[1.712,-6.772],[1.67,-6.716],[1.656,-6.645],[1.663,-6.533],[1.67,-6.491],[1.705,-6.428],[1.824,-6.315],[1.873,-6.23],[1.951,-6.153],[1.964,-6.104],[2.175,-5.97],[2.42,-5.773],[2.54,-5.71],[2.715,-5.583],[2.778,-5.555],[2.792,-5.534],[3.023,-5.394],[3.086,-5.344],[3.086,-5.33],[3.15,-5.316],[3.205,-5.281]]],[[[-3.287,-5.415],[-3.182,-5.471],[-3.119,-5.485],[-3.105,-5.513],[-2.993,-5.569],[-2.824,-5.696],[-2.796,-5.703],[-2.761,-5.738],[-2.558,-5.865],[-2.383,-6.005],[-2.046,-6.23],[-1.941,-6.28],[-1.941,-6.308],[-1.85,-6.385],[-1.723,-6.547],[-1.681,-6.638],[-1.681,-6.737],[-1.717,-6.814],[-1.794,-6.892],[-1.808,-6.892],[-1.864,-6.962],[-1.955,-6.976],[-2.074,-6.92],[-2.165,-6.849],[-2.172,-6.828],[-2.186,-6.828],[-2.242,-6.765],[-2.256,-6.765],[-2.256,-6.751],[-2.27,-6.751],[-2.27,-6.737],[-2.284,-6.737],[-2.291,-6.716],[-2.361,-6.653],[-2.649,-6.428],[-2.705,-6.357],[-2.838,-6.273],[-3.035,-6.111],[-3.224,-5.984],[-3.231,-5.963],[-3.245,-5.963],[-3.385,-5.816],[-3.441,-5.724],[-3.49,-5.598],[-3.49,-5.492],[-3.441,-5.422],[-3.392,-5.408],[-3.287,-5.415]]]]},"properties":{"abbr":"cp","name":"cerebral peduncle","plate":29,"ap_bregma_mm":-2.0,"area_mm2":2.1177,"traced_fraction":[1.0,1.0],"n_labels":2,"no_drawn_outline":false}},{"type":"Feature","geometry":{"type":"MultiPolygon","coordinates":[[[[1.747,-1.75],[2.203,-1.821],[2.617,-1.919],[3.044,-2.053],[3.689,-2.348],[3.717,-2.348],[3.914,-2.454],[4.166,-2.552],[4.166,-2.566],[4.201,-2.594],[4.404,-2.728],[4.531,-2.855],[4.657,-2.953],[4.671,-2.988],[4.951,-3.298],[5.134,-3.551],[5.211,-3.628],[5.232,-3.677],[5.288,-3.734],[5.477,-4.001],[5.617,-4.289],[5.646,-4.402],[5.526,-4.409],[5.477,-4.303],[5.344,-4.099],[4.86,-3.459],[4.846,-3.459],[4.804,-3.41],[4.636,-3.319],[4.531,-3.305],[4.419,-3.08],[4.313,-2.946],[4.264,-2.855],[4.166,-2.749],[4.11,-2.735],[4.068,-2.693],[3.956,-2.629],[3.858,-2.601],[3.809,-2.601],[3.184,-2.278],[3.128,-2.271],[3.051,-2.25],[2.974,-2.208],[2.946,-2.172],[2.89,-2.158],[2.841,-2.123],[2.687,-2.067],[2.553,-2.039],[2.54,-2.025],[2.245,-1.954],[1.796,-1.884],[1.803,-1.835],[1.74,-1.821],[1.747,-1.75]]],[[[-4.058,-2.601],[-4.051,-2.749],[-4.093,-2.784],[-4.149,-2.805],[-4.234,-2.883],[-4.269,-2.939],[-4.304,-3.052],[-4.332,-3.059],[-4.367,-3.094],[-4.381,-3.129],[-4.458,-3.206],[-4.486,-3.255],[-4.521,-3.263],[-4.591,-3.326],[-4.731,-3.509],[-4.851,-3.628],[-5.019,-3.853],[-5.089,-3.987],[-5.236,-4.191],[-5.369,-4.423],[-5.425,-4.571],[-5.496,-4.697],[-5.566,-4.958],[-5.657,-4.95],[-5.657,-4.859],[-5.636,-4.754],[-5.545,-4.479],[-5.419,-4.226],[-5.341,-4.036],[-5.243,-3.895],[-5.159,-3.741],[-5.061,-3.628],[-4.823,-3.263],[-4.661,-3.052],[-4.346,-2.77],[-4.107,-2.615],[-4.058,-2.601]]]]},"properties":{"abbr":"dcw","name":"deep cerebral white matter","plate":29,"ap_bregma_mm":-2.0,"area_mm2":1.2933,"traced_fraction":[0.991,0.975],"n_labels":2,"no_drawn_outline":false}},{"type":"Feature","geometry":{"type":"MultiPolygon","coordinates":[[[[1.796,-1.884],[2.245,-1.954],[2.54,-2.025],[2.553,-2.039],[2.687,-2.067],[2.841,-2.123],[2.89,-2.158],[2.946,-2.172],[2.974,-2.208],[2.932,-2.208],[2.799,-2.144],[2.504,-2.053],[2.063,-1.961],[1.719,-1.912],[1.383,-1.933],[1.242,-1.968],[1.095,-2.039],[0.927,-2.158],[0.773,-2.306],[0.555,-2.44],[0.303,-2.559],[0.275,-2.594],[0.226,-2.601],[0.163,-2.601],[0.078,-2.637],[-0.006,-2.644],[-0.069,-2.644],[-0.132,-2.608],[-0.181,-2.615],[-0.223,-2.601],[-0.251,-2.566],[-0.342,-2.538],[-0.546,-2.418],[-0.798,-2.186],[-1.029,-2.046],[-1.345,-1.954],[-1.618,-1.947],[-2.172,-2.004],[-2.516,-2.081],[-2.642,-2.137],[-2.971,-2.25],[-3.119,-2.327],[-3.357,-2.426],[-3.617,-2.566],[-3.715,-2.651],[-3.757,-2.622],[-3.757,-2.594],[-3.609,-2.489],[-3.224,-2.306],[-2.915,-2.186],[-2.894,-2.165],[-2.782,-2.116],[-2.418,-2.004],[-1.969,-1.933],[-1.52,-1.898],[-1.289,-1.926],[-1.113,-1.968],[-0.861,-2.081],[-0.602,-2.313],[-0.3,-2.489],[-0.153,-2.531],[0.065,-2.538],[0.184,-2.524],[0.296,-2.489],[0.604,-2.348],[0.709,-2.278],[0.983,-2.025],[1.179,-1.912],[1.313,-1.884],[1.446,-1.884],[1.495,-1.87],[1.796,-1.884]]]]},"properties":{"abbr":"dhc","name":"dorsal hippocampal commissure","plate":29,"ap_bregma_mm":-2.0,"area_mm2":0.3867,"traced_fraction":[0.999],"n_labels":1,"no_drawn_outline":false}},{"type":"Feature","geometry":{"type":"MultiPolygon","coordinates":[[[[5.646,-4.402],[5.709,-4.606],[5.716,-4.739],[5.744,-4.852],[5.73,-4.943],[5.737,-5.021],[5.709,-5.204],[5.653,-5.365],[5.582,-5.478],[5.582,-5.506],[5.533,-5.541],[5.491,-5.654],[5.442,-5.689],[5.449,-5.59],[5.561,-5.373],[5.61,-5.14],[5.596,-4.789],[5.561,-4.662],[5.526,-4.409],[5.646,-4.402]]],[[[-5.657,-4.95],[-5.566,-4.958],[-5.552,-5.175],[-5.489,-5.457],[-5.369,-5.766],[-5.278,-5.928],[-5.292,-6.09],[-5.236,-6.28],[-5.257,-6.28],[-5.32,-6.202],[-5.355,-6.104],[-5.412,-5.851],[-5.482,-5.724],[-5.524,-5.569],[-5.58,-5.464],[-5.65,-5.175],[-5.65,-5.098],[-5.664,-5.077],[-5.657,-4.95]]]]},"properties":{"abbr":"ec","name":"external capsule","plate":29,"ap_bregma_mm":-2.0,"area_mm2":0.2602,"traced_fraction":[0.975,0.985],"n_labels":2,"no_drawn_outline":false}},{"type":"Feature","geometry":{"type":"MultiPolygon","coordinates":[[[[3.114,-4.022],[3.213,-4.029],[3.262,-4.05],[3.325,-4.114],[3.395,-4.233],[3.395,-4.275],[3.416,-4.31],[3.472,-4.507],[3.472,-4.655],[3.437,-4.775],[3.29,-5.028],[3.205,-5.119],[2.995,-5.26],[2.96,-5.309],[2.876,-5.344],[2.799,-5.422],[2.666,-5.506],[2.595,-5.527],[2.638,-5.471],[2.799,-5.373],[2.967,-5.211],[3.114,-5.119],[3.241,-5.007],[3.353,-4.831],[3.409,-4.662],[3.409,-4.585],[3.416,-4.472],[3.353,-4.289],[3.269,-4.198],[3.192,-4.156],[3.128,-4.099],[3.114,-4.022]]],[[[-3.294,-4.303],[-3.252,-4.332],[-3.238,-4.36],[-3.287,-4.423],[-3.343,-4.535],[-3.364,-4.62],[-3.364,-4.775],[-3.35,-4.81],[-3.336,-4.958],[-3.294,-5.042],[-3.217,-5.147],[-3.238,-5.147],[-3.245,-5.162],[-3.273,-5.147],[-3.371,-5.014],[-3.434,-4.866],[-3.434,-4.592],[-3.371,-4.43],[-3.371,-4.395],[-3.315,-4.31],[-3.294,-4.303]]]]},"properties":{"abbr":"eml","name":"external medullary lamina","plate":29,"ap_bregma_mm":-2.0,"area_mm2":0.1767,"traced_fraction":[1.0,0.993],"n_labels":2,"no_drawn_outline":false}},{"type":"Feature","geometry":{"type":"MultiPolygon","coordinates":[[[[1.039,-7.117],[1.081,-7.117],[1.109,-7.145],[1.137,-7.152],[1.214,-7.243],[1.228,-7.272],[1.228,-7.342],[1.2,-7.37],[1.123,-7.363],[1.053,-7.3],[1.018,-7.229],[1.018,-7.145],[1.039,-7.117]]],[[[-1.057,-7.222],[-1.043,-7.335],[-1.079,-7.419],[-1.1,-7.44],[-1.149,-7.454],[-1.198,-7.447],[-1.233,-7.426],[-1.254,-7.363],[-1.219,-7.279],[-1.149,-7.215],[-1.079,-7.208],[-1.057,-7.222]]]]},"properties":{"abbr":"f","name":"fornix","plate":29,"ap_bregma_mm":-2.0,"area_mm2":0.0745,"traced_fraction":[1.0,1.0],"n_labels":2,"no_drawn_outline":false}},{"type":"Feature","geometry":{"type":"MultiPolygon","coordinates":[[[[-3.792,-2.721],[-3.897,-2.826],[-3.974,-2.988],[-3.967,-3.101],[-3.883,-3.178],[-3.694,-3.199],[-2.824,-3.213],[-2.691,-3.241],[-2.726,-3.269],[-2.866,-3.312],[-2.915,-3.326],[-3.196,-3.312],[-3.42,-3.368],[-3.525,-3.41],[-3.638,-3.488],[-3.736,-3.607],[-3.757,-3.663],[-3.757,-3.762],[-3.743,-3.776],[-3.715,-3.874],[-3.715,-3.994],[-3.918,-4.184],[-4.002,-4.212],[-4.023,-4.24],[-4.093,-4.282],[-4.248,-4.318],[-4.297,-4.282],[-4.339,-4.212],[-4.311,-4.205],[-4.283,-4.177],[-4.29,-4.149],[-4.325,-4.008],[-4.255,-3.769],[-4.255,-3.438],[-4.198,-3.241],[-4.198,-3.15],[-4.143,-3.023],[-3.981,-2.805],[-3.946,-2.728],[-3.876,-2.693],[-3.862,-2.665],[-3.841,-2.665],[-3.792,-2.721]]],[[[3.816,-2.749],[3.907,-2.911],[3.935,-3.248],[4.005,-3.467],[4.124,-3.699],[4.257,-3.846],[4.306,-3.924],[4.306,-3.945],[4.341,-3.987],[4.32,-3.987],[4.292,-4.015],[4.18,-4.064],[4.054,-4.078],[3.991,-4.071],[3.865,-4.015],[3.801,-3.973],[3.717,-3.881],[3.689,-3.86],[3.661,-3.86],[3.661,-3.769],[3.633,-3.769],[3.619,-3.565],[3.598,-3.509],[3.528,-3.424],[3.353,-3.326],[3.171,-3.277],[3.128,-3.277],[2.897,-3.199],[2.764,-3.185],[2.701,-3.164],[2.574,-3.157],[2.553,-3.143],[2.574,-3.122],[2.624,-3.115],[2.918,-3.122],[3.037,-3.101],[3.395,-3.08],[3.57,-3.044],[3.647,-3.009],[3.696,-2.939],[3.724,-2.848],[3.71,-2.756],[3.816,-2.749]]]]},"properties":{"abbr":"fi","name":"fimbria of the hippocampus","plate":29,"ap_bregma_mm":-2.0,"area_mm2":1.4576,"traced_fraction":[0.993,0.99],"n_labels":2,"no_drawn_outline":false}},{"type":"Feature","geometry":{"type":"MultiPolygon","coordinates":[[[[0.149,-3.874],[0.205,-3.91],[0.282,-3.91],[0.373,-3.881],[0.422,-3.952],[0.478,-3.987],[0.639,-4.008],[0.815,-3.966],[0.864,-3.938],[0.864,-3.924],[0.878,-3.924],[0.913,-3.881],[0.941,-3.874],[0.962,-3.917],[0.892,-3.98],[0.801,-4.036],[0.695,-4.071],[0.555,-4.078],[0.387,-4.057],[0.352,-4.036],[0.289,-4.029],[0.177,-3.973],[0.114,-3.91],[0.114,-3.895],[0.149,-3.874]]],[[[-0.391,-3.91],[-0.321,-3.931],[-0.174,-3.924],[-0.167,-3.931],[-0.167,-3.952],[-0.202,-3.987],[-0.342,-4.05],[-0.349,-4.057],[-0.616,-4.099],[-0.763,-4.099],[-0.847,-4.078],[-0.931,-4.022],[-0.931,-3.987],[-0.868,-4.001],[-0.763,-4.05],[-0.602,-4.057],[-0.524,-4.036],[-0.454,-3.994],[-0.391,-3.91]]]]},"properties":{"abbr":"fr","name":"fasciculus retroflexus","plate":29,"ap_bregma_mm":-2.0,"area_mm2":0.1257,"traced_fraction":[1.0,1.0],"n_labels":2,"no_drawn_outline":false}},{"type":"Feature","geometry":{"type":"MultiPolygon","coordinates":[[[[4.503,-3.938],[4.559,-3.959],[4.601,-4.001],[4.636,-4.015],[4.713,-4.099],[4.755,-4.205],[4.79,-4.374],[4.783,-4.557],[4.755,-4.641],[4.65,-4.852],[4.65,-4.88],[4.531,-5.042],[4.159,-5.415],[4.11,-5.52],[4.082,-5.633],[4.061,-5.661],[3.998,-5.605],[3.942,-5.577],[3.773,-5.577],[3.661,-5.626],[3.591,-5.696],[3.57,-5.745],[3.479,-5.752],[3.269,-5.886],[3.241,-5.851],[3.248,-5.823],[3.36,-5.71],[3.409,-5.64],[3.437,-5.569],[3.444,-5.485],[3.423,-5.379],[3.367,-5.323],[3.283,-5.281],[3.205,-5.281],[3.241,-5.232],[3.325,-5.175],[3.374,-5.119],[3.549,-4.979],[3.71,-4.81],[3.801,-4.69],[3.837,-4.627],[3.879,-4.465],[3.879,-4.36],[3.837,-4.219],[3.837,-4.177],[3.872,-4.177],[3.97,-4.226],[4.117,-4.254],[4.334,-4.247],[4.39,-4.233],[4.489,-4.156],[4.496,-4.05],[4.475,-4.015],[4.503,-3.938]]],[[[-4.444,-4.128],[-4.402,-4.184],[-4.339,-4.212],[-4.297,-4.282],[-4.248,-4.318],[-4.248,-4.339],[-4.206,-4.381],[-4.156,-4.402],[-3.967,-4.402],[-3.869,-4.36],[-3.806,-4.303],[-3.75,-4.226],[-3.715,-4.205],[-3.715,-4.282],[-3.75,-4.444],[-3.75,-4.662],[-3.729,-4.824],[-3.68,-4.986],[-3.631,-5.07],[-3.511,-5.19],[-3.497,-5.19],[-3.406,-5.295],[-3.336,-5.344],[-3.287,-5.415],[-3.392,-5.408],[-3.441,-5.422],[-3.49,-5.492],[-3.49,-5.598],[-3.441,-5.724],[-3.385,-5.816],[-3.245,-5.963],[-3.231,-5.963],[-3.224,-5.984],[-3.238,-5.984],[-3.252,-6.013],[-3.35,-5.963],[-3.504,-5.844],[-3.624,-5.844],[-3.652,-5.802],[-3.736,-5.745],[-3.848,-5.703],[-3.995,-5.703],[-4.065,-5.78],[-4.086,-5.773],[-4.262,-5.429],[-4.458,-5.232],[-4.633,-4.972],[-4.682,-4.852],[-4.71,-4.824],[-4.731,-4.711],[-4.731,-4.599],[-4.689,-4.458],[-4.57,-4.233],[-4.472,-4.135],[-4.444,-4.128]]]]},"properties":{"abbr":"ic","name":"internal capsule","plate":29,"ap_bregma_mm":-2.0,"area_mm2":2.7197,"traced_fraction":[1.0,1.0],"n_labels":2,"no_drawn_outline":false}},{"type":"Feature","geometry":{"type":"MultiPolygon","coordinates":[[[[0.163,-5.281],[0.163,-5.344],[-0.167,-5.344],[-0.167,-5.267],[-0.167,-5.19],[0.163,-5.19],[0.163,-5.281]]]]},"properties":{"abbr":"imvc","name":"intermedioventral thalamic commissure","plate":29,"ap_bregma_mm":-2.0,"area_mm2":0.051,"traced_fraction":[0.139],"n_labels":1,"no_drawn_outline":true}},{"type":"Feature","geometry":{"type":"MultiPolygon","coordinates":[[[[-3.217,-5.147],[-3.021,-5.337],[-2.579,-5.647],[-2.228,-5.816],[-2.116,-5.844],[-2.004,-5.914],[-1.892,-5.949],[-1.843,-5.977],[-1.717,-6.005],[-1.59,-5.991],[-1.569,-5.97],[-1.534,-5.963],[-1.471,-5.9],[-1.45,-5.858],[-1.394,-5.816],[-1.373,-5.837],[-1.373,-5.9],[-1.408,-5.998],[-1.45,-6.048],[-1.583,-6.069],[-1.702,-6.069],[-1.843,-6.041],[-1.99,-5.991],[-2.572,-5.71],[-2.88,-5.513],[-2.957,-5.443],[-2.978,-5.443],[-3.168,-5.274],[-3.168,-5.26],[-3.245,-5.183],[-3.245,-5.162],[-3.238,-5.147],[-3.217,-5.147]]],[[[2.399,-5.626],[2.371,-5.668],[2.322,-5.696],[1.852,-5.907],[1.74,-5.928],[1.523,-5.921],[1.523,-5.907],[1.481,-5.893],[1.418,-5.83],[1.418,-5.78],[1.439,-5.738],[1.481,-5.745],[1.572,-5.837],[1.642,-5.858],[1.81,-5.844],[1.951,-5.809],[2.042,-5.766],[2.105,-5.752],[2.161,-5.717],[2.203,-5.71],[2.357,-5.626],[2.399,-5.626]]]]},"properties":{"abbr":"ml","name":"medial lemniscus","plate":29,"ap_bregma_mm":-2.0,"area_mm2":0.2072,"traced_fraction":[1.0,1.0],"n_labels":2,"no_drawn_outline":false}},{"type":"Feature","geometry":{"type":"MultiPolygon","coordinates":[[[[0.78,-5.984],[0.829,-6.069],[0.836,-6.118],[0.822,-6.167],[0.766,-6.217],[0.695,-6.23],[0.625,-6.217],[0.555,-6.174],[0.485,-6.111],[0.471,-6.069],[0.485,-5.963],[0.548,-5.914],[0.632,-5.914],[0.78,-5.984]]],[[[-0.49,-6.118],[-0.49,-6.153],[-0.511,-6.167],[-0.574,-6.273],[-0.658,-6.315],[-0.784,-6.308],[-0.819,-6.273],[-0.84,-6.217],[-0.833,-6.132],[-0.77,-6.076],[-0.665,-6.041],[-0.595,-6.034],[-0.553,-6.041],[-0.518,-6.076],[-0.511,-6.111],[-0.49,-6.118]]]]},"properties":{"abbr":"mt","name":"mammillothalamic tract","plate":29,"ap_bregma_mm":-2.0,"area_mm2":0.1589,"traced_fraction":[1.0,1.0],"n_labels":2,"no_drawn_outline":false}},{"type":"Feature","geometry":{"type":"MultiPolygon","coordinates":[[[[0.555,-6.174],[0.625,-6.217],[0.695,-6.23],[0.695,-6.477],[0.983,-6.477],[0.983,-6.35],[1.039,-6.294],[1.074,-6.322],[1.144,-6.343],[1.313,-6.357],[1.313,-6.533],[1.663,-6.533],[1.656,-6.645],[1.67,-6.716],[1.649,-6.716],[1.579,-6.786],[1.53,-6.857],[1.509,-6.92],[1.523,-6.976],[1.6,-7.032],[1.628,-7.046],[1.733,-7.046],[1.803,-7.018],[1.873,-6.941],[1.908,-6.842],[1.993,-6.857],[1.943,-6.99],[1.873,-7.096],[1.81,-7.25],[1.768,-7.3],[1.719,-7.426],[1.705,-7.433],[1.698,-7.518],[1.712,-7.525],[1.558,-7.63],[1.551,-7.651],[1.523,-7.672],[1.502,-7.672],[1.502,-7.686],[1.425,-7.743],[1.362,-7.813],[1.256,-7.743],[1.235,-7.686],[1.235,-7.525],[1.326,-7.525],[1.39,-7.504],[1.439,-7.454],[1.46,-7.398],[1.467,-7.307],[1.453,-7.215],[1.432,-7.145],[1.368,-7.032],[1.291,-6.955],[1.228,-6.913],[1.151,-6.885],[1.025,-6.885],[0.906,-6.934],[0.85,-6.983],[0.78,-6.913],[0.639,-6.899],[0.562,-6.821],[0.548,-6.723],[0.478,-6.617],[0.506,-6.589],[0.534,-6.582],[0.541,-6.561],[0.555,-6.174]]]]},"properties":{"abbr":"ns","name":"nigrostriatal bundle","plate":29,"ap_bregma_mm":-2.0,"area_mm2":0.8277,"traced_fraction":[0.692],"n_labels":1,"no_drawn_outline":true}},{"type":"Feature","geometry":{"type":"MultiPolygon","coordinates":[[[[3.57,-5.745],[3.612,-5.787],[3.626,-5.823],[3.626,-5.9],[3.605,-6.005],[3.591,-6.005],[3.423,-6.181],[3.205,-6.343],[3.163,-6.392],[3.1,-6.428],[2.953,-6.547],[2.75,-6.674],[2.624,-6.793],[2.49,-6.878],[2.406,-6.913],[2.35,-6.962],[2.231,-7.025],[2.112,-7.117],[2.035,-7.229],[1.972,-7.384],[1.943,-7.391],[1.915,-7.426],[1.901,-7.433],[1.824,-7.475],[1.817,-7.475],[1.782,-7.475],[1.775,-7.433],[1.824,-7.328],[1.838,-7.321],[1.838,-7.3],[1.866,-7.272],[1.873,-7.229],[1.894,-7.208],[1.915,-7.131],[1.964,-7.053],[1.964,-7.032],[2.006,-6.969],[2.021,-6.969],[2.049,-6.913],[2.063,-6.913],[2.077,-6.878],[2.091,-6.878],[2.147,-6.807],[2.21,-6.702],[2.357,-6.568],[2.54,-6.449],[2.603,-6.385],[2.652,-6.364],[2.652,-6.35],[2.743,-6.301],[2.764,-6.273],[2.897,-6.188],[2.897,-6.174],[2.974,-6.132],[3.03,-6.083],[3.03,-6.069],[3.079,-6.041],[3.079,-6.027],[3.114,-6.013],[3.142,-5.977],[3.199,-5.949],[3.269,-5.886],[3.479,-5.752],[3.57,-5.745]]],[[[-3.252,-6.013],[-2.768,-6.371],[-2.656,-6.491],[-2.614,-6.512],[-2.6,-6.54],[-2.495,-6.617],[-2.467,-6.66],[-2.151,-6.976],[-2.137,-6.976],[-2.137,-6.997],[-2.011,-7.124],[-1.899,-7.314],[-1.885,-7.37],[-1.815,-7.475],[-1.73,-7.679],[-1.674,-7.757],[-1.674,-7.799],[-1.702,-7.799],[-1.709,-7.778],[-1.787,-7.743],[-1.85,-7.539],[-1.899,-7.454],[-1.941,-7.426],[-2.025,-7.426],[-2.074,-7.391],[-2.116,-7.321],[-2.165,-7.272],[-2.306,-7.159],[-2.333,-7.152],[-2.383,-7.096],[-2.467,-7.039],[-2.705,-6.8],[-2.887,-6.66],[-2.944,-6.631],[-2.993,-6.582],[-3.245,-6.463],[-3.385,-6.378],[-3.462,-6.308],[-3.504,-6.301],[-3.518,-6.259],[-3.588,-6.167],[-3.645,-6.027],[-3.652,-5.893],[-3.624,-5.844],[-3.504,-5.844],[-3.35,-5.963],[-3.252,-6.013]]],[[[1.817,-7.475],[1.824,-7.475],[1.817,-7.482],[1.817,-7.475]]]]},"properties":{"abbr":"opt","name":"optic tract","plate":29,"ap_bregma_mm":-2.0,"area_mm2":1.3225,"traced_fraction":[1.0,0.993,1.0],"n_labels":2,"no_drawn_outline":false}},{"type":"Feature","geometry":{"type":"MultiPolygon","coordinates":[[[[0.401,-3.284],[0.583,-3.417],[0.794,-3.467],[0.794,-3.488],[0.815,-3.509],[0.913,-3.551],[0.976,-3.607],[1.06,-3.628],[1.053,-3.741],[1.004,-3.797],[0.688,-3.607],[0.611,-3.6],[0.604,-3.565],[0.527,-3.523],[0.45,-3.502],[0.38,-3.382],[0.352,-3.361],[0.352,-3.333],[0.401,-3.284]]],[[[-0.469,-3.312],[-0.447,-3.326],[-0.405,-3.41],[-0.426,-3.417],[-0.482,-3.509],[-0.518,-3.523],[-0.518,-3.537],[-0.546,-3.537],[-0.609,-3.6],[-0.623,-3.6],[-0.63,-3.621],[-0.658,-3.621],[-0.861,-3.776],[-1.071,-3.86],[-1.085,-3.86],[-1.156,-3.79],[-1.177,-3.699],[-1.149,-3.607],[-1.107,-3.621],[-0.987,-3.607],[-0.889,-3.551],[-0.826,-3.495],[-0.77,-3.473],[-0.756,-3.452],[-0.609,-3.41],[-0.469,-3.312]]]]},"properties":{"abbr":"sm","name":"stria medullaris of the thalamus","plate":29,"ap_bregma_mm":-2.0,"area_mm2":0.271,"traced_fraction":[0.992,1.0],"n_labels":2,"no_drawn_outline":false}},{"type":"Feature","geometry":{"type":"MultiPolygon","coordinates":[[[[-2.074,-6.92],[-1.955,-6.976],[-1.941,-7.032],[-1.892,-7.089],[-1.822,-7.208],[-1.794,-7.307],[-1.899,-7.314],[-2.011,-7.124],[-2.137,-6.997],[-2.137,-6.976],[-2.074,-6.92]]]]},"properties":{"abbr":"sox","name":"supraoptic decussation","plate":29,"ap_bregma_mm":-2.0,"area_mm2":0.0536,"traced_fraction":[0.89],"n_labels":1,"no_drawn_outline":false}},{"type":"Feature","geometry":{"type":"MultiPolygon","coordinates":[[[[3.661,-3.86],[3.689,-3.86],[3.717,-3.881],[3.801,-3.973],[3.865,-4.015],[3.991,-4.071],[4.054,-4.078],[4.18,-4.064],[4.292,-4.015],[4.32,-3.987],[4.341,-3.987],[4.398,-4.022],[4.475,-4.015],[4.496,-4.05],[4.489,-4.156],[4.39,-4.233],[4.334,-4.247],[4.117,-4.254],[3.97,-4.226],[3.872,-4.177],[3.837,-4.177],[3.809,-4.121],[3.668,-3.938],[3.661,-3.86]]],[[[-3.715,-3.994],[-3.694,-4.057],[-3.708,-4.092],[-3.715,-4.205],[-3.729,-4.205],[-3.806,-4.303],[-3.869,-4.36],[-3.967,-4.402],[-4.156,-4.402],[-4.206,-4.381],[-4.248,-4.339],[-4.248,-4.318],[-4.093,-4.282],[-4.023,-4.24],[-4.002,-4.212],[-3.918,-4.184],[-3.715,-3.994]]],[[[4.061,-5.661],[4.04,-5.837],[4.026,-5.837],[3.935,-5.935],[3.9,-6.02],[3.872,-6.034],[3.843,-6.097],[3.809,-6.252],[3.816,-6.498],[3.809,-6.533],[3.837,-6.645],[3.893,-6.716],[3.837,-6.779],[3.794,-6.793],[3.759,-6.744],[3.724,-6.596],[3.71,-6.582],[3.682,-6.589],[3.633,-6.765],[3.598,-6.835],[3.584,-6.92],[3.514,-6.976],[3.416,-6.99],[3.22,-7.053],[3.163,-7.053],[3.163,-7.011],[3.297,-6.814],[3.409,-6.589],[3.493,-6.336],[3.577,-6.167],[3.605,-6.005],[3.626,-5.9],[3.626,-5.823],[3.612,-5.787],[3.57,-5.745],[3.591,-5.696],[3.661,-5.626],[3.773,-5.577],[3.942,-5.577],[3.998,-5.605],[4.061,-5.661]]],[[[-3.624,-5.844],[-3.652,-5.893],[-3.645,-6.027],[-3.588,-6.167],[-3.518,-6.259],[-3.504,-6.301],[-3.504,-6.343],[-3.469,-6.42],[-3.392,-6.695],[-3.357,-6.885],[-3.315,-6.983],[-3.217,-7.124],[-3.119,-7.229],[-2.894,-7.356],[-2.873,-7.384],[-3.147,-7.363],[-3.434,-7.285],[-3.476,-7.243],[-3.497,-7.173],[-3.554,-7.103],[-3.588,-7.032],[-3.588,-6.976],[-3.525,-6.864],[-3.532,-6.8],[-3.554,-6.779],[-3.603,-6.779],[-3.673,-6.821],[-3.736,-6.835],[-3.771,-6.821],[-3.792,-6.786],[-3.708,-6.723],[-3.624,-6.603],[-3.617,-6.533],[-3.638,-6.449],[-3.652,-6.385],[-3.729,-6.301],[-3.827,-6.125],[-4.009,-5.949],[-4.051,-5.942],[-4.058,-5.907],[-4.051,-5.851],[-4.072,-5.802],[-4.065,-5.78],[-3.995,-5.703],[-3.848,-5.703],[-3.736,-5.745],[-3.652,-5.802],[-3.624,-5.844]]]]},"properties":{"abbr":"st","name":"stria terminalis","plate":29,"ap_bregma_mm":-2.0,"area_mm2":1.1976,"traced_fraction":[1.0,1.0,1.0,0.996],"n_labels":4,"no_drawn_outline":false}},{"type":"Feature","geometry":{"type":"Polygon","coordinates":[[[3.107,-0.949],[3.107,-0.956],[2.82,-0.892],[2.196,-0.731],[1.74,-0.646],[1.6,-0.604],[1.305,-0.562],[0.878,-0.505],[0.997,-0.498],[1.256,-0.512],[2.224,-0.702],[3.107,-0.949]]]},"properties":{"abbr":null,"name":"unnamed sealed face","plate":29,"ap_bregma_mm":-2.0,"index":0}},{"type":"Feature","geometry":{"type":"Polygon","coordinates":[[[0.534,-0.597],[0.534,-0.604],[0.415,-0.66],[0.31,-0.731],[0.184,-0.864],[0.156,-0.934],[0.114,-0.977],[0.029,-1.223],[-0.006,-1.202],[-0.062,-1.033],[-0.083,-1.005],[-0.118,-0.92],[-0.174,-0.843],[-0.244,-0.773],[-0.258,-0.773],[-0.258,-0.759],[-0.356,-0.709],[-0.363,-0.688],[-0.342,-0.653],[-0.251,-0.752],[-0.237,-0.752],[-0.132,-0.85],[-0.006,-1.117],[0.008,-1.124],[0.261,-0.723],[0.422,-0.618],[0.534,-0.597]]]},"properties":{"abbr":null,"name":"unnamed sealed face","plate":29,"ap_bregma_mm":-2.0,"index":1}},{"type":"Feature","geometry":{"type":"Polygon","coordinates":[[[-4.591,-1.483],[-4.598,-1.504],[-4.654,-1.525],[-4.759,-1.61],[-4.781,-1.61],[-4.865,-1.673],[-4.907,-1.687],[-4.907,-1.701],[-4.935,-1.708],[-4.97,-1.743],[-4.998,-1.75],[-5.285,-1.968],[-5.362,-2.046],[-5.383,-2.046],[-5.404,-2.018],[-5.397,-2.004],[-5.103,-1.8],[-4.893,-1.631],[-4.591,-1.483]]]},"properties":{"abbr":null,"name":"unnamed sealed face","plate":29,"ap_bregma_mm":-2.0,"index":2}},{"type":"Feature","geometry":{"type":"Polygon","coordinates":[[[4.699,-1.483],[4.79,-1.49],[5.127,-1.715],[5.141,-1.736],[5.533,-1.989],[5.919,-2.44],[5.898,-2.44],[5.898,-2.426],[5.849,-2.397],[5.835,-2.369],[5.814,-2.362],[5.737,-2.285],[5.737,-2.271],[5.723,-2.271],[5.631,-2.151],[5.617,-2.151],[5.526,-2.053],[5.498,-2.018],[5.484,-2.018],[5.484,-2.004],[5.428,-1.975],[5.428,-1.961],[5.232,-1.842],[5.211,-1.814],[5.162,-1.793],[5.141,-1.764],[4.923,-1.624],[4.909,-1.603],[4.888,-1.603],[4.846,-1.567],[4.748,-1.525],[4.699,-1.504],[4.699,-1.483]]]},"properties":{"abbr":null,"name":"unnamed sealed face","plate":29,"ap_bregma_mm":-2.0,"index":3}},{"type":"Feature","geometry":{"type":"Polygon","coordinates":[[[5.919,-2.44],[6.115,-2.538],[6.115,-2.552],[6.494,-2.96],[6.55,-2.96],[6.599,-3.115],[6.571,-3.101],[6.557,-3.066],[6.41,-2.897],[6.41,-2.883],[6.396,-2.883],[6.396,-2.869],[6.305,-2.791],[6.206,-2.679],[6.192,-2.679],[6.087,-2.58],[6.052,-2.566],[6.052,-2.552],[6.017,-2.538],[6.017,-2.524],[5.982,-2.51],[5.982,-2.496],[5.947,-2.482],[5.919,-2.44]]]},"properties":{"abbr":null,"name":"unnamed sealed face","plate":29,"ap_bregma_mm":-2.0,"index":4}},{"type":"Feature","geometry":{"type":"Polygon","coordinates":[[[6.606,-3.122],[6.62,-3.143],[6.599,-3.136],[6.606,-3.122]]]},"properties":{"abbr":null,"name":"unnamed sealed face","plate":29,"ap_bregma_mm":-2.0,"index":5}},{"type":"Feature","geometry":{"type":"Polygon","coordinates":[[[6.627,-3.15],[6.964,-3.579],[7.153,-3.945],[7.188,-3.987],[7.314,-4.388],[7.321,-4.402],[7.356,-4.388],[7.377,-4.585],[7.356,-4.585],[7.272,-4.296],[7.104,-3.917],[6.865,-3.509],[6.746,-3.347],[6.683,-3.234],[6.669,-3.234],[6.62,-3.164],[6.627,-3.15]]]},"properties":{"abbr":null,"name":"unnamed sealed face","plate":29,"ap_bregma_mm":-2.0,"index":6}},{"type":"Feature","geometry":{"type":"Polygon","coordinates":[[[0.296,-2.299],[0.198,-2.313],[0.086,-2.313],[0.043,-2.299],[0.043,-2.165],[0.24,-2.165],[0.24,-2.243],[0.268,-2.25],[0.296,-2.299]]]},"properties":{"abbr":null,"name":"unnamed sealed face","plate":29,"ap_bregma_mm":-2.0,"index":7}},{"type":"Feature","geometry":{"type":"Polygon","coordinates":[[[-5.818,-2.433],[-5.811,-2.44],[-5.867,-2.482],[-5.909,-2.545],[-5.979,-2.594],[-5.979,-2.608],[-5.993,-2.608],[-6.141,-2.756],[-6.141,-2.77],[-6.183,-2.798],[-6.183,-2.812],[-6.274,-2.897],[-6.281,-2.925],[-6.295,-2.925],[-6.393,-3.023],[-6.533,-3.206],[-6.618,-3.291],[-6.639,-3.333],[-6.667,-3.347],[-6.596,-3.192],[-6.084,-2.686],[-6.106,-2.629],[-6.05,-2.644],[-5.93,-2.468],[-5.818,-2.433]]]},"properties":{"abbr":null,"name":"unnamed sealed face","plate":29,"ap_bregma_mm":-2.0,"index":8}},{"type":"Feature","geometry":{"type":"Polygon","coordinates":[[[1.362,-3.445],[1.341,-3.473],[1.2,-3.53],[1.193,-3.551],[1.172,-3.558],[1.172,-3.579],[1.158,-3.579],[1.158,-3.593],[1.123,-3.621],[1.06,-3.628],[0.976,-3.607],[0.913,-3.551],[0.815,-3.509],[0.794,-3.488],[0.794,-3.467],[0.85,-3.445],[1.116,-3.452],[1.144,-3.467],[1.207,-3.467],[1.284,-3.438],[1.362,-3.445]]]},"properties":{"abbr":null,"name":"unnamed sealed face","plate":29,"ap_bregma_mm":-2.0,"index":9}},{"type":"Feature","geometry":{"type":"Polygon","coordinates":[[[-0.756,-3.452],[-0.77,-3.473],[-0.826,-3.495],[-0.889,-3.551],[-0.987,-3.607],[-1.036,-3.621],[-1.149,-3.607],[-1.205,-3.579],[-1.282,-3.53],[-1.303,-3.495],[-1.24,-3.488],[-1.134,-3.502],[-1.079,-3.481],[-0.826,-3.445],[-0.756,-3.452]]]},"properties":{"abbr":null,"name":"unnamed sealed face","plate":29,"ap_bregma_mm":-2.0,"index":10}},{"type":"Feature","geometry":{"type":"Polygon","coordinates":[[[0.45,-3.502],[0.527,-3.523],[0.604,-3.565],[0.611,-3.6],[0.688,-3.607],[1.004,-3.797],[0.997,-3.825],[0.969,-3.853],[0.948,-3.853],[0.941,-3.874],[0.913,-3.881],[0.878,-3.924],[0.864,-3.924],[0.864,-3.938],[0.815,-3.966],[0.639,-4.008],[0.478,-3.987],[0.422,-3.952],[0.373,-3.881],[0.415,-3.832],[0.443,-3.748],[0.457,-3.628],[0.45,-3.502]]]},"properties":{"abbr":null,"name":"unnamed sealed face","plate":29,"ap_bregma_mm":-2.0,"index":11}},{"type":"Feature","geometry":{"type":"Polygon","coordinates":[[[-0.482,-3.509],[-0.475,-3.537],[-0.496,-3.586],[-0.475,-3.72],[-0.419,-3.874],[-0.391,-3.91],[-0.454,-3.994],[-0.524,-4.036],[-0.602,-4.057],[-0.763,-4.05],[-0.868,-4.001],[-0.931,-3.987],[-0.98,-3.966],[-1.029,-3.91],[-1.043,-3.91],[-1.071,-3.86],[-0.861,-3.776],[-0.721,-3.663],[-0.672,-3.642],[-0.658,-3.621],[-0.63,-3.621],[-0.63,-3.607],[-0.546,-3.537],[-0.518,-3.537],[-0.518,-3.523],[-0.482,-3.509]]]},"properties":{"abbr":null,"name":"unnamed sealed face","plate":29,"ap_bregma_mm":-2.0,"index":12}},{"type":"Feature","geometry":{"type":"Polygon","coordinates":[[[7.412,-5.077],[7.426,-5.239],[7.251,-5.809],[6.929,-6.287],[6.788,-6.392],[6.781,-6.413],[6.704,-6.477],[6.22,-6.716],[6.269,-7.004],[6.248,-7.025],[6.101,-7.328],[5.821,-7.588],[5.807,-7.588],[5.807,-7.574],[6.052,-7.321],[6.122,-7.222],[6.15,-7.152],[6.164,-7.145],[6.214,-7.025],[6.227,-6.906],[6.227,-6.849],[6.199,-6.744],[6.199,-6.688],[6.22,-6.66],[6.291,-6.631],[6.298,-6.617],[6.508,-6.54],[6.571,-6.498],[6.606,-6.491],[6.753,-6.406],[6.865,-6.301],[6.865,-6.287],[6.879,-6.287],[6.978,-6.139],[6.992,-6.139],[7.013,-6.09],[7.041,-6.069],[7.055,-6.027],[7.069,-6.027],[7.139,-5.879],[7.167,-5.858],[7.314,-5.527],[7.363,-5.358],[7.377,-5.253],[7.391,-5.225],[7.398,-5.077],[7.412,-5.077]]]},"properties":{"abbr":null,"name":"unnamed sealed face","plate":29,"ap_bregma_mm":-2.0,"index":13}},{"type":"Feature","geometry":{"type":"Polygon","coordinates":[[[5.807,-7.588],[5.659,-7.729],[5.659,-7.743],[5.484,-7.785],[5.393,-8.024],[5.295,-8.094],[5.148,-8.235],[4.741,-8.446],[4.005,-8.622],[3.935,-8.601],[4.11,-8.573],[4.243,-8.516],[4.292,-8.509],[4.292,-8.34],[4.306,-8.207],[4.313,-8.193],[4.426,-8.165],[4.636,-8.151],[4.797,-8.059],[4.797,-8.151],[4.762,-8.383],[4.804,-8.376],[4.944,-8.298],[4.965,-8.298],[5.176,-8.165],[5.176,-8.151],[5.239,-8.115],[5.253,-8.087],[5.337,-8.024],[5.407,-7.933],[5.442,-7.82],[5.477,-7.771],[5.533,-7.736],[5.702,-7.672],[5.772,-7.602],[5.786,-7.602],[5.786,-7.588],[5.807,-7.588]]]},"properties":{"abbr":null,"name":"unnamed sealed face","plate":29,"ap_bregma_mm":-2.0,"index":14}},{"type":"Feature","geometry":{"type":"Polygon","coordinates":[[[-7.438,-5.541],[-7.417,-5.548],[-7.417,-5.612],[-7.382,-5.773],[-7.298,-5.991],[-7.199,-6.153],[-7.185,-6.153],[-7.108,-6.252],[-7.08,-6.259],[-7.08,-6.28],[-7.059,-6.287],[-7.031,-6.336],[-7.017,-6.336],[-6.877,-6.463],[-6.631,-6.624],[-6.456,-6.702],[-6.365,-6.751],[-6.372,-6.786],[-6.407,-6.758],[-6.421,-6.765],[-6.449,-6.892],[-6.47,-6.871],[-6.484,-6.814],[-6.54,-6.892],[-6.561,-6.8],[-6.463,-6.73],[-6.863,-6.526],[-6.954,-6.406],[-6.968,-6.406],[-6.982,-6.434],[-7.031,-6.364],[-7.094,-6.308],[-7.34,-5.998],[-7.438,-5.64],[-7.438,-5.541]]]},"properties":{"abbr":null,"name":"unnamed sealed face","plate":29,"ap_bregma_mm":-2.0,"index":15}},{"type":"Feature","geometry":{"type":"Polygon","coordinates":[[[3.241,-5.851],[3.269,-5.886],[3.199,-5.949],[3.142,-5.977],[3.114,-6.013],[3.079,-6.027],[3.079,-6.041],[3.03,-6.069],[3.03,-6.083],[2.974,-6.132],[2.897,-6.174],[2.897,-6.188],[2.841,-6.217],[2.743,-6.301],[2.652,-6.35],[2.652,-6.364],[2.603,-6.385],[2.54,-6.449],[2.357,-6.568],[2.21,-6.702],[2.147,-6.807],[2.091,-6.878],[2.077,-6.878],[2.063,-6.913],[2.049,-6.913],[2.021,-6.969],[2.006,-6.969],[1.964,-7.032],[1.964,-7.053],[1.915,-7.131],[1.894,-7.208],[1.873,-7.229],[1.866,-7.272],[1.838,-7.3],[1.838,-7.321],[1.824,-7.328],[1.775,-7.433],[1.775,-7.468],[1.817,-7.475],[1.817,-7.482],[1.789,-7.497],[1.761,-7.595],[1.67,-7.581],[1.551,-7.651],[1.558,-7.63],[1.712,-7.525],[1.698,-7.518],[1.705,-7.433],[1.719,-7.426],[1.768,-7.3],[1.81,-7.25],[1.873,-7.096],[1.922,-7.032],[1.993,-6.857],[2.014,-6.814],[2.028,-6.814],[2.028,-6.8],[2.112,-6.716],[2.126,-6.716],[2.14,-6.688],[2.189,-6.66],[2.189,-6.645],[2.224,-6.631],[2.224,-6.617],[2.259,-6.603],[2.28,-6.575],[2.336,-6.547],[2.336,-6.533],[2.434,-6.477],[2.497,-6.42],[2.546,-6.399],[2.546,-6.385],[2.595,-6.364],[2.595,-6.35],[2.645,-6.329],[2.645,-6.315],[2.694,-6.294],[2.694,-6.28],[2.743,-6.259],[2.743,-6.245],[2.792,-6.224],[2.792,-6.209],[2.911,-6.139],[2.911,-6.125],[2.981,-6.083],[2.981,-6.069],[2.995,-6.069],[3.22,-5.851],[3.241,-5.851]]]},"properties":{"abbr":null,"name":"unnamed sealed face","plate":29,"ap_bregma_mm":-2.0,"index":16}},{"type":"Feature","geometry":{"type":"Polygon","coordinates":[[[-3.224,-5.984],[-3.035,-6.111],[-2.838,-6.273],[-2.705,-6.357],[-2.649,-6.428],[-2.361,-6.653],[-2.291,-6.716],[-2.284,-6.737],[-2.27,-6.737],[-2.27,-6.751],[-2.256,-6.751],[-2.256,-6.765],[-2.242,-6.765],[-2.186,-6.828],[-2.172,-6.828],[-2.165,-6.849],[-2.074,-6.92],[-2.137,-6.976],[-2.151,-6.976],[-2.467,-6.66],[-2.495,-6.617],[-2.6,-6.54],[-2.614,-6.512],[-2.656,-6.491],[-2.768,-6.371],[-3.252,-6.013],[-3.252,-5.998],[-3.224,-5.984]]]},"properties":{"abbr":null,"name":"unnamed sealed face","plate":29,"ap_bregma_mm":-2.0,"index":17}},{"type":"Feature","geometry":{"type":"Polygon","coordinates":[[[3.9,-6.02],[3.893,-6.238],[4.089,-6.245],[4.103,-6.287],[4.026,-6.357],[3.984,-6.378],[3.886,-6.484],[3.865,-6.498],[3.816,-6.498],[3.809,-6.252],[3.843,-6.097],[3.872,-6.034],[3.9,-6.02]]]},"properties":{"abbr":null,"name":"unnamed sealed face","plate":29,"ap_bregma_mm":-2.0,"index":18}},{"type":"Feature","geometry":{"type":"Polygon","coordinates":[[[-0.041,-6.554],[-0.069,-6.617],[-0.069,-7.025],[-0.027,-7.166],[0.001,-7.159],[0.078,-7.18],[0.078,-7.264],[0.078,-7.285],[0.001,-7.405],[-0.027,-7.454],[-0.02,-7.511],[-0.083,-7.511],[-0.132,-7.412],[-0.251,-7.342],[-0.356,-7.335],[-0.49,-7.377],[-0.56,-7.391],[-0.665,-7.44],[-0.714,-7.475],[-0.763,-7.539],[-0.665,-7.581],[-0.602,-7.637],[-0.602,-7.651],[-0.581,-7.658],[-0.581,-7.672],[-0.567,-7.672],[-0.461,-7.827],[-0.44,-7.94],[-0.412,-7.94],[-0.349,-7.904],[-0.244,-7.82],[-0.216,-7.806],[-0.139,-7.715],[-0.083,-7.574],[-0.013,-7.567],[-0.013,-7.581],[-0.02,-7.637],[0.015,-7.665],[0.022,-7.792],[0.036,-7.792],[0.036,-7.904],[0.029,-8.094],[0.015,-8.123],[-0.02,-8.123],[-0.041,-8.087],[-0.069,-7.897],[-0.069,-7.841],[-0.097,-7.813],[-0.104,-7.757],[-0.125,-7.757],[-0.195,-7.848],[-0.286,-7.926],[-0.377,-7.982],[-0.461,-8.003],[-0.469,-8.101],[-0.616,-8.101],[-0.616,-8.017],[-0.686,-8.01],[-0.735,-7.989],[-0.728,-7.954],[-0.714,-7.947],[-0.791,-7.897],[-0.812,-7.848],[-0.854,-7.855],[-0.868,-7.827],[-0.868,-7.637],[-0.84,-7.567],[-0.791,-7.497],[-0.672,-7.405],[-0.546,-7.356],[-0.356,-7.3],[-0.251,-7.3],[-0.146,-7.342],[-0.097,-7.377],[-0.104,-7.187],[-0.132,-7.018],[-0.132,-6.589],[-0.097,-6.519],[-0.076,-6.519],[-0.041,-6.554]]]},"properties":{"abbr":null,"name":"unnamed sealed face","plate":29,"ap_bregma_mm":-2.0,"index":19}},{"type":"Feature","geometry":{"type":"Polygon","coordinates":[[[3.794,-6.793],[3.752,-6.842],[3.654,-6.899],[3.584,-6.92],[3.598,-6.835],[3.633,-6.765],[3.682,-6.589],[3.71,-6.582],[3.724,-6.596],[3.759,-6.744],[3.794,-6.793]]]},"properties":{"abbr":null,"name":"unnamed sealed face","plate":29,"ap_bregma_mm":-2.0,"index":20}},{"type":"Feature","geometry":{"type":"Polygon","coordinates":[[[-6.372,-6.927],[-6.358,-6.927],[-6.358,-7.124],[-6.316,-7.279],[-6.225,-7.433],[-6.211,-7.433],[-6.211,-7.447],[-6.183,-7.461],[-6.134,-7.525],[-6.099,-7.539],[-6.099,-7.553],[-6.063,-7.567],[-6.063,-7.581],[-6.029,-7.595],[-6.029,-7.609],[-5.993,-7.623],[-5.993,-7.637],[-5.895,-7.715],[-5.895,-7.729],[-5.818,-7.799],[-5.776,-7.862],[-5.762,-7.862],[-5.706,-7.94],[-5.685,-7.947],[-5.657,-7.996],[-5.629,-8.01],[-5.601,-8.059],[-5.587,-8.059],[-5.496,-8.158],[-5.496,-8.172],[-5.454,-8.2],[-5.454,-8.221],[-6.302,-7.398],[-6.386,-7.166],[-6.372,-6.927]]]},"properties":{"abbr":null,"name":"unnamed sealed face","plate":29,"ap_bregma_mm":-2.0,"index":21}},{"type":"Feature","geometry":{"type":"Polygon","coordinates":[[[-5.292,-8.123],[-5.278,-8.123],[-5.236,-8.179],[-5.124,-8.263],[-5.012,-8.376],[-4.921,-8.432],[-4.858,-8.446],[-4.858,-8.622],[-4.872,-8.643],[-4.731,-8.692],[-4.346,-8.748],[-4.177,-8.748],[-4.037,-8.713],[-3.876,-8.636],[-3.785,-8.573],[-3.722,-8.544],[-3.497,-8.397],[-3.245,-8.27],[-3.224,-8.27],[-3.252,-8.298],[-3.96,-8.727],[-4.339,-8.798],[-4.773,-8.713],[-4.823,-8.692],[-4.83,-8.678],[-5.166,-8.502],[-5.446,-8.228],[-5.433,-8.221],[-5.412,-8.242],[-5.404,-8.221],[-5.391,-8.221],[-5.383,-8.2],[-5.306,-8.123],[-5.292,-8.123]]]},"properties":{"abbr":null,"name":"unnamed sealed face","plate":29,"ap_bregma_mm":-2.0,"index":22}},{"type":"Feature","geometry":{"type":"Polygon","coordinates":[[[0.766,-7.412],[0.766,-7.433],[0.745,-7.44],[0.752,-7.475],[0.773,-7.511],[0.794,-7.511],[0.794,-7.497],[0.822,-7.504],[0.885,-7.644],[0.899,-7.75],[0.878,-7.827],[0.801,-7.904],[0.745,-7.926],[0.66,-7.94],[0.506,-7.94],[0.219,-7.855],[0.184,-7.834],[0.184,-7.806],[0.205,-7.792],[0.275,-7.82],[0.345,-7.869],[0.548,-7.897],[0.527,-7.834],[0.541,-7.708],[0.625,-7.518],[0.66,-7.468],[0.716,-7.426],[0.681,-7.384],[0.688,-7.37],[0.709,-7.37],[0.745,-7.412],[0.766,-7.412]]]},"properties":{"abbr":null,"name":"unnamed sealed face","plate":29,"ap_bregma_mm":-2.0,"index":23}},{"type":"Feature","geometry":{"type":"Polygon","coordinates":[[[-2.025,-7.426],[-1.941,-7.426],[-1.899,-7.454],[-1.85,-7.539],[-1.787,-7.743],[-1.709,-7.778],[-1.702,-7.799],[-1.808,-7.792],[-1.871,-7.553],[-1.969,-7.447],[-1.976,-7.778],[-2.018,-7.799],[-1.99,-7.736],[-1.99,-7.658],[-2.039,-7.497],[-2.025,-7.426]]]},"properties":{"abbr":null,"name":"unnamed sealed face","plate":29,"ap_bregma_mm":-2.0,"index":24}},{"type":"Feature","geometry":{"type":"Polygon","coordinates":[[[-2.018,-7.799],[-2.032,-7.827],[-2.095,-7.869],[-2.544,-8.017],[-2.544,-8.003],[-2.306,-7.912],[-2.256,-7.876],[-2.088,-7.834],[-2.018,-7.799]]]},"properties":{"abbr":null,"name":"unnamed sealed face","plate":29,"ap_bregma_mm":-2.0,"index":25}},{"type":"Feature","geometry":{"type":"Polygon","coordinates":[[[1.993,-7.525],[2.126,-7.609],[2.238,-7.644],[2.245,-7.658],[2.427,-7.736],[2.624,-7.841],[2.841,-7.919],[2.848,-7.933],[2.995,-7.996],[3.051,-8.038],[3.163,-8.087],[3.178,-8.108],[3.205,-8.115],[3.213,-8.137],[2.28,-7.708],[2.217,-7.665],[2.105,-7.623],[2.021,-7.581],[1.993,-7.525]]]},"properties":{"abbr":null,"name":"unnamed sealed face","plate":29,"ap_bregma_mm":-2.0,"index":26}},{"type":"Feature","geometry":{"type":"Polygon","coordinates":[[[1.523,-7.672],[1.228,-8.045],[1.046,-8.144],[0.969,-8.2],[0.114,-8.516],[0.015,-8.495],[0.029,-8.481],[0.107,-8.474],[0.338,-8.404],[0.506,-8.326],[0.562,-8.319],[0.632,-8.284],[0.758,-8.249],[1.011,-8.137],[1.186,-8.024],[1.362,-7.813],[1.425,-7.743],[1.502,-7.686],[1.502,-7.672],[1.523,-7.672]]]},"properties":{"abbr":null,"name":"unnamed sealed face","plate":29,"ap_bregma_mm":-2.0,"index":27}},{"type":"Feature","geometry":{"type":"Polygon","coordinates":[[[-1.555,-7.792],[-1.541,-7.792],[-1.436,-7.904],[-1.387,-7.933],[-1.387,-7.947],[-1.373,-7.947],[-1.352,-7.982],[-1.247,-8.066],[-1.226,-8.101],[-1.177,-8.13],[-1.156,-8.165],[-0.91,-8.34],[-0.784,-8.39],[-0.518,-8.397],[-0.335,-8.425],[-0.328,-8.446],[-0.518,-8.411],[-0.588,-8.411],[-0.756,-8.446],[-0.973,-8.319],[-1.036,-8.355],[-1.071,-8.242],[-1.394,-8.003],[-1.471,-7.926],[-1.541,-7.883],[-1.562,-7.806],[-1.555,-7.792]]]},"properties":{"abbr":null,"name":"unnamed sealed face","plate":29,"ap_bregma_mm":-2.0,"index":28}},{"type":"Feature","geometry":{"type":"MultiPolygon","coordinates":[[[[0.877,-0.496],[1.246,-0.514],[2.316,-0.725],[3.439,-1.042],[3.456,-1.007],[3.719,-1.13],[4.018,-1.183],[4.667,-1.482],[4.772,-1.482],[5.526,-1.993],[5.912,-2.433],[6.105,-2.539],[6.491,-2.961],[6.544,-2.961],[6.579,-3.084],[6.965,-3.595],[7.193,-4.017],[7.316,-4.405],[7.351,-4.387],[7.421,-5.215],[7.246,-5.796],[6.93,-6.271],[6.702,-6.465],[6.211,-6.711],[6.263,-6.993],[6.088,-7.327],[5.649,-7.732],[5.474,-7.785],[5.386,-8.014],[5.14,-8.225],[4.737,-8.436],[4.0,-8.613],[3.754,-8.56],[3.228,-8.137],[2.017,-7.574],[1.93,-7.415],[1.789,-7.486],[1.754,-7.591],[1.667,-7.574],[1.526,-7.662],[1.228,-8.032],[0.965,-8.19],[0.105,-8.507],[-0.561,-8.401],[-0.754,-8.436],[-0.982,-8.313],[-1.035,-8.348],[-1.07,-8.243],[-1.544,-7.873],[-1.561,-7.803],[-1.807,-7.785],[-1.877,-7.539],[-1.982,-7.433],[-1.982,-7.767],[-2.088,-7.855],[-3.158,-8.225],[-3.965,-8.718],[-4.333,-8.789],[-4.789,-8.701],[-5.175,-8.489],[-6.298,-7.398],[-6.386,-7.151],[-6.368,-6.782],[-6.421,-6.746],[-6.456,-6.887],[-6.491,-6.799],[-6.544,-6.887],[-6.561,-6.799],[-6.456,-6.729],[-6.86,-6.517],[-6.965,-6.394],[-6.982,-6.429],[-7.333,-6.007],[-7.439,-5.62],[-7.439,-4.915],[-7.351,-4.528],[-7.193,-4.176],[-7.228,-4.158],[-7.035,-3.894],[-7.053,-3.841],[-6.737,-3.436],[-6.772,-3.401],[-6.667,-3.348],[-6.596,-3.19],[-6.088,-2.679],[-6.105,-2.627],[-6.053,-2.644],[-5.93,-2.468],[-5.825,-2.433],[-5.386,-2.046],[-5.403,-2.01],[-4.877,-1.623],[-4.421,-1.394],[-4.421,-1.341],[-4.298,-1.341],[-4.193,-1.253],[-3.561,-1.007],[-2.298,-0.848],[-1.14,-0.584],[-0.86,-0.584],[-0.561,-0.602],[-0.368,-0.69],[-0.351,-0.655],[-0.14,-0.848],[0.0,-1.13],[0.263,-0.725],[0.421,-0.619],[0.86,-0.514],[0.877,-0.496]]]]},"properties":{"abbr":"brain_outline","name":"outline of the section","plate":29,"ap_bregma_mm":-2.0}}]}
