{"type":"FeatureCollection","name":"GerbilAtlas plate 32","note":"Region extents cut from the atlas drawing (METHODS.md, Region extents). Coordinates are [ML, DV] in mm, ML positive to the right of the plate as printed, DV negative below the dorsal surface; AP is the plate bregma. traced_fraction is the share of each polygon boundary the atlas actually draws; below 0.5 the boundary is an estimate. no_drawn_outline marks a feature that lies only inside boundaries the atlas draws round more than one name and prints nothing within, so the whole of its outline is where the extraction cut it. Not a segmentation.","plate":32,"ap_bregma_mm":-3.05,"features":[{"type":"Feature","geometry":{"type":"MultiPolygon","coordinates":[[[[1.678,-0.443],[1.643,-0.584],[1.531,-1.421],[1.446,-1.414],[1.187,-1.336],[1.005,-1.336],[0.949,-1.189],[0.738,-0.753],[0.542,-0.415],[0.57,-0.394],[0.724,-0.352],[0.872,-0.331],[1.103,-0.331],[1.355,-0.366],[1.678,-0.443]]],[[[-0.482,-0.443],[-0.496,-0.5],[-0.65,-0.739],[-0.825,-1.09],[-0.93,-1.358],[-1.078,-1.358],[-1.351,-1.442],[-1.575,-1.47],[-1.73,-0.514],[-1.456,-0.422],[-1.071,-0.38],[-0.713,-0.38],[-0.482,-0.443]]]]},"properties":{"abbr":"RSD","name":"retrosplenial dysgranular cortex","plate":32,"ap_bregma_mm":-3.05,"area_mm2":1.7655,"traced_fraction":[1.0,1.0],"n_labels":2,"no_drawn_outline":false}},{"type":"Feature","geometry":{"type":"MultiPolygon","coordinates":[[[[1.678,-0.443],[2.295,-0.577],[2.484,-0.598],[2.765,-0.598],[2.765,-0.661],[2.617,-1.54],[2.113,-1.477],[1.86,-1.442],[1.608,-1.435],[1.531,-1.421],[1.643,-0.584],[1.678,-0.443]]],[[[-1.73,-0.514],[-1.575,-1.47],[-1.891,-1.491],[-2.326,-1.555],[-2.543,-1.59],[-2.641,-1.245],[-2.697,-0.992],[-2.753,-0.823],[-2.774,-0.689],[-2.536,-0.633],[-2.263,-0.591],[-2.017,-0.591],[-1.926,-0.577],[-1.73,-0.514]]]]},"properties":{"abbr":"V2M","name":"secondary visual cortex, medial area","plate":32,"ap_bregma_mm":-3.05,"area_mm2":1.9976,"traced_fraction":[1.0,1.0],"n_labels":2,"no_drawn_outline":false}},{"type":"Feature","geometry":{"type":"MultiPolygon","coordinates":[[[[0.542,-0.415],[0.738,-0.753],[0.949,-1.189],[1.005,-1.336],[0.9,-1.414],[0.696,-1.646],[0.437,-1.604],[0.142,-1.59],[0.086,-1.576],[0.009,-1.583],[-0.264,-1.59],[-0.313,-1.604],[-0.545,-1.618],[-0.657,-1.646],[-0.671,-1.646],[-0.776,-1.491],[-0.93,-1.358],[-0.825,-1.09],[-0.65,-0.739],[-0.496,-0.5],[-0.482,-0.443],[-0.391,-0.485],[-0.264,-0.584],[-0.138,-0.732],[-0.047,-0.914],[-0.005,-1.069],[0.009,-1.076],[0.002,-1.097],[0.03,-1.133],[0.058,-1.133],[0.079,-1.097],[0.1,-1.048],[0.107,-1.02],[0.114,-0.999],[0.121,-0.978],[0.128,-0.957],[0.135,-0.936],[0.191,-0.739],[0.255,-0.633],[0.374,-0.506],[0.542,-0.415]]]]},"properties":{"abbr":"RSGc","name":"retrosplenial granular cortex, c region","plate":32,"ap_bregma_mm":-3.05,"area_mm2":1.5564,"traced_fraction":[1.0],"n_labels":2,"no_drawn_outline":false}},{"type":"Feature","geometry":{"type":"MultiPolygon","coordinates":[[[[2.765,-0.598],[2.94,-0.598],[3.277,-0.64],[3.557,-0.689],[3.774,-0.753],[3.697,-1.02],[3.62,-1.21],[3.417,-1.808],[3.192,-1.716],[3.038,-1.681],[2.617,-1.54],[2.765,-0.661],[2.765,-0.598]]],[[[-2.774,-0.689],[-2.753,-0.823],[-2.697,-0.992],[-2.641,-1.245],[-2.543,-1.59],[-2.992,-1.709],[-3.244,-1.801],[-3.307,-1.808],[-3.455,-1.871],[-3.504,-1.878],[-3.644,-1.948],[-3.728,-1.969],[-3.763,-1.913],[-3.84,-1.702],[-3.959,-1.449],[-4.022,-1.266],[-4.086,-1.154],[-4.107,-1.055],[-3.833,-0.936],[-3.686,-0.886],[-2.774,-0.689]]]]},"properties":{"abbr":"V1M","name":"primary visual cortex, monocular area","plate":32,"ap_bregma_mm":-3.05,"area_mm2":2.258,"traced_fraction":[1.0,1.0],"n_labels":2,"no_drawn_outline":false}},{"type":"Feature","geometry":{"type":"MultiPolygon","coordinates":[[[[3.774,-0.753],[3.858,-0.767],[4.223,-0.9],[4.405,-1.006],[4.447,-1.034],[4.447,-1.048],[4.588,-1.14],[5.022,-1.365],[5.022,-1.379],[5.352,-1.555],[5.289,-1.667],[5.177,-1.801],[5.163,-1.836],[4.903,-2.18],[4.875,-2.202],[4.784,-2.349],[4.651,-2.518],[4.616,-2.511],[4.328,-2.279],[4.09,-2.124],[3.795,-1.969],[3.69,-1.934],[3.578,-1.871],[3.417,-1.808],[3.62,-1.21],[3.697,-1.02],[3.774,-0.753]]],[[[-4.107,-1.055],[-4.086,-1.154],[-4.022,-1.266],[-3.959,-1.449],[-3.924,-1.505],[-3.784,-1.864],[-3.728,-1.969],[-4.366,-2.265],[-4.541,-2.377],[-4.562,-2.406],[-4.759,-2.546],[-5.039,-2.195],[-5.074,-2.166],[-5.277,-1.885],[-5.404,-1.744],[-5.446,-1.667],[-5.193,-1.512],[-4.654,-1.252],[-4.254,-1.118],[-4.107,-1.055]]]]},"properties":{"abbr":"V1B","name":"primary visual cortex, binocular area","plate":32,"ap_bregma_mm":-3.05,"area_mm2":3.2146,"traced_fraction":[1.0,1.0],"n_labels":2,"no_drawn_outline":false}},{"type":"Feature","geometry":{"type":"MultiPolygon","coordinates":[[[[0.009,-1.583],[0.002,-1.948],[-0.18,-1.941],[-0.201,-1.885],[-0.215,-1.878],[-0.264,-1.885],[-0.292,-1.913],[-0.292,-1.934],[-0.405,-1.913],[-0.405,-1.899],[-0.524,-1.822],[-0.594,-1.751],[-0.657,-1.667],[-0.657,-1.646],[-0.545,-1.618],[-0.313,-1.604],[-0.264,-1.59],[0.009,-1.583]]]]},"properties":{"abbr":"RSGb","name":"retrosplenial granular cortex, b region","plate":32,"ap_bregma_mm":-3.05,"area_mm2":0.182,"traced_fraction":[1.0],"n_labels":1,"no_drawn_outline":false}},{"type":"Feature","geometry":{"type":"MultiPolygon","coordinates":[[[[2.561,-1.85],[2.554,-1.92],[2.428,-1.899],[2.33,-1.864],[2.105,-1.843],[1.846,-1.843],[1.699,-1.864],[1.622,-1.885],[1.489,-1.962],[1.299,-2.159],[1.194,-2.314],[1.103,-2.406],[0.914,-2.511],[0.738,-2.56],[0.57,-2.56],[0.346,-2.518],[0.247,-2.518],[0.234,-2.497],[0.226,-2.469],[0.247,-2.448],[0.297,-2.434],[0.619,-2.469],[0.787,-2.441],[0.942,-2.37],[1.033,-2.307],[1.103,-2.237],[1.187,-2.117],[1.355,-1.941],[1.51,-1.829],[1.629,-1.78],[1.804,-1.744],[2.007,-1.744],[2.035,-1.759],[2.302,-1.78],[2.561,-1.85]]],[[[-0.306,-2.441],[-0.306,-2.49],[-0.839,-2.497],[-0.923,-2.476],[-1.064,-2.413],[-1.218,-2.377],[-1.26,-2.356],[-1.344,-2.258],[-1.533,-2.117],[-1.667,-1.998],[-1.744,-1.962],[-1.933,-1.927],[-2.263,-1.906],[-2.452,-1.934],[-2.697,-1.991],[-3.167,-2.159],[-3.181,-2.082],[-3.09,-2.033],[-2.571,-1.864],[-2.234,-1.815],[-2.031,-1.815],[-1.961,-1.836],[-1.856,-1.836],[-1.716,-1.864],[-1.554,-1.927],[-1.358,-2.075],[-1.204,-2.23],[-1.127,-2.272],[-0.797,-2.377],[-0.72,-2.391],[-0.426,-2.391],[-0.355,-2.406],[-0.306,-2.441]]],[[[-5.144,-6.14],[-5.004,-6.407],[-4.843,-6.64],[-4.759,-6.717],[-4.646,-6.787],[-4.478,-6.815],[-4.457,-6.829],[-4.471,-6.914],[-4.499,-6.942],[-4.541,-6.956],[-4.66,-6.942],[-4.717,-6.893],[-4.836,-6.829],[-5.004,-6.661],[-5.116,-6.506],[-5.13,-6.457],[-5.228,-6.309],[-5.27,-6.204],[-5.144,-6.14]]],[[[4.924,-6.4],[5.085,-6.415],[4.994,-6.548],[4.924,-6.619],[4.77,-6.724],[4.623,-6.801],[4.553,-6.858],[4.482,-6.886],[4.468,-6.907],[4.363,-6.914],[4.321,-6.893],[4.286,-6.844],[4.272,-6.766],[4.349,-6.717],[4.503,-6.696],[4.616,-6.647],[4.693,-6.597],[4.777,-6.513],[4.924,-6.4]]]]},"properties":{"abbr":"CA1","name":"field CA1 of the hippocampus","plate":32,"ap_bregma_mm":-3.05,"area_mm2":0.867,"traced_fraction":[0.997,0.993,1.0,0.951],"n_labels":4,"no_drawn_outline":false}},{"type":"Feature","geometry":{"type":"MultiPolygon","coordinates":[[[[1.741,-1.555],[1.692,-1.561],[1.411,-1.583],[1.271,-1.618],[0.991,-1.765],[0.759,-1.948],[0.633,-2.026],[0.353,-2.124],[0.191,-2.159],[0.093,-2.166],[-0.222,-2.145],[-0.482,-2.103],[-0.594,-2.068],[-0.741,-1.998],[-0.818,-1.934],[-0.98,-1.843],[-1.127,-1.723],[-1.232,-1.674],[-1.463,-1.625],[-1.975,-1.611],[-1.975,-1.59],[-1.954,-1.576],[-1.449,-1.561],[-1.014,-1.576],[-0.916,-1.611],[-0.755,-1.773],[-0.636,-1.857],[-0.503,-1.913],[-0.405,-1.913],[-0.292,-1.934],[-0.18,-1.941],[0.002,-1.948],[0.184,-1.948],[0.268,-1.941],[0.29,-1.927],[0.451,-1.906],[0.556,-1.885],[0.717,-1.808],[0.942,-1.618],[1.068,-1.533],[1.124,-1.512],[1.32,-1.512],[1.376,-1.526],[1.741,-1.519],[1.741,-1.555]]]]},"properties":{"abbr":"scc","name":"splenium of the corpus callosum","plate":32,"ap_bregma_mm":-3.05,"area_mm2":0.5571,"traced_fraction":[1.0],"n_labels":1,"no_drawn_outline":false}},{"type":"Feature","geometry":{"type":"MultiPolygon","coordinates":[[[[5.352,-1.555],[5.457,-1.604],[5.752,-1.815],[5.765,-1.843],[5.786,-1.85],[5.843,-1.913],[6.102,-2.258],[5.955,-2.399],[5.829,-2.49],[5.653,-2.652],[5.422,-2.835],[5.31,-2.947],[5.177,-3.046],[5.127,-3.003],[5.036,-2.884],[4.805,-2.659],[4.7,-2.581],[4.651,-2.518],[4.784,-2.349],[4.875,-2.202],[4.903,-2.18],[5.163,-1.836],[5.177,-1.801],[5.289,-1.667],[5.352,-1.555]]],[[[-5.446,-1.667],[-5.404,-1.744],[-5.277,-1.885],[-5.074,-2.166],[-5.039,-2.195],[-4.759,-2.546],[-5.074,-2.849],[-5.074,-2.863],[-5.235,-3.039],[-5.635,-2.694],[-5.951,-2.448],[-6.175,-2.23],[-6.07,-2.11],[-5.972,-2.04],[-5.965,-2.019],[-5.873,-1.941],[-5.747,-1.864],[-5.719,-1.829],[-5.614,-1.759],[-5.446,-1.667]]]]},"properties":{"abbr":"V2L","name":"secondary visual cortex, lateral area","plate":32,"ap_bregma_mm":-3.05,"area_mm2":2.0615,"traced_fraction":[1.0,1.0],"n_labels":2,"no_drawn_outline":false}},{"type":"Feature","geometry":{"type":"MultiPolygon","coordinates":[[[[4.609,-6.949],[4.559,-6.921],[4.482,-6.921],[4.468,-6.907],[4.482,-6.886],[4.553,-6.858],[4.623,-6.801],[4.77,-6.724],[4.924,-6.619],[4.994,-6.548],[5.085,-6.415],[5.191,-6.281],[5.261,-6.154],[5.268,-6.119],[5.324,-6.042],[5.443,-5.746],[5.506,-5.493],[5.527,-5.303],[5.527,-4.93],[5.506,-4.804],[5.492,-4.79],[5.499,-4.762],[5.485,-4.755],[5.485,-4.712],[5.471,-4.691],[5.478,-4.663],[5.464,-4.649],[5.408,-4.389],[5.317,-4.03],[5.254,-3.89],[5.212,-3.742],[5.141,-3.594],[5.064,-3.468],[5.043,-3.454],[5.036,-3.425],[4.826,-3.151],[4.791,-3.081],[4.714,-2.996],[4.7,-2.996],[4.405,-2.708],[4.174,-2.539],[3.964,-2.42],[3.915,-2.377],[3.178,-2.04],[3.115,-2.026],[2.821,-1.906],[2.561,-1.85],[2.302,-1.78],[2.035,-1.759],[2.007,-1.744],[1.804,-1.744],[1.629,-1.78],[1.51,-1.829],[1.355,-1.941],[1.187,-2.117],[1.103,-2.237],[1.033,-2.307],[0.942,-2.37],[0.787,-2.441],[0.619,-2.469],[0.297,-2.434],[0.247,-2.448],[0.226,-2.469],[0.234,-2.497],[0.184,-2.504],[0.128,-2.391],[0.149,-2.377],[0.241,-2.377],[0.36,-2.349],[0.556,-2.328],[0.773,-2.258],[0.893,-2.18],[1.04,-1.991],[1.194,-1.836],[1.208,-1.836],[1.306,-1.744],[1.482,-1.667],[1.692,-1.625],[1.916,-1.618],[2.204,-1.639],[2.463,-1.681],[2.722,-1.744],[2.996,-1.829],[3.248,-1.941],[3.298,-1.948],[3.375,-1.998],[3.529,-2.047],[3.648,-2.11],[3.788,-2.159],[3.985,-2.279],[4.027,-2.286],[4.055,-2.321],[4.181,-2.391],[4.307,-2.49],[4.349,-2.539],[4.496,-2.645],[4.819,-2.968],[4.938,-3.123],[5.254,-3.594],[5.422,-3.96],[5.499,-4.22],[5.583,-4.839],[5.59,-5.071],[5.604,-5.127],[5.604,-5.521],[5.485,-5.95],[5.373,-6.168],[5.24,-6.386],[5.205,-6.415],[5.156,-6.499],[5.05,-6.604],[5.05,-6.619],[5.029,-6.625],[5.008,-6.661],[4.987,-6.668],[4.826,-6.829],[4.7,-6.921],[4.609,-6.949]]],[[[-0.236,-2.37],[-0.285,-2.434],[-0.306,-2.441],[-0.355,-2.406],[-0.426,-2.391],[-0.72,-2.391],[-0.797,-2.377],[-1.127,-2.272],[-1.204,-2.23],[-1.358,-2.075],[-1.554,-1.927],[-1.716,-1.864],[-1.856,-1.836],[-1.961,-1.836],[-2.031,-1.815],[-2.234,-1.815],[-2.571,-1.864],[-3.09,-2.033],[-3.181,-2.082],[-3.384,-2.152],[-3.882,-2.363],[-4.065,-2.455],[-4.114,-2.497],[-4.282,-2.574],[-4.401,-2.673],[-4.527,-2.75],[-4.646,-2.863],[-4.66,-2.863],[-4.836,-3.031],[-4.906,-3.137],[-4.92,-3.137],[-5.06,-3.285],[-5.264,-3.615],[-5.495,-4.086],[-5.523,-4.192],[-5.544,-4.22],[-5.621,-4.438],[-5.628,-4.501],[-5.656,-4.572],[-5.684,-4.797],[-5.698,-4.818],[-5.698,-4.909],[-5.649,-5.254],[-5.488,-5.746],[-5.362,-6.014],[-5.327,-6.126],[-5.27,-6.204],[-5.228,-6.309],[-5.13,-6.457],[-5.116,-6.506],[-5.004,-6.661],[-4.836,-6.829],[-4.717,-6.893],[-4.66,-6.942],[-4.759,-6.97],[-4.787,-6.963],[-4.941,-6.851],[-4.941,-6.836],[-4.969,-6.822],[-5.053,-6.731],[-5.292,-6.365],[-5.425,-6.105],[-5.502,-5.908],[-5.523,-5.887],[-5.572,-5.739],[-5.586,-5.732],[-5.635,-5.613],[-5.754,-5.233],[-5.782,-4.902],[-5.747,-4.635],[-5.663,-4.319],[-5.614,-4.206],[-5.572,-4.058],[-5.264,-3.461],[-5.067,-3.165],[-5.032,-3.137],[-4.955,-3.024],[-4.934,-3.017],[-4.906,-2.968],[-4.892,-2.968],[-4.885,-2.947],[-4.709,-2.771],[-4.696,-2.771],[-4.654,-2.722],[-4.639,-2.722],[-4.639,-2.708],[-4.597,-2.687],[-4.485,-2.588],[-4.282,-2.455],[-4.184,-2.413],[-4.17,-2.391],[-4.065,-2.328],[-3.567,-2.11],[-3.588,-2.061],[-3.581,-2.047],[-3.532,-2.033],[-3.511,-2.082],[-3.483,-2.082],[-3.476,-2.068],[-3.398,-2.047],[-3.377,-2.026],[-3.335,-2.019],[-3.188,-1.941],[-3.069,-1.906],[-2.999,-1.864],[-2.753,-1.78],[-2.606,-1.744],[-2.256,-1.681],[-1.912,-1.681],[-1.603,-1.737],[-1.449,-1.801],[-1.19,-2.005],[-0.944,-2.159],[-0.692,-2.258],[-0.426,-2.328],[-0.264,-2.349],[-0.236,-2.37]]],[[[2.751,-2.806],[2.828,-2.849],[2.926,-2.94],[3.087,-3.024],[3.115,-3.053],[3.375,-3.165],[3.417,-3.172],[3.697,-3.32],[3.802,-3.39],[4.258,-3.833],[4.335,-3.946],[4.44,-4.185],[4.475,-4.34],[4.517,-4.663],[4.503,-4.755],[4.454,-4.86],[4.447,-4.916],[4.433,-4.923],[4.349,-5.113],[4.244,-5.261],[4.23,-5.261],[3.964,-5.521],[3.893,-5.564],[3.62,-5.796],[3.606,-5.796],[3.515,-5.887],[3.319,-6.035],[3.157,-6.204],[3.157,-6.218],[3.101,-6.26],[3.01,-6.218],[2.996,-6.274],[2.828,-6.436],[2.793,-6.513],[2.758,-6.534],[2.722,-6.604],[2.709,-6.604],[2.617,-6.738],[2.526,-6.822],[2.337,-6.844],[2.421,-6.597],[2.575,-6.4],[2.666,-6.309],[2.73,-6.267],[2.989,-6.161],[3.08,-6.063],[3.08,-6.049],[3.143,-6.007],[3.206,-5.936],[3.255,-5.922],[3.298,-5.873],[3.311,-5.873],[3.34,-5.831],[3.571,-5.613],[3.655,-5.5],[3.879,-5.303],[3.921,-5.24],[3.992,-5.177],[4.055,-5.057],[4.118,-5.036],[4.167,-4.973],[4.188,-4.916],[4.188,-4.874],[4.223,-4.776],[4.237,-4.663],[4.237,-4.473],[4.216,-4.389],[4.23,-4.312],[4.244,-4.305],[4.244,-4.22],[4.195,-4.079],[4.195,-4.037],[4.174,-3.988],[4.125,-3.953],[4.09,-3.918],[4.041,-3.812],[3.915,-3.693],[3.915,-3.679],[3.83,-3.601],[3.725,-3.538],[3.641,-3.454],[3.501,-3.362],[3.15,-3.207],[3.143,-3.179],[3.101,-3.151],[2.954,-3.095],[2.905,-3.095],[2.884,-3.06],[2.884,-3.003],[2.856,-2.961],[2.765,-2.884],[2.694,-2.856],[2.694,-2.842],[2.73,-2.806],[2.751,-2.806]]],[[[-3.672,-3.306],[-3.672,-3.341],[-3.644,-3.362],[-3.644,-3.404],[-3.784,-3.475],[-3.952,-3.587],[-4.065,-3.7],[-4.184,-3.89],[-4.261,-4.058],[-4.296,-4.101],[-4.366,-4.241],[-4.387,-4.417],[-4.359,-4.586],[-4.275,-4.846],[-4.24,-4.909],[-4.205,-4.937],[-4.156,-5.001],[-4.128,-5.064],[-3.959,-5.226],[-3.945,-5.261],[-3.448,-5.732],[-3.455,-5.753],[-3.419,-5.824],[-3.406,-5.824],[-3.384,-5.859],[-3.349,-5.873],[-3.293,-5.929],[-3.23,-6.028],[-3.167,-6.091],[-3.048,-6.154],[-2.915,-6.288],[-2.901,-6.288],[-2.767,-6.429],[-2.704,-6.534],[-2.641,-6.604],[-2.697,-6.632],[-2.711,-6.562],[-2.746,-6.555],[-2.788,-6.569],[-2.872,-6.492],[-2.936,-6.407],[-3.202,-6.196],[-3.455,-5.964],[-4.008,-5.542],[-4.317,-5.254],[-4.555,-4.853],[-4.597,-4.607],[-4.597,-4.523],[-4.562,-4.354],[-4.499,-4.192],[-4.387,-3.967],[-4.268,-3.784],[-4.212,-3.721],[-4.128,-3.657],[-3.994,-3.51],[-3.672,-3.306]]]]},"properties":{"abbr":"Or","name":"oriens layer of the hippocampus","plate":32,"ap_bregma_mm":-3.05,"area_mm2":3.9147,"traced_fraction":[1.0,0.998,1.0,0.993],"n_labels":6,"no_drawn_outline":false}},{"type":"Feature","geometry":{"type":"MultiPolygon","coordinates":[[[[4.251,-3.25],[4.223,-3.299],[4.153,-3.299],[4.048,-3.271],[3.893,-3.172],[3.753,-3.109],[3.711,-3.067],[3.578,-2.996],[3.522,-2.94],[3.515,-2.933],[3.515,-2.919],[3.452,-2.87],[3.262,-2.778],[3.031,-2.687],[2.73,-2.595],[2.659,-2.56],[2.568,-2.546],[2.078,-2.56],[1.86,-2.631],[1.657,-2.659],[1.601,-2.68],[1.531,-2.743],[1.531,-2.799],[1.545,-2.814],[1.573,-2.828],[1.748,-2.828],[1.944,-2.806],[2.099,-2.835],[2.449,-2.842],[2.533,-2.863],[2.652,-2.933],[2.737,-2.961],[2.828,-3.017],[2.863,-3.06],[2.884,-3.06],[2.905,-3.095],[2.877,-3.144],[2.737,-3.144],[2.4,-3.081],[2.134,-3.081],[2.021,-3.067],[1.93,-3.024],[1.769,-2.996],[1.411,-2.898],[1.327,-2.856],[1.278,-2.792],[1.292,-2.75],[1.404,-2.638],[1.79,-2.391],[1.923,-2.342],[2.056,-2.314],[2.309,-2.314],[2.814,-2.441],[3.22,-2.602],[3.585,-2.799],[3.641,-2.849],[3.936,-3.039],[4.153,-3.207],[4.251,-3.25]]],[[[-1.442,-2.68],[-1.582,-2.814],[-1.765,-2.933],[-1.989,-2.989],[-2.129,-3.067],[-2.143,-3.095],[-2.515,-3.116],[-2.564,-3.109],[-2.585,-3.13],[-2.817,-3.179],[-2.88,-3.179],[-2.964,-3.207],[-3.146,-3.221],[-3.209,-3.25],[-3.251,-3.25],[-3.448,-3.306],[-3.504,-3.341],[-3.504,-3.355],[-3.609,-3.411],[-3.644,-3.404],[-3.644,-3.362],[-3.672,-3.341],[-3.672,-3.306],[-3.616,-3.264],[-3.483,-3.2],[-3.419,-3.151],[-3.321,-3.109],[-3.146,-2.982],[-3.048,-2.933],[-2.992,-2.933],[-2.957,-2.954],[-2.971,-2.982],[-3.097,-3.046],[-3.167,-3.102],[-3.167,-3.137],[-3.132,-3.137],[-2.992,-3.053],[-2.669,-2.919],[-2.55,-2.891],[-2.312,-2.877],[-2.087,-2.799],[-1.8,-2.75],[-1.716,-2.75],[-1.639,-2.708],[-1.639,-2.652],[-1.681,-2.624],[-1.751,-2.602],[-2.01,-2.602],[-2.27,-2.624],[-2.375,-2.624],[-2.473,-2.602],[-2.62,-2.602],[-3.027,-2.708],[-3.49,-2.87],[-3.63,-2.947],[-3.679,-2.989],[-3.784,-3.039],[-3.805,-3.06],[-3.805,-3.081],[-3.707,-3.067],[-3.461,-2.933],[-3.363,-2.926],[-3.321,-2.954],[-3.335,-2.975],[-3.455,-3.024],[-3.686,-3.151],[-3.945,-3.32],[-4.008,-3.264],[-4.015,-3.242],[-4.044,-3.242],[-4.205,-3.355],[-4.359,-3.425],[-4.45,-3.425],[-4.478,-3.397],[-4.485,-3.369],[-4.345,-3.299],[-3.973,-3.003],[-3.588,-2.764],[-3.167,-2.574],[-2.62,-2.399],[-2.41,-2.37],[-2.207,-2.37],[-1.891,-2.42],[-1.674,-2.49],[-1.603,-2.525],[-1.533,-2.574],[-1.442,-2.68]]],[[[2.996,-6.815],[3.003,-6.689],[2.989,-6.668],[3.017,-6.619],[3.017,-6.548],[3.059,-6.52],[3.424,-6.14],[3.459,-6.126],[3.564,-6.007],[3.592,-6.0],[3.606,-6.028],[3.634,-6.028],[3.655,-6.0],[3.711,-5.971],[3.725,-5.985],[3.732,-6.147],[3.767,-6.154],[3.9,-6.056],[4.09,-5.957],[4.251,-5.908],[4.363,-5.915],[4.405,-5.95],[4.426,-6.021],[4.426,-6.112],[4.398,-6.232],[4.265,-6.344],[4.111,-6.4],[3.809,-6.541],[3.304,-6.724],[2.996,-6.815]]],[[[-2.887,-6.773],[-2.88,-6.822],[-2.83,-6.879],[-2.894,-6.907],[-2.985,-6.921],[-3.188,-6.914],[-3.44,-6.865],[-3.665,-6.787],[-3.889,-6.731],[-4.387,-6.478],[-4.555,-6.302],[-4.555,-6.232],[-4.527,-6.161],[-4.401,-6.028],[-4.338,-6.007],[-4.205,-6.021],[-4.071,-6.084],[-4.036,-6.126],[-3.994,-6.133],[-3.819,-6.302],[-3.77,-6.309],[-3.735,-6.351],[-3.679,-6.386],[-3.532,-6.457],[-3.461,-6.506],[-3.09,-6.682],[-2.95,-6.766],[-2.887,-6.773]]]]},"properties":{"abbr":"MoDG","name":"molecular layer of the dentate gyrus","plate":32,"ap_bregma_mm":-3.05,"area_mm2":3.1248,"traced_fraction":[0.998,0.991,0.964,0.908],"n_labels":4,"no_drawn_outline":false}},{"type":"Feature","geometry":{"type":"MultiPolygon","coordinates":[[[[2.561,-1.85],[2.821,-1.906],[3.115,-2.026],[3.178,-2.04],[3.915,-2.377],[3.964,-2.42],[4.174,-2.539],[4.405,-2.708],[4.7,-2.996],[4.63,-3.06],[4.44,-2.856],[4.307,-2.757],[4.279,-2.722],[4.237,-2.708],[4.167,-2.645],[4.097,-2.61],[4.076,-2.581],[3.928,-2.504],[3.83,-2.427],[3.466,-2.272],[3.368,-2.216],[3.192,-2.152],[3.059,-2.082],[2.891,-2.033],[2.701,-1.955],[2.554,-1.92],[2.561,-1.85]]],[[[-3.181,-2.082],[-3.167,-2.159],[-3.258,-2.209],[-3.321,-2.223],[-3.433,-2.279],[-3.595,-2.335],[-3.714,-2.399],[-3.77,-2.413],[-4.261,-2.673],[-4.345,-2.743],[-4.38,-2.75],[-4.408,-2.785],[-4.534,-2.877],[-4.688,-3.039],[-4.688,-3.053],[-4.822,-3.179],[-4.857,-3.165],[-4.878,-3.137],[-4.906,-3.137],[-4.836,-3.031],[-4.66,-2.863],[-4.646,-2.863],[-4.527,-2.75],[-4.401,-2.673],[-4.282,-2.574],[-4.114,-2.497],[-4.065,-2.455],[-3.882,-2.363],[-3.384,-2.152],[-3.181,-2.082]]],[[[5.408,-4.389],[5.464,-4.649],[5.478,-4.663],[5.471,-4.691],[5.485,-4.712],[5.485,-4.755],[5.499,-4.762],[5.492,-4.79],[5.506,-4.804],[5.527,-4.93],[5.527,-5.303],[5.506,-5.493],[5.443,-5.746],[5.324,-6.042],[5.268,-6.119],[5.261,-6.154],[5.191,-6.281],[5.085,-6.415],[4.924,-6.4],[5.05,-6.218],[5.205,-5.929],[5.324,-5.437],[5.345,-5.247],[5.345,-5.085],[5.331,-5.057],[5.317,-4.846],[5.275,-4.684],[5.226,-4.396],[5.408,-4.389]]],[[[-5.628,-4.501],[-5.467,-4.509],[-5.516,-4.818],[-5.488,-5.184],[-5.439,-5.388],[-5.39,-5.5],[-5.327,-5.725],[-5.298,-5.774],[-5.249,-5.929],[-5.144,-6.14],[-5.27,-6.204],[-5.327,-6.126],[-5.362,-6.014],[-5.474,-5.781],[-5.579,-5.451],[-5.614,-5.388],[-5.649,-5.254],[-5.698,-4.909],[-5.698,-4.818],[-5.684,-4.797],[-5.663,-4.663],[-5.67,-4.635],[-5.628,-4.501]]],[[[-4.317,-5.254],[-4.008,-5.542],[-3.455,-5.964],[-3.202,-6.196],[-2.936,-6.407],[-2.872,-6.492],[-2.788,-6.569],[-2.802,-6.625],[-2.887,-6.647],[-2.999,-6.527],[-2.999,-6.513],[-3.09,-6.429],[-3.321,-6.274],[-3.398,-6.196],[-3.588,-6.063],[-3.91,-5.789],[-3.966,-5.76],[-4.008,-5.76],[-4.008,-5.746],[-3.987,-5.739],[-4.071,-5.676],[-4.086,-5.648],[-4.128,-5.627],[-4.212,-5.549],[-4.352,-5.465],[-4.352,-5.451],[-4.408,-5.423],[-4.408,-5.409],[-4.422,-5.409],[-4.478,-5.338],[-4.401,-5.261],[-4.317,-5.254]]],[[[4.244,-5.261],[4.293,-5.289],[4.328,-5.381],[4.342,-5.381],[4.293,-5.437],[4.083,-5.606],[4.055,-5.648],[4.02,-5.655],[3.893,-5.767],[3.592,-6.0],[3.564,-6.007],[3.459,-6.126],[3.424,-6.14],[3.157,-6.407],[3.157,-6.422],[3.017,-6.548],[2.94,-6.548],[2.919,-6.513],[2.919,-6.457],[2.947,-6.4],[3.031,-6.337],[3.101,-6.26],[3.157,-6.218],[3.157,-6.204],[3.319,-6.035],[3.515,-5.887],[3.606,-5.796],[3.62,-5.796],[3.893,-5.564],[3.964,-5.521],[4.23,-5.261],[4.244,-5.261]]]]},"properties":{"abbr":"Py","name":"pyramidal cell layer of the hippocampus","plate":32,"ap_bregma_mm":-3.05,"area_mm2":1.631,"traced_fraction":[0.995,0.994,0.94,0.97,0.965,0.968],"n_labels":6,"no_drawn_outline":false}},{"type":"Feature","geometry":{"type":"MultiPolygon","coordinates":[[[[3.515,-2.933],[3.466,-2.933],[3.34,-2.884],[3.262,-2.877],[3.213,-2.828],[3.031,-2.757],[2.631,-2.645],[2.617,-2.631],[2.463,-2.616],[2.309,-2.616],[2.148,-2.638],[2.007,-2.687],[1.916,-2.701],[1.916,-2.743],[1.993,-2.757],[2.421,-2.764],[2.694,-2.842],[2.694,-2.856],[2.765,-2.884],[2.856,-2.961],[2.884,-3.003],[2.884,-3.06],[2.863,-3.06],[2.779,-2.982],[2.652,-2.933],[2.533,-2.863],[2.449,-2.842],[2.099,-2.835],[1.944,-2.806],[1.748,-2.828],[1.573,-2.828],[1.545,-2.814],[1.531,-2.799],[1.531,-2.743],[1.601,-2.68],[1.657,-2.659],[1.804,-2.645],[2.078,-2.56],[2.386,-2.546],[2.568,-2.546],[2.659,-2.56],[2.73,-2.595],[3.031,-2.687],[3.262,-2.778],[3.452,-2.87],[3.494,-2.898],[3.515,-2.933]]],[[[-1.8,-2.75],[-1.8,-2.694],[-1.996,-2.708],[-2.017,-2.694],[-2.249,-2.708],[-2.48,-2.687],[-2.648,-2.687],[-2.767,-2.715],[-2.838,-2.715],[-2.894,-2.743],[-2.978,-2.757],[-3.223,-2.842],[-3.335,-2.891],[-3.363,-2.926],[-3.461,-2.933],[-3.707,-3.067],[-3.805,-3.081],[-3.805,-3.06],[-3.784,-3.039],[-3.679,-2.989],[-3.63,-2.947],[-3.49,-2.87],[-3.027,-2.708],[-2.62,-2.602],[-2.473,-2.602],[-2.375,-2.624],[-1.751,-2.602],[-1.667,-2.631],[-1.632,-2.659],[-1.632,-2.687],[-1.674,-2.736],[-1.751,-2.757],[-1.8,-2.75]]],[[[1.825,-2.708],[1.783,-2.722],[1.783,-2.743],[1.86,-2.743],[1.86,-2.708],[1.825,-2.708]]],[[[2.722,-6.604],[2.807,-6.611],[2.793,-6.654],[2.793,-6.689],[2.807,-6.703],[2.933,-6.668],[2.989,-6.668],[3.003,-6.689],[2.996,-6.815],[2.926,-6.851],[2.912,-6.872],[2.688,-6.949],[2.68,-6.963],[2.624,-6.984],[2.568,-6.984],[2.547,-6.97],[2.526,-6.893],[2.526,-6.822],[2.617,-6.738],[2.709,-6.604],[2.722,-6.604]]],[[[-2.585,-6.675],[-2.494,-6.766],[-2.501,-6.808],[-2.466,-6.914],[-2.466,-6.984],[-2.487,-7.005],[-2.522,-7.012],[-2.641,-6.991],[-2.83,-6.879],[-2.88,-6.822],[-2.887,-6.773],[-2.851,-6.759],[-2.76,-6.759],[-2.69,-6.794],[-2.655,-6.794],[-2.648,-6.738],[-2.585,-6.675]]]]},"properties":{"abbr":"GrDG","name":"granular layer of the dentate gyrus","plate":32,"ap_bregma_mm":-3.05,"area_mm2":0.6231,"traced_fraction":[0.999,0.996,1.0,0.986,0.983],"n_labels":4,"no_drawn_outline":false}},{"type":"Feature","geometry":{"type":"MultiPolygon","coordinates":[[[[3.262,-2.877],[3.171,-2.898],[3.094,-2.891],[2.975,-2.828],[2.807,-2.764],[2.772,-2.764],[2.751,-2.785],[2.751,-2.806],[2.73,-2.806],[2.694,-2.842],[2.421,-2.764],[1.993,-2.757],[1.916,-2.743],[1.916,-2.701],[2.007,-2.687],[2.148,-2.638],[2.309,-2.616],[2.463,-2.616],[2.617,-2.631],[2.631,-2.645],[3.031,-2.757],[3.213,-2.828],[3.262,-2.877]]],[[[-1.996,-2.708],[-2.038,-2.736],[-2.164,-2.75],[-2.333,-2.806],[-2.613,-2.835],[-2.851,-2.933],[-2.957,-2.954],[-2.992,-2.933],[-3.048,-2.933],[-3.069,-2.891],[-3.132,-2.884],[-3.237,-2.933],[-3.321,-2.954],[-3.363,-2.926],[-3.356,-2.905],[-3.293,-2.87],[-3.048,-2.778],[-2.851,-2.729],[-2.838,-2.715],[-2.767,-2.715],[-2.648,-2.687],[-2.48,-2.687],[-2.249,-2.708],[-2.017,-2.694],[-1.996,-2.708]]],[[[-2.641,-6.604],[-2.585,-6.675],[-2.648,-6.738],[-2.655,-6.794],[-2.69,-6.794],[-2.76,-6.759],[-2.851,-6.759],[-2.887,-6.773],[-2.901,-6.717],[-2.901,-6.661],[-2.887,-6.647],[-2.802,-6.625],[-2.788,-6.569],[-2.746,-6.555],[-2.711,-6.562],[-2.697,-6.632],[-2.641,-6.604]]]]},"properties":{"abbr":"PoDG","name":"polymorph layer of the dentate gyrus","plate":32,"ap_bregma_mm":-3.05,"area_mm2":0.3595,"traced_fraction":[1.0,1.0,0.972],"n_labels":4,"no_drawn_outline":false}},{"type":"Feature","geometry":{"type":"MultiPolygon","coordinates":[[[[2.554,-1.92],[2.701,-1.955],[2.891,-2.033],[3.059,-2.082],[3.192,-2.152],[3.368,-2.216],[3.466,-2.272],[3.83,-2.427],[3.928,-2.504],[4.076,-2.581],[4.097,-2.61],[4.167,-2.645],[4.237,-2.708],[4.279,-2.722],[4.307,-2.757],[4.44,-2.856],[4.63,-3.06],[4.637,-3.088],[4.875,-3.397],[5.036,-3.686],[5.099,-3.861],[5.12,-3.995],[5.184,-4.192],[5.226,-4.396],[5.275,-4.684],[5.317,-4.846],[5.331,-5.057],[5.345,-5.085],[5.345,-5.247],[5.324,-5.437],[5.205,-5.929],[5.05,-6.218],[4.924,-6.4],[4.777,-6.513],[4.693,-6.597],[4.616,-6.647],[4.503,-6.696],[4.349,-6.717],[4.272,-6.766],[4.118,-6.766],[3.809,-6.822],[3.206,-6.998],[2.926,-7.125],[2.828,-7.223],[2.814,-7.223],[2.786,-7.266],[2.779,-7.273],[2.743,-7.237],[2.659,-7.202],[2.652,-7.188],[2.421,-7.083],[2.33,-7.055],[2.239,-6.991],[2.239,-6.963],[2.295,-6.914],[2.337,-6.844],[2.526,-6.822],[2.526,-6.893],[2.547,-6.97],[2.568,-6.984],[2.624,-6.984],[2.68,-6.963],[2.688,-6.949],[2.912,-6.872],[2.926,-6.851],[2.996,-6.815],[3.304,-6.724],[3.809,-6.541],[4.111,-6.4],[4.265,-6.344],[4.398,-6.232],[4.426,-6.112],[4.426,-6.021],[4.405,-5.95],[4.363,-5.915],[4.251,-5.908],[4.09,-5.957],[3.9,-6.056],[3.767,-6.154],[3.732,-6.147],[3.725,-5.985],[3.711,-5.971],[3.711,-5.957],[3.753,-5.936],[3.781,-5.901],[3.83,-5.88],[3.921,-5.81],[3.893,-5.767],[4.02,-5.655],[4.055,-5.648],[4.083,-5.676],[4.104,-5.676],[4.181,-5.627],[4.454,-5.402],[4.433,-5.36],[4.63,-5.352],[4.63,-5.212],[4.7,-5.092],[4.763,-4.881],[4.777,-4.691],[4.77,-4.452],[4.756,-4.361],[4.679,-4.101],[4.574,-3.946],[4.525,-3.897],[4.468,-3.875],[4.349,-3.749],[4.349,-3.735],[4.265,-3.65],[4.251,-3.65],[3.886,-3.278],[3.795,-3.214],[3.473,-3.06],[3.466,-3.046],[3.445,-3.046],[3.347,-2.989],[3.213,-2.947],[3.171,-2.912],[3.171,-2.898],[3.262,-2.877],[3.311,-2.877],[3.438,-2.926],[3.515,-2.933],[3.522,-2.94],[3.578,-2.996],[3.711,-3.067],[3.753,-3.109],[3.893,-3.172],[4.048,-3.271],[4.153,-3.299],[4.223,-3.299],[4.251,-3.25],[4.293,-3.242],[4.321,-3.221],[4.321,-3.151],[4.132,-2.94],[4.027,-2.877],[3.928,-2.792],[3.746,-2.694],[3.557,-2.567],[2.968,-2.314],[2.589,-2.195],[2.267,-2.131],[2.056,-2.124],[1.902,-2.145],[1.776,-2.18],[1.573,-2.314],[1.299,-2.574],[0.935,-2.764],[0.794,-2.792],[0.633,-2.792],[0.444,-2.757],[0.283,-2.701],[0.219,-2.701],[0.191,-2.722],[0.177,-2.722],[0.121,-2.652],[0.002,-2.384],[0.065,-2.384],[0.058,-2.434],[0.107,-2.476],[0.135,-2.546],[0.156,-2.567],[0.184,-2.567],[0.184,-2.504],[0.234,-2.497],[0.247,-2.518],[0.346,-2.518],[0.57,-2.56],[0.738,-2.56],[0.914,-2.511],[1.103,-2.406],[1.194,-2.314],[1.299,-2.159],[1.489,-1.962],[1.622,-1.885],[1.699,-1.864],[1.846,-1.843],[2.105,-1.843],[2.33,-1.864],[2.4,-1.892],[2.554,-1.92]]],[[[-0.306,-2.49],[-0.299,-2.56],[-0.264,-2.581],[-0.292,-2.659],[-0.384,-2.729],[-0.44,-2.701],[-0.832,-2.736],[-0.916,-2.736],[-1.035,-2.708],[-1.267,-2.616],[-1.512,-2.469],[-1.526,-2.448],[-1.688,-2.342],[-1.87,-2.258],[-2.052,-2.209],[-2.242,-2.195],[-2.445,-2.202],[-3.062,-2.377],[-3.307,-2.476],[-3.461,-2.518],[-3.903,-2.743],[-4.022,-2.82],[-4.128,-2.912],[-4.191,-2.94],[-4.226,-2.982],[-4.261,-2.996],[-4.303,-3.046],[-4.464,-3.158],[-4.541,-3.235],[-4.569,-3.278],[-4.569,-3.327],[-4.541,-3.362],[-4.485,-3.369],[-4.478,-3.397],[-4.45,-3.425],[-4.359,-3.425],[-4.205,-3.355],[-4.044,-3.242],[-4.015,-3.242],[-4.008,-3.264],[-3.945,-3.32],[-4.093,-3.454],[-4.107,-3.454],[-4.296,-3.65],[-4.38,-3.714],[-4.408,-3.721],[-4.45,-3.777],[-4.478,-3.791],[-4.541,-3.904],[-4.618,-4.002],[-4.724,-4.206],[-4.822,-4.509],[-4.843,-4.649],[-4.836,-4.811],[-4.787,-4.966],[-4.709,-5.099],[-4.703,-5.134],[-4.78,-5.134],[-4.78,-5.282],[-4.618,-5.282],[-4.59,-5.296],[-4.583,-5.324],[-4.562,-5.331],[-4.506,-5.402],[-4.492,-5.402],[-4.345,-5.535],[-4.219,-5.613],[-4.135,-5.69],[-4.008,-5.746],[-4.008,-5.76],[-3.966,-5.76],[-3.91,-5.789],[-3.588,-6.063],[-3.398,-6.196],[-3.321,-6.274],[-3.09,-6.429],[-2.999,-6.513],[-2.999,-6.527],[-2.887,-6.647],[-2.901,-6.661],[-2.887,-6.773],[-2.95,-6.766],[-3.09,-6.682],[-3.195,-6.64],[-3.679,-6.386],[-3.735,-6.351],[-3.77,-6.309],[-3.819,-6.302],[-3.994,-6.133],[-4.036,-6.126],[-4.071,-6.084],[-4.205,-6.021],[-4.338,-6.007],[-4.401,-6.028],[-4.527,-6.161],[-4.555,-6.232],[-4.555,-6.302],[-4.387,-6.478],[-3.91,-6.724],[-3.286,-6.9],[-3.125,-6.921],[-2.985,-6.921],[-2.894,-6.907],[-2.83,-6.879],[-2.676,-6.977],[-2.508,-7.012],[-2.466,-6.984],[-2.466,-6.914],[-2.501,-6.808],[-2.494,-6.766],[-2.466,-6.773],[-2.347,-6.872],[-2.284,-6.893],[-2.157,-7.026],[-2.143,-7.026],[-2.185,-7.069],[-2.256,-7.223],[-2.319,-7.287],[-2.375,-7.315],[-2.648,-7.378],[-2.655,-7.35],[-2.697,-7.308],[-2.901,-7.174],[-3.258,-7.026],[-3.525,-6.942],[-3.665,-6.907],[-4.015,-6.858],[-4.289,-6.829],[-4.457,-6.829],[-4.478,-6.815],[-4.646,-6.787],[-4.808,-6.675],[-4.969,-6.464],[-5.144,-6.14],[-5.249,-5.929],[-5.298,-5.774],[-5.327,-5.725],[-5.376,-5.542],[-5.439,-5.388],[-5.488,-5.184],[-5.516,-4.818],[-5.467,-4.509],[-5.327,-4.051],[-5.165,-3.742],[-5.151,-3.735],[-5.151,-3.714],[-5.137,-3.707],[-5.046,-3.51],[-4.969,-3.418],[-4.857,-3.235],[-4.822,-3.2],[-4.822,-3.179],[-4.688,-3.053],[-4.688,-3.039],[-4.534,-2.877],[-4.408,-2.785],[-4.38,-2.75],[-4.345,-2.743],[-4.261,-2.673],[-3.77,-2.413],[-3.714,-2.399],[-3.595,-2.335],[-3.433,-2.279],[-3.321,-2.223],[-3.258,-2.209],[-3.167,-2.159],[-2.697,-1.991],[-2.452,-1.934],[-2.263,-1.906],[-1.933,-1.927],[-1.744,-1.962],[-1.667,-1.998],[-1.533,-2.117],[-1.344,-2.258],[-1.26,-2.356],[-1.218,-2.377],[-1.064,-2.413],[-0.923,-2.476],[-0.839,-2.497],[-0.306,-2.49]]]]},"properties":{"abbr":"Rad","name":"radiatum layer of the hippocampus","plate":32,"ap_bregma_mm":-3.05,"area_mm2":9.2434,"traced_fraction":[0.978,0.97],"n_labels":4,"no_drawn_outline":false}},{"type":"Feature","geometry":{"type":"MultiPolygon","coordinates":[[[[-0.496,-2.785],[-0.489,-2.842],[-0.51,-2.884],[-0.503,-2.989],[-0.538,-3.088],[-0.601,-3.172],[-0.629,-3.257],[-0.629,-3.306],[-0.65,-3.327],[-0.671,-3.327],[-0.727,-3.278],[-0.783,-3.214],[-0.895,-3.151],[-1.246,-3.06],[-1.428,-3.053],[-1.618,-3.13],[-1.807,-3.158],[-1.947,-3.158],[-2.115,-3.116],[-2.143,-3.095],[-2.129,-3.067],[-1.989,-2.989],[-1.765,-2.933],[-1.582,-2.814],[-1.442,-2.68],[-1.393,-2.652],[-1.344,-2.652],[-1.141,-2.764],[-0.98,-2.82],[-0.818,-2.82],[-0.58,-2.778],[-0.496,-2.785]]],[[[1.278,-2.792],[1.327,-2.856],[1.411,-2.898],[1.769,-2.996],[1.93,-3.024],[2.021,-3.067],[1.972,-3.109],[1.916,-3.116],[1.811,-3.088],[1.72,-3.088],[1.678,-3.074],[1.39,-3.088],[1.145,-3.046],[0.921,-3.06],[0.794,-3.088],[0.717,-3.123],[0.675,-3.151],[0.591,-3.235],[0.591,-3.25],[0.528,-3.292],[0.465,-3.278],[0.437,-3.235],[0.374,-3.2],[0.332,-3.123],[0.353,-3.081],[0.353,-3.01],[0.276,-2.891],[0.276,-2.856],[0.297,-2.82],[0.451,-2.828],[0.584,-2.87],[0.984,-2.87],[1.159,-2.785],[1.222,-2.778],[1.278,-2.792]]]]},"properties":{"abbr":"hif","name":"hippocampal fissure","plate":32,"ap_bregma_mm":-3.05,"area_mm2":0.8741,"traced_fraction":[1.0,1.0],"n_labels":2,"no_drawn_outline":false}},{"type":"Feature","geometry":{"type":"MultiPolygon","coordinates":[[[[-6.175,-2.23],[-5.951,-2.448],[-5.635,-2.694],[-5.235,-3.039],[-5.474,-3.355],[-5.719,-3.756],[-6.238,-3.454],[-6.504,-3.271],[-6.75,-3.137],[-6.827,-3.074],[-6.666,-2.842],[-6.427,-2.574],[-6.294,-2.349],[-6.175,-2.23]]],[[[6.102,-2.258],[6.614,-2.82],[6.754,-3.003],[6.572,-3.137],[5.625,-3.721],[5.499,-3.503],[5.394,-3.355],[5.38,-3.313],[5.282,-3.172],[5.198,-3.088],[5.177,-3.046],[5.31,-2.947],[5.422,-2.835],[5.653,-2.652],[5.829,-2.49],[5.955,-2.399],[6.102,-2.258]]]]},"properties":{"abbr":"AuD","name":"secondary auditory cortex, dorsal area","plate":32,"ap_bregma_mm":-3.05,"area_mm2":2.3682,"traced_fraction":[1.0,1.0],"n_labels":2,"no_drawn_outline":false}},{"type":"Feature","geometry":{"type":"MultiPolygon","coordinates":[[[[-0.292,-2.659],[-0.264,-2.687],[-0.243,-2.743],[-0.145,-2.757],[-0.096,-2.814],[-0.047,-2.814],[-0.012,-2.792],[0.107,-2.785],[0.191,-2.743],[0.297,-2.82],[0.276,-2.856],[0.276,-2.891],[0.353,-3.01],[0.353,-3.081],[0.332,-3.123],[0.297,-3.123],[0.283,-3.003],[0.241,-2.954],[0.213,-2.87],[0.198,-2.856],[0.163,-2.856],[0.135,-2.891],[0.114,-2.961],[0.114,-3.01],[0.128,-3.039],[0.121,-3.095],[0.086,-3.109],[0.03,-3.102],[0.051,-3.221],[0.016,-3.264],[0.009,-3.348],[-0.005,-3.362],[-0.124,-3.348],[-0.145,-3.327],[-0.131,-3.278],[-0.25,-3.271],[-0.278,-3.242],[-0.355,-3.214],[-0.384,-3.172],[-0.376,-3.123],[-0.327,-3.074],[-0.285,-3.053],[-0.236,-2.989],[-0.271,-2.982],[-0.313,-2.926],[-0.363,-2.905],[-0.363,-2.806],[-0.433,-2.799],[-0.44,-2.785],[-0.384,-2.729],[-0.292,-2.659]]],[[[-0.012,-3.024],[-0.019,-3.06],[0.016,-3.081],[0.009,-3.039],[-0.012,-3.024]]],[[[-5.572,-5.957],[-5.334,-6.436],[-5.221,-6.569],[-5.193,-6.632],[-5.193,-6.668],[-5.228,-6.661],[-5.256,-6.625],[-5.27,-6.625],[-5.425,-6.464],[-5.474,-6.379],[-5.474,-6.358],[-5.488,-6.351],[-5.53,-6.239],[-5.579,-6.168],[-5.607,-6.077],[-5.649,-6.077],[-5.656,-6.035],[-5.635,-6.007],[-5.642,-5.964],[-5.572,-5.957]]]]},"properties":{"abbr":"chp","name":"choroid plexus","plate":32,"ap_bregma_mm":-3.05,"area_mm2":0.3369,"traced_fraction":[1.0,1.0,0.996],"n_labels":2,"no_drawn_outline":false}},{"type":"Feature","geometry":{"type":"MultiPolygon","coordinates":[[[[2.035,-3.264],[1.979,-3.341],[1.937,-3.432],[1.874,-3.39],[1.825,-3.376],[1.629,-3.369],[1.495,-3.411],[1.369,-3.475],[1.355,-3.397],[1.404,-3.348],[1.425,-3.306],[1.425,-3.193],[1.671,-3.193],[2.035,-3.264]]],[[[-1.611,-3.207],[-1.596,-3.348],[-1.582,-3.376],[-1.505,-3.446],[-1.519,-3.475],[-1.611,-3.425],[-1.702,-3.397],[-1.849,-3.397],[-2.003,-3.439],[-2.024,-3.411],[-2.038,-3.334],[-2.101,-3.25],[-2.101,-3.228],[-2.052,-3.221],[-1.968,-3.25],[-1.779,-3.25],[-1.688,-3.214],[-1.611,-3.207]]]]},"properties":{"abbr":"OT","name":"nucleus of the optic tract","plate":32,"ap_bregma_mm":-3.05,"area_mm2":0.1936,"traced_fraction":[0.98,1.0],"n_labels":2,"no_drawn_outline":false}},{"type":"Feature","geometry":{"type":"MultiPolygon","coordinates":[[[[2.842,-3.257],[2.751,-3.517],[2.737,-3.643],[2.743,-3.77],[2.722,-3.77],[2.603,-3.686],[2.491,-3.65],[2.232,-3.622],[2.127,-3.58],[2.078,-3.538],[2.028,-3.531],[1.965,-3.482],[1.937,-3.432],[1.979,-3.341],[2.035,-3.264],[2.063,-3.242],[2.246,-3.186],[2.589,-3.2],[2.842,-3.257]]],[[[-2.101,-3.228],[-2.101,-3.25],[-2.038,-3.334],[-2.024,-3.411],[-2.003,-3.439],[-2.129,-3.573],[-2.15,-3.629],[-2.157,-3.714],[-2.192,-3.728],[-2.277,-3.693],[-2.396,-3.735],[-2.634,-3.756],[-2.739,-3.798],[-2.859,-3.882],[-2.908,-3.882],[-2.887,-3.763],[-2.901,-3.566],[-2.943,-3.475],[-2.992,-3.418],[-3.048,-3.383],[-3.069,-3.348],[-3.048,-3.334],[-2.88,-3.32],[-2.704,-3.257],[-2.382,-3.214],[-2.157,-3.207],[-2.101,-3.228]]]]},"properties":{"abbr":"LPMC","name":"lateral posterior thalamic nucleus, mediocaudal part","plate":32,"ap_bregma_mm":-3.05,"area_mm2":0.779,"traced_fraction":[1.0,0.993],"n_labels":2,"no_drawn_outline":false}},{"type":"Feature","geometry":{"type":"MultiPolygon","coordinates":[[[[1.425,-3.193],[1.425,-3.306],[1.404,-3.348],[1.355,-3.397],[1.299,-3.425],[1.208,-3.446],[1.145,-3.446],[1.033,-3.418],[0.935,-3.341],[0.906,-3.278],[0.9,-3.186],[0.984,-3.158],[1.194,-3.144],[1.425,-3.193]]],[[[-1.092,-3.193],[-1.085,-3.341],[-1.099,-3.376],[-1.155,-3.432],[-1.316,-3.489],[-1.414,-3.482],[-1.505,-3.446],[-1.582,-3.376],[-1.596,-3.348],[-1.611,-3.207],[-1.386,-3.151],[-1.239,-3.151],[-1.092,-3.193]]]]},"properties":{"abbr":"OPT","name":"olivary pretectal nucleus","plate":32,"ap_bregma_mm":-3.05,"area_mm2":0.2698,"traced_fraction":[1.0,1.0],"n_labels":2,"no_drawn_outline":false}},{"type":"Feature","geometry":{"type":"MultiPolygon","coordinates":[[[[0.9,-3.186],[0.906,-3.278],[0.935,-3.341],[1.033,-3.418],[1.145,-3.446],[1.208,-3.446],[1.278,-3.432],[1.355,-3.397],[1.369,-3.475],[1.222,-3.587],[1.194,-3.587],[1.047,-3.679],[0.731,-3.819],[0.647,-3.819],[0.521,-3.784],[0.381,-3.77],[0.339,-3.749],[0.36,-3.714],[0.395,-3.7],[0.479,-3.622],[0.535,-3.531],[0.556,-3.461],[0.556,-3.397],[0.528,-3.292],[0.591,-3.25],[0.626,-3.292],[0.689,-3.292],[0.738,-3.271],[0.787,-3.228],[0.9,-3.186]]],[[[-1.092,-3.193],[-1.05,-3.193],[-0.993,-3.214],[-0.825,-3.306],[-0.762,-3.306],[-0.727,-3.278],[-0.671,-3.327],[-0.65,-3.327],[-0.678,-3.411],[-0.678,-3.517],[-0.636,-3.573],[-0.615,-3.58],[-0.615,-3.594],[-0.601,-3.594],[-0.496,-3.693],[-0.433,-3.728],[-0.412,-3.763],[-0.538,-3.798],[-0.678,-3.812],[-0.741,-3.854],[-0.755,-3.84],[-0.825,-3.84],[-0.951,-3.798],[-0.958,-3.784],[-1.19,-3.679],[-1.33,-3.587],[-1.4,-3.566],[-1.519,-3.475],[-1.505,-3.446],[-1.414,-3.482],[-1.316,-3.489],[-1.155,-3.432],[-1.099,-3.376],[-1.085,-3.341],[-1.092,-3.193]]]]},"properties":{"abbr":"MPT","name":"medial pretectal nucleus","plate":32,"ap_bregma_mm":-3.05,"area_mm2":0.6486,"traced_fraction":[0.992,1.0],"n_labels":2,"no_drawn_outline":false}},{"type":"Feature","geometry":{"type":"MultiPolygon","coordinates":[[[[1.937,-3.432],[1.965,-3.482],[2.028,-3.531],[2.021,-3.573],[2.021,-3.629],[1.979,-3.819],[1.923,-4.023],[1.902,-4.058],[1.222,-4.058],[1.208,-4.044],[1.18,-3.882],[1.18,-3.7],[1.222,-3.587],[1.369,-3.475],[1.495,-3.411],[1.629,-3.369],[1.825,-3.376],[1.874,-3.39],[1.937,-3.432]]],[[[-1.519,-3.475],[-1.4,-3.566],[-1.407,-3.594],[-1.372,-3.679],[-1.358,-3.77],[-1.358,-4.058],[-2.038,-4.058],[-2.052,-4.051],[-2.115,-3.918],[-2.15,-3.798],[-2.157,-3.714],[-2.157,-3.665],[-2.129,-3.573],[-2.003,-3.439],[-1.849,-3.397],[-1.702,-3.397],[-1.611,-3.425],[-1.519,-3.475]]]]},"properties":{"abbr":"APTD","name":"anterior pretectal nucleus, dorsal part","plate":32,"ap_bregma_mm":-3.05,"area_mm2":0.9526,"traced_fraction":[0.757,0.758],"n_labels":2,"no_drawn_outline":false}},{"type":"Feature","geometry":{"type":"MultiPolygon","coordinates":[[[[2.842,-3.257],[3.024,-3.271],[3.213,-3.32],[3.529,-3.468],[3.662,-3.552],[3.907,-3.777],[3.957,-3.861],[3.999,-3.904],[4.069,-4.072],[4.097,-4.206],[4.09,-4.234],[3.936,-4.34],[3.732,-4.361],[3.578,-4.424],[3.543,-4.424],[3.473,-4.382],[3.326,-4.34],[3.171,-4.269],[3.031,-4.178],[2.891,-4.051],[2.863,-4.051],[2.743,-3.77],[2.737,-3.643],[2.751,-3.517],[2.842,-3.257]]],[[[-3.069,-3.348],[-3.069,-3.362],[-2.992,-3.418],[-2.943,-3.475],[-2.901,-3.566],[-2.887,-3.763],[-2.908,-3.882],[-2.922,-3.953],[-2.992,-4.122],[-3.195,-4.29],[-3.307,-4.361],[-3.455,-4.501],[-3.483,-4.544],[-3.56,-4.494],[-3.602,-4.487],[-3.665,-4.459],[-3.91,-4.403],[-4.015,-4.326],[-4.05,-4.326],[-4.05,-4.269],[-4.015,-4.115],[-3.931,-3.911],[-3.875,-3.847],[-3.861,-3.812],[-3.826,-3.784],[-3.735,-3.629],[-3.63,-3.524],[-3.525,-3.454],[-3.384,-3.397],[-3.146,-3.348],[-3.069,-3.348]]]]},"properties":{"abbr":"DLG","name":"dorsal lateral geniculate nucleus","plate":32,"ap_bregma_mm":-3.05,"area_mm2":1.9494,"traced_fraction":[1.0,1.0],"n_labels":2,"no_drawn_outline":false}},{"type":"Feature","geometry":{"type":"MultiPolygon","coordinates":[[[[0.339,-3.749],[0.381,-3.77],[0.521,-3.784],[0.647,-3.819],[0.731,-3.819],[0.78,-3.918],[0.78,-4.037],[0.759,-4.086],[0.682,-4.094],[0.605,-4.044],[0.479,-3.995],[0.325,-3.946],[0.262,-3.946],[0.234,-3.932],[0.142,-3.939],[0.1,-3.911],[-0.089,-3.904],[-0.187,-3.925],[-0.222,-3.946],[-0.278,-3.953],[-0.376,-3.953],[-0.734,-4.079],[-0.776,-4.079],[-0.804,-4.037],[-0.797,-3.939],[-0.741,-3.854],[-0.678,-3.812],[-0.538,-3.798],[-0.412,-3.763],[-0.363,-3.763],[-0.264,-3.805],[0.177,-3.805],[0.339,-3.749]]]]},"properties":{"abbr":"pc","name":"posterior commissure","plate":32,"ap_bregma_mm":-3.05,"area_mm2":0.2867,"traced_fraction":[1.0],"n_labels":1,"no_drawn_outline":false}},{"type":"Feature","geometry":{"type":"MultiPolygon","coordinates":[[[[0.142,-3.939],[0.142,-4.03],[0.03,-4.051],[-0.012,-4.002],[-0.061,-3.995],[-0.103,-4.058],[-0.173,-4.058],[-0.229,-4.016],[-0.222,-3.946],[-0.187,-3.925],[-0.089,-3.904],[0.1,-3.911],[0.142,-3.939]]]]},"properties":{"abbr":"SCO","name":"subcommissural organ","plate":32,"ap_bregma_mm":-3.05,"area_mm2":0.0445,"traced_fraction":[1.0],"n_labels":1,"no_drawn_outline":false}},{"type":"Feature","geometry":{"type":"MultiPolygon","coordinates":[[[[2.021,-3.573],[2.05,-3.573],[2.078,-3.608],[2.197,-3.932],[2.295,-4.115],[2.33,-4.143],[2.33,-4.192],[2.19,-4.164],[2.071,-4.122],[1.993,-4.115],[1.909,-4.094],[1.902,-4.058],[1.923,-4.023],[1.979,-3.819],[2.021,-3.629],[2.021,-3.573]]],[[[-2.157,-3.714],[-2.15,-3.798],[-2.115,-3.918],[-2.052,-4.051],[-2.038,-4.058],[-1.933,-4.234],[-2.038,-4.262],[-2.473,-4.29],[-2.459,-4.255],[-2.333,-4.115],[-2.192,-3.728],[-2.157,-3.714]]]]},"properties":{"abbr":"LPMR","name":"lateral posterior thalamic nucleus, mediorostral part","plate":32,"ap_bregma_mm":-3.05,"area_mm2":0.2511,"traced_fraction":[1.0,1.0],"n_labels":2,"no_drawn_outline":false}},{"type":"Feature","geometry":{"type":"MultiPolygon","coordinates":[[[[2.028,-3.531],[2.078,-3.538],[2.127,-3.58],[2.232,-3.622],[2.519,-3.657],[2.603,-3.686],[2.722,-3.77],[2.743,-3.77],[2.863,-4.051],[2.884,-4.171],[2.877,-4.206],[2.856,-4.22],[2.779,-4.234],[2.54,-4.206],[2.491,-4.227],[2.33,-4.192],[2.33,-4.143],[2.295,-4.115],[2.281,-4.072],[2.253,-4.044],[2.253,-4.023],[2.176,-3.882],[2.105,-3.665],[2.063,-3.587],[2.05,-3.573],[2.021,-3.573],[2.028,-3.531]]],[[[-2.192,-3.728],[-2.333,-4.115],[-2.459,-4.255],[-2.473,-4.29],[-2.599,-4.312],[-2.732,-4.354],[-2.922,-4.326],[-2.95,-4.297],[-2.992,-4.122],[-2.922,-3.953],[-2.908,-3.882],[-2.859,-3.882],[-2.739,-3.798],[-2.634,-3.756],[-2.396,-3.735],[-2.277,-3.693],[-2.192,-3.728]]]]},"properties":{"abbr":"LPLC","name":"lateral posterior thalamic nucleus, laterocaudal part","plate":32,"ap_bregma_mm":-3.05,"area_mm2":0.6872,"traced_fraction":[1.0,0.991],"n_labels":2,"no_drawn_outline":false}},{"type":"Feature","geometry":{"type":"MultiPolygon","coordinates":[[[[-2.038,-4.058],[-1.358,-4.058],[-1.393,-4.22],[-1.442,-4.283],[-1.561,-4.354],[-1.646,-4.361],[-1.688,-4.361],[-1.772,-4.333],[-1.884,-4.276],[-1.933,-4.234],[-2.038,-4.058]]],[[[1.222,-4.058],[1.902,-4.058],[1.909,-4.094],[1.888,-4.108],[1.783,-4.305],[1.741,-4.347],[1.65,-4.375],[1.51,-4.368],[1.425,-4.34],[1.369,-4.305],[1.278,-4.199],[1.229,-4.108],[1.222,-4.058]]]]},"properties":{"abbr":"APTV","name":"anterior pretectal nucleus, ventral part","plate":32,"ap_bregma_mm":-3.05,"area_mm2":0.3131,"traced_fraction":[0.628,0.628],"n_labels":2,"no_drawn_outline":true}},{"type":"Feature","geometry":{"type":"MultiPolygon","coordinates":[[[[-3.644,-3.404],[-3.609,-3.411],[-3.616,-3.432],[-3.679,-3.475],[-3.735,-3.538],[-3.826,-3.7],[-3.952,-3.861],[-4.036,-4.037],[-4.135,-4.382],[-4.219,-4.523],[-4.247,-4.621],[-4.233,-4.769],[-4.198,-4.888],[-4.205,-4.937],[-4.24,-4.909],[-4.275,-4.846],[-4.359,-4.586],[-4.387,-4.417],[-4.366,-4.241],[-4.296,-4.101],[-4.261,-4.058],[-4.184,-3.89],[-4.065,-3.7],[-3.952,-3.587],[-3.784,-3.475],[-3.644,-3.404]]],[[[5.583,-4.269],[5.632,-4.276],[5.688,-4.319],[5.765,-4.417],[5.815,-4.53],[5.843,-4.726],[5.892,-4.881],[5.885,-5.099],[5.871,-5.163],[5.765,-5.352],[5.73,-5.388],[5.695,-5.395],[5.674,-5.275],[5.688,-5.113],[5.674,-4.783],[5.59,-4.368],[5.583,-4.269]]],[[[-5.74,-5.577],[-5.698,-5.62],[-5.642,-5.739],[-5.572,-5.957],[-5.642,-5.964],[-5.747,-5.676],[-5.754,-5.585],[-5.74,-5.577]]]]},"properties":{"abbr":"LV","name":"lateral ventricle","plate":32,"ap_bregma_mm":-3.05,"area_mm2":0.4854,"traced_fraction":[1.0,1.0,0.992],"n_labels":3,"no_drawn_outline":false}},{"type":"Feature","geometry":{"type":"MultiPolygon","coordinates":[[[[2.863,-4.051],[2.891,-4.051],[3.031,-4.178],[3.171,-4.269],[3.326,-4.34],[3.473,-4.382],[3.543,-4.424],[3.487,-4.48],[3.417,-4.523],[3.361,-4.593],[3.332,-4.6],[3.34,-4.551],[3.361,-4.523],[3.354,-4.466],[3.283,-4.417],[3.277,-4.396],[3.08,-4.283],[3.031,-4.276],[3.017,-4.319],[3.059,-4.431],[3.087,-4.473],[3.108,-4.48],[3.101,-4.509],[3.059,-4.509],[2.989,-4.466],[2.912,-4.396],[2.849,-4.375],[2.772,-4.326],[2.505,-4.248],[2.491,-4.227],[2.54,-4.206],[2.779,-4.234],[2.856,-4.22],[2.877,-4.206],[2.884,-4.171],[2.863,-4.051]]],[[[-2.992,-4.122],[-2.95,-4.297],[-3.027,-4.305],[-3.181,-4.382],[-3.265,-4.459],[-3.3,-4.473],[-3.37,-4.565],[-3.37,-4.677],[-3.335,-4.755],[-3.251,-4.86],[-3.216,-4.867],[-3.181,-4.839],[-3.174,-4.839],[-3.167,-4.902],[-3.132,-4.959],[-3.125,-5.001],[-3.174,-4.994],[-3.342,-4.846],[-3.356,-4.846],[-3.356,-4.825],[-3.433,-4.691],[-3.448,-4.607],[-3.483,-4.544],[-3.455,-4.501],[-3.307,-4.361],[-3.195,-4.29],[-2.992,-4.122]]]]},"properties":{"abbr":"str","name":"superior thalamic radiation","plate":32,"ap_bregma_mm":-3.05,"area_mm2":0.2363,"traced_fraction":[1.0,1.0],"n_labels":2,"no_drawn_outline":false}},{"type":"Feature","geometry":{"type":"MultiPolygon","coordinates":[[[[4.7,-2.996],[4.714,-2.996],[4.791,-3.081],[4.826,-3.151],[5.001,-3.376],[5.141,-3.594],[5.212,-3.742],[5.254,-3.89],[5.317,-4.03],[5.408,-4.389],[5.226,-4.396],[5.184,-4.192],[5.12,-3.995],[5.099,-3.861],[5.036,-3.686],[4.875,-3.397],[4.637,-3.088],[4.63,-3.06],[4.7,-2.996]]],[[[-4.906,-3.137],[-4.878,-3.137],[-4.857,-3.165],[-4.822,-3.179],[-4.822,-3.2],[-4.857,-3.235],[-4.969,-3.418],[-5.046,-3.51],[-5.137,-3.707],[-5.151,-3.714],[-5.151,-3.735],[-5.165,-3.742],[-5.327,-4.051],[-5.467,-4.509],[-5.628,-4.501],[-5.621,-4.438],[-5.544,-4.22],[-5.523,-4.192],[-5.495,-4.086],[-5.264,-3.615],[-5.06,-3.285],[-4.92,-3.137],[-4.906,-3.137]]]]},"properties":{"abbr":"CA2","name":"field CA2 of the hippocampus","plate":32,"ap_bregma_mm":-3.05,"area_mm2":0.4357,"traced_fraction":[0.959,0.966],"n_labels":2,"no_drawn_outline":false}},{"type":"Feature","geometry":{"type":"MultiPolygon","coordinates":[[[[6.754,-3.003],[6.768,-3.01],[6.845,-3.102],[7.063,-3.425],[7.189,-3.679],[7.287,-3.925],[7.371,-4.255],[7.42,-4.593],[7.427,-4.916],[7.406,-5.099],[7.378,-5.177],[7.231,-5.141],[6.929,-5.106],[6.852,-5.085],[6.032,-4.966],[6.025,-4.776],[5.976,-4.572],[5.864,-4.248],[5.773,-4.037],[5.773,-4.009],[5.625,-3.721],[6.572,-3.137],[6.754,-3.003]]],[[[-6.827,-3.074],[-6.75,-3.137],[-6.504,-3.271],[-6.238,-3.454],[-5.719,-3.756],[-5.754,-3.882],[-5.838,-4.044],[-5.866,-4.15],[-5.902,-4.22],[-6.007,-4.572],[-6.049,-5.008],[-6.14,-5.022],[-6.301,-5.078],[-6.757,-5.191],[-6.904,-5.24],[-7.5,-5.374],[-7.535,-5.395],[-7.584,-5.254],[-7.633,-4.902],[-7.612,-4.593],[-7.563,-4.361],[-7.472,-4.094],[-7.318,-3.784],[-7.163,-3.545],[-7.023,-3.383],[-6.953,-3.271],[-6.897,-3.165],[-6.827,-3.074]]]]},"properties":{"abbr":"Au1","name":"primary auditory cortex","plate":32,"ap_bregma_mm":-3.05,"area_mm2":5.4123,"traced_fraction":[1.0,1.0],"n_labels":4,"no_drawn_outline":false}},{"type":"Feature","geometry":{"type":"MultiPolygon","coordinates":[[[[1.909,-4.094],[1.993,-4.115],[1.972,-4.192],[1.958,-4.347],[1.909,-4.551],[1.86,-4.67],[1.818,-4.705],[1.811,-4.705],[1.783,-4.67],[1.699,-4.621],[1.636,-4.53],[1.629,-4.473],[1.65,-4.375],[1.741,-4.347],[1.783,-4.305],[1.888,-4.108],[1.909,-4.094]]],[[[-1.933,-4.234],[-1.884,-4.276],[-1.772,-4.333],[-1.688,-4.361],[-1.646,-4.361],[-1.723,-4.494],[-1.8,-4.572],[-1.884,-4.614],[-1.961,-4.628],[-2.024,-4.403],[-2.038,-4.262],[-1.933,-4.234]]]]},"properties":{"abbr":"Sc","name":"scaphoid thalamic nucleus","plate":32,"ap_bregma_mm":-3.05,"area_mm2":0.2102,"traced_fraction":[1.0,1.0],"n_labels":2,"no_drawn_outline":false}},{"type":"Feature","geometry":{"type":"MultiPolygon","coordinates":[[[[-0.159,-2.377],[0.002,-2.384],[0.121,-2.652],[0.149,-2.694],[0.191,-2.722],[0.191,-2.743],[0.107,-2.785],[-0.012,-2.792],[-0.047,-2.814],[-0.096,-2.814],[-0.145,-2.757],[-0.243,-2.743],[-0.264,-2.687],[-0.292,-2.659],[-0.264,-2.581],[-0.229,-2.504],[-0.173,-2.434],[-0.159,-2.377]]],[[[0.142,-4.03],[0.142,-4.058],[0.114,-4.108],[0.051,-4.164],[0.03,-4.234],[0.037,-4.368],[0.023,-4.417],[0.03,-4.509],[0.016,-4.551],[0.009,-4.825],[-0.012,-4.846],[-0.026,-4.846],[-0.04,-4.818],[-0.061,-4.741],[-0.103,-4.459],[-0.11,-4.248],[-0.138,-4.15],[-0.173,-4.094],[-0.173,-4.058],[-0.103,-4.058],[-0.061,-3.995],[-0.012,-4.002],[0.03,-4.051],[0.142,-4.03]]],[[[0.114,-7.575],[0.121,-7.948],[0.121,-8.363],[0.121,-8.384],[0.093,-8.419],[0.065,-8.412],[0.037,-8.342],[0.009,-8.025],[-0.012,-7.962],[-0.047,-7.568],[-0.04,-7.434],[0.009,-7.174],[0.009,-7.076],[0.023,-7.055],[0.051,-7.055],[0.107,-7.273],[0.114,-7.575]]]]},"properties":{"abbr":"3V","name":"3rd ventricle","plate":32,"ap_bregma_mm":-3.05,"area_mm2":0.4041,"traced_fraction":[1.0,1.0,1.0],"n_labels":3,"no_drawn_outline":false}},{"type":"Feature","geometry":{"type":"MultiPolygon","coordinates":[[[[1.993,-4.115],[2.071,-4.122],[2.19,-4.164],[2.33,-4.192],[2.491,-4.227],[2.505,-4.248],[2.772,-4.326],[2.821,-4.361],[2.912,-4.396],[2.989,-4.466],[2.835,-4.473],[2.737,-4.516],[2.631,-4.586],[2.4,-4.797],[2.351,-4.825],[2.253,-4.923],[2.169,-5.043],[2.134,-5.043],[2.007,-5.106],[1.811,-5.163],[1.72,-5.198],[1.587,-5.275],[1.495,-5.296],[1.503,-5.247],[1.615,-5.092],[1.664,-4.987],[1.811,-4.776],[1.818,-4.705],[1.86,-4.67],[1.909,-4.551],[1.958,-4.347],[1.972,-4.192],[1.993,-4.115]]],[[[-2.038,-4.262],[-2.024,-4.403],[-1.961,-4.628],[-1.912,-4.853],[-1.786,-5.12],[-1.716,-5.226],[-1.688,-5.247],[-1.681,-5.275],[-1.73,-5.275],[-1.87,-5.219],[-1.912,-5.219],[-1.947,-5.205],[-2.017,-5.141],[-2.333,-5.008],[-2.473,-4.937],[-2.648,-4.818],[-2.781,-4.762],[-2.894,-4.741],[-2.999,-4.748],[-3.076,-4.776],[-3.139,-4.832],[-3.174,-4.839],[-3.181,-4.839],[-3.181,-4.783],[-3.146,-4.656],[-3.097,-4.628],[-3.062,-4.558],[-2.929,-4.473],[-2.866,-4.452],[-2.817,-4.41],[-2.795,-4.41],[-2.732,-4.354],[-2.599,-4.312],[-2.473,-4.29],[-2.038,-4.262]]]]},"properties":{"abbr":"Po","name":"posterior thalamic nuclear group","plate":32,"ap_bregma_mm":-3.05,"area_mm2":1.3679,"traced_fraction":[1.0,1.0],"n_labels":2,"no_drawn_outline":false}},{"type":"Feature","geometry":{"type":"MultiPolygon","coordinates":[[[[3.171,-2.898],[3.171,-2.912],[3.213,-2.947],[3.347,-2.989],[3.445,-3.046],[3.466,-3.046],[3.473,-3.06],[3.795,-3.214],[3.886,-3.278],[4.251,-3.65],[4.265,-3.65],[4.349,-3.735],[4.349,-3.749],[4.468,-3.875],[4.489,-3.932],[4.559,-4.023],[4.637,-4.192],[4.672,-4.312],[4.693,-4.494],[4.714,-4.565],[4.714,-4.705],[4.679,-4.902],[4.602,-5.092],[4.531,-5.17],[4.525,-5.198],[4.51,-5.198],[4.447,-5.268],[4.433,-5.303],[4.412,-5.317],[4.412,-5.338],[4.342,-5.381],[4.328,-5.381],[4.293,-5.289],[4.244,-5.261],[4.349,-5.113],[4.433,-4.923],[4.447,-4.916],[4.454,-4.86],[4.503,-4.755],[4.517,-4.663],[4.475,-4.34],[4.44,-4.185],[4.335,-3.946],[4.258,-3.833],[3.802,-3.39],[3.697,-3.32],[3.417,-3.172],[3.375,-3.165],[3.115,-3.053],[3.087,-3.024],[2.926,-2.94],[2.828,-2.849],[2.751,-2.806],[2.751,-2.785],[2.772,-2.764],[2.807,-2.764],[2.975,-2.828],[3.094,-2.891],[3.171,-2.898]]],[[[-3.048,-2.933],[-3.146,-2.982],[-3.321,-3.109],[-3.419,-3.151],[-3.483,-3.2],[-3.553,-3.228],[-3.672,-3.306],[-3.994,-3.51],[-4.107,-3.622],[-4.107,-3.636],[-4.212,-3.721],[-4.268,-3.784],[-4.387,-3.967],[-4.499,-4.192],[-4.562,-4.354],[-4.597,-4.523],[-4.597,-4.607],[-4.555,-4.853],[-4.317,-5.254],[-4.401,-5.261],[-4.478,-5.338],[-4.492,-5.338],[-4.548,-5.268],[-4.59,-5.198],[-4.59,-5.177],[-4.618,-5.156],[-4.675,-5.057],[-4.675,-5.036],[-4.717,-4.98],[-4.717,-4.959],[-4.731,-4.952],[-4.766,-4.853],[-4.78,-4.783],[-4.773,-4.572],[-4.731,-4.396],[-4.667,-4.213],[-4.527,-3.939],[-4.401,-3.77],[-4.38,-3.714],[-4.296,-3.65],[-4.107,-3.454],[-4.093,-3.454],[-3.945,-3.32],[-3.686,-3.151],[-3.567,-3.095],[-3.539,-3.067],[-3.335,-2.975],[-3.321,-2.954],[-3.237,-2.933],[-3.132,-2.884],[-3.069,-2.891],[-3.048,-2.933]]]]},"properties":{"abbr":"CA3","name":"field CA3 of the hippocampus","plate":32,"ap_bregma_mm":-3.05,"area_mm2":1.0238,"traced_fraction":[0.985,0.981],"n_labels":2,"no_drawn_outline":false}},{"type":"Feature","geometry":{"type":"MultiPolygon","coordinates":[[[[4.09,-4.234],[4.111,-4.319],[4.125,-4.544],[4.076,-4.769],[3.858,-5.106],[3.697,-5.275],[3.655,-5.303],[3.557,-5.24],[3.585,-5.205],[3.62,-5.113],[3.634,-5.029],[3.648,-5.015],[3.655,-4.93],[3.641,-4.677],[3.578,-4.424],[3.732,-4.361],[3.936,-4.34],[4.09,-4.234]]],[[[-4.05,-4.326],[-4.015,-4.326],[-3.91,-4.403],[-3.665,-4.459],[-3.602,-4.487],[-3.637,-4.663],[-3.637,-4.867],[-3.588,-5.001],[-3.574,-5.008],[-3.476,-5.219],[-3.37,-5.338],[-3.412,-5.374],[-3.412,-5.388],[-3.581,-5.296],[-3.623,-5.282],[-3.7,-5.289],[-3.714,-5.289],[-3.917,-5.071],[-4.001,-4.959],[-4.044,-4.874],[-4.078,-4.748],[-4.086,-4.663],[-4.065,-4.375],[-4.05,-4.326]]]]},"properties":{"abbr":"VGMC","name":"ventral geniculate nucleus, magnocellular part","plate":32,"ap_bregma_mm":-3.05,"area_mm2":0.721,"traced_fraction":[0.997,1.0],"n_labels":2,"no_drawn_outline":false}},{"type":"Feature","geometry":{"type":"MultiPolygon","coordinates":[[[[1.152,-4.937],[1.047,-5.064],[0.97,-5.113],[0.921,-5.127],[0.78,-5.12],[0.78,-4.839],[0.724,-4.783],[0.647,-4.79],[0.591,-4.839],[0.528,-4.945],[0.514,-5.043],[0.486,-5.043],[0.465,-5.022],[0.465,-4.853],[0.507,-4.677],[0.542,-4.67],[0.577,-4.635],[0.703,-4.572],[0.851,-4.523],[1.005,-4.494],[1.11,-4.494],[1.159,-4.509],[1.187,-4.544],[1.194,-4.72],[1.152,-4.937]]],[[[-0.531,-4.797],[-0.51,-4.895],[-0.51,-5.015],[-0.552,-5.029],[-0.573,-4.987],[-0.587,-4.888],[-0.643,-4.853],[-0.72,-4.853],[-0.755,-4.881],[-0.79,-4.973],[-0.79,-5.17],[-0.853,-5.184],[-0.937,-5.177],[-1.155,-5.113],[-1.211,-5.092],[-1.281,-5.043],[-1.33,-4.832],[-1.316,-4.684],[-1.302,-4.649],[-1.253,-4.6],[-1.148,-4.551],[-0.993,-4.551],[-0.741,-4.614],[-0.636,-4.684],[-0.559,-4.79],[-0.531,-4.797]]]]},"properties":{"abbr":"PF","name":"parafascicular thalamic nucleus","plate":32,"ap_bregma_mm":-3.05,"area_mm2":0.6518,"traced_fraction":[1.0,1.0],"n_labels":2,"no_drawn_outline":false}},{"type":"Feature","geometry":{"type":"MultiPolygon","coordinates":[[[[3.543,-4.424],[3.578,-4.424],[3.641,-4.677],[3.655,-4.93],[3.648,-5.015],[3.634,-5.029],[3.62,-5.113],[3.599,-5.177],[3.557,-5.24],[3.48,-5.261],[3.452,-5.282],[3.438,-5.268],[3.431,-5.219],[3.396,-5.184],[3.277,-5.184],[3.262,-5.177],[3.269,-5.127],[3.304,-5.029],[3.311,-4.937],[3.304,-4.797],[3.332,-4.6],[3.361,-4.593],[3.417,-4.523],[3.487,-4.48],[3.543,-4.424]]],[[[-3.602,-4.487],[-3.56,-4.494],[-3.483,-4.544],[-3.455,-4.586],[-3.433,-4.691],[-3.356,-4.825],[-3.356,-4.846],[-3.37,-4.867],[-3.363,-4.93],[-3.377,-4.937],[-3.37,-5.17],[-3.328,-5.324],[-3.37,-5.338],[-3.476,-5.219],[-3.574,-5.008],[-3.588,-5.001],[-3.637,-4.867],[-3.637,-4.663],[-3.602,-4.487]]]]},"properties":{"abbr":"VGPC","name":"ventral geniculate nucleus, parvicellular part","plate":32,"ap_bregma_mm":-3.05,"area_mm2":0.3839,"traced_fraction":[0.98,1.0],"n_labels":2,"no_drawn_outline":false}},{"type":"Feature","geometry":{"type":"MultiPolygon","coordinates":[[[[2.989,-4.466],[3.059,-4.509],[3.101,-4.509],[3.101,-4.53],[3.129,-4.565],[3.185,-4.586],[3.164,-4.593],[3.192,-4.684],[3.192,-4.776],[3.164,-4.846],[3.171,-4.86],[3.031,-4.966],[2.842,-5.05],[2.807,-5.05],[2.758,-5.078],[2.477,-5.149],[2.239,-5.247],[2.162,-5.261],[2.148,-5.219],[2.148,-5.134],[2.169,-5.043],[2.253,-4.923],[2.351,-4.825],[2.4,-4.797],[2.631,-4.586],[2.793,-4.487],[2.87,-4.466],[2.989,-4.466]]],[[[-1.912,-5.219],[-1.891,-5.317],[-1.905,-5.409],[-2.052,-5.381],[-2.094,-5.36],[-2.452,-5.275],[-2.578,-5.233],[-2.62,-5.233],[-2.662,-5.233],[-2.711,-5.191],[-2.753,-5.205],[-2.929,-5.127],[-3.125,-5.001],[-3.132,-4.959],[-3.167,-4.902],[-3.174,-4.839],[-3.139,-4.832],[-3.076,-4.776],[-2.999,-4.748],[-2.894,-4.741],[-2.781,-4.762],[-2.648,-4.818],[-2.508,-4.916],[-2.333,-5.008],[-2.017,-5.141],[-1.947,-5.205],[-1.912,-5.219]]]]},"properties":{"abbr":"VPM","name":"ventral posteromedial thalamic nucleus","plate":32,"ap_bregma_mm":-3.05,"area_mm2":0.8544,"traced_fraction":[1.0,1.0],"n_labels":2,"no_drawn_outline":false}},{"type":"Feature","geometry":{"type":"MultiPolygon","coordinates":[[[[-1.884,-4.614],[-1.863,-4.663],[-1.779,-4.748],[-1.688,-4.811],[-1.688,-4.825],[-1.618,-4.867],[-1.618,-4.881],[-1.379,-5.022],[-1.281,-5.043],[-1.211,-5.092],[-1.155,-5.113],[-1.12,-5.191],[-1.12,-5.24],[-1.141,-5.289],[-1.176,-5.324],[-1.176,-5.345],[-1.463,-5.352],[-1.611,-5.31],[-1.681,-5.275],[-1.688,-5.247],[-1.716,-5.226],[-1.786,-5.12],[-1.912,-4.853],[-1.961,-4.628],[-1.884,-4.614]]],[[[1.811,-4.705],[1.818,-4.705],[1.811,-4.776],[1.664,-4.987],[1.615,-5.092],[1.503,-5.247],[1.495,-5.296],[1.32,-5.402],[1.257,-5.402],[1.173,-5.36],[1.068,-5.345],[1.054,-5.317],[1.019,-5.303],[0.963,-5.233],[0.97,-5.113],[1.047,-5.064],[1.152,-4.937],[1.285,-4.902],[1.587,-4.776],[1.685,-4.755],[1.811,-4.705]]]]},"properties":{"abbr":"Eth","name":"ethmoid thalamic nucleus","plate":32,"ap_bregma_mm":-3.05,"area_mm2":0.5772,"traced_fraction":[0.994,1.0],"n_labels":2,"no_drawn_outline":false}},{"type":"Feature","geometry":{"type":"MultiPolygon","coordinates":[[[[0.78,-5.12],[0.759,-5.184],[0.717,-5.226],[0.598,-5.233],[0.57,-5.219],[0.535,-5.17],[0.521,-5.113],[0.514,-5.043],[0.528,-4.945],[0.591,-4.839],[0.647,-4.79],[0.724,-4.783],[0.78,-4.839],[0.78,-5.12]]],[[[-0.552,-5.029],[-0.552,-5.219],[-0.573,-5.289],[-0.692,-5.303],[-0.713,-5.268],[-0.755,-5.247],[-0.79,-5.17],[-0.79,-4.973],[-0.755,-4.881],[-0.72,-4.853],[-0.643,-4.853],[-0.587,-4.888],[-0.573,-4.987],[-0.552,-5.029]]]]},"properties":{"abbr":"fr","name":"fasciculus retroflexus","plate":32,"ap_bregma_mm":-3.05,"area_mm2":0.1905,"traced_fraction":[1.0,1.0],"n_labels":2,"no_drawn_outline":false}},{"type":"Feature","geometry":{"type":"MultiPolygon","coordinates":[[[[-4.703,-5.134],[-4.682,-5.17],[-4.618,-5.156],[-4.59,-5.177],[-4.59,-5.198],[-4.548,-5.268],[-4.569,-5.268],[-4.59,-5.296],[-4.618,-5.282],[-4.78,-5.282],[-4.78,-5.134],[-4.703,-5.134]]],[[[4.525,-5.198],[4.574,-5.24],[4.595,-5.24],[4.63,-5.212],[4.63,-5.352],[4.433,-5.36],[4.412,-5.338],[4.412,-5.317],[4.433,-5.303],[4.447,-5.268],[4.51,-5.198],[4.525,-5.198]]]]},"properties":{"abbr":"SLu","name":"stratum lucidum of the hippocampus","plate":32,"ap_bregma_mm":-3.05,"area_mm2":0.0524,"traced_fraction":[0.519,0.51],"n_labels":2,"no_drawn_outline":true}},{"type":"Feature","geometry":{"type":"MultiPolygon","coordinates":[[[[2.021,-3.067],[2.134,-3.081],[2.4,-3.081],[2.737,-3.144],[2.877,-3.144],[2.989,-3.193],[3.15,-3.207],[3.375,-3.299],[3.641,-3.454],[3.725,-3.538],[3.83,-3.601],[3.915,-3.679],[3.915,-3.693],[4.041,-3.812],[4.09,-3.918],[4.125,-3.953],[4.118,-4.016],[4.146,-4.157],[4.195,-4.241],[4.209,-4.305],[4.23,-4.312],[4.216,-4.389],[4.237,-4.473],[4.237,-4.663],[4.223,-4.776],[4.188,-4.874],[4.153,-4.881],[4.111,-4.923],[4.076,-4.98],[4.055,-5.057],[3.992,-5.177],[3.921,-5.24],[3.879,-5.303],[3.795,-5.388],[3.704,-5.451],[3.571,-5.599],[3.571,-5.613],[3.382,-5.803],[3.368,-5.803],[3.311,-5.873],[3.298,-5.873],[3.255,-5.922],[3.206,-5.936],[3.192,-5.922],[3.206,-5.838],[3.255,-5.725],[3.277,-5.711],[3.332,-5.599],[3.445,-5.472],[3.473,-5.465],[3.585,-5.381],[3.655,-5.303],[3.697,-5.275],[3.858,-5.106],[4.076,-4.769],[4.125,-4.544],[4.111,-4.319],[4.09,-4.234],[4.097,-4.206],[4.069,-4.072],[3.999,-3.904],[3.957,-3.861],[3.907,-3.777],[3.662,-3.552],[3.529,-3.468],[3.213,-3.32],[3.024,-3.271],[2.842,-3.257],[2.589,-3.2],[2.246,-3.186],[2.063,-3.242],[2.035,-3.264],[1.671,-3.193],[1.425,-3.193],[1.194,-3.144],[1.033,-3.151],[0.9,-3.186],[0.843,-3.2],[0.689,-3.292],[0.626,-3.292],[0.591,-3.25],[0.591,-3.235],[0.717,-3.123],[0.794,-3.088],[0.921,-3.06],[1.145,-3.046],[1.39,-3.088],[1.678,-3.074],[1.72,-3.088],[1.811,-3.088],[1.916,-3.116],[1.972,-3.109],[2.021,-3.067]]],[[[-0.727,-3.278],[-0.762,-3.306],[-0.825,-3.306],[-0.993,-3.214],[-1.05,-3.193],[-1.092,-3.193],[-1.239,-3.151],[-1.386,-3.151],[-1.611,-3.207],[-1.66,-3.207],[-1.779,-3.25],[-1.968,-3.25],[-2.052,-3.221],[-2.101,-3.228],[-2.157,-3.207],[-2.382,-3.214],[-2.704,-3.257],[-2.851,-3.313],[-3.048,-3.334],[-3.069,-3.348],[-3.146,-3.348],[-3.384,-3.397],[-3.525,-3.454],[-3.63,-3.524],[-3.735,-3.629],[-3.826,-3.784],[-3.861,-3.812],[-3.875,-3.847],[-3.931,-3.911],[-4.015,-4.115],[-4.044,-4.227],[-4.05,-4.326],[-4.065,-4.375],[-4.086,-4.663],[-4.078,-4.748],[-4.044,-4.874],[-4.001,-4.959],[-3.917,-5.071],[-3.756,-5.233],[-3.756,-5.247],[-3.7,-5.289],[-3.693,-5.324],[-3.623,-5.381],[-3.616,-5.402],[-3.602,-5.402],[-3.391,-5.62],[-3.377,-5.62],[-3.342,-5.662],[-3.314,-5.669],[-3.314,-5.683],[-3.216,-5.767],[-3.013,-5.88],[-2.964,-5.929],[-2.957,-5.971],[-3.013,-5.957],[-3.146,-5.859],[-3.272,-5.789],[-3.448,-5.732],[-3.945,-5.261],[-3.959,-5.226],[-4.128,-5.064],[-4.156,-5.001],[-4.205,-4.937],[-4.198,-4.888],[-4.233,-4.769],[-4.247,-4.621],[-4.219,-4.523],[-4.135,-4.382],[-4.036,-4.037],[-3.952,-3.861],[-3.826,-3.7],[-3.735,-3.538],[-3.679,-3.475],[-3.644,-3.461],[-3.609,-3.411],[-3.504,-3.355],[-3.461,-3.362],[-3.328,-3.341],[-3.209,-3.271],[-2.999,-3.271],[-2.936,-3.257],[-2.851,-3.221],[-2.817,-3.179],[-2.585,-3.13],[-2.578,-3.144],[-2.543,-3.144],[-2.515,-3.116],[-2.143,-3.095],[-2.115,-3.116],[-1.947,-3.158],[-1.807,-3.158],[-1.618,-3.13],[-1.428,-3.053],[-1.246,-3.06],[-0.895,-3.151],[-0.783,-3.214],[-0.727,-3.278]]]]},"properties":{"abbr":"opt","name":"optic tract","plate":32,"ap_bregma_mm":-3.05,"area_mm2":1.2443,"traced_fraction":[0.999,1.0],"n_labels":2,"no_drawn_outline":false}},{"type":"Feature","geometry":{"type":"MultiPolygon","coordinates":[[[[6.032,-4.966],[6.852,-5.085],[6.929,-5.106],[7.231,-5.141],[7.378,-5.177],[7.336,-5.331],[7.266,-5.479],[7.245,-5.676],[7.189,-5.789],[7.112,-5.753],[6.831,-5.683],[5.899,-5.367],[5.892,-5.345],[5.99,-5.156],[6.032,-4.966]]],[[[-6.049,-5.008],[-6.028,-5.134],[-5.965,-5.331],[-6.063,-5.367],[-6.175,-5.43],[-6.266,-5.458],[-6.322,-5.493],[-6.631,-5.606],[-7.009,-5.789],[-7.297,-5.901],[-7.332,-5.929],[-7.353,-5.908],[-7.444,-5.704],[-7.535,-5.395],[-7.5,-5.374],[-6.904,-5.24],[-6.757,-5.191],[-6.301,-5.078],[-6.14,-5.022],[-6.049,-5.008]]]]},"properties":{"abbr":"AuV","name":"secondary auditory cortex, ventral area","plate":32,"ap_bregma_mm":-3.05,"area_mm2":1.4113,"traced_fraction":[1.0,1.0],"n_labels":2,"no_drawn_outline":false}},{"type":"Feature","geometry":{"type":"MultiPolygon","coordinates":[[[[3.557,-5.24],[3.655,-5.303],[3.585,-5.381],[3.473,-5.465],[3.445,-5.472],[3.332,-5.599],[3.277,-5.711],[3.255,-5.725],[3.206,-5.838],[3.192,-5.887],[3.192,-5.922],[3.206,-5.936],[3.143,-6.007],[3.08,-6.049],[3.066,-6.042],[3.073,-5.992],[3.143,-5.887],[3.22,-5.711],[3.283,-5.613],[3.298,-5.542],[3.277,-5.514],[3.277,-5.479],[3.283,-5.472],[3.326,-5.416],[3.34,-5.416],[3.41,-5.345],[3.417,-5.317],[3.431,-5.317],[3.452,-5.282],[3.48,-5.261],[3.557,-5.24]]],[[[-3.412,-5.388],[-3.384,-5.437],[-3.279,-5.528],[-3.293,-5.528],[-3.328,-5.571],[-3.314,-5.669],[-3.342,-5.662],[-3.377,-5.62],[-3.391,-5.62],[-3.602,-5.402],[-3.616,-5.402],[-3.623,-5.381],[-3.693,-5.324],[-3.7,-5.289],[-3.623,-5.282],[-3.581,-5.296],[-3.412,-5.388]]]]},"properties":{"abbr":"sox","name":"supraoptic decussation","plate":32,"ap_bregma_mm":-3.05,"area_mm2":0.1365,"traced_fraction":[0.983,1.0],"n_labels":2,"no_drawn_outline":false}},{"type":"Feature","geometry":{"type":"MultiPolygon","coordinates":[[[[-3.328,-5.324],[-3.132,-5.352],[-3.027,-5.409],[-2.929,-5.535],[-2.929,-5.634],[-2.943,-5.669],[-3.013,-5.634],[-3.041,-5.634],[-3.195,-5.514],[-3.251,-5.514],[-3.279,-5.528],[-3.384,-5.437],[-3.412,-5.388],[-3.412,-5.374],[-3.37,-5.338],[-3.328,-5.324]]]]},"properties":{"abbr":"SubG","name":"subgeniculate nucleus","plate":32,"ap_bregma_mm":-3.05,"area_mm2":0.0852,"traced_fraction":[1.0],"n_labels":1,"no_drawn_outline":false}},{"type":"Feature","geometry":{"type":"MultiPolygon","coordinates":[[[[2.169,-5.043],[2.148,-5.134],[2.148,-5.219],[2.162,-5.261],[2.078,-5.31],[1.867,-5.381],[1.369,-5.472],[1.285,-5.507],[1.04,-5.507],[0.872,-5.556],[0.857,-5.542],[0.766,-5.535],[0.766,-5.43],[0.879,-5.367],[1.068,-5.345],[1.173,-5.36],[1.257,-5.402],[1.32,-5.402],[1.495,-5.296],[1.587,-5.275],[1.755,-5.184],[2.007,-5.106],[2.113,-5.05],[2.169,-5.043]]],[[[-1.912,-5.219],[-1.87,-5.219],[-1.73,-5.275],[-1.681,-5.275],[-1.611,-5.31],[-1.463,-5.352],[-1.176,-5.345],[-0.986,-5.345],[-0.867,-5.381],[-0.825,-5.402],[-0.797,-5.437],[-0.797,-5.486],[-0.818,-5.507],[-0.965,-5.528],[-1.19,-5.521],[-1.316,-5.535],[-1.449,-5.493],[-1.624,-5.479],[-1.905,-5.409],[-1.891,-5.317],[-1.912,-5.219]]]]},"properties":{"abbr":"SPFPC","name":"subparafascicular thalamic nucleus, parvicellular part","plate":32,"ap_bregma_mm":-3.05,"area_mm2":0.4257,"traced_fraction":[1.0,0.995],"n_labels":2,"no_drawn_outline":false}},{"type":"Feature","geometry":{"type":"MultiPolygon","coordinates":[[[[3.304,-4.797],[3.311,-4.937],[3.269,-4.93],[3.15,-5.078],[3.15,-5.099],[3.269,-5.127],[3.262,-5.177],[3.277,-5.184],[3.192,-5.226],[3.101,-5.324],[3.08,-5.324],[3.045,-5.282],[3.01,-5.268],[2.919,-5.388],[2.821,-5.486],[2.589,-5.641],[2.393,-5.746],[2.302,-5.817],[2.092,-5.929],[1.825,-6.049],[1.692,-6.091],[1.65,-6.091],[1.629,-6.112],[1.622,-6.288],[1.474,-6.274],[1.404,-6.232],[1.362,-6.154],[1.362,-6.091],[1.397,-6.021],[1.453,-5.964],[1.58,-5.894],[1.769,-5.753],[1.972,-5.627],[2.035,-5.564],[2.05,-5.521],[2.148,-5.451],[2.73,-5.17],[2.828,-5.092],[2.842,-5.05],[3.031,-4.966],[3.171,-4.86],[3.192,-4.86],[3.304,-4.797]]],[[[-3.356,-4.846],[-3.342,-4.846],[-3.174,-4.994],[-3.125,-5.001],[-2.929,-5.127],[-2.753,-5.205],[-2.732,-5.226],[-2.662,-5.233],[-2.62,-5.233],[-2.62,-5.254],[-2.599,-5.275],[-2.228,-5.451],[-2.08,-5.556],[-2.073,-5.599],[-1.961,-5.704],[-1.618,-5.859],[-1.337,-6.028],[-1.211,-6.168],[-1.176,-6.316],[-1.183,-6.365],[-1.204,-6.386],[-1.365,-6.443],[-1.428,-6.45],[-1.569,-6.415],[-1.569,-6.189],[-1.632,-6.175],[-1.702,-6.133],[-1.765,-6.119],[-1.989,-6.021],[-1.996,-6.007],[-2.017,-6.007],[-2.207,-5.908],[-2.459,-5.753],[-2.613,-5.634],[-2.76,-5.493],[-2.802,-5.472],[-2.978,-5.331],[-3.027,-5.275],[-3.041,-5.275],[-3.23,-5.085],[-3.3,-4.98],[-3.363,-4.93],[-3.37,-4.867],[-3.356,-4.846]]]]},"properties":{"abbr":"ZID","name":"zona incerta, dorsal part","plate":32,"ap_bregma_mm":-3.05,"area_mm2":1.4122,"traced_fraction":[0.948,0.969],"n_labels":2,"no_drawn_outline":false}},{"type":"Feature","geometry":{"type":"MultiPolygon","coordinates":[[[[-5.965,-5.331],[-5.838,-5.662],[-6.014,-5.767],[-6.378,-5.95],[-6.385,-5.964],[-6.42,-5.971],[-6.575,-6.063],[-6.596,-6.063],[-6.603,-6.077],[-6.932,-6.232],[-6.981,-6.26],[-7.009,-6.302],[-7.1,-6.239],[-7.135,-6.189],[-7.22,-6.119],[-7.332,-5.929],[-7.297,-5.901],[-7.009,-5.789],[-6.631,-5.606],[-6.322,-5.493],[-6.266,-5.458],[-6.175,-5.43],[-6.063,-5.367],[-5.965,-5.331]]],[[[5.899,-5.367],[6.831,-5.683],[7.112,-5.753],[7.189,-5.789],[7.14,-5.915],[7.034,-6.077],[7.0,-6.154],[6.929,-6.246],[6.824,-6.344],[6.754,-6.295],[6.53,-6.196],[6.277,-6.063],[6.032,-5.887],[5.786,-5.648],[5.758,-5.641],[5.773,-5.577],[5.829,-5.458],[5.885,-5.367],[5.899,-5.367]]]]},"properties":{"abbr":"Ect","name":"ectorhinal cortex","plate":32,"ap_bregma_mm":-3.05,"area_mm2":1.2892,"traced_fraction":[1.0,1.0],"n_labels":2,"no_drawn_outline":false}},{"type":"Feature","geometry":{"type":"MultiPolygon","coordinates":[[[[1.285,-5.507],[1.271,-5.585],[1.306,-5.648],[1.432,-5.683],[1.615,-5.676],[1.601,-5.718],[1.545,-5.767],[1.411,-5.831],[1.229,-5.894],[1.054,-5.922],[0.864,-5.901],[0.759,-5.81],[0.717,-5.704],[0.717,-5.69],[0.724,-5.683],[0.759,-5.634],[0.872,-5.556],[1.04,-5.507],[1.285,-5.507]]],[[[-0.818,-5.507],[-0.818,-5.535],[-0.783,-5.549],[-0.713,-5.648],[-0.699,-5.697],[-0.713,-5.711],[-0.713,-5.767],[-0.741,-5.838],[-0.839,-5.901],[-0.93,-5.894],[-1.134,-5.845],[-1.295,-5.789],[-1.358,-5.753],[-1.365,-5.732],[-1.302,-5.676],[-1.295,-5.655],[-1.295,-5.599],[-1.316,-5.535],[-1.19,-5.521],[-0.965,-5.528],[-0.818,-5.507]]]]},"properties":{"abbr":"PR","name":"prerubral field","plate":32,"ap_bregma_mm":-3.05,"area_mm2":0.4319,"traced_fraction":[1.0,1.0],"n_labels":2,"no_drawn_outline":false}},{"type":"Feature","geometry":{"type":"MultiPolygon","coordinates":[[[[2.05,-5.521],[2.035,-5.564],[1.972,-5.627],[1.769,-5.753],[1.58,-5.894],[1.453,-5.964],[1.397,-6.021],[1.362,-6.091],[1.362,-6.154],[1.404,-6.232],[1.376,-6.246],[1.341,-6.302],[1.236,-6.358],[1.082,-6.372],[0.935,-6.323],[0.872,-6.288],[0.808,-6.218],[0.773,-6.105],[0.787,-6.014],[0.864,-5.901],[1.054,-5.922],[1.229,-5.894],[1.341,-5.859],[1.545,-5.767],[1.601,-5.718],[1.615,-5.676],[1.797,-5.641],[2.0,-5.528],[2.05,-5.521]]],[[[-2.08,-5.556],[-2.052,-5.556],[-1.884,-5.648],[-1.723,-5.704],[-1.484,-5.739],[-1.365,-5.732],[-1.358,-5.753],[-1.295,-5.789],[-1.134,-5.845],[-0.93,-5.894],[-0.839,-5.901],[-0.79,-5.985],[-0.769,-6.077],[-0.783,-6.161],[-0.825,-6.246],[-0.888,-6.309],[-0.951,-6.337],[-1.057,-6.337],[-1.113,-6.316],[-1.176,-6.316],[-1.211,-6.168],[-1.337,-6.028],[-1.618,-5.859],[-1.961,-5.704],[-2.073,-5.599],[-2.08,-5.556]]]]},"properties":{"abbr":"F","name":"nucleus of the fields of Forel","plate":32,"ap_bregma_mm":-3.05,"area_mm2":0.6544,"traced_fraction":[1.0,1.0],"n_labels":2,"no_drawn_outline":false}},{"type":"Feature","geometry":{"type":"MultiPolygon","coordinates":[[[[-3.363,-4.93],[-3.3,-4.98],[-3.23,-5.085],[-3.041,-5.275],[-3.027,-5.275],[-2.978,-5.331],[-2.802,-5.472],[-2.76,-5.493],[-2.613,-5.634],[-2.459,-5.753],[-2.207,-5.908],[-2.017,-6.007],[-1.996,-6.007],[-1.989,-6.021],[-1.765,-6.119],[-1.702,-6.133],[-1.632,-6.175],[-1.569,-6.189],[-1.569,-6.415],[-1.758,-6.372],[-1.905,-6.302],[-1.968,-6.281],[-1.989,-6.288],[-2.143,-6.225],[-2.354,-6.077],[-2.55,-5.964],[-2.943,-5.669],[-2.929,-5.634],[-2.929,-5.535],[-3.027,-5.409],[-3.132,-5.352],[-3.328,-5.324],[-3.37,-5.17],[-3.377,-4.937],[-3.363,-4.93]]],[[[3.101,-5.324],[3.08,-5.367],[3.073,-5.437],[3.045,-5.493],[3.038,-5.564],[3.024,-5.606],[2.947,-5.69],[2.807,-5.789],[2.737,-5.81],[2.666,-5.873],[2.358,-6.07],[2.274,-6.14],[2.021,-6.253],[1.93,-6.253],[1.853,-6.288],[1.734,-6.309],[1.622,-6.288],[1.629,-6.112],[1.65,-6.091],[1.692,-6.091],[1.825,-6.049],[2.092,-5.929],[2.302,-5.817],[2.393,-5.746],[2.589,-5.641],[2.821,-5.486],[2.919,-5.388],[3.01,-5.268],[3.045,-5.282],[3.08,-5.324],[3.101,-5.324]]]]},"properties":{"abbr":"ZIV","name":"zona incerta, ventral part","plate":32,"ap_bregma_mm":-3.05,"area_mm2":0.8687,"traced_fraction":[0.965,0.947],"n_labels":2,"no_drawn_outline":false}},{"type":"Feature","geometry":{"type":"MultiPolygon","coordinates":[[[[5.758,-5.641],[5.786,-5.648],[6.032,-5.887],[6.277,-6.063],[6.53,-6.196],[6.754,-6.295],[6.824,-6.344],[6.754,-6.422],[6.649,-6.471],[6.53,-6.464],[6.495,-6.485],[6.474,-6.506],[6.46,-6.562],[6.446,-6.801],[6.333,-6.766],[6.193,-6.696],[6.074,-6.611],[6.046,-6.604],[5.948,-6.513],[5.934,-6.513],[5.807,-6.386],[5.779,-6.33],[5.758,-6.316],[5.702,-6.225],[5.632,-6.063],[5.597,-6.028],[5.604,-5.985],[5.709,-5.781],[5.758,-5.641]]],[[[-5.838,-5.662],[-5.684,-6.021],[-5.656,-6.035],[-5.649,-6.077],[-5.621,-6.189],[-5.852,-6.372],[-6.133,-6.506],[-6.427,-6.576],[-6.61,-6.576],[-6.617,-6.562],[-6.603,-6.534],[-6.582,-6.527],[-6.575,-6.478],[-6.61,-6.443],[-6.631,-6.45],[-6.778,-6.443],[-6.953,-6.351],[-7.009,-6.302],[-6.981,-6.26],[-6.932,-6.232],[-6.827,-6.189],[-6.603,-6.077],[-6.596,-6.063],[-6.575,-6.063],[-6.42,-5.971],[-6.385,-5.964],[-6.378,-5.95],[-6.014,-5.767],[-5.838,-5.662]]]]},"properties":{"abbr":"PRh","name":"perirhinal cortex","plate":32,"ap_bregma_mm":-3.05,"area_mm2":1.27,"traced_fraction":[1.0,1.0],"n_labels":2,"no_drawn_outline":false}},{"type":"Feature","geometry":{"type":"MultiPolygon","coordinates":[[[[-3.041,-5.634],[-3.013,-5.634],[-2.943,-5.669],[-2.55,-5.964],[-2.354,-6.077],[-2.143,-6.225],[-1.989,-6.288],[-1.968,-6.323],[-1.905,-6.365],[-1.73,-6.436],[-1.667,-6.443],[-1.569,-6.506],[-1.569,-6.548],[-1.505,-6.724],[-1.463,-6.984],[-1.456,-7.153],[-1.477,-7.174],[-1.54,-7.174],[-1.695,-7.033],[-1.912,-6.71],[-1.961,-6.668],[-2.052,-6.541],[-2.263,-6.337],[-2.333,-6.246],[-2.459,-6.133],[-2.648,-6.007],[-2.788,-5.88],[-2.915,-5.789],[-3.034,-5.669],[-3.041,-5.634]]],[[[2.807,-5.789],[2.793,-5.838],[2.751,-5.88],[2.645,-5.95],[2.54,-6.063],[2.526,-6.063],[2.358,-6.225],[2.358,-6.239],[2.218,-6.386],[2.078,-6.569],[1.937,-6.717],[1.909,-6.766],[1.678,-7.005],[1.664,-7.005],[1.594,-6.928],[1.545,-6.836],[1.531,-6.682],[1.538,-6.625],[1.58,-6.541],[1.58,-6.513],[1.65,-6.492],[1.888,-6.33],[1.993,-6.288],[2.021,-6.253],[2.274,-6.14],[2.358,-6.07],[2.666,-5.873],[2.737,-5.81],[2.807,-5.789]]]]},"properties":{"abbr":"STh","name":"subthalamic nucleus","plate":32,"ap_bregma_mm":-3.05,"area_mm2":0.7527,"traced_fraction":[1.0,1.0],"n_labels":2,"no_drawn_outline":false}},{"type":"Feature","geometry":{"type":"MultiPolygon","coordinates":[[[[0.493,-6.576],[0.479,-6.443],[0.514,-6.365],[0.619,-6.309],[0.738,-6.309],[0.78,-6.33],[0.836,-6.4],[0.843,-6.499],[0.794,-6.619],[0.752,-6.64],[0.717,-6.689],[0.703,-6.794],[0.682,-6.844],[0.654,-6.844],[0.64,-6.822],[0.64,-6.766],[0.619,-6.696],[0.591,-6.675],[0.549,-6.668],[0.507,-6.619],[0.493,-6.576]]],[[[-0.482,-6.344],[-0.426,-6.415],[-0.405,-6.485],[-0.405,-6.569],[-0.426,-6.647],[-0.517,-6.71],[-0.552,-6.836],[-0.566,-6.851],[-0.615,-6.851],[-0.629,-6.836],[-0.629,-6.808],[-0.608,-6.773],[-0.601,-6.724],[-0.629,-6.689],[-0.72,-6.675],[-0.748,-6.647],[-0.776,-6.59],[-0.776,-6.478],[-0.755,-6.429],[-0.65,-6.344],[-0.587,-6.33],[-0.482,-6.344]]]]},"properties":{"abbr":"mt","name":"mammillothalamic tract","plate":32,"ap_bregma_mm":-3.05,"area_mm2":0.2474,"traced_fraction":[1.0,1.0],"n_labels":2,"no_drawn_outline":false}},{"type":"Feature","geometry":{"type":"MultiPolygon","coordinates":[[[[-0.376,-5.571],[-0.348,-5.592],[-0.334,-5.676],[-0.243,-5.964],[-0.152,-6.084],[-0.068,-6.126],[-0.075,-6.147],[-0.061,-6.147],[-0.061,-6.196],[-0.033,-6.26],[-0.012,-6.407],[-0.012,-6.569],[-0.405,-6.569],[-0.405,-6.485],[-0.426,-6.415],[-0.482,-6.344],[-0.496,-6.281],[-0.559,-6.154],[-0.58,-6.021],[-0.65,-5.774],[-0.699,-5.697],[-0.713,-5.648],[-0.51,-5.648],[-0.447,-5.627],[-0.376,-5.571]]],[[[0.374,-5.606],[0.444,-5.683],[0.479,-5.697],[0.605,-5.704],[0.717,-5.69],[0.717,-5.704],[0.668,-5.789],[0.507,-6.253],[0.5,-6.365],[0.514,-6.365],[0.479,-6.443],[0.493,-6.576],[0.058,-6.576],[0.051,-6.513],[0.065,-6.464],[0.065,-6.344],[0.121,-6.091],[0.219,-5.992],[0.262,-5.929],[0.311,-5.803],[0.339,-5.634],[0.374,-5.606]]]]},"properties":{"abbr":"PH","name":"posterior hypothalamic nucleus","plate":32,"ap_bregma_mm":-3.05,"area_mm2":0.7429,"traced_fraction":[0.876,0.865],"n_labels":2,"no_drawn_outline":false}},{"type":"Feature","geometry":{"type":"MultiPolygon","coordinates":[[[[5.597,-6.028],[5.632,-6.063],[5.674,-6.168],[5.758,-6.316],[5.779,-6.33],[5.807,-6.386],[5.934,-6.513],[5.948,-6.513],[6.046,-6.604],[6.074,-6.611],[6.193,-6.696],[6.333,-6.766],[6.446,-6.801],[6.411,-6.97],[6.368,-7.047],[6.242,-6.984],[6.165,-6.97],[6.13,-6.956],[6.102,-6.928],[5.899,-6.815],[5.737,-6.668],[5.716,-6.625],[5.639,-6.541],[5.527,-6.323],[5.485,-6.281],[5.492,-6.232],[5.576,-6.07],[5.576,-6.049],[5.597,-6.028]]],[[[-5.621,-6.189],[-5.579,-6.26],[-5.537,-6.386],[-5.698,-6.492],[-5.712,-6.513],[-6.0,-6.682],[-6.357,-6.822],[-6.406,-6.836],[-6.476,-6.836],[-6.666,-6.872],[-6.694,-6.787],[-6.694,-6.696],[-6.673,-6.625],[-6.617,-6.562],[-6.61,-6.576],[-6.427,-6.576],[-6.133,-6.506],[-5.852,-6.372],[-5.621,-6.189]]]]},"properties":{"abbr":"LEnt","name":"lateral entorhinal cortex","plate":32,"ap_bregma_mm":-3.05,"area_mm2":0.5668,"traced_fraction":[1.0,1.0],"n_labels":2,"no_drawn_outline":false}},{"type":"Feature","geometry":{"type":"MultiPolygon","coordinates":[[[[3.277,-5.479],[3.277,-5.514],[3.298,-5.542],[3.283,-5.613],[3.22,-5.711],[3.143,-5.887],[3.073,-5.992],[3.066,-6.042],[3.08,-6.049],[3.08,-6.063],[2.989,-6.161],[2.73,-6.267],[2.666,-6.309],[2.575,-6.4],[2.421,-6.597],[2.337,-6.844],[2.295,-6.914],[2.239,-6.963],[2.239,-6.991],[2.211,-6.97],[2.134,-6.963],[2.014,-7.019],[1.93,-7.097],[1.867,-7.132],[1.755,-7.244],[1.741,-7.244],[1.713,-7.23],[1.608,-7.223],[1.594,-7.132],[1.678,-7.005],[1.909,-6.766],[1.937,-6.717],[2.078,-6.569],[2.078,-6.555],[2.358,-6.239],[2.358,-6.225],[2.526,-6.063],[2.54,-6.063],[2.645,-5.95],[2.751,-5.88],[2.793,-5.838],[2.807,-5.789],[2.947,-5.69],[3.024,-5.606],[3.038,-5.564],[3.178,-5.486],[3.277,-5.479]]],[[[-3.041,-5.634],[-3.034,-5.669],[-2.915,-5.789],[-2.788,-5.88],[-2.648,-6.007],[-2.459,-6.133],[-2.333,-6.246],[-2.333,-6.26],[-2.052,-6.541],[-1.961,-6.668],[-1.912,-6.71],[-1.695,-7.033],[-1.54,-7.174],[-1.526,-7.223],[-1.533,-7.294],[-1.561,-7.322],[-1.624,-7.343],[-1.632,-7.357],[-1.884,-7.237],[-1.982,-7.146],[-2.052,-7.04],[-2.08,-7.033],[-2.087,-7.012],[-2.115,-7.019],[-2.143,-7.026],[-2.157,-7.026],[-2.284,-6.893],[-2.277,-6.858],[-2.319,-6.738],[-2.424,-6.555],[-2.536,-6.407],[-2.55,-6.407],[-2.585,-6.351],[-2.683,-6.253],[-2.683,-6.239],[-2.739,-6.196],[-2.767,-6.154],[-2.957,-5.971],[-2.964,-5.929],[-3.013,-5.88],[-3.216,-5.767],[-3.286,-5.711],[-3.314,-5.669],[-3.328,-5.571],[-3.293,-5.528],[-3.279,-5.528],[-3.251,-5.514],[-3.195,-5.514],[-3.041,-5.634]]]]},"properties":{"abbr":"cp","name":"cerebral peduncle","plate":32,"ap_bregma_mm":-3.05,"area_mm2":1.2984,"traced_fraction":[1.0,1.0],"n_labels":2,"no_drawn_outline":false}},{"type":"Feature","geometry":{"type":"MultiPolygon","coordinates":[[[[5.408,-6.393],[5.429,-6.407],[5.45,-6.464],[5.45,-6.604],[5.422,-6.731],[5.352,-6.879],[5.261,-6.956],[5.177,-6.984],[5.078,-6.984],[5.015,-6.935],[5.001,-6.844],[5.029,-6.794],[5.408,-6.393]]],[[[-5.46,-6.506],[-5.446,-6.506],[-5.348,-6.611],[-5.334,-6.611],[-5.334,-6.625],[-5.285,-6.654],[-5.285,-6.668],[-5.235,-6.696],[-5.235,-6.71],[-5.221,-6.71],[-5.221,-6.724],[-5.207,-6.724],[-5.116,-6.815],[-5.116,-6.829],[-5.102,-6.829],[-5.06,-6.893],[-4.941,-7.012],[-4.983,-7.083],[-5.074,-7.118],[-5.179,-7.118],[-5.256,-7.076],[-5.362,-6.949],[-5.446,-6.78],[-5.488,-6.611],[-5.488,-6.534],[-5.481,-6.513],[-5.46,-6.506]]]]},"properties":{"abbr":"DEn","name":"dorsal endopiriform nucleus","plate":32,"ap_bregma_mm":-3.05,"area_mm2":0.2982,"traced_fraction":[1.0,1.0],"n_labels":2,"no_drawn_outline":false}},{"type":"Feature","geometry":{"type":"MultiPolygon","coordinates":[[[[-0.699,-5.697],[-0.65,-5.774],[-0.58,-6.021],[-0.559,-6.154],[-0.496,-6.281],[-0.482,-6.344],[-0.566,-6.33],[-0.65,-6.344],[-0.755,-6.429],[-0.776,-6.478],[-0.776,-6.59],[-0.748,-6.647],[-0.72,-6.675],[-0.629,-6.689],[-0.601,-6.724],[-0.608,-6.773],[-0.629,-6.808],[-0.629,-6.836],[-0.615,-6.851],[-0.685,-6.907],[-1.162,-6.914],[-1.183,-6.893],[-1.211,-6.794],[-1.302,-6.675],[-1.449,-6.555],[-1.569,-6.506],[-1.667,-6.443],[-1.73,-6.436],[-1.905,-6.365],[-1.968,-6.323],[-1.989,-6.288],[-1.968,-6.281],[-1.905,-6.302],[-1.758,-6.372],[-1.569,-6.415],[-1.428,-6.45],[-1.365,-6.443],[-1.204,-6.386],[-1.183,-6.365],[-1.176,-6.316],[-1.113,-6.316],[-1.057,-6.337],[-0.951,-6.337],[-0.888,-6.309],[-0.825,-6.246],[-0.79,-6.182],[-0.769,-6.077],[-0.79,-5.985],[-0.839,-5.901],[-0.741,-5.838],[-0.713,-5.767],[-0.713,-5.711],[-0.699,-5.697]]]]},"properties":{"abbr":"PLH","name":"peduncular part of lateral hypothalamus","plate":32,"ap_bregma_mm":-3.05,"area_mm2":0.5151,"traced_fraction":[0.9],"n_labels":1,"no_drawn_outline":false}},{"type":"Feature","geometry":{"type":"MultiPolygon","coordinates":[[[[-1.569,-6.506],[-1.449,-6.555],[-1.309,-6.668],[-1.211,-6.794],[-1.183,-6.893],[-1.162,-6.914],[-1.141,-7.012],[-1.148,-7.153],[-1.204,-7.273],[-1.274,-7.301],[-1.386,-7.294],[-1.456,-7.23],[-1.477,-7.174],[-1.456,-7.153],[-1.463,-6.984],[-1.505,-6.724],[-1.569,-6.548],[-1.569,-6.506]]],[[[1.58,-6.513],[1.58,-6.541],[1.538,-6.625],[1.531,-6.682],[1.545,-6.836],[1.594,-6.928],[1.664,-7.005],[1.678,-7.005],[1.594,-7.132],[1.608,-7.223],[1.432,-7.216],[1.341,-7.181],[1.278,-7.118],[1.236,-7.033],[1.215,-6.949],[1.215,-6.858],[1.236,-6.745],[1.278,-6.661],[1.355,-6.583],[1.489,-6.52],[1.58,-6.513]]]]},"properties":{"abbr":"PSTh","name":"parasubthalamic nucleus","plate":32,"ap_bregma_mm":-3.05,"area_mm2":0.414,"traced_fraction":[1.0,1.0],"n_labels":2,"no_drawn_outline":false}},{"type":"Feature","geometry":{"type":"MultiPolygon","coordinates":[[[[4.272,-6.766],[4.286,-6.844],[4.321,-6.893],[4.363,-6.914],[4.468,-6.907],[4.482,-6.921],[4.559,-6.921],[4.609,-6.949],[4.588,-6.977],[4.244,-7.132],[3.949,-7.209],[3.676,-7.244],[3.634,-7.266],[3.62,-7.294],[3.571,-7.301],[3.375,-7.406],[3.269,-7.498],[3.185,-7.603],[2.968,-7.462],[2.786,-7.28],[2.786,-7.266],[2.786,-7.251],[2.926,-7.125],[3.206,-6.998],[3.809,-6.822],[4.118,-6.766],[4.272,-6.766]]],[[[-4.457,-6.829],[-4.289,-6.829],[-4.015,-6.858],[-3.665,-6.907],[-3.525,-6.942],[-3.258,-7.026],[-2.901,-7.174],[-2.697,-7.308],[-2.655,-7.35],[-2.648,-7.378],[-2.957,-7.533],[-3.041,-7.589],[-3.069,-7.54],[-3.139,-7.47],[-3.223,-7.413],[-3.406,-7.336],[-3.546,-7.308],[-3.581,-7.28],[-3.637,-7.266],[-4.071,-7.23],[-4.31,-7.174],[-4.401,-7.146],[-4.527,-7.083],[-4.654,-7.047],[-4.745,-6.998],[-4.759,-6.97],[-4.66,-6.942],[-4.59,-6.956],[-4.499,-6.942],[-4.471,-6.914],[-4.457,-6.829]]]]},"properties":{"abbr":"VS","name":"ventral subiculum","plate":32,"ap_bregma_mm":-3.05,"area_mm2":1.3002,"traced_fraction":[1.0,1.0],"n_labels":2,"no_drawn_outline":false}},{"type":"Feature","geometry":{"type":"MultiPolygon","coordinates":[[[[5.485,-6.281],[5.527,-6.323],[5.639,-6.541],[5.716,-6.625],[5.737,-6.668],[5.899,-6.815],[6.102,-6.928],[6.13,-6.956],[6.025,-7.033],[5.997,-7.083],[5.983,-7.16],[5.885,-7.167],[5.871,-7.181],[5.85,-7.301],[5.815,-7.308],[5.744,-7.287],[5.695,-7.308],[5.674,-7.336],[5.667,-7.413],[5.597,-7.441],[5.485,-7.533],[5.464,-7.519],[5.457,-7.476],[5.401,-7.378],[5.338,-7.315],[5.226,-7.237],[4.98,-7.118],[4.931,-7.104],[4.833,-7.104],[4.791,-7.09],[4.651,-7.09],[4.665,-7.062],[4.749,-7.019],[4.931,-6.872],[5.001,-6.844],[5.015,-6.935],[5.078,-6.984],[5.177,-6.984],[5.261,-6.956],[5.352,-6.879],[5.422,-6.731],[5.45,-6.604],[5.45,-6.464],[5.429,-6.407],[5.408,-6.393],[5.45,-6.309],[5.485,-6.281]]],[[[-5.537,-6.386],[-5.488,-6.443],[-5.46,-6.506],[-5.474,-6.506],[-5.488,-6.534],[-5.488,-6.611],[-5.446,-6.78],[-5.362,-6.949],[-5.256,-7.076],[-5.2,-7.111],[-5.109,-7.125],[-5.004,-7.097],[-4.962,-7.062],[-4.941,-7.012],[-4.794,-7.097],[-4.731,-7.153],[-5.011,-7.195],[-5.095,-7.23],[-5.193,-7.273],[-5.298,-7.371],[-5.341,-7.392],[-5.446,-7.413],[-5.719,-7.406],[-5.81,-7.448],[-5.902,-7.519],[-5.915,-7.498],[-5.923,-7.42],[-5.951,-7.371],[-6.049,-7.237],[-6.098,-7.195],[-6.119,-7.125],[-6.168,-7.04],[-6.28,-6.942],[-6.357,-6.822],[-6.0,-6.682],[-5.789,-6.562],[-5.537,-6.386]]]]},"properties":{"abbr":"3","name":"layer 3 of cortex","plate":32,"ap_bregma_mm":-3.05,"area_mm2":1.3613,"traced_fraction":[0.998,1.0],"n_labels":2,"no_drawn_outline":false}},{"type":"Feature","geometry":{"type":"MultiPolygon","coordinates":[[[[-6.357,-6.822],[-6.28,-6.942],[-6.168,-7.04],[-6.119,-7.125],[-6.098,-7.195],[-6.126,-7.216],[-6.154,-7.216],[-6.154,-7.237],[-6.196,-7.244],[-6.245,-7.209],[-6.343,-7.076],[-6.385,-6.97],[-6.406,-6.836],[-6.357,-6.822]]],[[[6.13,-6.956],[6.165,-6.97],[6.151,-7.055],[6.109,-7.139],[6.053,-7.202],[6.032,-7.202],[6.032,-7.188],[6.011,-7.188],[5.983,-7.16],[5.997,-7.083],[6.025,-7.033],[6.13,-6.956]]]]},"properties":{"abbr":"2","name":"layer 2 of cortex","plate":32,"ap_bregma_mm":-3.05,"area_mm2":0.0825,"traced_fraction":[0.921,0.957],"n_labels":2,"no_drawn_outline":false}},{"type":"Feature","geometry":{"type":"MultiPolygon","coordinates":[[[[0.717,-5.704],[0.759,-5.81],[0.864,-5.901],[0.787,-6.014],[0.773,-6.105],[0.808,-6.218],[0.872,-6.288],[0.935,-6.323],[1.082,-6.372],[1.236,-6.358],[1.341,-6.302],[1.355,-6.583],[1.278,-6.661],[1.236,-6.745],[1.215,-6.858],[1.215,-6.949],[1.236,-7.033],[1.278,-7.118],[1.341,-7.181],[1.432,-7.216],[1.608,-7.223],[1.713,-7.23],[1.741,-7.244],[1.741,-7.259],[1.453,-7.554],[1.292,-7.68],[1.25,-7.645],[1.25,-7.575],[1.173,-7.498],[1.208,-7.448],[1.208,-7.385],[1.159,-7.336],[1.089,-7.336],[0.949,-7.42],[0.626,-7.413],[0.451,-7.273],[0.311,-7.132],[0.065,-6.808],[0.058,-6.576],[0.493,-6.576],[0.507,-6.619],[0.549,-6.668],[0.591,-6.675],[0.619,-6.696],[0.64,-6.766],[0.64,-6.822],[0.654,-6.844],[0.682,-6.844],[0.703,-6.794],[0.717,-6.689],[0.752,-6.64],[0.794,-6.619],[0.843,-6.499],[0.836,-6.4],[0.78,-6.33],[0.738,-6.309],[0.619,-6.309],[0.514,-6.365],[0.5,-6.365],[0.507,-6.253],[0.668,-5.789],[0.717,-5.704]]],[[[-0.405,-6.569],[-0.012,-6.569],[-0.033,-6.808],[-0.04,-6.836],[-0.159,-6.998],[-0.187,-7.019],[-0.313,-7.195],[-0.391,-7.266],[-0.391,-7.28],[-0.405,-7.28],[-0.489,-7.364],[-0.524,-7.378],[-0.552,-7.413],[-0.853,-7.42],[-0.902,-7.392],[-0.972,-7.385],[-1.043,-7.427],[-1.204,-7.273],[-1.148,-7.153],[-1.141,-7.012],[-1.162,-6.914],[-0.685,-6.907],[-0.615,-6.851],[-0.566,-6.851],[-0.552,-6.836],[-0.517,-6.71],[-0.426,-6.647],[-0.405,-6.569]]]]},"properties":{"abbr":"PeFLH","name":"perifornical part of lateral hypothalamus","plate":32,"ap_bregma_mm":-3.05,"area_mm2":1.7834,"traced_fraction":[0.859,0.631],"n_labels":2,"no_drawn_outline":false}},{"type":"Feature","geometry":{"type":"MultiPolygon","coordinates":[[[[4.651,-7.09],[4.791,-7.09],[4.833,-7.104],[4.861,-7.167],[4.868,-7.237],[4.861,-7.28],[4.812,-7.336],[4.735,-7.385],[4.644,-7.42],[4.454,-7.462],[4.335,-7.462],[4.335,-7.371],[4.426,-7.216],[4.426,-7.181],[4.574,-7.097],[4.616,-7.104],[4.651,-7.09]]],[[[-4.731,-7.153],[-4.618,-7.181],[-4.625,-7.216],[-4.604,-7.294],[-4.625,-7.364],[-4.675,-7.413],[-4.759,-7.462],[-4.934,-7.512],[-5.067,-7.512],[-5.116,-7.47],[-5.13,-7.441],[-5.13,-7.371],[-5.102,-7.301],[-5.095,-7.23],[-5.011,-7.195],[-4.731,-7.153]]]]},"properties":{"abbr":"BLP","name":"basolateral amygdaloid nucleus, posterior part","plate":32,"ap_bregma_mm":-3.05,"area_mm2":0.2895,"traced_fraction":[1.0,0.991],"n_labels":2,"no_drawn_outline":false}},{"type":"Feature","geometry":{"type":"MultiPolygon","coordinates":[[[[5.983,-7.16],[6.011,-7.188],[6.032,-7.188],[6.032,-7.202],[6.053,-7.202],[5.983,-7.287],[5.92,-7.392],[5.857,-7.448],[5.744,-7.491],[5.569,-7.61],[5.499,-7.617],[5.478,-7.561],[5.485,-7.533],[5.597,-7.441],[5.667,-7.413],[5.674,-7.336],[5.695,-7.308],[5.744,-7.287],[5.815,-7.308],[5.85,-7.301],[5.871,-7.181],[5.885,-7.167],[5.983,-7.16]]],[[[-6.098,-7.195],[-6.049,-7.237],[-5.951,-7.371],[-5.923,-7.42],[-5.915,-7.498],[-5.902,-7.519],[-5.958,-7.568],[-6.021,-7.526],[-6.049,-7.462],[-6.126,-7.385],[-6.161,-7.308],[-6.196,-7.266],[-6.196,-7.244],[-6.168,-7.244],[-6.154,-7.237],[-6.154,-7.216],[-6.126,-7.216],[-6.098,-7.195]]]]},"properties":{"abbr":"Pir","name":"piriform cortex","plate":32,"ap_bregma_mm":-3.05,"area_mm2":0.1388,"traced_fraction":[0.978,0.906],"n_labels":2,"no_drawn_outline":false}},{"type":"Feature","geometry":{"type":"MultiPolygon","coordinates":[[[[1.173,-7.498],[1.124,-7.519],[1.005,-7.498],[0.949,-7.462],[0.949,-7.42],[1.089,-7.336],[1.159,-7.336],[1.208,-7.385],[1.208,-7.448],[1.173,-7.498]]],[[[-0.853,-7.42],[-0.846,-7.512],[-0.881,-7.561],[-0.923,-7.582],[-0.986,-7.582],[-1.064,-7.547],[-1.071,-7.462],[-1.043,-7.427],[-0.972,-7.385],[-0.902,-7.392],[-0.853,-7.42]]]]},"properties":{"abbr":"f","name":"fornix","plate":32,"ap_bregma_mm":-3.05,"area_mm2":0.07,"traced_fraction":[1.0,1.0],"n_labels":2,"no_drawn_outline":false}},{"type":"Feature","geometry":{"type":"MultiPolygon","coordinates":[[[[0.065,-6.808],[0.276,-7.09],[0.451,-7.273],[0.444,-7.575],[0.114,-7.575],[0.107,-7.273],[0.051,-7.055],[0.023,-7.055],[0.009,-7.076],[0.009,-7.174],[-0.033,-7.385],[-0.047,-7.568],[-0.355,-7.568],[-0.355,-7.491],[-0.391,-7.434],[-0.391,-7.28],[-0.391,-7.266],[-0.313,-7.195],[-0.187,-7.019],[-0.159,-6.998],[-0.054,-6.858],[-0.033,-6.808],[0.002,-6.794],[0.065,-6.808]]]]},"properties":{"abbr":"DM","name":"dorsomedial hypothalamic nucleus","plate":32,"ap_bregma_mm":-3.05,"area_mm2":0.3949,"traced_fraction":[0.677],"n_labels":2,"no_drawn_outline":true}},{"type":"Feature","geometry":{"type":"MultiPolygon","coordinates":[[[[4.833,-7.104],[4.931,-7.104],[4.98,-7.118],[5.226,-7.237],[5.338,-7.315],[5.401,-7.378],[5.457,-7.476],[5.464,-7.519],[5.485,-7.533],[5.478,-7.561],[5.499,-7.617],[5.506,-7.68],[5.555,-7.793],[5.169,-8.032],[4.987,-8.124],[4.728,-8.215],[4.58,-8.229],[4.588,-7.997],[4.538,-7.821],[4.461,-7.687],[4.384,-7.61],[4.272,-7.54],[4.314,-7.505],[4.335,-7.462],[4.454,-7.462],[4.644,-7.42],[4.721,-7.392],[4.812,-7.336],[4.861,-7.28],[4.868,-7.237],[4.861,-7.167],[4.833,-7.104]]],[[[-4.618,-7.181],[-4.555,-7.202],[-4.492,-7.202],[-4.38,-7.251],[-4.408,-7.434],[-4.457,-7.54],[-4.548,-7.674],[-4.548,-7.723],[-4.654,-7.863],[-4.752,-8.039],[-4.815,-8.271],[-4.92,-8.25],[-5.151,-8.243],[-5.334,-8.18],[-5.705,-7.983],[-5.726,-7.955],[-5.859,-7.877],[-6.063,-7.695],[-6.063,-7.68],[-5.965,-7.589],[-5.958,-7.568],[-5.902,-7.519],[-5.81,-7.448],[-5.719,-7.406],[-5.446,-7.413],[-5.341,-7.392],[-5.298,-7.371],[-5.193,-7.273],[-5.095,-7.23],[-5.095,-7.273],[-5.13,-7.371],[-5.13,-7.441],[-5.116,-7.47],[-5.067,-7.512],[-4.934,-7.512],[-4.759,-7.462],[-4.675,-7.413],[-4.625,-7.364],[-4.604,-7.294],[-4.625,-7.216],[-4.618,-7.181]]]]},"properties":{"abbr":"APir","name":"amygdalopiriform transition area","plate":32,"ap_bregma_mm":-3.05,"area_mm2":1.7881,"traced_fraction":[1.0,0.997],"n_labels":2,"no_drawn_outline":false}},{"type":"Feature","geometry":{"type":"MultiPolygon","coordinates":[[[[-1.54,-7.174],[-1.477,-7.174],[-1.456,-7.23],[-1.386,-7.294],[-1.274,-7.301],[-1.204,-7.273],[-1.043,-7.427],[-1.071,-7.462],[-1.064,-7.547],[-1.014,-7.575],[-0.923,-7.582],[-0.881,-7.561],[-0.846,-7.512],[-0.853,-7.42],[-0.552,-7.413],[-0.524,-7.378],[-0.489,-7.364],[-0.405,-7.28],[-0.391,-7.28],[-0.391,-7.434],[-0.355,-7.491],[-0.355,-7.568],[-0.047,-7.568],[-0.012,-7.962],[-0.068,-7.969],[-0.159,-8.011],[-0.278,-8.117],[-0.376,-8.257],[-0.447,-8.405],[-0.58,-8.285],[-0.818,-8.138],[-0.881,-8.053],[-0.916,-8.032],[-0.951,-7.976],[-1.008,-7.934],[-1.057,-7.87],[-1.267,-7.73],[-1.274,-7.709],[-1.435,-7.61],[-1.512,-7.533],[-1.54,-7.476],[-1.561,-7.448],[-1.561,-7.427],[-1.575,-7.427],[-1.632,-7.357],[-1.624,-7.343],[-1.561,-7.322],[-1.533,-7.294],[-1.526,-7.223],[-1.54,-7.174]]],[[[0.451,-7.273],[0.626,-7.413],[0.949,-7.42],[0.949,-7.462],[1.005,-7.498],[1.089,-7.519],[1.173,-7.498],[1.25,-7.575],[1.25,-7.645],[1.292,-7.68],[1.208,-7.793],[1.18,-7.807],[1.103,-7.899],[1.103,-7.913],[1.005,-8.004],[0.991,-8.004],[0.956,-8.053],[0.942,-8.053],[0.829,-8.159],[0.724,-8.222],[0.696,-8.257],[0.64,-8.285],[0.556,-8.152],[0.416,-8.032],[0.247,-7.962],[0.121,-7.948],[0.114,-7.575],[0.444,-7.575],[0.451,-7.273]]]]},"properties":{"abbr":"PMV","name":"premammillary nucleus, ventral part","plate":32,"ap_bregma_mm":-3.05,"area_mm2":1.524,"traced_fraction":[0.805,0.709],"n_labels":2,"no_drawn_outline":false}},{"type":"Feature","geometry":{"type":"MultiPolygon","coordinates":[[[[-3.363,-7.814],[-3.377,-7.835],[-3.412,-7.849],[-3.419,-7.87],[-3.455,-7.884],[-3.763,-8.117],[-3.791,-8.124],[-3.917,-8.215],[-4.135,-8.327],[-4.296,-8.37],[-4.527,-8.363],[-4.815,-8.271],[-4.752,-8.039],[-4.654,-7.863],[-4.548,-7.723],[-4.499,-7.702],[-4.415,-7.624],[-4.275,-7.547],[-4.099,-7.505],[-3.882,-7.491],[-3.707,-7.533],[-3.581,-7.596],[-3.497,-7.659],[-3.406,-7.751],[-3.384,-7.8],[-3.363,-7.814]]],[[[4.272,-7.54],[4.384,-7.61],[4.461,-7.687],[4.538,-7.821],[4.588,-7.997],[4.58,-8.229],[4.447,-8.229],[4.174,-8.138],[3.802,-8.088],[3.704,-8.039],[3.536,-7.863],[3.543,-7.856],[3.529,-7.856],[3.487,-7.814],[3.55,-7.645],[3.599,-7.596],[3.669,-7.561],[3.767,-7.533],[4.041,-7.498],[4.153,-7.505],[4.272,-7.54]]]]},"properties":{"abbr":"PMCo","name":"posteromedial cortical amygdaloid nucleus","plate":32,"ap_bregma_mm":-3.05,"area_mm2":1.3868,"traced_fraction":[1.0,1.0],"n_labels":2,"no_drawn_outline":false}},{"type":"Feature","geometry":{"type":"MultiPolygon","coordinates":[[[[0.121,-7.948],[0.247,-7.962],[0.416,-8.032],[0.556,-8.152],[0.64,-8.285],[0.626,-8.306],[0.528,-8.363],[0.416,-8.377],[0.36,-8.37],[0.121,-8.363],[0.121,-7.948]]],[[[-0.012,-7.962],[0.009,-8.025],[0.037,-8.342],[0.065,-8.412],[0.093,-8.419],[0.093,-8.567],[-0.089,-8.567],[-0.124,-8.567],[-0.124,-8.553],[-0.159,-8.539],[-0.166,-8.468],[-0.159,-8.426],[-0.208,-8.433],[-0.264,-8.454],[-0.363,-8.454],[-0.447,-8.405],[-0.376,-8.257],[-0.278,-8.117],[-0.159,-8.011],[-0.089,-7.976],[-0.012,-7.962]]],[[[-0.089,-8.574],[-0.096,-8.595],[-0.103,-8.588],[-0.103,-8.574],[-0.089,-8.574]]]]},"properties":{"abbr":"Arc","name":"arcuate hypothalamic nucleus","plate":32,"ap_bregma_mm":-3.05,"area_mm2":0.3577,"traced_fraction":[0.889,0.954,1.0],"n_labels":2,"no_drawn_outline":false}},{"type":"Feature","geometry":{"type":"MultiPolygon","coordinates":[[[[0.121,-8.363],[0.36,-8.37],[0.353,-8.412],[0.374,-8.426],[0.346,-8.482],[0.234,-8.546],[0.149,-8.56],[0.142,-8.574],[0.135,-8.567],[0.093,-8.567],[0.093,-8.419],[0.107,-8.412],[0.121,-8.363]]]]},"properties":{"abbr":"ME","name":"median eminence","plate":32,"ap_bregma_mm":-3.05,"area_mm2":0.0441,"traced_fraction":[0.708],"n_labels":1,"no_drawn_outline":true}},{"type":"Feature","geometry":{"type":"MultiPolygon","coordinates":[[[[1.531,-1.421],[1.608,-1.435],[1.86,-1.442],[2.113,-1.477],[2.099,-1.561],[1.741,-1.555],[1.741,-1.519],[1.376,-1.526],[1.32,-1.512],[1.124,-1.512],[1.068,-1.533],[0.942,-1.618],[0.717,-1.808],[0.556,-1.885],[0.451,-1.906],[0.493,-1.85],[0.549,-1.822],[0.619,-1.751],[0.696,-1.646],[0.857,-1.47],[0.857,-1.456],[1.005,-1.336],[1.187,-1.336],[1.446,-1.414],[1.531,-1.421]]],[[[-0.93,-1.358],[-0.776,-1.491],[-0.671,-1.646],[-0.657,-1.646],[-0.657,-1.667],[-0.594,-1.751],[-0.524,-1.822],[-0.405,-1.899],[-0.405,-1.913],[-0.503,-1.913],[-0.636,-1.857],[-0.755,-1.773],[-0.916,-1.611],[-1.014,-1.576],[-1.211,-1.561],[-1.954,-1.576],[-1.975,-1.59],[-1.975,-1.611],[-2.01,-1.625],[-2.312,-1.639],[-2.326,-1.555],[-1.891,-1.491],[-1.575,-1.47],[-1.351,-1.442],[-1.078,-1.358],[-0.93,-1.358]]]]},"properties":{"abbr":"cg","name":"cingulum","plate":32,"ap_bregma_mm":-3.05,"area_mm2":0.4865,"traced_fraction":[0.99,0.992],"n_labels":2,"no_drawn_outline":false}},{"type":"Feature","geometry":{"type":"MultiPolygon","coordinates":[[[[2.113,-1.477],[2.617,-1.54],[3.038,-1.681],[3.192,-1.716],[3.417,-1.808],[3.578,-1.871],[3.69,-1.934],[3.795,-1.969],[4.09,-2.124],[4.328,-2.279],[4.616,-2.511],[4.651,-2.518],[4.7,-2.581],[4.714,-2.581],[4.868,-2.729],[4.882,-2.729],[5.177,-3.046],[5.226,-3.123],[5.31,-3.207],[5.625,-3.721],[5.773,-4.009],[5.773,-4.037],[5.864,-4.248],[5.976,-4.572],[6.025,-4.776],[6.032,-4.966],[6.011,-5.092],[5.969,-5.212],[5.892,-5.345],[5.899,-5.367],[5.885,-5.367],[5.829,-5.458],[5.773,-5.577],[5.758,-5.641],[5.709,-5.781],[5.604,-5.985],[5.597,-6.028],[5.52,-6.168],[5.485,-6.281],[5.45,-6.309],[5.408,-6.393],[5.029,-6.794],[5.001,-6.844],[4.931,-6.872],[4.749,-7.019],[4.665,-7.062],[4.651,-7.09],[4.616,-7.104],[4.574,-7.097],[4.602,-7.055],[4.644,-7.04],[4.735,-6.977],[4.763,-6.942],[4.924,-6.822],[5.036,-6.71],[5.12,-6.59],[5.261,-6.443],[5.387,-6.274],[5.464,-6.091],[5.562,-5.908],[5.604,-5.746],[5.66,-5.606],[5.695,-5.395],[5.73,-5.388],[5.765,-5.352],[5.871,-5.163],[5.885,-5.099],[5.892,-4.881],[5.843,-4.726],[5.815,-4.53],[5.765,-4.417],[5.688,-4.319],[5.632,-4.276],[5.583,-4.269],[5.562,-4.115],[5.499,-3.925],[5.38,-3.665],[5.338,-3.615],[5.233,-3.404],[5.148,-3.278],[5.085,-3.214],[4.98,-3.06],[4.861,-2.933],[4.861,-2.919],[4.419,-2.49],[4.342,-2.448],[4.216,-2.335],[4.062,-2.251],[4.034,-2.223],[3.907,-2.166],[3.662,-2.026],[3.459,-1.948],[3.445,-1.927],[3.298,-1.871],[3.29,-1.857],[3.241,-1.857],[3.108,-1.808],[3.052,-1.773],[2.589,-1.625],[2.295,-1.576],[2.099,-1.561],[2.113,-1.477]]],[[[-2.326,-1.555],[-2.312,-1.639],[-2.613,-1.688],[-3.111,-1.843],[-3.279,-1.913],[-3.328,-1.948],[-3.398,-1.962],[-3.49,-2.012],[-3.532,-2.019],[-3.532,-2.033],[-3.567,-2.04],[-3.588,-2.061],[-3.616,-2.061],[-3.763,-2.124],[-3.798,-2.152],[-4.008,-2.23],[-4.114,-2.3],[-4.135,-2.3],[-4.247,-2.37],[-4.352,-2.413],[-4.562,-2.553],[-4.632,-2.61],[-4.632,-2.624],[-4.731,-2.694],[-4.766,-2.743],[-4.787,-2.75],[-4.85,-2.814],[-4.85,-2.828],[-4.913,-2.877],[-4.913,-2.891],[-4.997,-2.975],[-5.158,-3.193],[-5.186,-3.214],[-5.193,-3.242],[-5.207,-3.242],[-5.214,-3.271],[-5.298,-3.376],[-5.656,-4.086],[-5.789,-4.466],[-5.81,-4.586],[-5.845,-4.684],[-5.866,-4.881],[-5.859,-5.149],[-5.838,-5.289],[-5.74,-5.577],[-5.754,-5.585],[-5.747,-5.676],[-5.642,-5.964],[-5.635,-6.007],[-5.656,-6.035],[-5.684,-6.021],[-5.838,-5.662],[-5.965,-5.331],[-6.028,-5.134],[-6.049,-5.008],[-6.007,-4.572],[-5.902,-4.22],[-5.866,-4.15],[-5.838,-4.044],[-5.754,-3.882],[-5.719,-3.756],[-5.474,-3.355],[-5.235,-3.039],[-5.074,-2.863],[-5.074,-2.849],[-4.759,-2.546],[-4.562,-2.406],[-4.541,-2.377],[-4.366,-2.265],[-3.728,-1.969],[-3.644,-1.948],[-3.588,-1.913],[-3.307,-1.808],[-3.244,-1.801],[-3.062,-1.73],[-2.543,-1.59],[-2.326,-1.555]]]]},"properties":{"abbr":"dcw","name":"deep cerebral white matter","plate":32,"ap_bregma_mm":-3.05,"area_mm2":1.8662,"traced_fraction":[0.998,0.997],"n_labels":2,"no_drawn_outline":false}},{"type":"Feature","geometry":{"type":"MultiPolygon","coordinates":[[[[0.696,-1.646],[0.619,-1.751],[0.549,-1.822],[0.493,-1.85],[0.451,-1.906],[0.29,-1.927],[0.255,-1.885],[0.213,-1.878],[0.191,-1.899],[0.184,-1.948],[0.002,-1.948],[0.009,-1.583],[0.086,-1.576],[0.142,-1.59],[0.437,-1.604],[0.696,-1.646]]]]},"properties":{"abbr":"IG","name":"indusium griseum","plate":32,"ap_bregma_mm":-3.05,"area_mm2":0.1871,"traced_fraction":[1.0],"n_labels":1,"no_drawn_outline":false}},{"type":"Feature","geometry":{"type":"MultiPolygon","coordinates":[[[[1.741,-1.555],[2.099,-1.561],[2.295,-1.576],[2.589,-1.625],[3.052,-1.773],[3.108,-1.808],[3.241,-1.857],[3.29,-1.857],[3.298,-1.871],[3.445,-1.927],[3.459,-1.948],[3.662,-2.026],[3.907,-2.166],[4.034,-2.223],[4.062,-2.251],[4.216,-2.335],[4.342,-2.448],[4.419,-2.49],[4.861,-2.919],[4.861,-2.933],[4.98,-3.06],[5.085,-3.214],[5.148,-3.278],[5.233,-3.404],[5.338,-3.615],[5.38,-3.665],[5.499,-3.925],[5.562,-4.115],[5.583,-4.269],[5.59,-4.368],[5.674,-4.783],[5.688,-4.994],[5.674,-5.275],[5.695,-5.395],[5.66,-5.606],[5.604,-5.746],[5.562,-5.908],[5.464,-6.091],[5.387,-6.274],[5.261,-6.443],[5.12,-6.59],[5.036,-6.71],[4.924,-6.822],[4.875,-6.851],[4.707,-6.998],[4.602,-7.055],[4.574,-7.097],[4.426,-7.181],[4.23,-7.237],[4.09,-7.244],[3.781,-7.294],[3.62,-7.294],[3.634,-7.266],[3.676,-7.244],[3.949,-7.209],[4.244,-7.132],[4.433,-7.055],[4.588,-6.977],[4.609,-6.949],[4.7,-6.921],[4.826,-6.829],[4.987,-6.668],[5.001,-6.668],[5.029,-6.625],[5.05,-6.619],[5.05,-6.604],[5.156,-6.499],[5.205,-6.415],[5.24,-6.386],[5.373,-6.168],[5.485,-5.95],[5.604,-5.521],[5.604,-5.127],[5.59,-5.071],[5.583,-4.839],[5.499,-4.22],[5.422,-3.96],[5.254,-3.594],[4.938,-3.123],[4.819,-2.968],[4.496,-2.645],[4.454,-2.624],[4.181,-2.391],[4.055,-2.321],[4.027,-2.286],[3.985,-2.279],[3.788,-2.159],[3.648,-2.11],[3.529,-2.047],[3.375,-1.998],[3.298,-1.948],[3.248,-1.941],[2.996,-1.829],[2.722,-1.744],[2.463,-1.681],[2.204,-1.639],[1.916,-1.618],[1.692,-1.625],[1.692,-1.561],[1.741,-1.555]]],[[[-2.613,-1.688],[-2.606,-1.744],[-2.753,-1.78],[-2.999,-1.864],[-3.069,-1.906],[-3.188,-1.941],[-3.335,-2.019],[-3.377,-2.026],[-3.398,-2.047],[-3.476,-2.068],[-3.483,-2.082],[-3.511,-2.082],[-3.532,-2.033],[-3.532,-2.019],[-3.49,-2.012],[-3.398,-1.962],[-3.328,-1.948],[-3.279,-1.913],[-3.111,-1.843],[-2.613,-1.688]]]]},"properties":{"abbr":"alv","name":"alveus of the hippocampus","plate":32,"ap_bregma_mm":-3.05,"area_mm2":0.7172,"traced_fraction":[1.0,1.0],"n_labels":2,"no_drawn_outline":false}},{"type":"Feature","geometry":{"type":"MultiPolygon","coordinates":[[[[1.692,-1.561],[1.692,-1.625],[1.482,-1.667],[1.306,-1.744],[1.208,-1.836],[1.194,-1.836],[1.04,-1.991],[0.893,-2.18],[0.773,-2.258],[0.556,-2.328],[0.36,-2.349],[0.241,-2.377],[0.149,-2.377],[0.128,-2.391],[0.065,-2.384],[0.002,-2.384],[-0.159,-2.377],[-0.173,-2.363],[-0.236,-2.37],[-0.264,-2.349],[-0.426,-2.328],[-0.692,-2.258],[-0.944,-2.159],[-1.19,-2.005],[-1.449,-1.801],[-1.603,-1.737],[-1.912,-1.681],[-2.256,-1.681],[-2.606,-1.744],[-2.613,-1.688],[-2.312,-1.639],[-2.01,-1.625],[-1.975,-1.611],[-1.463,-1.625],[-1.232,-1.674],[-1.127,-1.723],[-0.98,-1.843],[-0.818,-1.934],[-0.741,-1.998],[-0.594,-2.068],[-0.482,-2.103],[-0.222,-2.145],[0.093,-2.166],[0.191,-2.159],[0.353,-2.124],[0.633,-2.026],[0.759,-1.948],[0.991,-1.765],[1.271,-1.618],[1.411,-1.583],[1.692,-1.561]]]]},"properties":{"abbr":"dhc","name":"dorsal hippocampal commissure","plate":32,"ap_bregma_mm":-3.05,"area_mm2":0.8119,"traced_fraction":[0.999],"n_labels":1,"no_drawn_outline":false}},{"type":"Feature","geometry":{"type":"MultiPolygon","coordinates":[[[[4.251,-3.25],[4.153,-3.207],[3.936,-3.039],[3.641,-2.849],[3.585,-2.799],[3.22,-2.602],[2.814,-2.441],[2.309,-2.314],[2.056,-2.314],[1.923,-2.342],[1.79,-2.391],[1.404,-2.638],[1.292,-2.75],[1.278,-2.792],[1.222,-2.778],[1.159,-2.785],[0.984,-2.87],[0.584,-2.87],[0.451,-2.828],[0.297,-2.82],[0.191,-2.743],[0.191,-2.722],[0.219,-2.701],[0.283,-2.701],[0.444,-2.757],[0.633,-2.792],[0.794,-2.792],[0.935,-2.764],[1.299,-2.574],[1.573,-2.314],[1.776,-2.18],[1.867,-2.152],[2.056,-2.124],[2.267,-2.131],[2.589,-2.195],[2.968,-2.314],[3.557,-2.567],[3.746,-2.694],[3.928,-2.792],[4.027,-2.877],[4.132,-2.94],[4.321,-3.151],[4.321,-3.221],[4.293,-3.242],[4.251,-3.25]]],[[[-0.384,-2.729],[-0.44,-2.785],[-0.496,-2.785],[-0.58,-2.778],[-0.818,-2.82],[-0.98,-2.82],[-1.141,-2.764],[-1.344,-2.652],[-1.393,-2.652],[-1.442,-2.68],[-1.533,-2.574],[-1.603,-2.525],[-1.674,-2.49],[-1.891,-2.42],[-2.207,-2.37],[-2.41,-2.37],[-2.62,-2.399],[-3.167,-2.574],[-3.588,-2.764],[-3.973,-3.003],[-4.345,-3.299],[-4.485,-3.369],[-4.541,-3.362],[-4.569,-3.327],[-4.569,-3.278],[-4.541,-3.235],[-4.464,-3.158],[-4.303,-3.046],[-4.261,-2.996],[-4.226,-2.982],[-4.191,-2.94],[-4.128,-2.912],[-4.107,-2.884],[-3.903,-2.743],[-3.461,-2.518],[-3.307,-2.476],[-3.062,-2.377],[-2.445,-2.202],[-2.242,-2.195],[-2.052,-2.209],[-1.87,-2.258],[-1.688,-2.342],[-1.526,-2.448],[-1.512,-2.469],[-1.267,-2.616],[-1.035,-2.708],[-0.916,-2.736],[-0.832,-2.736],[-0.44,-2.701],[-0.384,-2.729]]]]},"properties":{"abbr":"LMol","name":"lacunosum moleculare layer of the hippocampus","plate":32,"ap_bregma_mm":-3.05,"area_mm2":1.3531,"traced_fraction":[1.0,1.0],"n_labels":2,"no_drawn_outline":false}},{"type":"Feature","geometry":{"type":"MultiPolygon","coordinates":[[[[-0.433,-2.799],[-0.363,-2.806],[-0.363,-2.905],[-0.313,-2.926],[-0.271,-2.982],[-0.236,-2.989],[-0.285,-3.053],[-0.327,-3.074],[-0.376,-3.123],[-0.384,-3.172],[-0.355,-3.214],[-0.278,-3.242],[-0.25,-3.271],[-0.131,-3.278],[-0.145,-3.299],[-0.138,-3.341],[-0.075,-3.362],[-0.005,-3.362],[0.009,-3.348],[0.009,-3.285],[0.051,-3.221],[0.03,-3.102],[0.086,-3.109],[0.121,-3.095],[0.128,-3.039],[0.114,-3.01],[0.114,-2.961],[0.135,-2.891],[0.163,-2.856],[0.198,-2.856],[0.213,-2.87],[0.241,-2.954],[0.276,-2.989],[0.297,-3.06],[0.297,-3.123],[0.241,-3.2],[0.226,-3.264],[0.304,-3.32],[0.458,-3.376],[0.493,-3.425],[0.486,-3.51],[0.423,-3.608],[0.29,-3.714],[0.17,-3.756],[-0.334,-3.756],[-0.559,-3.587],[-0.622,-3.489],[-0.622,-3.432],[-0.587,-3.327],[-0.559,-3.313],[-0.559,-3.299],[-0.461,-3.25],[-0.44,-3.221],[-0.454,-3.158],[-0.51,-3.067],[-0.475,-3.031],[-0.461,-2.989],[-0.468,-2.884],[-0.433,-2.828],[-0.433,-2.799]]]]},"properties":{"abbr":"hbc","name":"habenular commissure","plate":32,"ap_bregma_mm":-3.05,"area_mm2":0.5745,"traced_fraction":[1.0],"n_labels":1,"no_drawn_outline":false}},{"type":"Feature","geometry":{"type":"MultiPolygon","coordinates":[[[[0.262,-3.946],[0.325,-3.946],[0.479,-3.995],[0.605,-4.044],[0.682,-4.094],[0.759,-4.086],[0.78,-4.037],[0.851,-4.058],[0.906,-4.108],[0.906,-4.122],[0.921,-4.122],[0.956,-4.206],[0.942,-4.319],[0.9,-4.368],[0.829,-4.403],[0.598,-4.403],[0.43,-4.382],[0.311,-4.347],[0.255,-4.305],[0.213,-4.199],[0.205,-4.072],[0.219,-4.016],[0.262,-3.946]]],[[[-0.278,-3.953],[-0.278,-3.981],[-0.25,-4.037],[-0.257,-4.199],[-0.271,-4.241],[-0.299,-4.269],[-0.454,-4.326],[-0.727,-4.375],[-0.79,-4.41],[-0.98,-4.389],[-1.043,-4.34],[-1.071,-4.269],[-1.057,-4.185],[-0.993,-4.115],[-0.832,-4.037],[-0.804,-4.037],[-0.776,-4.079],[-0.734,-4.079],[-0.376,-3.953],[-0.278,-3.953]]]]},"properties":{"abbr":"PrC","name":"precommissural nucleus","plate":32,"ap_bregma_mm":-3.05,"area_mm2":0.5066,"traced_fraction":[1.0,1.0],"n_labels":2,"no_drawn_outline":false}},{"type":"Feature","geometry":{"type":"MultiPolygon","coordinates":[[[[-0.573,-5.289],[-0.503,-5.289],[-0.405,-5.331],[-0.376,-5.381],[-0.363,-5.444],[-0.376,-5.571],[-0.447,-5.627],[-0.51,-5.648],[-0.713,-5.648],[-0.783,-5.549],[-0.797,-5.486],[-0.797,-5.437],[-0.748,-5.338],[-0.692,-5.303],[-0.573,-5.289]]],[[[0.766,-5.43],[0.766,-5.535],[0.745,-5.613],[0.745,-5.634],[0.759,-5.634],[0.724,-5.683],[0.717,-5.69],[0.605,-5.704],[0.479,-5.697],[0.444,-5.683],[0.374,-5.606],[0.346,-5.542],[0.346,-5.465],[0.402,-5.367],[0.437,-5.331],[0.549,-5.296],[0.647,-5.303],[0.717,-5.352],[0.766,-5.43]]]]},"properties":{"abbr":"RI","name":"rostral interstitial nucleus of medial longitudinal fasciculus","plate":32,"ap_bregma_mm":-3.05,"area_mm2":0.2723,"traced_fraction":[1.0,1.0],"n_labels":2,"no_drawn_outline":false}},{"type":"Feature","geometry":{"type":"MultiPolygon","coordinates":[[[[2.842,-5.05],[2.828,-5.092],[2.73,-5.17],[2.148,-5.451],[2.05,-5.521],[2.0,-5.528],[1.797,-5.641],[1.615,-5.676],[1.432,-5.683],[1.306,-5.648],[1.271,-5.585],[1.285,-5.507],[1.369,-5.472],[1.867,-5.381],[2.078,-5.31],[2.162,-5.261],[2.239,-5.247],[2.477,-5.149],[2.758,-5.078],[2.807,-5.05],[2.842,-5.05]]],[[[-2.62,-5.233],[-2.578,-5.233],[-2.452,-5.275],[-2.094,-5.36],[-2.052,-5.381],[-1.905,-5.409],[-1.624,-5.479],[-1.449,-5.493],[-1.316,-5.535],[-1.295,-5.599],[-1.295,-5.655],[-1.302,-5.676],[-1.365,-5.732],[-1.484,-5.739],[-1.723,-5.704],[-1.884,-5.648],[-2.052,-5.556],[-2.08,-5.556],[-2.228,-5.451],[-2.599,-5.275],[-2.62,-5.254],[-2.62,-5.233]]]]},"properties":{"abbr":"ml","name":"medial lemniscus","plate":32,"ap_bregma_mm":-3.05,"area_mm2":0.5053,"traced_fraction":[1.0,1.0],"n_labels":2,"no_drawn_outline":false}},{"type":"Feature","geometry":{"type":"MultiPolygon","coordinates":[[[[1.404,-6.232],[1.474,-6.274],[1.622,-6.288],[1.734,-6.309],[1.853,-6.288],[1.93,-6.253],[2.021,-6.253],[1.993,-6.288],[1.888,-6.33],[1.65,-6.492],[1.58,-6.513],[1.489,-6.52],[1.355,-6.583],[1.341,-6.302],[1.376,-6.246],[1.404,-6.232]]]]},"properties":{"abbr":"ns","name":"nigrostriatal bundle","plate":32,"ap_bregma_mm":-3.05,"area_mm2":0.1117,"traced_fraction":[0.88],"n_labels":1,"no_drawn_outline":false}},{"type":"Feature","geometry":{"type":"MultiPolygon","coordinates":[[[[-6.406,-6.836],[-6.385,-6.97],[-6.343,-7.076],[-6.245,-7.209],[-6.196,-7.244],[-6.196,-7.266],[-6.161,-7.308],[-6.126,-7.385],[-6.049,-7.462],[-6.021,-7.526],[-5.958,-7.568],[-5.965,-7.589],[-6.063,-7.68],[-6.063,-7.695],[-6.231,-7.533],[-6.315,-7.413],[-6.364,-7.371],[-6.469,-7.237],[-6.512,-7.16],[-6.561,-7.104],[-6.666,-6.9],[-6.666,-6.872],[-6.476,-6.836],[-6.406,-6.836]]],[[[6.165,-6.97],[6.242,-6.984],[6.368,-7.047],[6.326,-7.153],[6.305,-7.167],[6.228,-7.294],[6.053,-7.476],[5.857,-7.624],[5.555,-7.793],[5.506,-7.68],[5.499,-7.617],[5.569,-7.61],[5.744,-7.491],[5.857,-7.448],[5.92,-7.392],[5.983,-7.287],[6.053,-7.202],[6.095,-7.16],[6.151,-7.055],[6.165,-6.97]]]]},"properties":{"abbr":"1","name":"layer 1 of cortex","plate":32,"ap_bregma_mm":-3.05,"area_mm2":0.3715,"traced_fraction":[1.0,1.0],"n_labels":2,"no_drawn_outline":false}},{"type":"Feature","geometry":{"type":"MultiPolygon","coordinates":[[[[4.426,-7.181],[4.426,-7.216],[4.335,-7.371],[4.335,-7.462],[4.314,-7.505],[4.272,-7.54],[4.153,-7.505],[4.041,-7.498],[3.767,-7.533],[3.669,-7.561],[3.599,-7.596],[3.55,-7.645],[3.487,-7.814],[3.185,-7.603],[3.269,-7.498],[3.375,-7.406],[3.571,-7.301],[3.62,-7.294],[3.781,-7.294],[4.09,-7.244],[4.23,-7.237],[4.426,-7.181]]],[[[-4.38,-7.251],[-4.149,-7.308],[-3.882,-7.315],[-3.763,-7.336],[-3.588,-7.343],[-3.546,-7.308],[-3.406,-7.336],[-3.223,-7.413],[-3.139,-7.47],[-3.069,-7.54],[-3.041,-7.589],[-3.363,-7.814],[-3.384,-7.8],[-3.406,-7.751],[-3.581,-7.596],[-3.707,-7.533],[-3.882,-7.491],[-4.001,-7.491],[-4.275,-7.547],[-4.415,-7.624],[-4.499,-7.702],[-4.548,-7.723],[-4.548,-7.674],[-4.457,-7.54],[-4.408,-7.434],[-4.38,-7.251]]]]},"properties":{"abbr":"AHi","name":"amygdalohippocampal area","plate":32,"ap_bregma_mm":-3.05,"area_mm2":0.6812,"traced_fraction":[1.0,1.0],"n_labels":2,"no_drawn_outline":false}},{"type":"Feature","geometry":{"type":"MultiPolygon","coordinates":[[[[0.262,-3.946],[0.219,-4.016],[0.205,-4.072],[0.213,-4.199],[0.255,-4.305],[0.283,-4.333],[0.381,-4.368],[0.528,-4.403],[0.598,-4.403],[0.605,-4.473],[0.556,-4.516],[0.521,-4.579],[0.507,-4.677],[0.465,-4.853],[0.465,-5.022],[0.486,-5.043],[0.514,-5.043],[0.521,-5.113],[0.458,-5.113],[0.423,-5.303],[0.437,-5.331],[0.402,-5.367],[0.346,-5.465],[0.346,-5.542],[0.374,-5.606],[0.339,-5.634],[0.311,-5.803],[0.262,-5.929],[0.219,-5.992],[0.121,-6.091],[-0.054,-6.126],[-0.068,-6.126],[-0.152,-6.084],[-0.243,-5.964],[-0.334,-5.676],[-0.348,-5.592],[-0.376,-5.571],[-0.363,-5.444],[-0.376,-5.381],[-0.405,-5.331],[-0.419,-5.254],[-0.461,-5.156],[-0.461,-5.12],[-0.51,-5.015],[-0.51,-4.895],[-0.531,-4.797],[-0.538,-4.677],[-0.566,-4.586],[-0.587,-4.572],[-0.594,-4.544],[-0.629,-4.501],[-0.699,-4.459],[-0.783,-4.431],[-0.79,-4.41],[-0.727,-4.375],[-0.454,-4.326],[-0.299,-4.269],[-0.271,-4.241],[-0.257,-4.199],[-0.25,-4.037],[-0.278,-3.981],[-0.278,-3.953],[-0.222,-3.946],[-0.229,-4.016],[-0.173,-4.058],[-0.173,-4.094],[-0.138,-4.15],[-0.11,-4.248],[-0.103,-4.459],[-0.061,-4.741],[-0.04,-4.818],[-0.026,-4.846],[-0.012,-4.846],[0.009,-4.825],[0.016,-4.551],[0.03,-4.509],[0.023,-4.417],[0.037,-4.368],[0.03,-4.234],[0.051,-4.164],[0.114,-4.108],[0.142,-4.058],[0.142,-4.03],[0.142,-3.939],[0.234,-3.932],[0.262,-3.946]]],[[[-0.005,-5.24],[-0.026,-5.282],[-0.026,-5.416],[-0.054,-5.5],[-0.061,-5.655],[-0.026,-5.866],[-0.005,-5.894],[0.023,-5.894],[0.058,-5.796],[0.058,-5.585],[0.03,-5.423],[0.023,-5.282],[0.009,-5.24],[-0.005,-5.24]]]]},"properties":{"abbr":"p1PAG","name":"p1 periaqueductal gray","plate":32,"ap_bregma_mm":-3.05,"area_mm2":1.4948,"traced_fraction":[0.994,1.0],"n_labels":1,"no_drawn_outline":false}},{"type":"Feature","geometry":{"type":"Polygon","coordinates":[[[-3.588,-2.061],[-3.567,-2.11],[-4.065,-2.328],[-4.17,-2.391],[-4.184,-2.413],[-4.282,-2.455],[-4.485,-2.588],[-4.597,-2.687],[-4.639,-2.708],[-4.639,-2.722],[-4.654,-2.722],[-4.696,-2.771],[-4.709,-2.771],[-4.885,-2.947],[-4.885,-2.961],[-4.906,-2.968],[-4.934,-3.017],[-4.955,-3.024],[-4.976,-3.067],[-5.067,-3.165],[-5.264,-3.461],[-5.572,-4.058],[-5.614,-4.206],[-5.663,-4.319],[-5.747,-4.635],[-5.782,-4.902],[-5.754,-5.233],[-5.635,-5.613],[-5.586,-5.732],[-5.572,-5.739],[-5.523,-5.887],[-5.502,-5.908],[-5.425,-6.105],[-5.292,-6.365],[-5.053,-6.731],[-4.969,-6.822],[-4.941,-6.836],[-4.941,-6.851],[-4.787,-6.963],[-4.759,-6.97],[-4.745,-6.998],[-4.654,-7.047],[-4.527,-7.083],[-4.401,-7.146],[-4.31,-7.174],[-4.071,-7.23],[-3.637,-7.266],[-3.581,-7.28],[-3.546,-7.308],[-3.588,-7.343],[-3.763,-7.336],[-3.882,-7.315],[-4.149,-7.308],[-4.38,-7.251],[-4.492,-7.202],[-4.555,-7.202],[-4.618,-7.181],[-4.731,-7.153],[-4.752,-7.125],[-4.941,-7.012],[-5.06,-6.893],[-5.102,-6.829],[-5.116,-6.829],[-5.116,-6.815],[-5.207,-6.724],[-5.221,-6.724],[-5.221,-6.71],[-5.235,-6.71],[-5.235,-6.696],[-5.285,-6.668],[-5.285,-6.654],[-5.334,-6.625],[-5.334,-6.611],[-5.348,-6.611],[-5.446,-6.506],[-5.46,-6.506],[-5.488,-6.443],[-5.537,-6.386],[-5.579,-6.26],[-5.621,-6.189],[-5.649,-6.077],[-5.607,-6.077],[-5.579,-6.168],[-5.53,-6.239],[-5.488,-6.351],[-5.474,-6.358],[-5.474,-6.379],[-5.425,-6.464],[-5.27,-6.625],[-5.256,-6.625],[-5.228,-6.661],[-5.193,-6.668],[-5.193,-6.632],[-5.221,-6.569],[-5.334,-6.436],[-5.572,-5.957],[-5.642,-5.739],[-5.698,-5.62],[-5.74,-5.577],[-5.838,-5.289],[-5.859,-5.149],[-5.866,-4.881],[-5.845,-4.684],[-5.81,-4.586],[-5.789,-4.466],[-5.656,-4.086],[-5.298,-3.376],[-5.214,-3.271],[-5.207,-3.242],[-5.193,-3.242],[-5.186,-3.214],[-5.158,-3.193],[-4.997,-2.975],[-4.913,-2.891],[-4.913,-2.877],[-4.871,-2.849],[-4.731,-2.694],[-4.717,-2.694],[-4.562,-2.553],[-4.352,-2.413],[-4.331,-2.413],[-4.135,-2.3],[-4.114,-2.3],[-4.008,-2.23],[-3.798,-2.152],[-3.791,-2.138],[-3.616,-2.061],[-3.588,-2.061]]]},"properties":{"abbr":null,"name":"unnamed sealed face","plate":32,"ap_bregma_mm":-3.05,"index":0}},{"type":"Feature","geometry":{"type":"Polygon","coordinates":[[[-1.8,-2.75],[-2.087,-2.799],[-2.312,-2.877],[-2.55,-2.891],[-2.669,-2.919],[-2.992,-3.053],[-3.132,-3.137],[-3.167,-3.137],[-3.167,-3.102],[-3.097,-3.046],[-2.971,-2.982],[-2.957,-2.954],[-2.851,-2.933],[-2.613,-2.835],[-2.333,-2.806],[-2.164,-2.75],[-2.038,-2.736],[-1.996,-2.708],[-1.8,-2.694],[-1.8,-2.75]]]},"properties":{"abbr":null,"name":"unnamed sealed face","plate":32,"ap_bregma_mm":-3.05,"index":1}},{"type":"Feature","geometry":{"type":"Polygon","coordinates":[[[-0.496,-2.785],[-0.44,-2.785],[-0.433,-2.799],[-0.433,-2.828],[-0.468,-2.884],[-0.461,-2.989],[-0.475,-3.031],[-0.51,-3.067],[-0.454,-3.158],[-0.44,-3.221],[-0.461,-3.25],[-0.559,-3.299],[-0.559,-3.313],[-0.587,-3.327],[-0.622,-3.432],[-0.622,-3.489],[-0.559,-3.587],[-0.334,-3.756],[0.17,-3.756],[0.29,-3.714],[0.423,-3.608],[0.486,-3.51],[0.493,-3.425],[0.458,-3.376],[0.304,-3.32],[0.226,-3.264],[0.226,-3.228],[0.297,-3.123],[0.332,-3.123],[0.374,-3.2],[0.437,-3.235],[0.465,-3.278],[0.528,-3.292],[0.556,-3.397],[0.556,-3.461],[0.535,-3.531],[0.479,-3.622],[0.395,-3.7],[0.36,-3.714],[0.339,-3.749],[0.177,-3.805],[-0.264,-3.805],[-0.363,-3.763],[-0.412,-3.763],[-0.433,-3.728],[-0.496,-3.693],[-0.601,-3.594],[-0.615,-3.594],[-0.615,-3.58],[-0.636,-3.573],[-0.678,-3.517],[-0.678,-3.411],[-0.65,-3.327],[-0.629,-3.306],[-0.629,-3.257],[-0.601,-3.172],[-0.538,-3.088],[-0.503,-2.989],[-0.51,-2.884],[-0.489,-2.842],[-0.496,-2.785]]]},"properties":{"abbr":null,"name":"unnamed sealed face","plate":32,"ap_bregma_mm":-3.05,"index":2}},{"type":"Feature","geometry":{"type":"Polygon","coordinates":[[[-2.817,-3.179],[-2.851,-3.221],[-2.936,-3.257],[-2.999,-3.271],[-3.209,-3.271],[-3.328,-3.341],[-3.461,-3.362],[-3.504,-3.355],[-3.504,-3.341],[-3.448,-3.306],[-3.251,-3.25],[-3.209,-3.25],[-3.146,-3.221],[-2.964,-3.207],[-2.88,-3.179],[-2.817,-3.179]]]},"properties":{"abbr":null,"name":"unnamed sealed face","plate":32,"ap_bregma_mm":-3.05,"index":3}},{"type":"Feature","geometry":{"type":"Polygon","coordinates":[[[-1.4,-3.566],[-1.33,-3.587],[-1.19,-3.679],[-1.014,-3.756],[-0.951,-3.798],[-0.825,-3.84],[-0.755,-3.84],[-0.741,-3.854],[-0.797,-3.939],[-0.804,-4.037],[-0.832,-4.037],[-0.993,-4.115],[-1.057,-4.185],[-1.071,-4.269],[-1.043,-4.34],[-1.008,-4.375],[-0.958,-4.396],[-0.79,-4.41],[-0.783,-4.431],[-0.699,-4.459],[-0.629,-4.501],[-0.594,-4.544],[-0.552,-4.621],[-0.531,-4.797],[-0.559,-4.79],[-0.636,-4.684],[-0.741,-4.614],[-0.993,-4.551],[-1.148,-4.551],[-1.253,-4.6],[-1.302,-4.649],[-1.316,-4.684],[-1.33,-4.832],[-1.281,-5.043],[-1.379,-5.022],[-1.618,-4.881],[-1.618,-4.867],[-1.653,-4.853],[-1.688,-4.825],[-1.688,-4.811],[-1.779,-4.748],[-1.863,-4.663],[-1.884,-4.614],[-1.8,-4.572],[-1.723,-4.494],[-1.646,-4.361],[-1.561,-4.354],[-1.442,-4.283],[-1.393,-4.22],[-1.358,-4.058],[-1.358,-3.77],[-1.372,-3.679],[-1.407,-3.594],[-1.4,-3.566]]]},"properties":{"abbr":null,"name":"unnamed sealed face","plate":32,"ap_bregma_mm":-3.05,"index":4}},{"type":"Feature","geometry":{"type":"Polygon","coordinates":[[[1.222,-3.587],[1.18,-3.7],[1.18,-3.882],[1.208,-4.044],[1.222,-4.058],[1.222,-4.086],[1.257,-4.164],[1.369,-4.305],[1.482,-4.361],[1.65,-4.375],[1.629,-4.473],[1.636,-4.53],[1.678,-4.6],[1.783,-4.67],[1.811,-4.705],[1.685,-4.755],[1.587,-4.776],[1.285,-4.902],[1.152,-4.937],[1.194,-4.72],[1.187,-4.544],[1.159,-4.509],[1.11,-4.494],[1.005,-4.494],[0.851,-4.523],[0.703,-4.572],[0.577,-4.635],[0.542,-4.67],[0.507,-4.677],[0.521,-4.579],[0.556,-4.516],[0.605,-4.473],[0.598,-4.403],[0.829,-4.403],[0.9,-4.368],[0.942,-4.319],[0.956,-4.206],[0.921,-4.122],[0.906,-4.122],[0.906,-4.108],[0.851,-4.058],[0.78,-4.037],[0.78,-3.918],[0.731,-3.819],[1.047,-3.679],[1.194,-3.587],[1.222,-3.587]]]},"properties":{"abbr":null,"name":"unnamed sealed face","plate":32,"ap_bregma_mm":-3.05,"index":5}},{"type":"Feature","geometry":{"type":"Polygon","coordinates":[[[-4.38,-3.714],[-4.401,-3.77],[-4.527,-3.939],[-4.667,-4.213],[-4.731,-4.396],[-4.773,-4.572],[-4.78,-4.783],[-4.766,-4.853],[-4.731,-4.952],[-4.717,-4.959],[-4.717,-4.98],[-4.675,-5.036],[-4.675,-5.057],[-4.618,-5.156],[-4.682,-5.17],[-4.703,-5.134],[-4.709,-5.099],[-4.787,-4.966],[-4.836,-4.811],[-4.843,-4.649],[-4.822,-4.509],[-4.724,-4.206],[-4.618,-4.002],[-4.541,-3.904],[-4.478,-3.791],[-4.45,-3.777],[-4.408,-3.721],[-4.38,-3.714]]]},"properties":{"abbr":null,"name":"unnamed sealed face","plate":32,"ap_bregma_mm":-3.05,"index":6}},{"type":"Feature","geometry":{"type":"Polygon","coordinates":[[[4.468,-3.875],[4.503,-3.882],[4.574,-3.946],[4.679,-4.101],[4.756,-4.361],[4.77,-4.452],[4.777,-4.691],[4.763,-4.881],[4.7,-5.092],[4.63,-5.212],[4.616,-5.212],[4.609,-5.233],[4.574,-5.24],[4.525,-5.198],[4.531,-5.17],[4.602,-5.092],[4.679,-4.902],[4.714,-4.705],[4.714,-4.565],[4.693,-4.494],[4.672,-4.312],[4.637,-4.192],[4.559,-4.023],[4.489,-3.932],[4.468,-3.875]]]},"properties":{"abbr":null,"name":"unnamed sealed face","plate":32,"ap_bregma_mm":-3.05,"index":7}},{"type":"Feature","geometry":{"type":"Polygon","coordinates":[[[4.125,-3.953],[4.174,-3.988],[4.195,-4.037],[4.195,-4.079],[4.244,-4.22],[4.244,-4.305],[4.23,-4.312],[4.209,-4.305],[4.195,-4.241],[4.146,-4.157],[4.118,-4.016],[4.125,-3.953]]]},"properties":{"abbr":null,"name":"unnamed sealed face","plate":32,"ap_bregma_mm":-3.05,"index":8}},{"type":"Feature","geometry":{"type":"Polygon","coordinates":[[[3.332,-4.6],[3.304,-4.797],[3.192,-4.86],[3.171,-4.86],[3.164,-4.846],[3.192,-4.776],[3.192,-4.684],[3.164,-4.593],[3.185,-4.586],[3.129,-4.565],[3.108,-4.544],[3.101,-4.509],[3.108,-4.48],[3.087,-4.473],[3.059,-4.431],[3.017,-4.319],[3.031,-4.276],[3.08,-4.283],[3.277,-4.396],[3.283,-4.417],[3.354,-4.466],[3.361,-4.523],[3.34,-4.551],[3.332,-4.6]]]},"properties":{"abbr":null,"name":"unnamed sealed face","plate":32,"ap_bregma_mm":-3.05,"index":9}},{"type":"Feature","geometry":{"type":"Polygon","coordinates":[[[-2.95,-4.297],[-2.922,-4.326],[-2.929,-4.473],[-3.062,-4.558],[-3.097,-4.628],[-3.146,-4.656],[-3.181,-4.783],[-3.181,-4.839],[-3.216,-4.867],[-3.251,-4.86],[-3.335,-4.755],[-3.37,-4.677],[-3.37,-4.565],[-3.3,-4.473],[-3.265,-4.459],[-3.181,-4.382],[-3.027,-4.305],[-2.95,-4.297]]]},"properties":{"abbr":null,"name":"unnamed sealed face","plate":32,"ap_bregma_mm":-3.05,"index":10}},{"type":"Feature","geometry":{"type":"Polygon","coordinates":[[[-0.51,-5.015],[-0.461,-5.12],[-0.461,-5.156],[-0.419,-5.254],[-0.405,-5.331],[-0.503,-5.289],[-0.573,-5.289],[-0.552,-5.219],[-0.552,-5.029],[-0.51,-5.015]]]},"properties":{"abbr":null,"name":"unnamed sealed face","plate":32,"ap_bregma_mm":-3.05,"index":11}},{"type":"Feature","geometry":{"type":"Polygon","coordinates":[[[0.521,-5.113],[0.535,-5.17],[0.57,-5.219],[0.598,-5.233],[0.717,-5.226],[0.759,-5.184],[0.78,-5.12],[0.921,-5.127],[0.97,-5.113],[0.963,-5.233],[1.019,-5.303],[1.054,-5.317],[1.068,-5.345],[0.879,-5.367],[0.766,-5.43],[0.717,-5.352],[0.647,-5.303],[0.549,-5.296],[0.437,-5.331],[0.423,-5.303],[0.458,-5.113],[0.521,-5.113]]]},"properties":{"abbr":null,"name":"unnamed sealed face","plate":32,"ap_bregma_mm":-3.05,"index":12}},{"type":"Feature","geometry":{"type":"Polygon","coordinates":[[[-1.155,-5.113],[-0.937,-5.177],[-0.853,-5.184],[-0.79,-5.17],[-0.755,-5.247],[-0.713,-5.268],[-0.692,-5.303],[-0.748,-5.338],[-0.797,-5.437],[-0.825,-5.402],[-0.867,-5.381],[-0.986,-5.345],[-1.176,-5.345],[-1.176,-5.324],[-1.155,-5.31],[-1.12,-5.24],[-1.12,-5.191],[-1.155,-5.113]]]},"properties":{"abbr":null,"name":"unnamed sealed face","plate":32,"ap_bregma_mm":-3.05,"index":13}},{"type":"Feature","geometry":{"type":"Polygon","coordinates":[[[-0.797,-5.486],[-0.783,-5.549],[-0.818,-5.535],[-0.818,-5.507],[-0.797,-5.486]]]},"properties":{"abbr":null,"name":"unnamed sealed face","plate":32,"ap_bregma_mm":-3.05,"index":14}},{"type":"Feature","geometry":{"type":"Polygon","coordinates":[[[3.452,-5.282],[3.431,-5.317],[3.417,-5.317],[3.41,-5.345],[3.34,-5.416],[3.326,-5.416],[3.283,-5.472],[3.277,-5.479],[3.178,-5.486],[3.038,-5.564],[3.045,-5.493],[3.073,-5.437],[3.08,-5.367],[3.101,-5.324],[3.192,-5.226],[3.277,-5.184],[3.396,-5.184],[3.431,-5.219],[3.438,-5.268],[3.452,-5.282]]]},"properties":{"abbr":null,"name":"unnamed sealed face","plate":32,"ap_bregma_mm":-3.05,"index":15}},{"type":"Feature","geometry":{"type":"Polygon","coordinates":[[[-0.005,-5.24],[0.009,-5.24],[0.023,-5.282],[0.03,-5.423],[0.058,-5.585],[0.058,-5.796],[0.023,-5.894],[-0.005,-5.894],[-0.026,-5.866],[-0.061,-5.655],[-0.054,-5.5],[-0.026,-5.416],[-0.026,-5.282],[-0.005,-5.24]]]},"properties":{"abbr":null,"name":"unnamed sealed face","plate":32,"ap_bregma_mm":-3.05,"index":16}},{"type":"Feature","geometry":{"type":"Polygon","coordinates":[[[-4.548,-5.268],[-4.513,-5.317],[-4.478,-5.338],[-4.478,-5.352],[-4.408,-5.409],[-4.408,-5.423],[-4.352,-5.451],[-4.352,-5.465],[-4.212,-5.549],[-4.128,-5.627],[-4.086,-5.648],[-4.071,-5.676],[-3.987,-5.739],[-4.008,-5.746],[-4.135,-5.69],[-4.219,-5.613],[-4.345,-5.535],[-4.492,-5.402],[-4.506,-5.402],[-4.506,-5.388],[-4.52,-5.388],[-4.52,-5.374],[-4.583,-5.324],[-4.59,-5.296],[-4.569,-5.268],[-4.548,-5.268]]]},"properties":{"abbr":null,"name":"unnamed sealed face","plate":32,"ap_bregma_mm":-3.05,"index":17}},{"type":"Feature","geometry":{"type":"Polygon","coordinates":[[[4.412,-5.338],[4.433,-5.36],[4.454,-5.402],[4.181,-5.627],[4.104,-5.676],[4.083,-5.676],[4.055,-5.648],[4.083,-5.606],[4.293,-5.437],[4.342,-5.381],[4.412,-5.338]]]},"properties":{"abbr":null,"name":"unnamed sealed face","plate":32,"ap_bregma_mm":-3.05,"index":18}},{"type":"Feature","geometry":{"type":"Polygon","coordinates":[[[-3.448,-5.732],[-3.272,-5.789],[-3.146,-5.859],[-3.013,-5.957],[-2.957,-5.971],[-2.767,-6.154],[-2.739,-6.196],[-2.683,-6.239],[-2.683,-6.253],[-2.585,-6.351],[-2.55,-6.407],[-2.536,-6.407],[-2.424,-6.555],[-2.319,-6.738],[-2.277,-6.858],[-2.284,-6.893],[-2.347,-6.872],[-2.417,-6.808],[-2.494,-6.766],[-2.585,-6.675],[-2.641,-6.604],[-2.83,-6.358],[-3.048,-6.154],[-3.167,-6.091],[-3.23,-6.028],[-3.293,-5.929],[-3.349,-5.873],[-3.384,-5.859],[-3.406,-5.824],[-3.419,-5.824],[-3.455,-5.753],[-3.448,-5.732]]]},"properties":{"abbr":null,"name":"unnamed sealed face","plate":32,"ap_bregma_mm":-3.05,"index":19}},{"type":"Feature","geometry":{"type":"Polygon","coordinates":[[[0.121,-6.091],[0.065,-6.344],[0.065,-6.464],[0.051,-6.513],[0.058,-6.576],[0.065,-6.808],[0.03,-6.794],[-0.033,-6.808],[-0.012,-6.569],[-0.012,-6.407],[-0.033,-6.26],[-0.061,-6.196],[-0.061,-6.147],[-0.054,-6.126],[0.121,-6.091]]]},"properties":{"abbr":null,"name":"unnamed sealed face","plate":32,"ap_bregma_mm":-3.05,"index":20}},{"type":"Feature","geometry":{"type":"Polygon","coordinates":[[[3.101,-6.26],[3.031,-6.337],[2.947,-6.4],[2.919,-6.457],[2.919,-6.513],[2.94,-6.548],[3.017,-6.548],[3.017,-6.619],[2.989,-6.668],[2.933,-6.668],[2.807,-6.703],[2.793,-6.689],[2.807,-6.611],[2.722,-6.604],[2.758,-6.534],[2.793,-6.513],[2.828,-6.436],[2.996,-6.274],[3.01,-6.218],[3.101,-6.26]]]},"properties":{"abbr":null,"name":"unnamed sealed face","plate":32,"ap_bregma_mm":-3.05,"index":21}},{"type":"Feature","geometry":{"type":"Polygon","coordinates":[[[-0.089,-8.567],[0.093,-8.567],[0.135,-8.567],[0.114,-8.714],[0.037,-8.714],[0.023,-8.7],[-0.054,-8.7],[-0.082,-8.686],[-0.096,-8.595],[-0.089,-8.574],[-0.089,-8.567]]]},"properties":{"abbr":null,"name":"unnamed sealed face","plate":32,"ap_bregma_mm":-3.05,"index":22}},{"type":"Feature","geometry":{"type":"MultiPolygon","coordinates":[[[[0.105,-8.709],[0.035,-8.709],[0.018,-8.692],[-0.053,-8.692],[-0.088,-8.674],[-0.096,-8.56],[-0.14,-8.656],[-0.124,-8.553],[-0.159,-8.531],[-0.166,-8.468],[-0.215,-8.426],[-0.278,-8.447],[-0.355,-8.447],[-0.447,-8.405],[-0.58,-8.285],[-0.825,-8.124],[-0.972,-7.955],[-1.106,-7.828],[-1.442,-7.596],[-1.505,-7.533],[-1.618,-7.364],[-1.653,-7.336],[-1.884,-7.23],[-1.975,-7.146],[-2.059,-7.033],[-2.136,-7.012],[-2.185,-7.062],[-2.27,-7.223],[-2.326,-7.28],[-2.389,-7.308],[-2.641,-7.371],[-2.929,-7.512],[-3.097,-7.617],[-3.742,-8.088],[-3.938,-8.215],[-4.128,-8.314],[-4.31,-8.363],[-4.513,-8.356],[-4.682,-8.314],[-4.808,-8.264],[-4.948,-8.243],[-5.144,-8.236],[-5.327,-8.173],[-5.6,-8.039],[-5.838,-7.884],[-6.042,-7.716],[-6.217,-7.54],[-6.462,-7.237],[-6.568,-7.083],[-6.666,-6.886],[-6.694,-6.766],[-6.694,-6.703],[-6.673,-6.625],[-6.603,-6.541],[-6.638,-6.436],[-6.778,-6.436],[-6.939,-6.351],[-7.058,-6.267],[-7.213,-6.119],[-7.367,-5.873],[-7.444,-5.69],[-7.577,-5.268],[-7.619,-5.043],[-7.633,-4.846],[-7.612,-4.607],[-7.563,-4.368],[-7.472,-4.101],[-7.325,-3.798],[-7.157,-3.538],[-6.988,-3.327],[-6.89,-3.158],[-6.687,-2.87],[-6.434,-2.574],[-6.287,-2.342],[-6.084,-2.124],[-5.852,-1.927],[-5.621,-1.765],[-5.151,-1.491],[-4.646,-1.252],[-4.268,-1.118],[-3.791,-0.921],[-3.651,-0.879],[-2.522,-0.633],[-2.242,-0.591],[-2.052,-0.591],[-1.94,-0.577],[-1.449,-0.422],[-1.043,-0.38],[-0.734,-0.38],[-0.482,-0.443],[-0.397,-0.485],[-0.257,-0.598],[-0.131,-0.753],[-0.054,-0.921],[-0.005,-1.076],[0.079,-1.097],[0.198,-0.725],[0.262,-0.626],[0.367,-0.514],[0.556,-0.401],[0.696,-0.359],[0.893,-0.331],[1.075,-0.331],[1.334,-0.366],[2.309,-0.577],[2.519,-0.598],[2.905,-0.598],[3.255,-0.64],[3.571,-0.696],[3.865,-0.774],[4.153,-0.872],[4.307,-0.95],[4.58,-1.133],[5.457,-1.611],[5.716,-1.794],[5.794,-1.864],[6.102,-2.258],[6.684,-2.912],[6.831,-3.095],[7.049,-3.418],[7.168,-3.65],[7.28,-3.932],[7.364,-4.262],[7.413,-4.614],[7.42,-4.881],[7.399,-5.085],[7.329,-5.317],[7.259,-5.486],[7.238,-5.662],[7.147,-5.88],[6.985,-6.154],[6.915,-6.246],[6.754,-6.407],[6.642,-6.464],[6.544,-6.457],[6.509,-6.464],[6.474,-6.492],[6.453,-6.569],[6.446,-6.766],[6.404,-6.956],[6.326,-7.132],[6.193,-7.322],[6.06,-7.455],[5.857,-7.61],[5.135,-8.039],[4.973,-8.117],[4.714,-8.208],[4.644,-8.222],[4.454,-8.222],[4.16,-8.131],[3.83,-8.088],[3.753,-8.06],[3.697,-8.025],[3.48,-7.807],[2.961,-7.448],[2.743,-7.237],[2.575,-7.146],[2.302,-7.033],[2.204,-6.963],[2.141,-6.956],[2.028,-7.005],[1.86,-7.132],[1.461,-7.533],[1.285,-7.68],[1.082,-7.92],[0.857,-8.124],[0.584,-8.321],[0.514,-8.356],[0.416,-8.37],[0.36,-8.433],[0.346,-8.468],[0.29,-8.51],[0.198,-8.546],[0.241,-8.531],[0.226,-8.539],[0.237,-8.648],[0.228,-8.656],[0.158,-8.674],[0.142,-8.56],[0.128,-8.56],[0.114,-8.701],[0.105,-8.709]]]]},"properties":{"abbr":"brain_outline","name":"outline of the section","plate":32,"ap_bregma_mm":-3.05}}]}
