{"type":"FeatureCollection","name":"GerbilAtlas plate 31","note":"Region extents cut from the atlas drawing (METHODS.md, Region extents). Coordinates are [ML, DV] in mm, ML positive to the right of the plate as printed, DV negative below the dorsal surface; AP is the plate bregma. traced_fraction is the share of each polygon boundary the atlas actually draws; below 0.5 the boundary is an estimate. no_drawn_outline marks a feature that lies only inside boundaries the atlas draws round more than one name and prints nothing within, so the whole of its outline is where the extraction cut it. Not a segmentation.","plate":31,"ap_bregma_mm":-2.7,"features":[{"type":"Feature","geometry":{"type":"MultiPolygon","coordinates":[[[[-0.7,-0.451],[-0.686,-0.451],[-0.672,-0.458],[-0.658,-0.466],[-0.623,-0.48],[-0.504,-0.529],[-0.504,-0.55],[-0.525,-0.571],[-0.546,-0.641],[-0.764,-1.063],[-0.904,-1.436],[-0.918,-1.513],[-1.044,-1.513],[-1.191,-1.542],[-1.402,-1.605],[-1.563,-1.626],[-1.612,-1.619],[-1.675,-1.176],[-1.794,-0.599],[-1.514,-0.472],[-1.324,-0.416],[-1.198,-0.395],[-1.044,-0.388],[-0.89,-0.402],[-0.7,-0.451]]],[[[1.34,-0.423],[1.361,-0.423],[1.396,-0.43],[1.424,-0.437],[1.487,-0.451],[1.515,-0.458],[1.578,-0.472],[1.606,-0.48],[1.606,-0.487],[1.543,-0.958],[1.501,-1.492],[1.312,-1.492],[1.038,-1.436],[0.926,-1.443],[0.653,-0.937],[0.45,-0.627],[0.379,-0.557],[0.393,-0.529],[0.477,-0.48],[0.562,-0.444],[0.716,-0.409],[0.842,-0.395],[1.102,-0.395],[1.34,-0.423]]],[[[1.34,-0.416],[1.361,-0.423],[1.34,-0.423],[1.34,-0.416]]],[[[-0.7,-0.444],[-0.686,-0.451],[-0.7,-0.451],[-0.7,-0.444]]]]},"properties":{"abbr":"RSD","name":"retrosplenial dysgranular cortex","plate":31,"ap_bregma_mm":-2.7,"area_mm2":2.0454,"traced_fraction":[1.0,1.0,1.0,1.0],"n_labels":2,"no_drawn_outline":false}},{"type":"Feature","geometry":{"type":"MultiPolygon","coordinates":[[[[1.606,-0.48],[1.845,-0.536],[1.873,-0.543],[1.901,-0.55],[1.936,-0.557],[1.964,-0.564],[1.992,-0.571],[2.027,-0.578],[2.055,-0.585],[2.216,-0.599],[2.216,-0.62],[2.553,-0.606],[2.763,-0.62],[2.665,-1.317],[2.623,-1.492],[2.602,-1.654],[2.223,-1.57],[1.761,-1.506],[1.501,-1.492],[1.543,-0.958],[1.606,-0.487],[1.606,-0.48]]],[[[-1.794,-0.599],[-1.675,-1.176],[-1.612,-1.619],[-1.633,-1.633],[-1.752,-1.647],[-1.927,-1.654],[-2.04,-1.654],[-2.271,-1.696],[-2.46,-1.71],[-2.755,-1.781],[-2.993,-1.865],[-3.07,-1.879],[-3.393,-0.93],[-3.407,-0.838],[-3.091,-0.768],[-3.084,-0.747],[-3.035,-0.747],[-2.951,-0.74],[-2.025,-0.655],[-1.955,-0.655],[-1.794,-0.599]]]]},"properties":{"abbr":"V2M","name":"secondary visual cortex, medial area","plate":31,"ap_bregma_mm":-2.7,"area_mm2":2.7597,"traced_fraction":[1.0,1.0],"n_labels":2,"no_drawn_outline":false}},{"type":"Feature","geometry":{"type":"MultiPolygon","coordinates":[[[[-0.504,-0.55],[-0.434,-0.571],[-0.301,-0.655],[-0.217,-0.754],[-0.139,-0.937],[-0.062,-1.246],[-0.027,-1.317],[0.001,-1.295],[0.022,-1.084],[0.085,-0.902],[0.218,-0.683],[0.316,-0.585],[0.379,-0.557],[0.45,-0.627],[0.653,-0.937],[0.926,-1.443],[0.842,-1.478],[0.751,-1.556],[0.583,-1.816],[0.463,-1.957],[0.442,-2.013],[0.358,-2.062],[0.239,-2.09],[0.239,-2.006],[0.106,-2.006],[0.106,-2.104],[-0.188,-2.097],[-0.21,-2.069],[-0.238,-2.069],[-0.245,-2.09],[-0.385,-2.083],[-0.462,-2.055],[-0.462,-2.041],[-0.581,-1.921],[-0.764,-1.612],[-0.82,-1.556],[-0.918,-1.513],[-0.904,-1.436],[-0.764,-1.063],[-0.546,-0.641],[-0.525,-0.571],[-0.504,-0.55]]]]},"properties":{"abbr":"RSGc","name":"retrosplenial granular cortex, c region","plate":31,"ap_bregma_mm":-2.7,"area_mm2":1.848,"traced_fraction":[0.957],"n_labels":2,"no_drawn_outline":false}},{"type":"Feature","geometry":{"type":"MultiPolygon","coordinates":[[[[2.763,-0.62],[3.016,-0.655],[3.485,-0.796],[3.499,-0.796],[3.52,-0.803],[3.541,-0.81],[3.556,-0.817],[3.577,-0.824],[3.619,-0.838],[3.64,-0.845],[3.675,-0.859],[3.696,-0.866],[3.717,-0.873],[3.717,-0.887],[3.738,-0.88],[3.752,-0.887],[3.752,-0.902],[3.78,-0.916],[4.151,-1.077],[4.166,-1.084],[4.201,-1.091],[4.201,-1.113],[4.39,-1.197],[4.432,-1.218],[4.453,-1.225],[4.446,-1.239],[4.467,-1.253],[4.488,-1.253],[4.6,-1.331],[4.635,-1.338],[4.684,-1.373],[4.698,-1.38],[4.712,-1.387],[4.712,-1.401],[4.397,-1.928],[4.13,-2.329],[4.124,-2.329],[3.738,-2.097],[3.471,-1.964],[3.45,-1.964],[3.415,-1.935],[3.212,-1.851],[3.205,-1.837],[2.602,-1.654],[2.623,-1.492],[2.665,-1.317],[2.763,-0.62]]],[[[3.485,-0.789],[3.499,-0.796],[3.485,-0.796],[3.485,-0.789]]],[[[-3.407,-0.838],[-3.393,-0.93],[-3.07,-1.879],[-3.351,-1.985],[-3.365,-1.985],[-3.365,-1.957],[-3.659,-1.957],[-3.666,-2.118],[-4.045,-2.294],[-4.22,-2.407],[-4.346,-2.47],[-4.5,-2.245],[-4.809,-1.71],[-4.956,-1.485],[-4.942,-1.457],[-4.69,-1.331],[-4.683,-1.317],[-4.662,-1.317],[-4.585,-1.267],[-4.423,-1.204],[-4.339,-1.155],[-4.178,-1.098],[-4.178,-1.084],[-4.157,-1.077],[-4.136,-1.07],[-3.792,-0.944],[-3.778,-0.951],[-3.407,-0.838]]]]},"properties":{"abbr":"V1","name":"primary visual cortex","plate":31,"ap_bregma_mm":-2.7,"area_mm2":3.7981,"traced_fraction":[1.0,1.0,0.923],"n_labels":2,"no_drawn_outline":false}},{"type":"Feature","geometry":{"type":"MultiPolygon","coordinates":[[[[1.501,-1.492],[1.761,-1.506],[1.754,-1.577],[1.62,-1.577],[1.592,-1.563],[1.291,-1.563],[1.109,-1.591],[1.017,-1.626],[0.982,-1.626],[0.849,-1.703],[0.59,-1.935],[0.52,-1.985],[0.442,-2.013],[0.463,-1.957],[0.583,-1.816],[0.751,-1.556],[0.842,-1.478],[0.926,-1.443],[1.038,-1.436],[1.312,-1.492],[1.501,-1.492]]],[[[-0.918,-1.513],[-0.82,-1.556],[-0.764,-1.612],[-0.581,-1.921],[-0.462,-2.041],[-0.462,-2.055],[-0.518,-2.048],[-0.588,-2.013],[-0.834,-1.809],[-0.946,-1.746],[-1.121,-1.703],[-1.345,-1.689],[-1.381,-1.675],[-1.745,-1.675],[-1.752,-1.647],[-1.633,-1.633],[-1.612,-1.619],[-1.563,-1.626],[-1.402,-1.605],[-1.191,-1.542],[-1.044,-1.513],[-0.918,-1.513]]]]},"properties":{"abbr":"cg","name":"cingulum","plate":31,"ap_bregma_mm":-2.7,"area_mm2":0.3433,"traced_fraction":[0.995,1.0],"n_labels":2,"no_drawn_outline":false}},{"type":"Feature","geometry":{"type":"MultiPolygon","coordinates":[[[[3.927,-2.576],[3.871,-2.646],[3.85,-2.646],[3.829,-2.618],[3.668,-2.505],[3.24,-2.294],[3.212,-2.294],[3.177,-2.266],[3.107,-2.252],[3.065,-2.224],[2.763,-2.111],[2.35,-1.992],[2.09,-1.935],[1.936,-1.914],[1.592,-1.914],[1.375,-1.964],[1.256,-2.027],[1.115,-2.132],[0.94,-2.336],[0.807,-2.604],[0.66,-2.744],[0.583,-2.772],[0.471,-2.772],[0.337,-2.73],[0.176,-2.723],[0.162,-2.709],[0.176,-2.66],[0.239,-2.618],[0.351,-2.618],[0.527,-2.646],[0.625,-2.611],[0.688,-2.547],[0.723,-2.477],[0.737,-2.477],[0.835,-2.287],[0.905,-2.189],[1.031,-2.062],[1.158,-1.964],[1.284,-1.893],[1.305,-1.893],[1.312,-1.879],[1.417,-1.844],[1.578,-1.816],[1.712,-1.809],[1.922,-1.816],[2.083,-1.851],[2.188,-1.858],[2.56,-1.949],[2.798,-2.027],[3.429,-2.287],[3.787,-2.47],[3.927,-2.576]]],[[[-0.294,-2.695],[-0.329,-2.695],[-0.42,-2.73],[-0.602,-2.758],[-0.749,-2.758],[-0.855,-2.73],[-0.904,-2.702],[-1.016,-2.589],[-1.1,-2.463],[-1.149,-2.357],[-1.233,-2.245],[-1.409,-2.118],[-1.57,-2.062],[-1.78,-2.034],[-2.18,-2.055],[-2.208,-2.069],[-2.285,-2.069],[-2.572,-2.125],[-3.091,-2.301],[-3.386,-2.449],[-3.589,-2.526],[-3.835,-2.653],[-4.115,-2.829],[-4.325,-3.004],[-4.339,-3.004],[-4.409,-2.927],[-4.381,-2.885],[-4.346,-2.871],[-4.297,-2.822],[-3.933,-2.582],[-3.68,-2.456],[-3.673,-2.442],[-3.477,-2.364],[-3.189,-2.224],[-2.867,-2.104],[-2.481,-1.992],[-2.229,-1.949],[-1.927,-1.921],[-1.612,-1.942],[-1.381,-2.013],[-1.226,-2.104],[-1.114,-2.21],[-0.953,-2.456],[-0.827,-2.576],[-0.714,-2.618],[-0.588,-2.618],[-0.441,-2.568],[-0.385,-2.568],[-0.315,-2.618],[-0.294,-2.653],[-0.294,-2.695]]],[[[4.299,-6.627],[4.418,-6.753],[4.432,-6.753],[4.39,-6.817],[4.292,-6.887],[4.145,-6.936],[4.039,-6.992],[3.857,-7.042],[3.38,-7.105],[3.331,-7.126],[3.24,-7.119],[3.17,-7.077],[3.184,-6.971],[3.422,-6.908],[3.661,-6.873],[3.675,-6.859],[3.92,-6.831],[4.088,-6.76],[4.194,-6.697],[4.278,-6.627],[4.299,-6.627]]],[[[-4.423,-6.732],[-4.346,-6.809],[-4.325,-6.809],[-4.297,-6.838],[-4.003,-6.957],[-3.715,-7.021],[-3.47,-7.042],[-3.281,-7.084],[-3.168,-7.091],[-3.091,-7.119],[-3.105,-7.21],[-3.133,-7.246],[-3.302,-7.253],[-3.442,-7.217],[-3.743,-7.196],[-3.849,-7.168],[-3.961,-7.161],[-4.22,-7.098],[-4.325,-7.063],[-4.5,-6.964],[-4.564,-6.908],[-4.599,-6.859],[-4.599,-6.838],[-4.423,-6.732]]]]},"properties":{"abbr":"CA1","name":"field CA1 of the hippocampus","plate":31,"ap_bregma_mm":-2.7,"area_mm2":1.4863,"traced_fraction":[1.0,0.998,1.0,1.0],"n_labels":4,"no_drawn_outline":false}},{"type":"Feature","geometry":{"type":"MultiPolygon","coordinates":[[[[4.712,-1.401],[4.734,-1.401],[4.747,-1.408],[4.747,-1.422],[4.839,-1.464],[5.126,-1.654],[5.154,-1.689],[5.252,-1.746],[5.322,-1.809],[5.385,-1.851],[5.406,-1.851],[5.421,-1.865],[5.449,-1.907],[5.343,-2.013],[5.343,-2.027],[5.294,-2.069],[5.252,-2.132],[5.196,-2.182],[5.028,-2.393],[4.909,-2.512],[4.909,-2.526],[4.853,-2.576],[4.853,-2.589],[4.677,-2.786],[4.663,-2.786],[4.621,-2.73],[4.453,-2.576],[4.13,-2.336],[4.13,-2.329],[4.397,-1.928],[4.712,-1.401]]],[[[-4.956,-1.485],[-4.809,-1.71],[-4.5,-2.245],[-4.346,-2.47],[-4.606,-2.667],[-4.739,-2.786],[-4.823,-2.702],[-4.977,-2.582],[-5.223,-2.343],[-5.237,-2.343],[-5.644,-1.942],[-5.644,-1.928],[-5.566,-1.879],[-5.566,-1.865],[-5.181,-1.598],[-5.132,-1.577],[-5.132,-1.563],[-5.111,-1.549],[-5.097,-1.556],[-5.089,-1.535],[-5.083,-1.535],[-5.068,-1.542],[-5.026,-1.506],[-4.956,-1.485]]]]},"properties":{"abbr":"V2L","name":"secondary visual cortex, lateral area","plate":31,"ap_bregma_mm":-2.7,"area_mm2":1.7149,"traced_fraction":[1.0,1.0],"n_labels":2,"no_drawn_outline":false}},{"type":"Feature","geometry":{"type":"MultiPolygon","coordinates":[[[[1.754,-1.577],[1.754,-1.633],[1.389,-1.654],[1.137,-1.717],[1.052,-1.76],[0.926,-1.851],[0.709,-2.083],[0.695,-2.083],[0.653,-2.132],[0.527,-2.231],[0.316,-2.343],[0.127,-2.393],[-0.266,-2.378],[-0.378,-2.357],[-0.525,-2.308],[-0.595,-2.266],[-0.616,-2.266],[-0.749,-2.175],[-1.016,-1.914],[-1.156,-1.83],[-1.275,-1.788],[-1.458,-1.753],[-1.57,-1.753],[-1.598,-1.738],[-1.927,-1.731],[-1.927,-1.654],[-1.752,-1.647],[-1.745,-1.675],[-1.381,-1.675],[-1.345,-1.689],[-1.121,-1.703],[-0.946,-1.746],[-0.834,-1.809],[-0.588,-2.013],[-0.539,-2.041],[-0.462,-2.055],[-0.385,-2.083],[-0.245,-2.09],[-0.188,-2.097],[0.106,-2.104],[0.183,-2.111],[0.19,-2.097],[0.239,-2.09],[0.358,-2.062],[0.442,-2.013],[0.541,-1.971],[0.702,-1.844],[0.849,-1.703],[0.982,-1.626],[1.017,-1.626],[1.109,-1.591],[1.291,-1.563],[1.592,-1.563],[1.62,-1.577],[1.754,-1.577]]]]},"properties":{"abbr":"scc","name":"splenium of the corpus callosum","plate":31,"ap_bregma_mm":-2.7,"area_mm2":0.6927,"traced_fraction":[0.992],"n_labels":1,"no_drawn_outline":false}},{"type":"Feature","geometry":{"type":"MultiPolygon","coordinates":[[[[3.871,-2.646],[3.885,-2.674],[3.899,-2.674],[4.187,-2.955],[4.173,-2.955],[4.151,-2.99],[4.201,-3.075],[4.215,-3.237],[4.201,-3.258],[4.137,-3.265],[4.124,-3.279],[4.109,-3.356],[4.032,-3.335],[3.983,-3.3],[4.004,-3.251],[3.899,-3.237],[3.822,-3.223],[3.731,-3.18],[3.647,-3.131],[3.548,-3.096],[3.541,-3.082],[3.45,-3.061],[3.366,-3.012],[3.114,-2.941],[3.093,-2.927],[3.1,-2.906],[3.205,-2.906],[3.31,-2.941],[3.443,-2.962],[3.556,-2.948],[3.59,-2.906],[3.59,-2.843],[3.556,-2.779],[3.527,-2.737],[3.499,-2.73],[3.394,-2.639],[3.338,-2.611],[3.338,-2.526],[3.163,-2.526],[3.135,-2.498],[3.002,-2.435],[2.939,-2.428],[2.931,-2.407],[2.897,-2.393],[2.342,-2.217],[2.055,-2.175],[1.712,-2.168],[1.585,-2.189],[1.452,-2.231],[1.27,-2.336],[1.109,-2.505],[0.947,-2.751],[0.856,-2.85],[0.856,-2.864],[0.786,-2.927],[0.702,-2.976],[0.646,-2.99],[0.484,-2.99],[0.379,-2.969],[0.246,-2.913],[0.211,-2.913],[0.148,-2.878],[0.092,-2.822],[0.036,-2.744],[-0.048,-2.547],[-0.083,-2.519],[-0.083,-2.505],[0.001,-2.505],[0.001,-2.533],[0.015,-2.54],[0.043,-2.618],[0.085,-2.667],[0.12,-2.751],[0.148,-2.758],[0.155,-2.73],[0.176,-2.723],[0.295,-2.723],[0.471,-2.772],[0.583,-2.772],[0.66,-2.744],[0.807,-2.604],[0.94,-2.336],[1.115,-2.132],[1.256,-2.027],[1.375,-1.964],[1.592,-1.914],[1.936,-1.914],[2.09,-1.935],[2.35,-1.992],[2.763,-2.111],[3.065,-2.224],[3.107,-2.252],[3.177,-2.266],[3.212,-2.294],[3.24,-2.294],[3.668,-2.505],[3.829,-2.618],[3.85,-2.646],[3.871,-2.646]]],[[[-0.294,-2.695],[-0.294,-2.723],[-0.294,-2.758],[-0.266,-2.822],[-0.294,-2.843],[-0.329,-2.843],[-0.413,-2.913],[-0.588,-2.983],[-0.693,-3.004],[-0.799,-2.99],[-0.967,-2.899],[-1.079,-2.793],[-1.135,-2.758],[-1.43,-2.456],[-1.598,-2.357],[-1.78,-2.301],[-1.998,-2.301],[-2.061,-2.315],[-2.264,-2.322],[-2.678,-2.421],[-3.133,-2.576],[-3.231,-2.632],[-3.252,-2.632],[-3.267,-2.653],[-3.295,-2.653],[-3.358,-2.688],[-3.456,-2.716],[-3.547,-2.772],[-3.624,-2.801],[-3.659,-2.836],[-3.75,-2.878],[-3.954,-3.019],[-4.024,-3.089],[-4.024,-3.131],[-4.01,-3.145],[-3.982,-3.201],[-3.841,-3.194],[-3.666,-3.138],[-3.617,-3.11],[-3.463,-3.068],[-3.323,-3.004],[-3.309,-3.019],[-3.203,-3.019],[-3.091,-2.969],[-3.042,-2.969],[-3.028,-2.997],[-3.21,-3.089],[-3.589,-3.223],[-3.694,-3.286],[-3.75,-3.293],[-3.771,-3.307],[-3.778,-3.349],[-3.94,-3.441],[-3.954,-3.412],[-3.968,-3.412],[-3.982,-3.433],[-4.038,-3.462],[-4.017,-3.49],[-4.024,-3.504],[-4.143,-3.574],[-4.171,-3.553],[-4.276,-3.616],[-4.395,-3.652],[-4.466,-3.652],[-4.508,-3.63],[-4.557,-3.588],[-4.571,-3.497],[-4.564,-3.363],[-4.592,-3.342],[-4.592,-3.314],[-4.529,-3.258],[-4.487,-3.18],[-4.325,-3.004],[-4.115,-2.829],[-3.835,-2.653],[-3.589,-2.526],[-3.386,-2.449],[-3.091,-2.301],[-2.572,-2.125],[-2.285,-2.069],[-2.208,-2.069],[-2.18,-2.055],[-1.78,-2.034],[-1.57,-2.062],[-1.409,-2.118],[-1.233,-2.245],[-1.149,-2.357],[-1.1,-2.463],[-1.016,-2.589],[-0.904,-2.702],[-0.855,-2.73],[-0.749,-2.758],[-0.602,-2.758],[-0.42,-2.73],[-0.329,-2.695],[-0.294,-2.695]]],[[[4.201,-5.966],[4.404,-5.973],[4.411,-5.98],[4.425,-5.987],[4.439,-5.994],[4.474,-6.029],[4.509,-6.148],[4.523,-6.148],[4.509,-6.282],[4.411,-6.493],[4.299,-6.613],[4.299,-6.627],[4.278,-6.627],[4.194,-6.697],[4.088,-6.76],[3.92,-6.831],[3.675,-6.859],[3.661,-6.873],[3.422,-6.908],[3.184,-6.971],[2.84,-6.999],[2.812,-6.866],[2.84,-6.831],[2.918,-6.781],[2.981,-6.718],[2.981,-6.704],[3.002,-6.704],[3.016,-6.718],[3.037,-6.704],[3.058,-6.683],[3.065,-6.634],[3.086,-6.627],[3.17,-6.535],[3.184,-6.535],[3.205,-6.57],[3.24,-6.563],[3.45,-6.402],[3.584,-6.331],[3.941,-6.078],[4.109,-5.987],[4.201,-5.966]]],[[[-4.43,-6.12],[-4.402,-6.162],[-4.262,-6.148],[-4.073,-6.205],[-3.856,-6.324],[-3.729,-6.416],[-3.708,-6.416],[-3.638,-6.458],[-3.498,-6.563],[-3.231,-6.711],[-3.189,-6.746],[-3.168,-6.746],[-3.119,-6.781],[-3.091,-6.781],[-3.077,-6.753],[-3.028,-6.774],[-3.0,-6.809],[-3.021,-6.809],[-3.021,-6.824],[-2.986,-6.831],[-2.776,-6.929],[-2.502,-7.105],[-2.474,-7.14],[-2.551,-7.147],[-2.678,-7.119],[-3.091,-7.119],[-3.168,-7.091],[-3.281,-7.084],[-3.47,-7.042],[-3.715,-7.021],[-4.003,-6.957],[-4.297,-6.838],[-4.325,-6.809],[-4.346,-6.809],[-4.423,-6.732],[-4.5,-6.598],[-4.543,-6.437],[-4.543,-6.381],[-4.529,-6.289],[-4.515,-6.282],[-4.508,-6.275],[-4.451,-6.212],[-4.487,-6.177],[-4.487,-6.162],[-4.43,-6.12]]]]},"properties":{"abbr":"Rad","name":"radiatum layer of the hippocampus","plate":31,"ap_bregma_mm":-2.7,"area_mm2":4.5765,"traced_fraction":[0.978,0.995,0.967,0.999],"n_labels":4,"no_drawn_outline":false}},{"type":"Feature","geometry":{"type":"MultiPolygon","coordinates":[[[[3.556,-2.779],[3.59,-2.843],[3.59,-2.906],[3.556,-2.948],[3.443,-2.962],[3.31,-2.941],[3.205,-2.906],[3.1,-2.906],[3.037,-2.906],[2.833,-2.864],[2.714,-2.822],[2.665,-2.779],[2.693,-2.737],[2.553,-2.688],[2.413,-2.681],[2.378,-2.667],[1.922,-2.646],[1.817,-2.667],[1.529,-2.808],[1.466,-2.85],[1.487,-2.906],[1.431,-2.941],[1.41,-2.941],[1.396,-2.913],[1.361,-2.815],[1.277,-2.737],[1.277,-2.66],[1.277,-2.646],[1.291,-2.646],[1.389,-2.554],[1.578,-2.442],[1.768,-2.378],[1.985,-2.364],[2.321,-2.407],[2.476,-2.449],[2.847,-2.582],[2.995,-2.653],[3.002,-2.667],[3.023,-2.667],[3.03,-2.681],[3.268,-2.786],[3.338,-2.801],[3.506,-2.801],[3.556,-2.779]]],[[[-1.142,-2.969],[-1.107,-3.18],[-1.226,-3.286],[-1.247,-3.342],[-1.528,-3.328],[-1.619,-3.3],[-1.787,-3.286],[-1.836,-3.272],[-1.85,-3.293],[-1.998,-3.265],[-2.019,-3.244],[-2.306,-3.244],[-2.516,-3.251],[-2.565,-3.265],[-2.902,-3.272],[-2.902,-3.244],[-2.867,-3.201],[-2.776,-3.187],[-2.664,-3.131],[-2.551,-3.103],[-2.474,-3.068],[-2.145,-3.012],[-2.019,-3.012],[-1.836,-3.047],[-1.668,-3.054],[-1.556,-3.089],[-1.415,-3.166],[-1.345,-3.166],[-1.296,-3.11],[-1.31,-3.019],[-1.36,-2.962],[-1.465,-2.892],[-1.682,-2.85],[-1.85,-2.751],[-1.955,-2.709],[-2.131,-2.702],[-2.404,-2.716],[-2.58,-2.737],[-2.769,-2.779],[-3.161,-2.913],[-3.267,-2.969],[-3.309,-2.976],[-3.323,-3.004],[-3.463,-3.068],[-3.491,-3.068],[-3.841,-3.194],[-3.982,-3.201],[-4.01,-3.145],[-3.841,-3.103],[-3.393,-2.885],[-3.337,-2.871],[-3.267,-2.829],[-2.972,-2.702],[-2.636,-2.597],[-2.544,-2.582],[-2.53,-2.568],[-2.194,-2.512],[-2.04,-2.505],[-1.885,-2.519],[-1.598,-2.604],[-1.415,-2.709],[-1.275,-2.829],[-1.205,-2.871],[-1.156,-2.92],[-1.142,-2.969]]]]},"properties":{"abbr":"MoDG","name":"molecular layer of the dentate gyrus","plate":31,"ap_bregma_mm":-2.7,"area_mm2":1.3989,"traced_fraction":[0.969,1.0],"n_labels":2,"no_drawn_outline":false}},{"type":"Feature","geometry":{"type":"MultiPolygon","coordinates":[[[[5.449,-1.907],[5.491,-1.921],[5.498,-1.942],[5.519,-1.942],[5.526,-1.949],[5.526,-1.964],[5.547,-1.964],[5.568,-1.985],[5.589,-1.999],[5.589,-2.013],[5.652,-2.048],[5.652,-2.062],[5.729,-2.111],[5.757,-2.146],[5.771,-2.146],[5.771,-2.161],[5.82,-2.182],[5.862,-2.224],[5.876,-2.252],[5.897,-2.252],[5.904,-2.259],[5.904,-2.273],[5.967,-2.322],[6.052,-2.421],[6.038,-2.421],[5.967,-2.505],[5.953,-2.505],[5.904,-2.561],[5.89,-2.561],[5.68,-2.758],[5.617,-2.801],[5.498,-2.92],[5.484,-2.92],[5.449,-2.962],[5.28,-3.089],[5.231,-3.145],[5.098,-3.244],[5.084,-3.244],[5.077,-3.223],[5.021,-3.173],[4.965,-3.089],[4.909,-3.047],[4.691,-2.822],[4.677,-2.786],[4.853,-2.589],[4.853,-2.576],[4.909,-2.526],[4.909,-2.512],[5.028,-2.393],[5.196,-2.182],[5.252,-2.132],[5.294,-2.069],[5.343,-2.027],[5.343,-2.013],[5.449,-1.907]]],[[[-5.644,-1.942],[-5.237,-2.343],[-5.223,-2.343],[-4.977,-2.582],[-4.823,-2.702],[-4.739,-2.786],[-4.907,-2.948],[-4.907,-2.962],[-4.963,-3.012],[-4.963,-3.026],[-5.019,-3.075],[-5.019,-3.089],[-5.188,-3.279],[-6.022,-2.625],[-6.162,-2.491],[-6.218,-2.456],[-6.225,-2.435],[-6.197,-2.421],[-6.197,-2.4],[-6.085,-2.294],[-6.078,-2.301],[-6.015,-2.238],[-6.022,-2.231],[-6.008,-2.224],[-6.001,-2.231],[-6.001,-2.217],[-5.938,-2.153],[-5.924,-2.161],[-5.889,-2.118],[-5.84,-2.09],[-5.84,-2.076],[-5.735,-2.006],[-5.735,-1.992],[-5.644,-1.942]]]]},"properties":{"abbr":"PtP","name":"parietal cortex, posterior area","plate":31,"ap_bregma_mm":-2.7,"area_mm2":1.8088,"traced_fraction":[1.0,1.0],"n_labels":2,"no_drawn_outline":false}},{"type":"Feature","geometry":{"type":"MultiPolygon","coordinates":[[[[2.665,-2.779],[2.399,-2.73],[2.336,-2.765],[2.342,-2.793],[2.399,-2.836],[2.378,-2.857],[2.385,-2.892],[2.364,-2.892],[2.153,-2.822],[1.824,-2.815],[1.655,-2.836],[1.487,-2.906],[1.466,-2.85],[1.529,-2.808],[1.817,-2.667],[1.922,-2.646],[2.378,-2.667],[2.413,-2.681],[2.553,-2.688],[2.693,-2.737],[2.665,-2.779]]],[[[-2.699,-3.054],[-2.706,-3.026],[-2.636,-2.962],[-2.636,-2.927],[-2.678,-2.913],[-2.776,-2.927],[-3.028,-2.997],[-3.042,-2.969],[-2.993,-2.934],[-2.853,-2.885],[-2.572,-2.822],[-2.404,-2.808],[-2.334,-2.786],[-2.089,-2.786],[-1.97,-2.801],[-1.661,-2.934],[-1.64,-2.955],[-1.647,-2.969],[-1.801,-2.969],[-2.012,-2.941],[-2.348,-2.955],[-2.411,-2.962],[-2.664,-3.054],[-2.699,-3.054]]]]},"properties":{"abbr":"PoDG","name":"polymorph layer of the dentate gyrus","plate":31,"ap_bregma_mm":-2.7,"area_mm2":0.3206,"traced_fraction":[0.993,0.998],"n_labels":2,"no_drawn_outline":false}},{"type":"Feature","geometry":{"type":"MultiPolygon","coordinates":[[[[3.556,-2.779],[3.506,-2.801],[3.338,-2.801],[3.268,-2.786],[3.03,-2.681],[3.023,-2.667],[3.002,-2.667],[2.995,-2.653],[2.847,-2.582],[2.476,-2.449],[2.321,-2.407],[1.985,-2.364],[1.768,-2.378],[1.578,-2.442],[1.389,-2.554],[1.291,-2.646],[1.277,-2.646],[1.277,-2.66],[1.263,-2.66],[0.933,-2.99],[0.884,-3.054],[0.856,-3.124],[0.842,-3.124],[0.821,-3.089],[0.765,-3.061],[0.632,-3.075],[0.562,-3.103],[0.386,-3.068],[0.267,-2.997],[0.218,-2.948],[0.211,-2.913],[0.246,-2.913],[0.379,-2.969],[0.484,-2.99],[0.646,-2.99],[0.702,-2.976],[0.786,-2.927],[0.856,-2.864],[0.856,-2.85],[0.947,-2.751],[1.109,-2.505],[1.27,-2.336],[1.452,-2.231],[1.585,-2.189],[1.712,-2.168],[2.055,-2.175],[2.342,-2.217],[2.897,-2.393],[2.931,-2.407],[2.939,-2.428],[3.037,-2.449],[3.135,-2.498],[3.163,-2.526],[3.338,-2.526],[3.338,-2.611],[3.394,-2.639],[3.478,-2.716],[3.527,-2.737],[3.556,-2.779]]],[[[-0.294,-2.843],[-0.315,-2.892],[-0.378,-2.934],[-0.399,-2.969],[-0.427,-2.969],[-0.504,-3.026],[-0.595,-3.054],[-0.644,-3.089],[-0.686,-3.096],[-0.777,-3.082],[-0.904,-3.04],[-1.058,-2.955],[-1.142,-2.969],[-1.156,-2.92],[-1.205,-2.871],[-1.275,-2.829],[-1.415,-2.709],[-1.598,-2.604],[-1.885,-2.519],[-2.04,-2.505],[-2.194,-2.512],[-2.53,-2.568],[-2.544,-2.582],[-2.636,-2.597],[-2.972,-2.702],[-3.175,-2.786],[-3.337,-2.871],[-3.393,-2.885],[-3.841,-3.103],[-4.01,-3.145],[-4.024,-3.131],[-4.024,-3.089],[-3.954,-3.019],[-3.75,-2.878],[-3.659,-2.836],[-3.624,-2.801],[-3.603,-2.801],[-3.456,-2.716],[-3.358,-2.688],[-3.295,-2.653],[-3.267,-2.653],[-3.252,-2.632],[-3.231,-2.632],[-3.133,-2.576],[-2.678,-2.421],[-2.264,-2.322],[-2.061,-2.315],[-1.998,-2.301],[-1.78,-2.301],[-1.598,-2.357],[-1.43,-2.456],[-1.135,-2.758],[-1.121,-2.758],[-0.967,-2.899],[-0.799,-2.99],[-0.693,-3.004],[-0.588,-2.983],[-0.413,-2.913],[-0.329,-2.843],[-0.294,-2.843]]]]},"properties":{"abbr":"LMol","name":"lacunosum moleculare layer of the hippocampus","plate":31,"ap_bregma_mm":-2.7,"area_mm2":1.3102,"traced_fraction":[0.972,1.0],"n_labels":2,"no_drawn_outline":false}},{"type":"Feature","geometry":{"type":"MultiPolygon","coordinates":[[[[1.277,-2.66],[1.277,-2.737],[1.361,-2.815],[1.396,-2.913],[1.375,-2.913],[1.305,-2.99],[1.277,-2.99],[1.235,-2.934],[1.207,-2.941],[1.207,-2.955],[1.165,-2.983],[1.151,-3.019],[1.151,-3.082],[1.179,-3.103],[1.27,-3.103],[1.312,-3.089],[1.585,-2.934],[1.733,-2.892],[2.111,-2.899],[2.209,-2.913],[2.434,-2.99],[2.581,-3.019],[2.623,-3.04],[2.651,-3.082],[2.539,-3.103],[2.392,-3.103],[2.223,-3.124],[2.055,-3.117],[1.726,-3.152],[1.298,-3.293],[1.179,-3.321],[1.123,-3.321],[0.947,-3.237],[0.877,-3.166],[0.856,-3.124],[0.884,-3.054],[0.933,-2.99],[1.263,-2.66],[1.277,-2.66]]],[[[-2.867,-3.201],[-2.867,-3.18],[-2.832,-3.131],[-2.699,-3.054],[-2.664,-3.054],[-2.411,-2.962],[-2.348,-2.955],[-2.012,-2.941],[-1.801,-2.969],[-1.647,-2.969],[-1.64,-2.955],[-1.661,-2.934],[-1.97,-2.801],[-2.089,-2.786],[-2.334,-2.786],[-2.404,-2.808],[-2.572,-2.822],[-2.853,-2.885],[-2.993,-2.934],[-3.042,-2.969],[-3.091,-2.969],[-3.203,-3.019],[-3.309,-3.019],[-3.323,-3.004],[-3.309,-2.976],[-3.267,-2.969],[-3.161,-2.913],[-2.769,-2.779],[-2.58,-2.737],[-2.404,-2.716],[-2.131,-2.702],[-1.955,-2.709],[-1.85,-2.751],[-1.682,-2.85],[-1.465,-2.892],[-1.36,-2.962],[-1.31,-3.019],[-1.296,-3.11],[-1.345,-3.166],[-1.415,-3.166],[-1.556,-3.089],[-1.668,-3.054],[-1.836,-3.047],[-2.019,-3.012],[-2.145,-3.012],[-2.474,-3.068],[-2.488,-3.082],[-2.664,-3.131],[-2.776,-3.187],[-2.867,-3.201]]],[[[2.321,-6.943],[2.329,-6.992],[2.3,-7.056],[2.3,-7.098],[2.329,-7.161],[2.357,-7.189],[2.35,-7.302],[2.287,-7.309],[2.237,-7.281],[2.237,-7.267],[2.195,-7.232],[2.181,-7.189],[2.195,-7.042],[2.209,-7.006],[2.287,-6.964],[2.3,-6.943],[2.321,-6.943]]],[[[-2.25,-7.021],[-2.208,-7.034],[-2.124,-7.133],[-2.131,-7.196],[-2.096,-7.323],[-2.096,-7.393],[-2.11,-7.471],[-2.138,-7.513],[-2.194,-7.513],[-2.229,-7.492],[-2.25,-7.435],[-2.25,-7.365],[-2.222,-7.288],[-2.222,-7.168],[-2.257,-7.07],[-2.25,-7.021]]]]},"properties":{"abbr":"GrDG","name":"granular layer of the dentate gyrus","plate":31,"ap_bregma_mm":-2.7,"area_mm2":0.8536,"traced_fraction":[0.964,0.999,1.0,1.0],"n_labels":4,"no_drawn_outline":false}},{"type":"Feature","geometry":{"type":"MultiPolygon","coordinates":[[[[6.052,-2.421],[6.129,-2.47],[6.129,-2.484],[6.143,-2.484],[6.143,-2.498],[6.157,-2.498],[6.157,-2.512],[6.199,-2.54],[6.241,-2.597],[6.255,-2.597],[6.255,-2.611],[6.311,-2.66],[6.311,-2.674],[6.325,-2.674],[6.374,-2.744],[6.388,-2.744],[6.416,-2.793],[6.444,-2.808],[6.472,-2.857],[6.507,-2.878],[6.599,-2.997],[6.458,-3.11],[5.449,-3.785],[5.427,-3.764],[5.329,-3.553],[5.21,-3.384],[5.112,-3.279],[5.098,-3.244],[5.231,-3.145],[5.28,-3.089],[5.449,-2.962],[5.484,-2.92],[5.498,-2.92],[5.617,-2.801],[5.631,-2.801],[5.785,-2.653],[5.799,-2.653],[5.841,-2.604],[5.967,-2.505],[6.038,-2.421],[6.052,-2.421]]],[[[-6.225,-2.428],[-6.225,-2.435],[-6.218,-2.456],[-6.162,-2.491],[-6.022,-2.625],[-5.188,-3.279],[-5.328,-3.539],[-5.433,-3.687],[-5.503,-3.82],[-6.12,-3.469],[-6.253,-3.37],[-6.387,-3.3],[-6.443,-3.251],[-6.751,-3.054],[-6.751,-3.026],[-6.723,-3.004],[-6.702,-2.955],[-6.688,-2.955],[-6.639,-2.878],[-6.625,-2.878],[-6.604,-2.85],[-6.611,-2.843],[-6.597,-2.829],[-6.59,-2.836],[-6.548,-2.772],[-6.534,-2.772],[-6.478,-2.695],[-6.45,-2.681],[-6.408,-2.618],[-6.337,-2.561],[-6.337,-2.547],[-6.267,-2.484],[-6.274,-2.477],[-6.225,-2.428]]]]},"properties":{"abbr":"AuD","name":"secondary auditory cortex, dorsal area","plate":31,"ap_bregma_mm":-2.7,"area_mm2":1.9731,"traced_fraction":[1.0,1.0],"n_labels":2,"no_drawn_outline":false}},{"type":"Feature","geometry":{"type":"MultiPolygon","coordinates":[[[[-0.083,-2.519],[-0.048,-2.547],[0.05,-2.765],[0.148,-2.878],[0.211,-2.913],[0.218,-2.948],[0.267,-2.997],[0.386,-3.068],[0.372,-3.11],[0.302,-3.173],[0.19,-3.23],[0.12,-3.237],[0.071,-3.293],[0.043,-3.286],[-0.041,-3.208],[-0.083,-3.194],[-0.154,-3.159],[-0.245,-3.159],[-0.301,-3.18],[-0.427,-3.194],[-0.462,-3.166],[-0.455,-3.11],[-0.385,-3.033],[-0.385,-2.99],[-0.399,-2.969],[-0.378,-2.934],[-0.315,-2.892],[-0.294,-2.843],[-0.266,-2.822],[-0.252,-2.822],[-0.203,-2.765],[-0.182,-2.765],[-0.182,-2.737],[-0.083,-2.519]]],[[[0.036,-6.169],[0.064,-6.24],[0.071,-6.465],[0.092,-6.57],[0.085,-6.598],[0.099,-6.613],[0.106,-6.831],[0.099,-7.238],[0.106,-7.379],[0.12,-7.386],[0.106,-7.421],[0.12,-7.639],[0.113,-7.97],[0.141,-8.378],[0.197,-8.512],[0.267,-8.561],[0.246,-8.631],[0.106,-8.737],[-0.006,-8.779],[-0.097,-8.772],[-0.097,-8.744],[-0.062,-8.687],[-0.034,-8.582],[-0.027,-8.195],[-0.055,-7.977],[-0.055,-7.653],[-0.055,-7.421],[-0.069,-6.838],[-0.097,-6.577],[-0.083,-6.542],[-0.076,-6.219],[-0.041,-6.162],[-0.027,-6.148],[0.008,-6.148],[0.036,-6.169]]]]},"properties":{"abbr":"3V","name":"3rd ventricle","plate":31,"ap_bregma_mm":-2.7,"area_mm2":0.7585,"traced_fraction":[1.0,1.0],"n_labels":2,"no_drawn_outline":false}},{"type":"Feature","geometry":{"type":"MultiPolygon","coordinates":[[[[2.665,-2.779],[2.7,-2.815],[2.833,-2.864],[3.037,-2.906],[3.1,-2.906],[3.093,-2.927],[3.114,-2.941],[3.366,-3.012],[3.45,-3.061],[3.541,-3.082],[3.548,-3.096],[3.647,-3.131],[3.731,-3.18],[3.724,-3.286],[3.584,-3.237],[3.485,-3.18],[3.415,-3.166],[3.394,-3.145],[3.366,-3.145],[3.17,-3.068],[3.016,-3.033],[2.805,-3.012],[2.602,-2.913],[2.399,-2.836],[2.336,-2.779],[2.357,-2.744],[2.399,-2.73],[2.665,-2.779]]],[[[-2.706,-3.026],[-2.832,-3.075],[-2.972,-3.159],[-3.582,-3.377],[-3.68,-3.441],[-3.729,-3.455],[-3.841,-3.546],[-4.01,-3.637],[-4.024,-3.504],[-4.017,-3.49],[-3.94,-3.441],[-3.778,-3.349],[-3.771,-3.307],[-3.75,-3.293],[-3.694,-3.286],[-3.589,-3.223],[-3.21,-3.089],[-3.028,-2.997],[-2.776,-2.927],[-2.678,-2.913],[-2.636,-2.927],[-2.636,-2.962],[-2.706,-3.026]]],[[[3.114,-6.409],[3.156,-6.465],[3.191,-6.465],[3.219,-6.493],[3.184,-6.535],[3.17,-6.535],[3.086,-6.627],[3.065,-6.634],[3.058,-6.683],[3.037,-6.704],[3.002,-6.704],[2.981,-6.704],[2.981,-6.718],[2.918,-6.781],[2.84,-6.831],[2.812,-6.866],[2.784,-6.873],[2.784,-6.887],[2.735,-6.908],[2.728,-6.929],[2.679,-6.95],[2.609,-7.006],[2.518,-7.006],[2.504,-6.971],[2.525,-6.929],[2.595,-6.859],[2.609,-6.859],[2.665,-6.788],[2.742,-6.746],[3.072,-6.43],[3.114,-6.409]]],[[[-3.274,-6.465],[-3.126,-6.57],[-3.021,-6.62],[-2.776,-6.781],[-2.664,-6.838],[-2.495,-6.964],[-2.432,-6.985],[-2.432,-6.999],[-2.376,-7.042],[-2.355,-7.084],[-2.355,-7.133],[-2.369,-7.154],[-2.425,-7.175],[-2.474,-7.14],[-2.502,-7.105],[-2.776,-6.929],[-2.986,-6.831],[-3.0,-6.809],[-3.028,-6.774],[-3.077,-6.753],[-3.224,-6.648],[-3.267,-6.634],[-3.295,-6.598],[-3.274,-6.535],[-3.274,-6.465]]]]},"properties":{"abbr":"CA3","name":"field CA3 of the hippocampus","plate":31,"ap_bregma_mm":-2.7,"area_mm2":0.6493,"traced_fraction":[0.987,0.98,0.946,0.96],"n_labels":4,"no_drawn_outline":false}},{"type":"Feature","geometry":{"type":"MultiPolygon","coordinates":[[[[3.927,-2.576],[4.046,-2.646],[4.145,-2.723],[4.285,-2.857],[4.32,-2.913],[4.299,-2.913],[4.271,-2.948],[4.222,-2.976],[4.187,-2.955],[3.899,-2.674],[3.885,-2.674],[3.871,-2.646],[3.927,-2.576]]],[[[-4.409,-2.927],[-4.339,-3.004],[-4.325,-3.004],[-4.487,-3.18],[-4.529,-3.258],[-4.592,-3.314],[-4.592,-3.342],[-4.62,-3.356],[-4.641,-3.405],[-4.767,-3.342],[-4.739,-3.279],[-4.683,-3.216],[-4.641,-3.138],[-4.487,-2.969],[-4.43,-2.927],[-4.409,-2.927]]],[[[4.509,-6.282],[4.712,-6.359],[4.572,-6.613],[4.432,-6.753],[4.418,-6.753],[4.299,-6.627],[4.299,-6.613],[4.411,-6.493],[4.509,-6.282]]],[[[-4.543,-6.381],[-4.543,-6.437],[-4.5,-6.598],[-4.423,-6.732],[-4.599,-6.838],[-4.697,-6.732],[-4.788,-6.535],[-4.823,-6.423],[-4.669,-6.387],[-4.543,-6.381]]]]},"properties":{"abbr":"CA2","name":"field CA2 of the hippocampus","plate":31,"ap_bregma_mm":-2.7,"area_mm2":0.3354,"traced_fraction":[1.0,1.0,1.0,0.995],"n_labels":4,"no_drawn_outline":false}},{"type":"Feature","geometry":{"type":"MultiPolygon","coordinates":[[[[-0.686,-3.096],[-0.728,-3.173],[-0.764,-3.3],[-0.785,-3.321],[-0.785,-3.405],[-0.813,-3.532],[-0.848,-3.567],[-0.883,-3.56],[-0.918,-3.525],[-0.981,-3.504],[-1.03,-3.462],[-1.177,-3.405],[-1.247,-3.342],[-1.226,-3.286],[-1.107,-3.18],[-1.142,-2.969],[-1.058,-2.955],[-0.904,-3.04],[-0.777,-3.082],[-0.686,-3.096]]],[[[0.856,-3.124],[0.877,-3.166],[0.947,-3.237],[1.123,-3.321],[1.094,-3.37],[0.94,-3.412],[0.905,-3.441],[0.905,-3.455],[0.884,-3.455],[0.821,-3.497],[0.772,-3.546],[0.758,-3.602],[0.751,-3.602],[0.695,-3.546],[0.681,-3.483],[0.688,-3.427],[0.583,-3.251],[0.569,-3.138],[0.541,-3.124],[0.52,-3.145],[0.513,-3.152],[0.421,-3.152],[0.365,-3.216],[0.302,-3.258],[0.155,-3.307],[0.127,-3.363],[0.099,-3.384],[0.043,-3.377],[-0.02,-3.307],[-0.048,-3.3],[-0.111,-3.258],[-0.083,-3.194],[-0.041,-3.208],[0.043,-3.286],[0.071,-3.293],[0.12,-3.237],[0.19,-3.23],[0.302,-3.173],[0.372,-3.11],[0.386,-3.068],[0.562,-3.103],[0.632,-3.075],[0.765,-3.061],[0.821,-3.089],[0.835,-3.117],[0.856,-3.124]]]]},"properties":{"abbr":"hif","name":"hippocampal fissure","plate":31,"ap_bregma_mm":-2.7,"area_mm2":0.3968,"traced_fraction":[1.0,0.998],"n_labels":2,"no_drawn_outline":false}},{"type":"Feature","geometry":{"type":"MultiPolygon","coordinates":[[[[4.187,-2.955],[4.222,-2.976],[4.222,-3.004],[4.264,-3.068],[4.32,-3.201],[4.313,-3.307],[4.257,-3.37],[4.179,-3.377],[4.109,-3.356],[4.124,-3.279],[4.137,-3.265],[4.201,-3.258],[4.215,-3.237],[4.201,-3.075],[4.151,-2.99],[4.151,-2.976],[4.187,-2.955]]],[[[-4.592,-3.342],[-4.564,-3.363],[-4.571,-3.497],[-4.557,-3.588],[-4.508,-3.63],[-4.466,-3.652],[-4.395,-3.652],[-4.276,-3.616],[-4.171,-3.553],[-4.143,-3.574],[-4.234,-3.644],[-4.332,-3.687],[-4.473,-3.778],[-4.564,-3.806],[-4.634,-3.799],[-4.676,-3.764],[-4.69,-3.722],[-4.676,-3.532],[-4.641,-3.405],[-4.62,-3.356],[-4.592,-3.342]]],[[[4.523,-6.148],[4.509,-6.148],[4.474,-6.029],[4.439,-5.994],[4.425,-5.987],[4.411,-5.98],[4.404,-5.973],[4.201,-5.966],[4.173,-5.86],[4.201,-5.839],[4.271,-5.825],[4.39,-5.825],[4.46,-5.853],[4.509,-5.916],[4.544,-6.008],[4.544,-6.106],[4.523,-6.148]]],[[[-3.295,-6.598],[-3.267,-6.634],[-3.224,-6.648],[-3.077,-6.753],[-3.091,-6.781],[-3.119,-6.781],[-3.168,-6.746],[-3.189,-6.746],[-3.231,-6.711],[-3.498,-6.563],[-3.596,-6.486],[-3.708,-6.416],[-3.729,-6.416],[-3.856,-6.324],[-4.073,-6.205],[-4.262,-6.148],[-4.402,-6.162],[-4.43,-6.12],[-4.353,-6.078],[-4.143,-6.106],[-4.08,-6.148],[-3.82,-6.268],[-3.778,-6.31],[-3.645,-6.373],[-3.414,-6.521],[-3.358,-6.57],[-3.295,-6.598]]]]},"properties":{"abbr":"SLu","name":"stratum lucidum of the hippocampus","plate":31,"ap_bregma_mm":-2.7,"area_mm2":0.2761,"traced_fraction":[0.97,0.976,0.849,1.0],"n_labels":4,"no_drawn_outline":false}},{"type":"Feature","geometry":{"type":"MultiPolygon","coordinates":[[[[-0.644,-3.089],[-0.637,-3.152],[-0.602,-3.23],[-0.637,-3.462],[-0.665,-3.49],[-0.686,-3.581],[-0.714,-3.63],[-0.743,-3.652],[-0.827,-3.652],[-0.883,-3.609],[-0.883,-3.56],[-0.848,-3.567],[-0.813,-3.532],[-0.785,-3.405],[-0.785,-3.321],[-0.764,-3.3],[-0.728,-3.173],[-0.686,-3.096],[-0.644,-3.089]]],[[[0.751,-3.602],[0.737,-3.623],[0.688,-3.63],[0.618,-3.567],[0.548,-3.455],[0.471,-3.427],[0.463,-3.251],[0.492,-3.216],[0.513,-3.152],[0.52,-3.145],[0.541,-3.124],[0.569,-3.138],[0.583,-3.251],[0.688,-3.427],[0.681,-3.483],[0.695,-3.546],[0.751,-3.602]]]]},"properties":{"abbr":"hbc","name":"habenular commissure","plate":31,"ap_bregma_mm":-2.7,"area_mm2":0.1388,"traced_fraction":[1.0,0.977],"n_labels":2,"no_drawn_outline":false}},{"type":"Feature","geometry":{"type":"MultiPolygon","coordinates":[[[[-0.083,-3.194],[-0.111,-3.258],[-0.048,-3.3],[-0.055,-3.321],[-0.034,-3.349],[-0.02,-3.412],[-0.034,-3.49],[-0.118,-3.567],[-0.203,-3.609],[-0.245,-3.609],[-0.364,-3.462],[-0.406,-3.384],[-0.406,-3.342],[-0.371,-3.3],[-0.35,-3.237],[-0.315,-3.237],[-0.287,-3.216],[-0.301,-3.18],[-0.245,-3.159],[-0.154,-3.159],[-0.083,-3.194]]],[[[5.084,-3.827],[5.203,-3.884],[5.189,-3.961],[5.259,-4.221],[5.308,-4.587],[5.315,-4.784],[5.336,-4.847],[5.406,-4.967],[5.406,-5.143],[5.393,-5.164],[5.385,-5.248],[5.315,-5.558],[5.301,-5.726],[5.28,-5.747],[5.266,-5.811],[5.21,-5.916],[5.133,-5.994],[5.098,-6.001],[5.112,-5.93],[5.14,-5.888],[5.175,-5.783],[5.21,-5.621],[5.217,-5.522],[5.203,-5.431],[5.21,-5.023],[5.196,-4.925],[5.21,-4.664],[5.147,-4.32],[5.126,-4.074],[5.084,-3.891],[5.084,-3.827]]],[[[-5.202,-6.043],[-5.125,-6.177],[-5.118,-6.212],[-5.089,-6.24],[-5.026,-6.381],[-4.942,-6.5],[-4.865,-6.697],[-4.781,-6.838],[-4.774,-6.88],[-4.837,-6.852],[-4.893,-6.788],[-4.97,-6.662],[-5.047,-6.493],[-5.104,-6.416],[-5.3,-6.219],[-5.37,-6.099],[-5.377,-6.05],[-5.202,-6.043]]]]},"properties":{"abbr":"chp","name":"choroid plexus","plate":31,"ap_bregma_mm":-2.7,"area_mm2":0.4938,"traced_fraction":[0.995,1.0,0.944],"n_labels":3,"no_drawn_outline":false}},{"type":"Feature","geometry":{"type":"MultiPolygon","coordinates":[[[[2.616,-3.187],[2.616,-3.216],[2.574,-3.286],[2.539,-3.391],[2.546,-3.602],[2.623,-3.764],[2.805,-3.961],[2.777,-3.989],[2.672,-3.87],[2.588,-3.827],[2.455,-3.785],[2.336,-3.757],[2.146,-3.736],[1.894,-3.757],[1.936,-3.588],[1.936,-3.427],[1.922,-3.356],[1.88,-3.293],[2.034,-3.23],[2.139,-3.208],[2.497,-3.18],[2.616,-3.187]]],[[[-2.18,-3.384],[-2.194,-3.427],[-2.215,-3.441],[-2.264,-3.525],[-2.306,-3.673],[-2.306,-3.827],[-2.25,-3.954],[-2.278,-3.968],[-2.467,-3.989],[-2.692,-4.088],[-2.867,-4.102],[-2.867,-4.074],[-2.811,-3.94],[-2.79,-3.827],[-2.783,-3.504],[-2.797,-3.384],[-2.467,-3.37],[-2.243,-3.37],[-2.18,-3.384]]]]},"properties":{"abbr":"LPLR","name":"lateral posterior thalamic nucleus, laterorostral part","plate":31,"ap_bregma_mm":-2.7,"area_mm2":0.7167,"traced_fraction":[1.0,1.0],"n_labels":2,"no_drawn_outline":false}},{"type":"Feature","geometry":{"type":"MultiPolygon","coordinates":[[[[0.471,-3.427],[0.548,-3.455],[0.618,-3.567],[0.541,-3.616],[0.456,-3.701],[0.344,-3.884],[0.309,-3.919],[0.253,-3.926],[0.267,-3.87],[0.267,-3.616],[0.344,-3.518],[0.435,-3.469],[0.456,-3.427],[0.471,-3.427]]],[[[-0.637,-3.462],[-0.616,-3.469],[-0.602,-3.497],[-0.539,-3.518],[-0.462,-3.567],[-0.399,-3.644],[-0.371,-3.729],[-0.392,-3.926],[-0.427,-3.926],[-0.462,-3.905],[-0.553,-3.785],[-0.714,-3.63],[-0.686,-3.581],[-0.665,-3.49],[-0.637,-3.462]]]]},"properties":{"abbr":"MHb","name":"medial habenular nucleus","plate":31,"ap_bregma_mm":-2.7,"area_mm2":0.1704,"traced_fraction":[0.978,1.0],"n_labels":2,"no_drawn_outline":false}},{"type":"Feature","geometry":{"type":"MultiPolygon","coordinates":[[[[1.41,-3.391],[1.389,-3.455],[1.298,-3.574],[1.221,-3.715],[1.165,-3.891],[1.151,-4.031],[1.017,-4.017],[0.961,-3.989],[0.905,-3.933],[0.863,-3.863],[0.758,-3.602],[0.772,-3.546],[0.821,-3.497],[0.884,-3.455],[0.905,-3.455],[0.996,-3.448],[1.333,-3.377],[1.41,-3.391]]],[[[-1.423,-3.49],[-1.121,-3.511],[-0.981,-3.504],[-0.918,-3.525],[-0.883,-3.56],[-0.883,-3.609],[-0.925,-3.743],[-0.953,-3.905],[-0.988,-3.975],[-1.072,-4.052],[-1.163,-4.081],[-1.163,-3.947],[-1.205,-3.799],[-1.254,-3.715],[-1.289,-3.687],[-1.296,-3.659],[-1.423,-3.518],[-1.423,-3.49]]]]},"properties":{"abbr":"APTD","name":"anterior pretectal nucleus, dorsal part","plate":31,"ap_bregma_mm":-2.7,"area_mm2":0.4136,"traced_fraction":[1.0,1.0],"n_labels":2,"no_drawn_outline":false}},{"type":"Feature","geometry":{"type":"MultiPolygon","coordinates":[[[[1.88,-3.293],[1.922,-3.356],[1.936,-3.427],[1.936,-3.588],[1.894,-3.757],[1.726,-3.87],[1.424,-3.996],[1.263,-4.031],[1.151,-4.031],[1.165,-3.891],[1.221,-3.715],[1.298,-3.574],[1.389,-3.455],[1.41,-3.391],[1.62,-3.363],[1.838,-3.293],[1.88,-3.293]]],[[[-2.18,-3.384],[-2.04,-3.384],[-1.787,-3.455],[-1.521,-3.462],[-1.423,-3.49],[-1.423,-3.518],[-1.296,-3.659],[-1.289,-3.687],[-1.254,-3.715],[-1.205,-3.799],[-1.163,-3.947],[-1.163,-4.081],[-1.219,-4.095],[-1.563,-4.081],[-1.682,-4.052],[-1.759,-4.01],[-1.836,-3.989],[-2.25,-3.954],[-2.306,-3.827],[-2.306,-3.673],[-2.264,-3.525],[-2.215,-3.441],[-2.194,-3.427],[-2.18,-3.384]]]]},"properties":{"abbr":"LPMR","name":"lateral posterior thalamic nucleus, mediorostral part","plate":31,"ap_bregma_mm":-2.7,"area_mm2":0.9802,"traced_fraction":[1.0,1.0],"n_labels":2,"no_drawn_outline":false}},{"type":"Feature","geometry":{"type":"MultiPolygon","coordinates":[[[[4.32,-2.913],[4.411,-3.019],[4.474,-3.117],[4.6,-3.433],[4.586,-3.553],[4.523,-3.63],[4.418,-3.659],[4.355,-3.659],[4.292,-3.637],[4.004,-3.441],[3.731,-3.3],[3.724,-3.286],[3.731,-3.18],[3.801,-3.216],[3.899,-3.237],[3.92,-3.272],[3.983,-3.3],[4.032,-3.335],[4.109,-3.356],[4.179,-3.377],[4.257,-3.37],[4.313,-3.307],[4.32,-3.201],[4.306,-3.187],[4.299,-3.138],[4.222,-3.004],[4.222,-2.976],[4.271,-2.948],[4.299,-2.913],[4.32,-2.913]]],[[[-4.767,-3.342],[-4.641,-3.405],[-4.676,-3.532],[-4.69,-3.722],[-4.676,-3.764],[-4.634,-3.799],[-4.564,-3.806],[-4.473,-3.778],[-4.332,-3.687],[-4.234,-3.644],[-4.143,-3.574],[-4.024,-3.504],[-4.01,-3.637],[-4.248,-3.82],[-4.374,-3.954],[-4.451,-4.067],[-4.466,-4.067],[-4.543,-4.151],[-4.599,-4.179],[-4.739,-4.214],[-4.865,-4.207],[-4.921,-4.151],[-4.963,-4.038],[-4.963,-3.891],[-4.9,-3.63],[-4.837,-3.469],[-4.767,-3.342]]],[[[4.86,-5.86],[4.776,-6.24],[4.712,-6.359],[4.509,-6.282],[4.523,-6.148],[4.544,-6.106],[4.544,-6.008],[4.509,-5.916],[4.46,-5.853],[4.39,-5.825],[4.271,-5.825],[4.201,-5.839],[4.173,-5.86],[4.039,-5.902],[3.857,-5.994],[3.499,-6.254],[3.219,-6.493],[3.191,-6.465],[3.156,-6.465],[3.114,-6.409],[3.114,-6.394],[3.366,-6.155],[3.38,-6.155],[3.436,-6.085],[3.45,-6.085],[3.499,-6.029],[3.513,-6.029],[3.563,-5.973],[3.654,-5.902],[4.018,-5.656],[4.095,-5.621],[4.264,-5.508],[4.39,-5.452],[4.579,-5.438],[4.719,-5.487],[4.804,-5.572],[4.846,-5.656],[4.853,-5.705],[4.867,-5.719],[4.86,-5.86]]],[[[-3.274,-6.465],[-3.274,-6.535],[-3.295,-6.598],[-3.358,-6.57],[-3.414,-6.521],[-3.645,-6.373],[-3.778,-6.31],[-3.82,-6.268],[-3.926,-6.226],[-4.143,-6.106],[-4.353,-6.078],[-4.43,-6.12],[-4.445,-6.12],[-4.487,-6.177],[-4.5,-6.177],[-4.522,-6.212],[-4.536,-6.254],[-4.522,-6.282],[-4.529,-6.289],[-4.543,-6.381],[-4.669,-6.387],[-4.823,-6.423],[-4.865,-6.338],[-4.893,-6.198],[-4.886,-6.036],[-4.851,-5.853],[-4.816,-5.797],[-4.704,-5.698],[-4.487,-5.677],[-4.423,-5.691],[-3.982,-5.916],[-3.722,-6.092],[-3.477,-6.317],[-3.274,-6.465]]]]},"properties":{"abbr":"Py","name":"pyramidal cell layer of the hippocampus","plate":31,"ap_bregma_mm":-2.7,"area_mm2":1.7893,"traced_fraction":[0.985,0.98,0.984,0.982],"n_labels":4,"no_drawn_outline":false}},{"type":"Feature","geometry":{"type":"MultiPolygon","coordinates":[[[[4.025,-4.052],[4.011,-4.052],[3.948,-4.151],[3.878,-4.186],[3.675,-4.242],[3.654,-4.263],[3.626,-4.263],[3.527,-4.306],[3.345,-4.306],[3.198,-4.256],[3.121,-4.214],[2.988,-4.116],[2.847,-3.982],[2.805,-3.961],[2.623,-3.764],[2.546,-3.602],[2.539,-3.391],[2.574,-3.286],[2.616,-3.216],[2.616,-3.187],[2.679,-3.173],[2.819,-3.18],[3.093,-3.237],[3.324,-3.321],[3.541,-3.427],[3.548,-3.441],[3.569,-3.441],[3.71,-3.539],[3.822,-3.659],[3.955,-3.863],[4.004,-3.961],[4.025,-4.052]]],[[[-2.797,-3.384],[-2.783,-3.504],[-2.79,-3.827],[-2.811,-3.94],[-2.867,-4.074],[-2.867,-4.102],[-2.895,-4.165],[-2.944,-4.2],[-3.077,-4.369],[-3.239,-4.524],[-3.344,-4.573],[-3.414,-4.58],[-3.561,-4.545],[-3.659,-4.488],[-4.038,-4.404],[-4.122,-4.348],[-4.129,-4.271],[-4.115,-4.179],[-4.052,-4.01],[-3.989,-3.919],[-3.912,-3.841],[-3.659,-3.644],[-3.449,-3.518],[-3.33,-3.483],[-3.189,-3.419],[-2.958,-3.377],[-2.797,-3.384]]]]},"properties":{"abbr":"DLG","name":"dorsal lateral geniculate nucleus","plate":31,"ap_bregma_mm":-2.7,"area_mm2":2.194,"traced_fraction":[1.0,1.0],"n_labels":2,"no_drawn_outline":false}},{"type":"Feature","geometry":{"type":"MultiPolygon","coordinates":[[[[0.618,-3.567],[0.688,-3.63],[0.737,-3.623],[0.73,-3.722],[0.765,-3.912],[0.744,-4.038],[0.66,-4.13],[0.597,-4.151],[0.499,-4.158],[0.407,-4.151],[0.302,-4.109],[0.253,-4.038],[0.239,-3.982],[0.246,-3.926],[0.253,-3.926],[0.309,-3.919],[0.344,-3.884],[0.456,-3.701],[0.541,-3.616],[0.618,-3.567]]],[[[-0.714,-3.63],[-0.553,-3.785],[-0.462,-3.905],[-0.427,-3.926],[-0.392,-3.926],[-0.385,-3.94],[-0.448,-4.137],[-0.483,-4.172],[-0.567,-4.2],[-0.672,-4.2],[-0.756,-4.179],[-0.82,-4.144],[-0.862,-4.081],[-0.89,-3.975],[-0.89,-3.898],[-0.855,-3.715],[-0.827,-3.652],[-0.743,-3.652],[-0.714,-3.63]]]]},"properties":{"abbr":"LHb","name":"lateral habenular nucleus","plate":31,"ap_bregma_mm":-2.7,"area_mm2":0.4033,"traced_fraction":[1.0,1.0],"n_labels":2,"no_drawn_outline":false}},{"type":"Feature","geometry":{"type":"MultiPolygon","coordinates":[[[[2.777,-3.989],[2.798,-4.031],[2.805,-4.109],[2.434,-4.158],[2.216,-4.221],[2.041,-4.299],[1.803,-4.46],[1.676,-4.594],[1.592,-4.728],[1.55,-4.756],[1.536,-4.756],[1.536,-4.685],[1.557,-4.446],[1.543,-4.369],[1.487,-4.228],[1.41,-4.144],[1.347,-4.109],[1.214,-4.074],[1.151,-4.074],[1.151,-4.031],[1.263,-4.031],[1.424,-3.996],[1.726,-3.87],[1.894,-3.757],[2.146,-3.736],[2.336,-3.757],[2.455,-3.785],[2.588,-3.827],[2.672,-3.87],[2.777,-3.989]]],[[[-2.25,-3.954],[-1.836,-3.989],[-1.759,-4.01],[-1.703,-4.045],[-1.563,-4.081],[-1.219,-4.095],[-1.212,-4.179],[-1.465,-4.235],[-1.521,-4.263],[-1.577,-4.32],[-1.605,-4.376],[-1.633,-4.517],[-1.633,-4.65],[-1.598,-4.911],[-1.542,-5.079],[-1.542,-5.122],[-1.598,-5.107],[-1.724,-5.023],[-2.18,-4.657],[-2.208,-4.622],[-2.425,-4.46],[-2.664,-4.334],[-2.776,-4.299],[-2.888,-4.284],[-2.895,-4.165],[-2.867,-4.102],[-2.692,-4.088],[-2.467,-3.989],[-2.278,-3.968],[-2.25,-3.954]]]]},"properties":{"abbr":"Po","name":"posterior thalamic nuclear group","plate":31,"ap_bregma_mm":-2.7,"area_mm2":1.519,"traced_fraction":[1.0,0.991],"n_labels":2,"no_drawn_outline":false}},{"type":"Feature","geometry":{"type":"MultiPolygon","coordinates":[[[[4.614,-3.138],[4.635,-3.138],[4.677,-3.18],[4.762,-3.328],[4.951,-3.968],[5.021,-4.383],[5.035,-4.692],[5.07,-4.995],[5.07,-5.199],[5.105,-5.543],[5.091,-5.776],[5.049,-5.923],[4.986,-6.071],[4.93,-6.162],[4.881,-6.282],[4.846,-6.31],[4.832,-6.31],[4.832,-6.261],[4.888,-6.106],[4.895,-6.001],[4.937,-5.888],[4.937,-5.86],[4.86,-5.86],[4.867,-5.719],[4.853,-5.705],[4.846,-5.656],[4.804,-5.572],[4.719,-5.487],[4.579,-5.438],[4.39,-5.452],[4.264,-5.508],[4.13,-5.6],[4.018,-5.656],[3.654,-5.902],[3.563,-5.973],[3.513,-6.029],[3.499,-6.029],[3.45,-6.085],[3.436,-6.085],[3.408,-6.127],[3.289,-6.24],[3.275,-6.24],[3.177,-6.345],[3.163,-6.345],[3.114,-6.409],[3.072,-6.43],[2.742,-6.746],[2.665,-6.788],[2.511,-6.781],[2.546,-6.732],[2.616,-6.683],[2.651,-6.613],[2.721,-6.528],[2.925,-6.423],[3.107,-6.282],[3.219,-6.162],[3.247,-6.113],[3.254,-6.064],[3.401,-5.923],[3.436,-5.867],[3.563,-5.754],[3.675,-5.677],[3.829,-5.522],[3.864,-5.508],[3.913,-5.501],[3.969,-5.438],[4.053,-5.396],[4.257,-5.241],[4.257,-5.227],[4.271,-5.227],[4.376,-5.114],[4.453,-4.967],[4.495,-4.721],[4.502,-4.488],[4.488,-4.278],[4.418,-4.067],[4.404,-4.059],[4.348,-3.926],[4.32,-3.898],[4.299,-3.827],[4.355,-3.834],[4.467,-3.891],[4.586,-3.926],[4.635,-3.926],[4.755,-3.848],[4.755,-3.623],[4.726,-3.504],[4.642,-3.272],[4.642,-3.237],[4.621,-3.208],[4.614,-3.138]]],[[[-4.984,-3.497],[-4.949,-3.511],[-4.942,-3.532],[-4.977,-3.595],[-4.984,-3.652],[-5.034,-3.785],[-5.083,-4.038],[-5.076,-4.158],[-5.012,-4.313],[-4.977,-4.355],[-4.928,-4.376],[-4.823,-4.404],[-4.718,-4.397],[-4.62,-4.362],[-4.5,-4.249],[-4.479,-4.256],[-4.479,-4.284],[-4.564,-4.46],[-4.613,-4.622],[-4.634,-4.784],[-4.634,-4.918],[-4.578,-5.107],[-4.515,-5.213],[-4.339,-5.41],[-4.311,-5.431],[-4.262,-5.431],[-4.178,-5.515],[-4.122,-5.607],[-4.031,-5.691],[-3.905,-5.754],[-3.82,-5.754],[-3.757,-5.783],[-3.603,-5.916],[-3.526,-5.958],[-3.519,-6.015],[-3.421,-6.155],[-3.323,-6.261],[-3.323,-6.275],[-3.224,-6.366],[-3.21,-6.366],[-3.21,-6.381],[-3.168,-6.402],[-3.168,-6.416],[-2.867,-6.606],[-2.622,-6.718],[-2.509,-6.802],[-2.481,-6.809],[-2.39,-6.901],[-2.376,-6.901],[-2.369,-6.915],[-2.39,-6.922],[-2.432,-6.985],[-2.495,-6.964],[-2.664,-6.838],[-2.776,-6.781],[-3.021,-6.62],[-3.126,-6.57],[-3.274,-6.465],[-3.477,-6.317],[-3.722,-6.092],[-3.982,-5.916],[-4.423,-5.691],[-4.487,-5.677],[-4.704,-5.698],[-4.816,-5.797],[-4.851,-5.853],[-4.886,-6.036],[-4.893,-6.198],[-4.865,-6.338],[-4.823,-6.423],[-4.788,-6.535],[-4.697,-6.732],[-4.599,-6.838],[-4.599,-6.859],[-4.564,-6.908],[-4.5,-6.964],[-4.325,-7.063],[-4.22,-7.098],[-3.961,-7.161],[-3.849,-7.168],[-3.743,-7.196],[-3.442,-7.217],[-3.302,-7.253],[-3.379,-7.295],[-3.456,-7.295],[-3.463,-7.281],[-3.512,-7.267],[-3.708,-7.26],[-3.926,-7.232],[-4.164,-7.182],[-4.276,-7.133],[-4.318,-7.147],[-4.423,-7.105],[-4.423,-7.077],[-4.487,-7.021],[-4.585,-6.964],[-4.704,-6.845],[-4.732,-6.788],[-4.767,-6.753],[-4.9,-6.465],[-5.012,-6.268],[-5.055,-6.12],[-5.097,-6.078],[-5.153,-5.98],[-5.265,-5.614],[-5.349,-4.988],[-5.349,-4.65],[-5.286,-4.242],[-5.216,-3.961],[-5.125,-3.743],[-5.111,-3.736],[-5.012,-3.518],[-4.984,-3.497]]]]},"properties":{"abbr":"Or","name":"oriens layer of the hippocampus","plate":31,"ap_bregma_mm":-2.7,"area_mm2":3.4207,"traced_fraction":[0.991,0.991],"n_labels":4,"no_drawn_outline":false}},{"type":"Feature","geometry":{"type":"MultiPolygon","coordinates":[[[[0.751,-3.602],[0.758,-3.602],[0.863,-3.863],[0.905,-3.933],[0.961,-3.989],[1.017,-4.017],[1.151,-4.031],[1.151,-4.074],[1.017,-4.088],[0.947,-4.123],[0.807,-4.165],[0.646,-4.242],[0.505,-4.341],[0.471,-4.348],[0.499,-4.158],[0.597,-4.151],[0.66,-4.13],[0.744,-4.038],[0.765,-3.912],[0.73,-3.722],[0.737,-3.623],[0.751,-3.602]]],[[[-0.883,-3.609],[-0.827,-3.652],[-0.855,-3.715],[-0.89,-3.898],[-0.89,-3.975],[-0.862,-4.081],[-0.82,-4.144],[-0.756,-4.179],[-0.672,-4.2],[-0.567,-4.2],[-0.553,-4.249],[-0.497,-4.334],[-0.497,-4.376],[-0.511,-4.397],[-0.532,-4.397],[-0.602,-4.341],[-0.834,-4.235],[-1.065,-4.179],[-1.212,-4.179],[-1.219,-4.095],[-1.163,-4.081],[-1.072,-4.052],[-0.988,-3.975],[-0.953,-3.905],[-0.925,-3.743],[-0.883,-3.609]]]]},"properties":{"abbr":"CL","name":"centrolateral thalamic nucleus","plate":31,"ap_bregma_mm":-2.7,"area_mm2":0.2447,"traced_fraction":[1.0,0.981],"n_labels":2,"no_drawn_outline":false}},{"type":"Feature","geometry":{"type":"MultiPolygon","coordinates":[[[[2.805,-3.961],[2.847,-3.982],[2.988,-4.116],[3.121,-4.214],[3.198,-4.256],[3.345,-4.306],[3.394,-4.503],[3.408,-4.756],[3.387,-4.763],[3.359,-4.833],[3.261,-4.953],[3.107,-5.051],[3.009,-5.079],[3.002,-5.037],[3.128,-4.925],[3.205,-4.756],[3.205,-4.622],[3.177,-4.552],[3.142,-4.51],[3.058,-4.383],[2.84,-4.186],[2.805,-4.109],[2.798,-4.031],[2.777,-3.989],[2.805,-3.961]]],[[[-2.895,-4.165],[-2.888,-4.284],[-2.951,-4.425],[-3.098,-4.587],[-3.119,-4.636],[-3.161,-4.664],[-3.189,-4.742],[-3.189,-4.875],[-3.161,-4.974],[-3.077,-5.129],[-2.881,-5.304],[-2.902,-5.332],[-2.944,-5.332],[-2.986,-5.311],[-3.126,-5.227],[-3.231,-5.143],[-3.274,-5.136],[-3.295,-5.086],[-3.358,-5.037],[-3.358,-4.995],[-3.393,-4.918],[-3.421,-4.784],[-3.414,-4.58],[-3.344,-4.573],[-3.239,-4.524],[-3.077,-4.369],[-2.944,-4.2],[-2.895,-4.165]]]]},"properties":{"abbr":"str","name":"superior thalamic radiation","plate":31,"ap_bregma_mm":-2.7,"area_mm2":0.4472,"traced_fraction":[0.977,1.0],"n_labels":2,"no_drawn_outline":false}},{"type":"Feature","geometry":{"type":"MultiPolygon","coordinates":[[[[6.599,-2.997],[6.676,-3.082],[6.739,-3.166],[6.746,-3.194],[6.76,-3.194],[6.767,-3.223],[6.823,-3.286],[6.858,-3.356],[6.879,-3.37],[6.893,-3.412],[6.935,-3.462],[6.998,-3.595],[7.012,-3.602],[7.117,-3.834],[7.209,-4.144],[7.264,-4.749],[7.286,-4.749],[7.286,-4.833],[7.293,-4.918],[7.3,-5.002],[7.307,-5.086],[7.3,-5.206],[6.409,-5.157],[5.729,-5.086],[5.75,-4.714],[5.729,-4.58],[5.596,-4.137],[5.449,-3.785],[6.458,-3.11],[6.599,-2.997]]],[[[-6.751,-3.054],[-6.443,-3.251],[-6.387,-3.3],[-6.253,-3.37],[-6.12,-3.469],[-5.503,-3.82],[-5.566,-4.01],[-5.699,-4.292],[-5.735,-4.418],[-5.847,-4.707],[-5.889,-4.882],[-5.889,-5.129],[-5.875,-5.199],[-6.232,-5.248],[-6.555,-5.311],[-6.849,-5.347],[-7.228,-5.417],[-7.382,-5.431],[-7.53,-5.466],[-7.572,-5.347],[-7.621,-5.129],[-7.642,-4.946],[-7.635,-4.784],[-7.607,-4.608],[-7.564,-4.453],[-7.375,-4.003],[-7.368,-3.989],[-7.361,-3.975],[-7.354,-3.961],[-7.347,-3.947],[-7.34,-3.933],[-7.333,-3.919],[-7.326,-3.919],[-7.27,-3.82],[-7.27,-3.799],[-7.256,-3.778],[-7.214,-3.708],[-7.207,-3.694],[-7.2,-3.68],[-7.193,-3.666],[-7.193,-3.659],[-7.172,-3.652],[-7.123,-3.553],[-7.088,-3.518],[-7.046,-3.433],[-6.892,-3.208],[-6.863,-3.187],[-6.814,-3.103],[-6.751,-3.054]]]]},"properties":{"abbr":"Au1","name":"primary auditory cortex","plate":31,"ap_bregma_mm":-2.7,"area_mm2":6.1834,"traced_fraction":[1.0,1.0],"n_labels":4,"no_drawn_outline":false}},{"type":"Feature","geometry":{"type":"MultiPolygon","coordinates":[[[[0.246,-3.926],[0.239,-3.982],[0.253,-4.038],[0.302,-4.109],[0.379,-4.144],[0.499,-4.158],[0.471,-4.348],[0.45,-4.39],[0.33,-4.503],[0.246,-4.608],[0.169,-4.601],[0.05,-4.657],[0.008,-4.721],[0.001,-4.763],[-0.069,-4.763],[-0.09,-4.692],[-0.161,-4.636],[-0.231,-4.615],[-0.315,-4.622],[-0.336,-4.636],[-0.49,-4.404],[-0.497,-4.376],[-0.497,-4.334],[-0.553,-4.249],[-0.567,-4.2],[-0.483,-4.172],[-0.448,-4.137],[-0.385,-3.94],[-0.238,-4.017],[-0.175,-4.081],[-0.118,-4.193],[-0.083,-4.221],[-0.083,-4.235],[-0.069,-4.235],[-0.041,-4.271],[-0.006,-4.271],[0.029,-4.214],[0.064,-4.088],[0.099,-4.031],[0.113,-4.031],[0.113,-4.017],[0.176,-3.954],[0.246,-3.926]]]]},"properties":{"abbr":"PVP","name":"paraventricular thalamic nucleus, posterior part","plate":31,"ap_bregma_mm":-2.7,"area_mm2":0.4963,"traced_fraction":[0.986],"n_labels":1,"no_drawn_outline":false}},{"type":"Feature","geometry":{"type":"MultiPolygon","coordinates":[[[[0.639,-4.313],[0.744,-4.334],[0.835,-4.404],[0.856,-4.446],[0.856,-4.538],[0.814,-4.608],[0.716,-4.685],[0.618,-4.728],[0.534,-4.728],[0.499,-4.692],[0.484,-4.65],[0.484,-4.446],[0.499,-4.411],[0.562,-4.348],[0.639,-4.313]]],[[[-0.764,-4.432],[-0.672,-4.439],[-0.602,-4.496],[-0.581,-4.538],[-0.574,-4.664],[-0.588,-4.728],[-0.616,-4.784],[-0.672,-4.819],[-0.749,-4.819],[-0.834,-4.777],[-0.89,-4.699],[-0.904,-4.65],[-0.904,-4.573],[-0.883,-4.524],[-0.834,-4.467],[-0.764,-4.432]]]]},"properties":{"abbr":"fr","name":"fasciculus retroflexus","plate":31,"ap_bregma_mm":-2.7,"area_mm2":0.2226,"traced_fraction":[1.0,1.0],"n_labels":2,"no_drawn_outline":false}},{"type":"Feature","geometry":{"type":"MultiPolygon","coordinates":[[[[2.805,-4.109],[2.84,-4.186],[3.058,-4.383],[3.142,-4.51],[3.002,-4.531],[2.798,-4.615],[2.651,-4.714],[2.455,-4.889],[2.308,-4.974],[2.181,-5.072],[2.132,-5.079],[1.936,-5.199],[1.578,-5.361],[1.34,-5.424],[1.186,-5.417],[1.235,-5.368],[1.305,-5.332],[1.403,-5.213],[1.466,-5.044],[1.48,-4.967],[1.501,-4.925],[1.515,-4.833],[1.55,-4.756],[1.592,-4.728],[1.676,-4.594],[1.803,-4.46],[2.041,-4.299],[2.216,-4.221],[2.434,-4.158],[2.805,-4.109]]],[[[-2.888,-4.284],[-2.776,-4.299],[-2.664,-4.334],[-2.425,-4.46],[-2.278,-4.566],[-1.724,-5.023],[-1.598,-5.107],[-1.542,-5.122],[-1.514,-5.157],[-1.437,-5.361],[-1.409,-5.403],[-1.338,-5.452],[-1.296,-5.501],[-1.345,-5.508],[-1.507,-5.487],[-1.654,-5.438],[-1.843,-5.396],[-2.103,-5.283],[-2.131,-5.283],[-2.748,-4.988],[-2.839,-4.918],[-3.119,-4.636],[-3.098,-4.587],[-2.951,-4.425],[-2.888,-4.284]]]]},"properties":{"abbr":"VPM","name":"ventral posteromedial thalamic nucleus","plate":31,"ap_bregma_mm":-2.7,"area_mm2":1.9506,"traced_fraction":[1.0,1.0],"n_labels":2,"no_drawn_outline":false}},{"type":"Feature","geometry":{"type":"MultiPolygon","coordinates":[[[[4.025,-4.052],[4.06,-4.123],[4.095,-4.327],[4.095,-4.51],[4.074,-4.636],[3.962,-4.953],[3.899,-5.065],[3.801,-5.192],[3.724,-5.248],[3.661,-5.227],[3.541,-5.086],[3.506,-4.995],[3.513,-4.967],[3.527,-4.96],[3.661,-4.615],[3.668,-4.411],[3.654,-4.263],[3.675,-4.242],[3.752,-4.228],[3.948,-4.151],[4.011,-4.052],[4.025,-4.052]]],[[[-4.122,-4.348],[-4.038,-4.404],[-3.659,-4.488],[-3.561,-4.545],[-3.582,-4.594],[-3.61,-4.784],[-3.61,-5.023],[-3.561,-5.206],[-3.519,-5.269],[-3.477,-5.297],[-3.505,-5.347],[-3.589,-5.41],[-3.743,-5.445],[-3.757,-5.459],[-3.87,-5.382],[-3.954,-5.297],[-4.017,-5.199],[-4.017,-5.178],[-4.045,-5.15],[-4.066,-5.079],[-4.087,-5.058],[-4.164,-4.882],[-4.185,-4.777],[-4.185,-4.699],[-4.122,-4.348]]]]},"properties":{"abbr":"VGMC","name":"ventral geniculate nucleus, magnocellular part","plate":31,"ap_bregma_mm":-2.7,"area_mm2":0.9206,"traced_fraction":[1.0,1.0],"n_labels":2,"no_drawn_outline":false}},{"type":"Feature","geometry":{"type":"MultiPolygon","coordinates":[[[[3.654,-4.263],[3.668,-4.411],[3.661,-4.615],[3.527,-4.96],[3.513,-4.967],[3.492,-4.96],[3.443,-4.847],[3.429,-4.777],[3.408,-4.756],[3.394,-4.503],[3.345,-4.306],[3.527,-4.306],[3.626,-4.263],[3.654,-4.263]]],[[[-3.561,-4.545],[-3.414,-4.58],[-3.421,-4.784],[-3.393,-4.918],[-3.365,-4.967],[-3.358,-5.037],[-3.372,-5.044],[-3.393,-5.192],[-3.421,-5.206],[-3.442,-5.262],[-3.477,-5.297],[-3.519,-5.269],[-3.561,-5.206],[-3.61,-5.023],[-3.61,-4.784],[-3.582,-4.594],[-3.561,-4.545]]]]},"properties":{"abbr":"VGPC","name":"ventral geniculate nucleus, parvicellular part","plate":31,"ap_bregma_mm":-2.7,"area_mm2":0.2837,"traced_fraction":[0.965,1.0],"n_labels":2,"no_drawn_outline":false}},{"type":"Feature","geometry":{"type":"MultiPolygon","coordinates":[[[[1.761,-1.506],[2.223,-1.57],[2.602,-1.654],[3.205,-1.837],[3.212,-1.851],[3.31,-1.886],[3.345,-1.914],[3.415,-1.935],[3.436,-1.957],[3.738,-2.097],[4.124,-2.329],[4.13,-2.336],[4.453,-2.576],[4.509,-2.639],[4.572,-2.681],[4.663,-2.786],[4.677,-2.786],[4.691,-2.822],[4.909,-3.047],[4.965,-3.089],[5.021,-3.173],[5.077,-3.223],[5.084,-3.244],[5.098,-3.244],[5.112,-3.279],[5.21,-3.384],[5.329,-3.553],[5.427,-3.764],[5.449,-3.785],[5.596,-4.137],[5.729,-4.58],[5.75,-4.707],[5.729,-5.086],[5.652,-5.311],[5.652,-5.347],[5.624,-5.382],[5.505,-5.677],[5.4,-5.916],[5.322,-6.177],[5.287,-6.247],[5.287,-6.282],[5.217,-6.465],[5.182,-6.479],[4.993,-6.641],[4.895,-6.767],[4.818,-6.943],[4.789,-6.95],[4.74,-7.021],[4.656,-7.042],[4.649,-7.042],[4.656,-7.013],[4.698,-6.971],[4.719,-6.908],[4.867,-6.753],[4.909,-6.662],[4.972,-6.451],[5.07,-6.465],[5.126,-6.437],[5.168,-6.387],[5.217,-6.219],[5.231,-6.212],[5.266,-6.127],[5.308,-5.951],[5.322,-5.747],[5.301,-5.726],[5.315,-5.558],[5.385,-5.248],[5.393,-5.164],[5.406,-5.143],[5.406,-4.967],[5.393,-4.96],[5.393,-4.932],[5.336,-4.847],[5.315,-4.784],[5.308,-4.587],[5.259,-4.221],[5.189,-3.961],[5.203,-3.884],[5.21,-3.757],[5.161,-3.637],[5.063,-3.532],[5.007,-3.497],[5.0,-3.476],[4.937,-3.448],[4.909,-3.384],[4.846,-3.307],[4.712,-3.089],[4.544,-2.906],[4.502,-2.843],[4.327,-2.667],[4.313,-2.667],[4.145,-2.512],[3.906,-2.336],[3.822,-2.294],[3.738,-2.231],[3.499,-2.118],[3.478,-2.097],[3.31,-2.034],[3.128,-1.942],[2.967,-1.893],[2.84,-1.83],[2.728,-1.802],[2.679,-1.774],[2.469,-1.717],[2.336,-1.703],[2.23,-1.675],[1.908,-1.647],[1.754,-1.633],[1.754,-1.577],[1.761,-1.506]]],[[[-1.927,-1.654],[-1.927,-1.731],[-2.25,-1.76],[-2.53,-1.809],[-2.853,-1.9],[-3.035,-1.964],[-3.231,-2.062],[-3.414,-2.125],[-3.47,-2.161],[-3.582,-2.189],[-4.234,-2.533],[-4.458,-2.695],[-4.585,-2.822],[-4.585,-2.836],[-4.753,-3.019],[-4.879,-3.201],[-4.921,-3.237],[-5.097,-3.504],[-5.209,-3.757],[-5.335,-4.144],[-5.538,-4.474],[-5.65,-4.749],[-5.714,-4.974],[-5.714,-5.136],[-5.644,-5.318],[-5.58,-5.417],[-5.545,-5.452],[-5.524,-5.452],[-5.468,-5.86],[-5.426,-6.001],[-5.44,-6.015],[-5.447,-6.078],[-5.398,-6.317],[-5.349,-6.472],[-5.272,-6.613],[-5.174,-6.718],[-5.16,-6.718],[-5.055,-6.824],[-4.914,-6.936],[-4.816,-6.943],[-4.767,-6.901],[-4.732,-6.922],[-4.725,-6.964],[-4.739,-6.964],[-4.767,-6.999],[-4.767,-7.042],[-4.732,-7.077],[-4.641,-7.112],[-4.634,-7.126],[-4.416,-7.196],[-4.36,-7.203],[-4.318,-7.189],[-4.157,-7.232],[-4.01,-7.288],[-4.003,-7.309],[-4.164,-7.295],[-4.55,-7.189],[-4.571,-7.196],[-4.606,-7.168],[-4.669,-7.154],[-4.893,-7.056],[-5.005,-6.908],[-5.068,-6.845],[-5.083,-6.845],[-5.097,-6.817],[-5.293,-6.662],[-5.356,-6.528],[-5.37,-6.521],[-5.489,-6.169],[-5.482,-6.12],[-5.517,-5.966],[-5.714,-5.656],[-5.812,-5.389],[-5.826,-5.382],[-5.826,-5.347],[-5.875,-5.199],[-5.889,-5.129],[-5.889,-4.882],[-5.847,-4.707],[-5.735,-4.418],[-5.699,-4.292],[-5.566,-4.01],[-5.503,-3.82],[-5.433,-3.687],[-5.328,-3.539],[-5.188,-3.279],[-5.019,-3.089],[-5.019,-3.075],[-4.907,-2.962],[-4.907,-2.948],[-4.739,-2.786],[-4.606,-2.667],[-4.346,-2.47],[-4.22,-2.407],[-4.045,-2.294],[-3.666,-2.118],[-3.659,-1.957],[-3.365,-1.957],[-3.365,-1.985],[-3.351,-1.985],[-3.07,-1.879],[-2.993,-1.865],[-2.755,-1.781],[-2.46,-1.71],[-2.271,-1.696],[-2.04,-1.654],[-1.927,-1.654]]]]},"properties":{"abbr":"dcw","name":"deep cerebral white matter","plate":31,"ap_bregma_mm":-2.7,"area_mm2":2.5337,"traced_fraction":[0.998,0.974],"n_labels":4,"no_drawn_outline":false}},{"type":"Feature","geometry":{"type":"MultiPolygon","coordinates":[[[[3.142,-4.51],[3.177,-4.552],[3.205,-4.622],[3.205,-4.756],[3.128,-4.925],[3.002,-5.037],[2.939,-5.044],[2.847,-5.086],[2.623,-5.15],[2.195,-5.354],[2.146,-5.361],[2.139,-5.339],[2.167,-5.304],[2.188,-5.234],[2.181,-5.072],[2.223,-5.03],[2.455,-4.889],[2.651,-4.714],[2.798,-4.615],[3.002,-4.531],[3.142,-4.51]]],[[[-3.119,-4.636],[-2.839,-4.918],[-2.748,-4.988],[-2.131,-5.283],[-2.159,-5.326],[-2.159,-5.417],[-2.131,-5.515],[-2.166,-5.515],[-2.601,-5.368],[-2.881,-5.304],[-3.077,-5.129],[-3.161,-4.974],[-3.189,-4.875],[-3.189,-4.742],[-3.175,-4.685],[-3.133,-4.636],[-3.119,-4.636]]]]},"properties":{"abbr":"VPL","name":"ventral posterolateral thalamic nucleus","plate":31,"ap_bregma_mm":-2.7,"area_mm2":0.7629,"traced_fraction":[1.0,1.0],"n_labels":2,"no_drawn_outline":false}},{"type":"Feature","geometry":{"type":"MultiPolygon","coordinates":[[[[1.151,-4.074],[1.214,-4.074],[1.347,-4.109],[1.41,-4.144],[1.487,-4.228],[1.543,-4.369],[1.557,-4.446],[1.536,-4.685],[1.536,-4.756],[1.55,-4.756],[1.536,-4.77],[1.48,-4.967],[1.431,-4.974],[1.319,-5.044],[1.312,-5.051],[1.235,-5.114],[1.214,-5.171],[1.102,-5.171],[1.102,-5.326],[1.144,-5.326],[1.137,-5.417],[0.961,-5.473],[0.821,-5.494],[0.702,-5.494],[0.688,-5.508],[0.632,-5.487],[0.477,-5.473],[0.344,-5.424],[0.225,-5.276],[0.183,-5.129],[0.162,-4.918],[0.176,-4.84],[0.33,-4.84],[0.33,-4.678],[0.218,-4.678],[0.246,-4.608],[0.33,-4.503],[0.45,-4.39],[0.471,-4.348],[0.505,-4.341],[0.646,-4.242],[0.807,-4.165],[0.947,-4.123],[1.017,-4.088],[1.151,-4.074]]],[[[-1.212,-4.179],[-1.065,-4.179],[-0.834,-4.235],[-0.756,-4.263],[-0.602,-4.341],[-0.532,-4.397],[-0.511,-4.397],[-0.49,-4.404],[-0.336,-4.636],[-0.336,-4.685],[-0.301,-4.826],[-0.259,-4.939],[-0.252,-5.129],[-0.266,-5.255],[-0.287,-5.318],[-0.35,-5.417],[-0.49,-5.501],[-0.749,-5.558],[-1.065,-5.522],[-1.079,-5.445],[-1.149,-5.311],[-1.198,-5.255],[-1.303,-5.192],[-1.415,-5.15],[-1.514,-5.157],[-1.542,-5.122],[-1.542,-5.079],[-1.598,-4.911],[-1.633,-4.65],[-1.633,-4.517],[-1.605,-4.376],[-1.577,-4.32],[-1.521,-4.263],[-1.402,-4.214],[-1.212,-4.179]]],[[[0.639,-4.313],[0.562,-4.348],[0.499,-4.411],[0.484,-4.446],[0.484,-4.65],[0.499,-4.692],[0.534,-4.728],[0.618,-4.728],[0.716,-4.685],[0.814,-4.608],[0.856,-4.538],[0.856,-4.446],[0.835,-4.404],[0.744,-4.334],[0.639,-4.313]]],[[[-0.764,-4.432],[-0.834,-4.467],[-0.883,-4.524],[-0.904,-4.573],[-0.904,-4.65],[-0.89,-4.699],[-0.834,-4.777],[-0.749,-4.819],[-0.672,-4.819],[-0.616,-4.784],[-0.588,-4.728],[-0.574,-4.664],[-0.581,-4.538],[-0.602,-4.496],[-0.672,-4.439],[-0.764,-4.432]]]]},"properties":{"abbr":"PF","name":"parafascicular thalamic nucleus","plate":31,"ap_bregma_mm":-2.7,"area_mm2":2.6685,"traced_fraction":[0.848,1.0,1.0,1.0],"n_labels":2,"no_drawn_outline":false}},{"type":"Feature","geometry":{"type":"MultiPolygon","coordinates":[[[[-0.069,-4.763],[0.001,-4.763],[0.008,-4.812],[0.05,-4.875],[0.12,-4.918],[0.162,-4.918],[0.183,-5.129],[-0.252,-5.129],[-0.259,-4.939],[-0.217,-4.939],[-0.139,-4.903],[-0.083,-4.84],[-0.069,-4.763]]]]},"properties":{"abbr":"PoMn","name":"posteromedian thalamic nucleus","plate":31,"ap_bregma_mm":-2.7,"area_mm2":0.1097,"traced_fraction":[0.729],"n_labels":1,"no_drawn_outline":true}},{"type":"Feature","geometry":{"type":"MultiPolygon","coordinates":[[[[2.651,-3.082],[2.995,-3.11],[3.408,-3.237],[3.654,-3.363],[3.892,-3.525],[4.074,-3.708],[4.088,-3.778],[4.067,-3.841],[4.067,-3.905],[4.095,-4.01],[4.145,-4.144],[4.222,-4.221],[4.257,-4.306],[4.278,-4.474],[4.278,-4.671],[4.278,-4.763],[4.257,-4.854],[4.116,-4.854],[4.116,-5.002],[4.166,-5.009],[4.222,-4.939],[4.243,-4.939],[4.236,-5.037],[4.194,-5.143],[4.124,-5.241],[4.109,-5.241],[4.109,-5.255],[4.011,-5.347],[3.99,-5.382],[3.976,-5.382],[3.976,-5.396],[3.892,-5.417],[3.906,-5.304],[3.976,-5.206],[3.801,-5.192],[3.899,-5.065],[3.962,-4.953],[4.074,-4.636],[4.095,-4.51],[4.095,-4.327],[4.06,-4.123],[4.025,-4.052],[4.004,-3.961],[3.955,-3.863],[3.822,-3.659],[3.71,-3.539],[3.569,-3.441],[3.548,-3.441],[3.541,-3.427],[3.324,-3.321],[3.093,-3.237],[2.819,-3.18],[2.679,-3.173],[2.616,-3.187],[2.497,-3.18],[2.139,-3.208],[2.034,-3.23],[1.88,-3.293],[1.838,-3.293],[1.62,-3.363],[1.41,-3.391],[1.333,-3.377],[0.996,-3.448],[0.905,-3.455],[0.905,-3.441],[0.94,-3.412],[1.094,-3.37],[1.123,-3.321],[1.179,-3.321],[1.298,-3.293],[1.726,-3.152],[2.055,-3.117],[2.223,-3.124],[2.392,-3.103],[2.539,-3.103],[2.651,-3.082]]],[[[-1.998,-3.265],[-1.85,-3.293],[-1.836,-3.307],[-1.808,-3.307],[-1.787,-3.286],[-1.619,-3.3],[-1.528,-3.328],[-1.247,-3.342],[-1.177,-3.405],[-1.044,-3.455],[-0.981,-3.504],[-1.121,-3.511],[-1.423,-3.49],[-1.521,-3.462],[-1.787,-3.455],[-2.04,-3.384],[-2.18,-3.384],[-2.243,-3.37],[-2.797,-3.384],[-2.958,-3.377],[-3.189,-3.419],[-3.33,-3.483],[-3.449,-3.518],[-3.659,-3.644],[-3.912,-3.841],[-3.989,-3.919],[-4.052,-4.01],[-4.115,-4.179],[-4.129,-4.271],[-4.122,-4.348],[-4.185,-4.699],[-4.185,-4.777],[-4.164,-4.882],[-4.129,-4.974],[-4.066,-5.079],[-4.045,-5.15],[-4.017,-5.178],[-4.017,-5.199],[-3.954,-5.297],[-3.87,-5.382],[-3.757,-5.459],[-3.722,-5.515],[-3.617,-5.621],[-3.596,-5.621],[-3.414,-5.867],[-3.337,-5.944],[-3.316,-6.001],[-3.358,-6.001],[-3.456,-5.958],[-3.526,-5.958],[-3.603,-5.916],[-3.757,-5.783],[-3.82,-5.754],[-3.828,-5.684],[-3.884,-5.579],[-3.954,-5.515],[-4.08,-5.445],[-4.157,-5.368],[-4.206,-5.241],[-4.269,-5.157],[-4.297,-5.065],[-4.339,-4.868],[-4.339,-4.721],[-4.318,-4.538],[-4.269,-4.383],[-4.269,-4.172],[-4.241,-4.081],[-4.206,-4.059],[-4.157,-3.968],[-4.052,-3.827],[-3.989,-3.764],[-3.975,-3.764],[-3.947,-3.722],[-3.891,-3.687],[-3.891,-3.673],[-3.701,-3.532],[-3.449,-3.405],[-3.119,-3.314],[-3.0,-3.3],[-2.965,-3.279],[-2.923,-3.307],[-2.86,-3.314],[-2.572,-3.3],[-2.313,-3.314],[-2.054,-3.286],[-1.998,-3.265]]]]},"properties":{"abbr":"opt","name":"optic tract","plate":31,"ap_bregma_mm":-2.7,"area_mm2":1.4057,"traced_fraction":[0.965,1.0],"n_labels":2,"no_drawn_outline":false}},{"type":"Feature","geometry":{"type":"MultiPolygon","coordinates":[[[[1.48,-4.967],[1.466,-5.044],[1.403,-5.213],[1.305,-5.332],[1.235,-5.368],[1.186,-5.417],[1.137,-5.417],[1.144,-5.326],[1.102,-5.326],[1.102,-5.171],[1.214,-5.171],[1.235,-5.114],[1.312,-5.051],[1.319,-5.044],[1.431,-4.974],[1.48,-4.967]]],[[[-1.065,-5.522],[-1.296,-5.501],[-1.338,-5.452],[-1.402,-5.41],[-1.437,-5.361],[-1.514,-5.157],[-1.415,-5.15],[-1.303,-5.192],[-1.198,-5.255],[-1.121,-5.361],[-1.079,-5.445],[-1.065,-5.522]]]]},"properties":{"abbr":"OPC","name":"oval paracentral thalamic nucleus","plate":31,"ap_bregma_mm":-2.7,"area_mm2":0.1759,"traced_fraction":[0.723,1.0],"n_labels":2,"no_drawn_outline":false}},{"type":"Feature","geometry":{"type":"MultiPolygon","coordinates":[[[[3.541,-5.086],[3.661,-5.227],[3.724,-5.248],[3.563,-5.501],[3.527,-5.494],[3.478,-5.445],[3.45,-5.445],[3.38,-5.508],[3.345,-5.487],[3.296,-5.48],[3.191,-5.501],[3.093,-5.558],[2.925,-5.705],[2.742,-5.818],[2.651,-5.839],[2.658,-5.811],[2.735,-5.74],[3.016,-5.579],[3.142,-5.48],[3.184,-5.466],[3.219,-5.431],[3.317,-5.375],[3.422,-5.262],[3.527,-5.086],[3.541,-5.086]]],[[[-3.393,-5.192],[-3.365,-5.227],[-3.295,-5.445],[-3.189,-5.628],[-3.119,-5.705],[-2.965,-5.818],[-2.937,-5.867],[-2.965,-5.867],[-3.035,-5.825],[-3.168,-5.705],[-3.239,-5.663],[-3.309,-5.663],[-3.365,-5.698],[-3.386,-5.691],[-3.428,-5.628],[-3.512,-5.551],[-3.526,-5.551],[-3.596,-5.621],[-3.617,-5.621],[-3.722,-5.515],[-3.757,-5.459],[-3.743,-5.445],[-3.589,-5.41],[-3.519,-5.361],[-3.477,-5.297],[-3.442,-5.262],[-3.421,-5.206],[-3.393,-5.192]]]]},"properties":{"abbr":"SubG","name":"subgeniculate nucleus","plate":31,"ap_bregma_mm":-2.7,"area_mm2":0.2746,"traced_fraction":[0.972,0.981],"n_labels":2,"no_drawn_outline":false}},{"type":"Feature","geometry":{"type":"MultiPolygon","coordinates":[[[[5.729,-5.086],[6.409,-5.157],[7.3,-5.206],[7.293,-5.276],[7.251,-5.417],[7.138,-5.656],[7.089,-5.628],[6.9,-5.614],[6.788,-5.586],[6.57,-5.558],[6.241,-5.487],[5.995,-5.417],[5.883,-5.403],[5.722,-5.354],[5.652,-5.347],[5.652,-5.311],[5.729,-5.086]]],[[[-5.875,-5.199],[-5.826,-5.347],[-5.826,-5.382],[-5.875,-5.389],[-6.064,-5.466],[-6.415,-5.579],[-6.464,-5.607],[-6.646,-5.663],[-7.088,-5.839],[-7.242,-5.881],[-7.347,-5.93],[-7.375,-5.916],[-7.431,-5.79],[-7.438,-5.74],[-7.452,-5.74],[-7.459,-5.726],[-7.452,-5.698],[-7.459,-5.677],[-7.473,-5.677],[-7.48,-5.649],[-7.487,-5.628],[-7.494,-5.607],[-7.509,-5.579],[-7.501,-5.558],[-7.53,-5.466],[-7.382,-5.431],[-7.228,-5.417],[-6.849,-5.347],[-6.555,-5.311],[-6.232,-5.248],[-5.875,-5.199]]]]},"properties":{"abbr":"AuV","name":"secondary auditory cortex, ventral area","plate":31,"ap_bregma_mm":-2.7,"area_mm2":1.1394,"traced_fraction":[1.0,1.0],"n_labels":2,"no_drawn_outline":false}},{"type":"Feature","geometry":{"type":"MultiPolygon","coordinates":[[[[2.181,-5.072],[2.188,-5.234],[2.167,-5.304],[2.139,-5.339],[2.146,-5.361],[1.95,-5.473],[1.747,-5.536],[1.683,-5.543],[1.67,-5.558],[1.522,-5.586],[1.473,-5.635],[1.115,-5.635],[0.779,-5.565],[0.702,-5.529],[0.688,-5.508],[0.702,-5.494],[0.821,-5.494],[0.961,-5.473],[1.137,-5.417],[1.186,-5.417],[1.34,-5.424],[1.578,-5.361],[1.936,-5.199],[2.132,-5.079],[2.181,-5.072]]],[[[-2.131,-5.283],[-2.103,-5.283],[-1.843,-5.396],[-1.654,-5.438],[-1.507,-5.487],[-1.345,-5.508],[-1.296,-5.501],[-1.065,-5.522],[-0.749,-5.558],[-0.749,-5.572],[-0.785,-5.6],[-0.862,-5.621],[-0.939,-5.663],[-0.988,-5.67],[-1.107,-5.719],[-1.352,-5.769],[-1.409,-5.797],[-1.479,-5.754],[-1.598,-5.726],[-1.991,-5.586],[-2.11,-5.536],[-2.131,-5.515],[-2.159,-5.417],[-2.159,-5.326],[-2.131,-5.283]]]]},"properties":{"abbr":"VPPC","name":"ventral posterior nucleus of the thalamus, parvicellular part","plate":31,"ap_bregma_mm":-2.7,"area_mm2":0.6131,"traced_fraction":[1.0,1.0],"n_labels":2,"no_drawn_outline":false}},{"type":"Feature","geometry":{"type":"MultiPolygon","coordinates":[[[[3.002,-5.037],[3.009,-5.079],[2.378,-5.41],[2.265,-5.48],[2.251,-5.501],[2.125,-5.558],[1.901,-5.698],[1.74,-5.769],[1.599,-5.79],[1.494,-5.719],[1.473,-5.635],[1.522,-5.586],[1.67,-5.558],[1.683,-5.543],[1.747,-5.536],[1.95,-5.473],[2.146,-5.361],[2.195,-5.354],[2.623,-5.15],[2.805,-5.1],[2.939,-5.044],[3.002,-5.037]]],[[[-2.881,-5.304],[-2.601,-5.368],[-2.166,-5.515],[-2.131,-5.515],[-2.11,-5.536],[-1.991,-5.586],[-1.598,-5.726],[-1.479,-5.754],[-1.409,-5.797],[-1.387,-5.853],[-1.402,-5.853],[-1.423,-5.902],[-1.458,-5.916],[-1.661,-5.895],[-1.983,-5.797],[-2.72,-5.445],[-2.902,-5.332],[-2.881,-5.304]]]]},"properties":{"abbr":"ml","name":"medial lemniscus","plate":31,"ap_bregma_mm":-2.7,"area_mm2":0.4798,"traced_fraction":[1.0,1.0],"n_labels":2,"no_drawn_outline":false}},{"type":"Feature","geometry":{"type":"MultiPolygon","coordinates":[[[[3.801,-5.192],[3.976,-5.206],[3.906,-5.304],[3.892,-5.417],[3.864,-5.508],[3.829,-5.522],[3.731,-5.628],[3.717,-5.628],[3.675,-5.677],[3.563,-5.754],[3.436,-5.867],[3.401,-5.923],[3.254,-6.064],[3.247,-6.113],[3.219,-6.162],[3.107,-6.282],[2.925,-6.423],[2.721,-6.528],[2.651,-6.613],[2.616,-6.683],[2.546,-6.732],[2.511,-6.781],[2.469,-6.795],[2.321,-6.943],[2.3,-6.943],[2.287,-6.964],[2.209,-7.006],[2.195,-7.042],[2.139,-7.07],[2.069,-7.161],[2.02,-7.168],[2.02,-7.105],[2.041,-7.042],[2.062,-6.992],[2.132,-6.901],[2.237,-6.809],[2.321,-6.767],[2.504,-6.577],[2.728,-6.465],[2.798,-6.387],[2.897,-6.226],[3.058,-6.113],[3.128,-6.106],[3.233,-6.057],[3.247,-6.001],[3.296,-5.937],[3.317,-5.881],[3.422,-5.747],[3.457,-5.67],[3.485,-5.649],[3.485,-5.635],[3.366,-5.628],[3.359,-5.593],[3.38,-5.508],[3.45,-5.445],[3.478,-5.445],[3.527,-5.494],[3.563,-5.501],[3.724,-5.248],[3.801,-5.192]]],[[[-3.365,-5.698],[-3.337,-5.825],[-3.203,-5.944],[-2.951,-6.106],[-2.811,-6.233],[-2.797,-6.233],[-2.79,-6.254],[-2.72,-6.317],[-2.713,-6.366],[-2.762,-6.345],[-2.783,-6.317],[-3.028,-6.141],[-3.203,-6.071],[-3.316,-6.001],[-3.337,-5.944],[-3.414,-5.867],[-3.596,-5.621],[-3.526,-5.551],[-3.512,-5.551],[-3.428,-5.628],[-3.414,-5.663],[-3.365,-5.698]]]]},"properties":{"abbr":"sox","name":"supraoptic decussation","plate":31,"ap_bregma_mm":-2.7,"area_mm2":0.4899,"traced_fraction":[0.957,0.962],"n_labels":2,"no_drawn_outline":false}},{"type":"Feature","geometry":{"type":"MultiPolygon","coordinates":[[[[5.652,-5.347],[5.722,-5.354],[5.883,-5.403],[5.995,-5.417],[6.241,-5.487],[6.57,-5.558],[6.788,-5.586],[6.9,-5.614],[7.089,-5.628],[7.138,-5.656],[6.851,-6.219],[6.795,-6.303],[6.732,-6.352],[6.697,-6.324],[6.676,-6.324],[6.669,-6.31],[6.535,-6.254],[6.185,-6.071],[6.178,-6.057],[6.024,-5.987],[5.736,-5.818],[5.575,-5.705],[5.505,-5.677],[5.624,-5.382],[5.652,-5.347]]],[[[-5.826,-5.382],[-5.812,-5.389],[-5.714,-5.656],[-5.735,-5.656],[-5.861,-5.769],[-5.987,-5.846],[-6.029,-5.888],[-6.085,-5.916],[-6.127,-5.958],[-6.394,-6.134],[-6.408,-6.155],[-6.92,-6.479],[-6.983,-6.437],[-7.011,-6.387],[-7.06,-6.352],[-7.067,-6.345],[-7.067,-6.324],[-7.109,-6.268],[-7.144,-6.24],[-7.256,-6.078],[-7.284,-6.057],[-7.305,-6.008],[-7.347,-5.958],[-7.347,-5.93],[-7.298,-5.902],[-7.088,-5.839],[-7.004,-5.797],[-6.821,-5.74],[-6.415,-5.579],[-6.064,-5.466],[-5.875,-5.389],[-5.826,-5.382]]]]},"properties":{"abbr":"Ect","name":"ectorhinal cortex","plate":31,"ap_bregma_mm":-2.7,"area_mm2":1.6395,"traced_fraction":[1.0,1.0],"n_labels":2,"no_drawn_outline":false}},{"type":"Feature","geometry":{"type":"MultiPolygon","coordinates":[[[[-0.35,-5.417],[-0.259,-5.543],[-0.308,-5.642],[-0.469,-5.769],[-0.581,-5.818],[-0.813,-5.853],[-0.869,-5.874],[-1.17,-5.874],[-1.233,-5.888],[-1.261,-5.867],[-1.387,-5.853],[-1.409,-5.797],[-1.352,-5.769],[-1.107,-5.719],[-0.988,-5.67],[-0.939,-5.663],[-0.862,-5.621],[-0.785,-5.6],[-0.749,-5.572],[-0.749,-5.558],[-0.49,-5.501],[-0.35,-5.417]]],[[[0.344,-5.424],[0.477,-5.473],[0.632,-5.487],[0.688,-5.508],[0.702,-5.529],[0.779,-5.565],[1.115,-5.635],[1.473,-5.635],[1.494,-5.719],[1.368,-5.754],[1.235,-5.762],[1.193,-5.783],[1.066,-5.776],[0.947,-5.804],[0.884,-5.804],[0.534,-5.762],[0.484,-5.733],[0.421,-5.719],[0.302,-5.635],[0.281,-5.593],[0.274,-5.529],[0.295,-5.48],[0.344,-5.424]]]]},"properties":{"abbr":"SPFPC","name":"subparafascicular thalamic nucleus, parvicellular part","plate":31,"ap_bregma_mm":-2.7,"area_mm2":0.4755,"traced_fraction":[1.0,1.0],"n_labels":2,"no_drawn_outline":false}},{"type":"Feature","geometry":{"type":"MultiPolygon","coordinates":[[[[1.193,-5.783],[1.214,-5.804],[1.326,-5.839],[1.389,-5.895],[1.396,-5.916],[1.242,-6.022],[1.144,-6.127],[1.123,-6.198],[1.137,-6.289],[1.081,-6.31],[1.003,-6.317],[0.954,-6.31],[0.898,-6.282],[0.856,-6.282],[0.849,-6.275],[0.828,-6.254],[0.772,-6.141],[0.765,-6.022],[0.821,-5.888],[0.884,-5.832],[0.884,-5.804],[0.947,-5.804],[1.066,-5.776],[1.193,-5.783]]],[[[-0.869,-5.874],[-0.841,-5.916],[-0.785,-5.937],[-0.743,-6.036],[-0.743,-6.183],[-0.756,-6.191],[-0.764,-6.233],[-0.785,-6.24],[-0.806,-6.303],[-0.834,-6.317],[-0.967,-6.359],[-1.093,-6.359],[-1.233,-6.317],[-1.338,-6.233],[-1.381,-6.226],[-1.381,-6.177],[-1.402,-6.113],[-1.394,-6.078],[-1.381,-6.05],[-1.338,-5.966],[-1.233,-5.888],[-1.17,-5.874],[-0.869,-5.874]]]]},"properties":{"abbr":"PR","name":"prerubral field","plate":31,"ap_bregma_mm":-2.7,"area_mm2":0.4785,"traced_fraction":[1.0,1.0],"n_labels":2,"no_drawn_outline":false}},{"type":"Feature","geometry":{"type":"MultiPolygon","coordinates":[[[[-3.358,-5.037],[-3.295,-5.086],[-3.274,-5.136],[-3.274,-5.185],[-3.252,-5.248],[-3.197,-5.354],[-3.035,-5.522],[-2.762,-5.691],[-2.622,-5.797],[-2.004,-6.113],[-1.998,-6.233],[-2.012,-6.24],[-2.012,-6.345],[-2.306,-6.233],[-2.313,-6.219],[-2.537,-6.106],[-2.608,-6.05],[-2.734,-5.987],[-2.776,-5.951],[-2.846,-5.937],[-2.888,-5.916],[-2.937,-5.867],[-2.965,-5.818],[-3.119,-5.705],[-3.189,-5.628],[-3.295,-5.445],[-3.365,-5.227],[-3.393,-5.192],[-3.372,-5.044],[-3.358,-5.037]]],[[[2.42,-5.966],[2.314,-6.036],[2.293,-6.036],[2.104,-6.141],[2.09,-5.902],[2.329,-5.769],[2.378,-5.726],[2.406,-5.719],[2.42,-5.966]]]]},"properties":{"abbr":"ZIV","name":"zona incerta, ventral part","plate":31,"ap_bregma_mm":-2.7,"area_mm2":0.4443,"traced_fraction":[0.952,0.695],"n_labels":2,"no_drawn_outline":false}},{"type":"Feature","geometry":{"type":"MultiPolygon","coordinates":[[[[-0.104,-5.839],[-0.104,-5.98],[-0.125,-6.05],[-0.175,-6.127],[-0.259,-6.177],[-0.413,-6.212],[-0.525,-6.212],[-0.539,-6.212],[-0.644,-6.205],[-0.693,-6.183],[-0.743,-6.183],[-0.743,-6.036],[-0.785,-5.937],[-0.49,-5.867],[-0.308,-5.776],[-0.175,-5.677],[-0.139,-5.698],[-0.104,-5.839]]],[[[0.821,-5.888],[0.765,-6.022],[0.772,-6.141],[0.695,-6.155],[0.667,-6.169],[0.667,-6.183],[0.548,-6.191],[0.534,-6.177],[0.471,-6.177],[0.45,-6.191],[0.295,-6.169],[0.19,-6.113],[0.169,-6.092],[0.127,-5.987],[0.127,-5.839],[0.169,-5.712],[0.218,-5.705],[0.365,-5.797],[0.492,-5.846],[0.639,-5.874],[0.758,-5.874],[0.821,-5.888]]]]},"properties":{"abbr":"SPF","name":"subparafascicular thalamic nucleus","plate":31,"ap_bregma_mm":-2.7,"area_mm2":0.4561,"traced_fraction":[0.997,1.0],"n_labels":2,"no_drawn_outline":false}},{"type":"Feature","geometry":{"type":"MultiPolygon","coordinates":[[[[5.301,-5.726],[5.322,-5.747],[5.308,-5.951],[5.266,-6.127],[5.231,-6.212],[5.217,-6.219],[5.168,-6.387],[5.126,-6.437],[5.07,-6.465],[4.972,-6.451],[4.972,-6.416],[5.021,-6.268],[5.021,-6.219],[5.035,-6.127],[5.098,-6.001],[5.133,-5.994],[5.21,-5.916],[5.266,-5.811],[5.28,-5.747],[5.301,-5.726]]],[[[-5.426,-6.001],[-5.377,-6.05],[-5.37,-6.099],[-5.3,-6.219],[-5.104,-6.416],[-5.047,-6.493],[-4.97,-6.662],[-4.893,-6.788],[-4.837,-6.852],[-4.774,-6.88],[-4.767,-6.901],[-4.816,-6.943],[-4.914,-6.936],[-5.055,-6.824],[-5.16,-6.718],[-5.174,-6.718],[-5.272,-6.613],[-5.349,-6.472],[-5.398,-6.317],[-5.447,-6.078],[-5.44,-6.015],[-5.426,-6.001]]]]},"properties":{"abbr":"La","name":"lateral amygdaloid nucleus","plate":31,"ap_bregma_mm":-2.7,"area_mm2":0.2929,"traced_fraction":[1.0,1.0],"n_labels":2,"no_drawn_outline":false}},{"type":"Feature","geometry":{"type":"MultiPolygon","coordinates":[[[[-5.714,-5.656],[-5.517,-5.966],[-5.482,-6.12],[-5.489,-6.169],[-5.524,-6.205],[-5.559,-6.289],[-5.615,-6.373],[-5.721,-6.479],[-6.008,-6.69],[-6.148,-6.76],[-6.31,-6.817],[-6.583,-6.887],[-6.625,-6.887],[-6.611,-6.795],[-6.611,-6.767],[-6.583,-6.753],[-6.576,-6.725],[-6.513,-6.662],[-6.513,-6.627],[-6.534,-6.598],[-6.625,-6.57],[-6.835,-6.563],[-6.884,-6.535],[-6.884,-6.521],[-6.92,-6.5],[-6.92,-6.479],[-6.408,-6.155],[-6.394,-6.134],[-6.127,-5.958],[-6.085,-5.916],[-6.029,-5.888],[-5.987,-5.846],[-5.861,-5.769],[-5.735,-5.656],[-5.714,-5.656]]],[[[5.505,-5.677],[5.575,-5.705],[5.68,-5.783],[6.024,-5.987],[6.178,-6.057],[6.353,-6.162],[6.556,-6.254],[6.676,-6.324],[6.697,-6.324],[6.732,-6.352],[6.697,-6.402],[6.577,-6.458],[6.577,-6.472],[6.549,-6.479],[6.535,-6.486],[6.5,-6.486],[6.325,-6.542],[6.262,-6.591],[6.276,-6.711],[6.339,-6.894],[6.241,-6.894],[6.115,-6.873],[5.946,-6.809],[5.715,-6.648],[5.484,-6.43],[5.393,-6.366],[5.35,-6.317],[5.287,-6.282],[5.287,-6.247],[5.322,-6.177],[5.4,-5.916],[5.505,-5.677]]]]},"properties":{"abbr":"PRh","name":"perirhinal cortex","plate":31,"ap_bregma_mm":-2.7,"area_mm2":1.6871,"traced_fraction":[1.0,1.0],"n_labels":2,"no_drawn_outline":false}},{"type":"Feature","geometry":{"type":"MultiPolygon","coordinates":[[[[-1.381,-6.226],[-1.338,-6.233],[-1.233,-6.317],[-1.093,-6.359],[-0.967,-6.359],[-0.834,-6.317],[-0.911,-6.472],[-0.904,-6.591],[-0.834,-6.69],[-0.848,-6.69],[-0.925,-6.767],[-1.009,-6.788],[-1.079,-6.859],[-1.149,-6.795],[-1.219,-6.76],[-1.24,-6.76],[-1.261,-6.788],[-1.542,-6.795],[-1.584,-6.683],[-1.724,-6.535],[-1.745,-6.493],[-1.619,-6.507],[-1.521,-6.507],[-1.472,-6.493],[-1.394,-6.402],[-1.381,-6.352],[-1.381,-6.226]]],[[[0.856,-6.282],[0.898,-6.282],[0.912,-6.296],[1.003,-6.317],[1.081,-6.31],[1.137,-6.289],[1.158,-6.324],[1.249,-6.402],[1.242,-6.739],[1.172,-6.802],[1.144,-6.774],[0.926,-6.767],[0.877,-6.718],[0.926,-6.613],[0.933,-6.416],[0.905,-6.345],[0.87,-6.317],[0.856,-6.282]]]]},"properties":{"abbr":"ns","name":"nigrostriatal bundle","plate":31,"ap_bregma_mm":-2.7,"area_mm2":0.4614,"traced_fraction":[0.821,0.626],"n_labels":2,"no_drawn_outline":false}},{"type":"Feature","geometry":{"type":"MultiPolygon","coordinates":[[[[0.688,-6.303],[0.744,-6.31],[0.8,-6.359],[0.835,-6.472],[0.821,-6.577],[0.807,-6.606],[0.744,-6.655],[0.66,-6.655],[0.611,-6.634],[0.569,-6.584],[0.541,-6.486],[0.562,-6.387],[0.611,-6.338],[0.688,-6.303]]],[[[-0.743,-6.381],[-0.609,-6.381],[-0.553,-6.479],[-0.56,-6.598],[-0.581,-6.641],[-0.644,-6.69],[-0.686,-6.697],[-0.743,-6.683],[-0.777,-6.648],[-0.806,-6.584],[-0.806,-6.479],[-0.777,-6.416],[-0.743,-6.381]]]]},"properties":{"abbr":"mt","name":"mammillothalamic tract","plate":31,"ap_bregma_mm":-2.7,"area_mm2":0.1465,"traced_fraction":[1.0,0.963],"n_labels":2,"no_drawn_outline":false}},{"type":"Feature","geometry":{"type":"MultiPolygon","coordinates":[[[[-5.489,-6.169],[-5.37,-6.521],[-5.412,-6.556],[-5.503,-6.697],[-5.65,-6.838],[-5.875,-6.957],[-6.148,-7.063],[-6.19,-7.091],[-6.246,-7.105],[-6.394,-7.133],[-6.457,-7.154],[-6.478,-7.182],[-6.583,-7.028],[-6.59,-7.013],[-6.611,-6.922],[-6.625,-6.922],[-6.625,-6.887],[-6.583,-6.887],[-6.31,-6.817],[-6.148,-6.76],[-6.008,-6.69],[-5.721,-6.479],[-5.615,-6.373],[-5.559,-6.289],[-5.524,-6.205],[-5.489,-6.169]]],[[[5.287,-6.282],[5.322,-6.296],[5.435,-6.402],[5.484,-6.43],[5.715,-6.648],[5.946,-6.809],[6.115,-6.873],[6.241,-6.894],[6.339,-6.894],[6.325,-6.999],[6.269,-7.091],[6.206,-7.07],[5.953,-7.034],[5.792,-6.943],[5.631,-6.831],[5.491,-6.697],[5.477,-6.697],[5.343,-6.556],[5.252,-6.493],[5.217,-6.465],[5.287,-6.282]]]]},"properties":{"abbr":"LEnt","name":"lateral entorhinal cortex","plate":31,"ap_bregma_mm":-2.7,"area_mm2":0.6517,"traced_fraction":[1.0,1.0],"n_labels":2,"no_drawn_outline":false}},{"type":"Feature","geometry":{"type":"MultiPolygon","coordinates":[[[[2.742,-5.818],[2.735,-5.839],[2.546,-6.015],[2.546,-6.029],[2.399,-6.183],[2.146,-6.528],[1.95,-6.739],[1.88,-6.838],[1.761,-6.95],[1.691,-7.063],[1.676,-7.063],[1.641,-7.013],[1.613,-6.929],[1.613,-6.704],[1.649,-6.577],[1.662,-6.57],[1.683,-6.507],[1.712,-6.486],[1.761,-6.409],[1.831,-6.345],[1.838,-6.31],[2.104,-6.141],[2.181,-6.106],[2.223,-6.071],[2.314,-6.036],[2.42,-5.966],[2.462,-5.951],[2.581,-5.867],[2.651,-5.839],[2.742,-5.818]]],[[[-2.846,-5.937],[-2.776,-5.951],[-2.734,-5.987],[-2.608,-6.05],[-2.537,-6.106],[-2.313,-6.219],[-2.306,-6.233],[-2.012,-6.345],[-1.983,-6.373],[-1.745,-6.493],[-1.724,-6.535],[-1.584,-6.683],[-1.542,-6.795],[-1.542,-7.063],[-1.563,-7.147],[-1.605,-7.189],[-1.619,-7.189],[-1.64,-7.133],[-1.773,-7.021],[-1.913,-6.817],[-2.278,-6.458],[-2.348,-6.416],[-2.481,-6.282],[-2.593,-6.141],[-2.783,-6.015],[-2.839,-5.966],[-2.846,-5.937]]]]},"properties":{"abbr":"STh","name":"subthalamic nucleus","plate":31,"ap_bregma_mm":-2.7,"area_mm2":0.7458,"traced_fraction":[1.0,1.0],"n_labels":2,"no_drawn_outline":false}},{"type":"Feature","geometry":{"type":"MultiPolygon","coordinates":[[[[0.19,-6.113],[0.295,-6.169],[0.45,-6.191],[0.45,-6.261],[0.365,-6.366],[0.323,-6.479],[0.33,-6.613],[0.372,-6.704],[0.421,-6.746],[0.534,-6.788],[0.646,-6.802],[0.646,-6.894],[0.625,-6.908],[0.597,-6.964],[0.505,-6.929],[0.288,-6.887],[0.106,-6.831],[0.099,-6.613],[0.085,-6.598],[0.092,-6.57],[0.071,-6.465],[0.064,-6.24],[0.036,-6.169],[0.169,-6.148],[0.19,-6.113]]],[[[-0.175,-6.127],[-0.167,-6.148],[-0.041,-6.162],[-0.076,-6.219],[-0.076,-6.423],[-0.083,-6.542],[-0.097,-6.577],[-0.069,-6.838],[-0.111,-6.838],[-0.21,-6.873],[-0.525,-6.908],[-0.658,-6.936],[-0.665,-6.873],[-0.7,-6.802],[-0.7,-6.774],[-0.525,-6.774],[-0.448,-6.739],[-0.399,-6.683],[-0.371,-6.563],[-0.371,-6.472],[-0.392,-6.381],[-0.413,-6.352],[-0.413,-6.212],[-0.259,-6.177],[-0.175,-6.127]]]]},"properties":{"abbr":"PH","name":"posterior hypothalamic nucleus","plate":31,"ap_bregma_mm":-2.7,"area_mm2":0.5128,"traced_fraction":[0.932,0.941],"n_labels":2,"no_drawn_outline":false}},{"type":"Feature","geometry":{"type":"MultiPolygon","coordinates":[[[[5.217,-6.465],[5.252,-6.493],[5.245,-6.549],[5.259,-6.584],[5.259,-6.655],[5.238,-6.76],[5.175,-6.873],[5.119,-6.922],[5.077,-6.992],[4.993,-7.063],[4.951,-7.077],[4.853,-7.077],[4.825,-7.028],[4.818,-6.943],[4.895,-6.767],[4.993,-6.641],[5.182,-6.479],[5.217,-6.465]]],[[[-5.293,-6.662],[-5.097,-6.817],[-5.089,-6.838],[-5.005,-6.908],[-4.893,-7.056],[-4.914,-7.161],[-4.942,-7.161],[-4.956,-7.175],[-5.055,-7.175],[-5.104,-7.161],[-5.181,-7.112],[-5.251,-7.042],[-5.321,-6.929],[-5.335,-6.845],[-5.335,-6.718],[-5.321,-6.676],[-5.293,-6.662]]]]},"properties":{"abbr":"DEn","name":"dorsal endopiriform nucleus","plate":31,"ap_bregma_mm":-2.7,"area_mm2":0.2785,"traced_fraction":[1.0,1.0],"n_labels":2,"no_drawn_outline":false}},{"type":"Feature","geometry":{"type":"MultiPolygon","coordinates":[[[[5.021,-6.219],[5.021,-6.268],[4.972,-6.416],[4.972,-6.451],[4.909,-6.662],[4.867,-6.753],[4.719,-6.908],[4.656,-6.922],[4.621,-6.95],[4.446,-7.028],[4.348,-7.042],[4.229,-7.084],[4.179,-7.077],[4.215,-7.028],[4.32,-6.992],[4.565,-6.852],[4.712,-6.711],[4.839,-6.542],[4.958,-6.275],[5.0,-6.219],[5.021,-6.219]]],[[[-4.725,-6.964],[-4.641,-7.034],[-4.571,-7.056],[-4.515,-7.07],[-4.479,-7.098],[-4.423,-7.105],[-4.318,-7.147],[-4.318,-7.189],[-4.36,-7.203],[-4.416,-7.196],[-4.634,-7.126],[-4.641,-7.112],[-4.732,-7.077],[-4.767,-7.042],[-4.767,-6.999],[-4.739,-6.964],[-4.725,-6.964]]]]},"properties":{"abbr":"st","name":"stria terminalis","plate":31,"ap_bregma_mm":-2.7,"area_mm2":0.1604,"traced_fraction":[1.0,1.0],"n_labels":2,"no_drawn_outline":false}},{"type":"Feature","geometry":{"type":"MultiPolygon","coordinates":[[[[0.106,-6.831],[0.288,-6.887],[0.505,-6.929],[0.597,-6.964],[0.604,-7.112],[0.562,-7.133],[0.505,-7.196],[0.435,-7.246],[0.344,-7.295],[0.26,-7.316],[0.197,-7.316],[0.12,-7.386],[0.106,-7.379],[0.099,-7.238],[0.106,-6.831]]],[[[-0.069,-6.838],[-0.055,-7.421],[-0.097,-7.414],[-0.175,-7.358],[-0.238,-7.358],[-0.28,-7.379],[-0.287,-7.372],[-0.322,-7.365],[-0.357,-7.323],[-0.42,-7.316],[-0.469,-7.26],[-0.504,-7.246],[-0.623,-7.133],[-0.693,-7.119],[-0.658,-6.936],[-0.525,-6.908],[-0.252,-6.88],[-0.111,-6.838],[-0.069,-6.838]]]]},"properties":{"abbr":"DMD","name":"dorsomedial hypothalamic nucleus, dorsal part","plate":31,"ap_bregma_mm":-2.7,"area_mm2":0.4357,"traced_fraction":[1.0,0.938],"n_labels":2,"no_drawn_outline":false}},{"type":"Feature","geometry":{"type":"MultiPolygon","coordinates":[[[[1.838,-6.31],[1.831,-6.345],[1.761,-6.409],[1.712,-6.486],[1.683,-6.507],[1.662,-6.57],[1.649,-6.577],[1.613,-6.704],[1.613,-6.929],[1.641,-7.013],[1.662,-7.049],[1.691,-7.063],[1.691,-7.253],[1.726,-7.33],[1.789,-7.379],[1.761,-7.421],[1.733,-7.428],[1.683,-7.379],[1.627,-7.351],[1.571,-7.351],[1.515,-7.372],[1.48,-7.428],[1.48,-7.485],[1.55,-7.569],[1.501,-7.611],[1.389,-7.611],[1.312,-7.562],[1.256,-7.534],[1.27,-7.464],[1.27,-7.33],[1.249,-7.267],[1.115,-7.098],[1.102,-7.042],[1.109,-6.929],[1.172,-6.824],[1.172,-6.802],[1.242,-6.739],[1.249,-6.402],[1.368,-6.451],[1.466,-6.451],[1.613,-6.409],[1.81,-6.31],[1.838,-6.31]]],[[[-1.079,-6.859],[-1.044,-6.915],[-1.037,-7.049],[-1.065,-7.126],[-1.093,-7.154],[-1.135,-7.238],[-1.156,-7.238],[-1.156,-7.274],[-1.205,-7.379],[-1.205,-7.576],[-1.184,-7.611],[-1.142,-7.618],[-1.128,-7.696],[-1.142,-7.71],[-1.163,-7.71],[-1.219,-7.661],[-1.303,-7.618],[-1.366,-7.611],[-1.451,-7.52],[-1.507,-7.492],[-1.577,-7.499],[-1.619,-7.569],[-1.647,-7.548],[-1.696,-7.457],[-1.633,-7.428],[-1.598,-7.379],[-1.591,-7.281],[-1.612,-7.21],[-1.605,-7.189],[-1.563,-7.147],[-1.542,-7.063],[-1.542,-6.795],[-1.261,-6.788],[-1.24,-6.76],[-1.219,-6.76],[-1.149,-6.795],[-1.079,-6.859]]]]},"properties":{"abbr":"PLH","name":"peduncular part of lateral hypothalamus","plate":31,"ap_bregma_mm":-2.7,"area_mm2":0.8724,"traced_fraction":[0.878,0.895],"n_labels":2,"no_drawn_outline":false}},{"type":"Feature","geometry":{"type":"MultiPolygon","coordinates":[[[[4.74,-7.021],[4.74,-7.168],[4.712,-7.246],[4.607,-7.358],[4.523,-7.386],[4.481,-7.274],[4.404,-7.182],[4.39,-7.119],[4.481,-7.119],[4.523,-7.105],[4.53,-7.084],[4.649,-7.049],[4.656,-7.042],[4.74,-7.021]]],[[[-4.893,-7.056],[-4.669,-7.154],[-4.606,-7.168],[-4.571,-7.196],[-4.557,-7.351],[-4.585,-7.421],[-4.704,-7.506],[-4.844,-7.548],[-4.872,-7.506],[-4.907,-7.393],[-4.914,-7.161],[-4.893,-7.056]]]]},"properties":{"abbr":"BLP","name":"basolateral amygdaloid nucleus, posterior part","plate":31,"ap_bregma_mm":-2.7,"area_mm2":0.2016,"traced_fraction":[0.982,1.0],"n_labels":2,"no_drawn_outline":false}},{"type":"Feature","geometry":{"type":"MultiPolygon","coordinates":[[[[-0.834,-6.69],[-0.764,-6.753],[-0.7,-6.774],[-0.7,-6.802],[-0.665,-6.873],[-0.658,-6.936],[-0.693,-7.119],[-0.7,-7.365],[-0.686,-7.555],[-0.714,-7.562],[-0.743,-7.597],[-0.834,-7.653],[-0.904,-7.668],[-0.974,-7.661],[-0.974,-7.555],[-1.03,-7.52],[-1.086,-7.534],[-1.128,-7.576],[-1.142,-7.618],[-1.184,-7.611],[-1.205,-7.576],[-1.205,-7.379],[-1.156,-7.274],[-1.156,-7.238],[-1.135,-7.238],[-1.128,-7.21],[-1.065,-7.126],[-1.037,-7.049],[-1.044,-6.915],[-1.079,-6.859],[-1.009,-6.788],[-0.925,-6.767],[-0.848,-6.69],[-0.834,-6.69]]],[[[0.877,-6.718],[0.926,-6.767],[1.144,-6.774],[1.172,-6.802],[1.172,-6.824],[1.109,-6.929],[1.102,-7.042],[1.115,-7.098],[1.151,-7.154],[1.221,-7.224],[1.27,-7.33],[1.27,-7.464],[1.256,-7.534],[1.2,-7.548],[1.151,-7.499],[1.109,-7.478],[1.066,-7.478],[0.996,-7.52],[0.996,-7.576],[1.017,-7.597],[0.982,-7.632],[0.933,-7.653],[0.793,-7.661],[0.744,-7.646],[0.667,-7.597],[0.625,-7.59],[0.618,-7.182],[0.604,-7.112],[0.597,-6.964],[0.625,-6.908],[0.646,-6.894],[0.646,-6.802],[0.751,-6.788],[0.877,-6.718]]]]},"properties":{"abbr":"PeFLH","name":"perifornical part of lateral hypothalamus","plate":31,"ap_bregma_mm":-2.7,"area_mm2":0.8314,"traced_fraction":[0.915,0.893],"n_labels":2,"no_drawn_outline":false}},{"type":"Feature","geometry":{"type":"MultiPolygon","coordinates":[[[[-3.379,-7.295],[-3.379,-7.309],[-3.351,-7.323],[-3.231,-7.365],[-3.07,-7.485],[-3.028,-7.541],[-2.839,-7.717],[-2.811,-7.78],[-2.804,-7.787],[-2.804,-7.794],[-2.818,-7.794],[-2.839,-7.801],[-2.86,-7.808],[-2.881,-7.815],[-2.909,-7.829],[-3.063,-7.879],[-3.091,-7.893],[-3.091,-7.914],[-3.119,-7.914],[-3.126,-7.914],[-3.161,-7.921],[-3.224,-7.724],[-3.274,-7.625],[-3.33,-7.555],[-3.442,-7.499],[-3.512,-7.485],[-3.736,-7.499],[-3.841,-7.492],[-4.122,-7.52],[-4.339,-7.569],[-4.339,-7.555],[-4.325,-7.506],[-4.304,-7.499],[-4.283,-7.449],[-4.185,-7.337],[-4.164,-7.295],[-4.003,-7.309],[-4.01,-7.288],[-4.157,-7.232],[-4.318,-7.189],[-4.318,-7.147],[-4.276,-7.133],[-4.164,-7.182],[-3.926,-7.232],[-3.708,-7.26],[-3.512,-7.267],[-3.463,-7.281],[-3.456,-7.295],[-3.379,-7.295]]],[[[4.018,-7.168],[4.236,-7.168],[4.285,-7.379],[4.278,-7.59],[4.158,-7.527],[3.948,-7.464],[3.668,-7.428],[3.485,-7.428],[3.359,-7.485],[3.212,-7.611],[3.184,-7.653],[3.149,-7.78],[3.121,-7.808],[3.093,-7.801],[3.023,-7.745],[2.995,-7.745],[2.974,-7.738],[2.967,-7.717],[2.77,-7.632],[2.728,-7.597],[2.728,-7.583],[2.784,-7.534],[2.861,-7.421],[2.988,-7.302],[3.156,-7.232],[3.373,-7.189],[4.018,-7.168]]],[[[-3.126,-7.914],[-3.119,-7.914],[-3.126,-7.921],[-3.126,-7.914]]]]},"properties":{"abbr":"AHi","name":"amygdalohippocampal area","plate":31,"ap_bregma_mm":-2.7,"area_mm2":0.8785,"traced_fraction":[0.994,1.0,1.0],"n_labels":2,"no_drawn_outline":false}},{"type":"Feature","geometry":{"type":"MultiPolygon","coordinates":[[[[5.252,-6.493],[5.343,-6.556],[5.477,-6.697],[5.491,-6.697],[5.631,-6.831],[5.792,-6.943],[5.953,-7.034],[5.855,-7.168],[5.666,-7.323],[5.624,-7.386],[5.61,-7.435],[5.491,-7.435],[5.484,-7.562],[5.414,-7.611],[5.378,-7.682],[5.372,-7.738],[5.329,-7.724],[5.119,-7.513],[4.712,-7.246],[4.74,-7.168],[4.74,-7.021],[4.768,-6.971],[4.818,-6.943],[4.825,-7.028],[4.853,-7.077],[4.951,-7.077],[4.993,-7.063],[5.077,-6.992],[5.119,-6.922],[5.175,-6.873],[5.238,-6.76],[5.259,-6.655],[5.259,-6.584],[5.245,-6.549],[5.252,-6.493]]],[[[-5.37,-6.521],[-5.356,-6.528],[-5.293,-6.662],[-5.321,-6.676],[-5.335,-6.718],[-5.335,-6.845],[-5.321,-6.929],[-5.251,-7.042],[-5.181,-7.112],[-5.104,-7.161],[-5.055,-7.175],[-4.956,-7.175],[-4.942,-7.161],[-4.914,-7.161],[-4.907,-7.393],[-4.97,-7.414],[-5.139,-7.541],[-5.258,-7.682],[-5.356,-7.843],[-5.384,-7.836],[-5.433,-7.78],[-5.524,-7.724],[-5.573,-7.675],[-5.608,-7.59],[-5.636,-7.562],[-5.749,-7.513],[-5.826,-7.428],[-5.945,-7.365],[-6.022,-7.309],[-6.05,-7.267],[-6.064,-7.267],[-6.127,-7.161],[-6.19,-7.105],[-6.19,-7.091],[-6.148,-7.063],[-5.875,-6.957],[-5.65,-6.838],[-5.503,-6.697],[-5.412,-6.556],[-5.37,-6.521]]]]},"properties":{"abbr":"3","name":"layer 3 of cortex","plate":31,"ap_bregma_mm":-2.7,"area_mm2":1.409,"traced_fraction":[0.948,1.0],"n_labels":2,"no_drawn_outline":false}},{"type":"Feature","geometry":{"type":"MultiPolygon","coordinates":[[[[3.184,-6.971],[3.17,-7.077],[3.24,-7.119],[3.331,-7.126],[3.338,-7.14],[3.373,-7.147],[3.373,-7.189],[3.156,-7.232],[2.988,-7.302],[2.861,-7.421],[2.784,-7.534],[2.728,-7.583],[2.665,-7.541],[2.665,-7.52],[2.588,-7.435],[2.567,-7.428],[2.567,-7.414],[2.483,-7.372],[2.42,-7.379],[2.42,-7.344],[2.483,-7.217],[2.602,-7.077],[2.721,-7.013],[2.84,-6.999],[3.184,-6.971]]],[[[-2.474,-7.14],[-2.425,-7.175],[-2.418,-7.203],[-2.39,-7.224],[-2.327,-7.33],[-2.299,-7.506],[-2.236,-7.639],[-2.327,-7.646],[-2.327,-7.668],[-2.411,-7.668],[-2.432,-7.675],[-2.446,-7.675],[-2.608,-7.71],[-2.622,-7.724],[-2.755,-7.759],[-2.769,-7.78],[-2.797,-7.787],[-2.811,-7.78],[-2.839,-7.717],[-2.965,-7.59],[-2.979,-7.59],[-3.07,-7.485],[-3.231,-7.365],[-3.351,-7.323],[-3.379,-7.309],[-3.379,-7.295],[-3.302,-7.253],[-3.133,-7.246],[-3.105,-7.21],[-3.091,-7.119],[-2.678,-7.119],[-2.551,-7.147],[-2.474,-7.14]]],[[[-2.152,-7.675],[-2.187,-7.668],[-2.187,-7.653],[-2.166,-7.653],[-2.145,-7.661],[-2.152,-7.675]]],[[[-2.446,-7.675],[-2.432,-7.675],[-2.446,-7.682],[-2.446,-7.675]]],[[[-2.804,-7.787],[-2.797,-7.787],[-2.804,-7.794],[-2.804,-7.787]]]]},"properties":{"abbr":"VS","name":"ventral subiculum","plate":31,"ap_bregma_mm":-2.7,"area_mm2":0.7358,"traced_fraction":[1.0,1.0,1.0,1.0,1.0],"n_labels":2,"no_drawn_outline":false}},{"type":"Feature","geometry":{"type":"MultiPolygon","coordinates":[[[[4.39,-7.119],[4.39,-7.154],[4.481,-7.274],[4.523,-7.386],[4.53,-7.457],[4.502,-7.618],[4.46,-7.717],[4.439,-7.731],[4.278,-7.59],[4.285,-7.379],[4.236,-7.168],[4.292,-7.161],[4.39,-7.119]]],[[[-4.164,-7.295],[-4.185,-7.337],[-4.283,-7.449],[-4.304,-7.499],[-4.325,-7.506],[-4.339,-7.555],[-4.353,-7.555],[-4.346,-7.569],[-4.458,-7.661],[-4.536,-7.703],[-4.655,-7.815],[-4.669,-7.815],[-4.774,-7.696],[-4.844,-7.569],[-4.844,-7.548],[-4.704,-7.506],[-4.585,-7.421],[-4.557,-7.351],[-4.571,-7.196],[-4.55,-7.189],[-4.164,-7.295]]]]},"properties":{"abbr":"BMP","name":"basomedial amygdaloid nucleus, posterior part","plate":31,"ap_bregma_mm":-2.7,"area_mm2":0.3064,"traced_fraction":[1.0,0.985],"n_labels":2,"no_drawn_outline":false}},{"type":"Feature","geometry":{"type":"MultiPolygon","coordinates":[[[[-5.945,-7.365],[-5.826,-7.428],[-5.749,-7.513],[-5.636,-7.562],[-5.608,-7.59],[-5.573,-7.675],[-5.524,-7.724],[-5.433,-7.78],[-5.384,-7.836],[-5.356,-7.843],[-5.37,-7.879],[-5.496,-7.85],[-5.587,-7.794],[-5.714,-7.689],[-5.826,-7.653],[-5.868,-7.611],[-5.882,-7.541],[-5.952,-7.471],[-5.945,-7.365]]],[[[6.031,-7.464],[5.982,-7.527],[5.967,-7.527],[5.967,-7.548],[5.961,-7.555],[5.939,-7.555],[5.904,-7.604],[5.876,-7.632],[5.855,-7.632],[5.785,-7.703],[5.61,-7.822],[5.568,-7.836],[5.519,-7.879],[5.456,-7.9],[5.393,-7.815],[5.378,-7.745],[5.456,-7.738],[5.512,-7.71],[5.547,-7.661],[5.575,-7.646],[5.568,-7.618],[5.484,-7.562],[5.491,-7.435],[5.61,-7.435],[5.694,-7.513],[5.708,-7.513],[5.708,-7.499],[5.736,-7.485],[5.82,-7.393],[5.876,-7.435],[5.911,-7.435],[5.932,-7.464],[6.031,-7.464]]]]},"properties":{"abbr":"Pir","name":"piriform cortex","plate":31,"ap_bregma_mm":-2.7,"area_mm2":0.228,"traced_fraction":[0.964,0.774],"n_labels":2,"no_drawn_outline":false}},{"type":"Feature","geometry":{"type":"MultiPolygon","coordinates":[[[[1.733,-7.428],[1.691,-7.464],[1.691,-7.478],[1.55,-7.569],[1.48,-7.485],[1.48,-7.428],[1.515,-7.372],[1.571,-7.351],[1.627,-7.351],[1.683,-7.379],[1.733,-7.428]]],[[[-1.366,-7.611],[-1.387,-7.689],[-1.465,-7.731],[-1.493,-7.724],[-1.514,-7.689],[-1.57,-7.653],[-1.619,-7.569],[-1.577,-7.499],[-1.507,-7.492],[-1.451,-7.52],[-1.366,-7.611]]]]},"properties":{"abbr":"Te","name":"terete hypothalamic nucleus","plate":31,"ap_bregma_mm":-2.7,"area_mm2":0.073,"traced_fraction":[1.0,1.0],"n_labels":2,"no_drawn_outline":false}},{"type":"Feature","geometry":{"type":"MultiPolygon","coordinates":[[[[4.712,-7.246],[5.119,-7.513],[5.329,-7.724],[5.372,-7.738],[5.378,-7.745],[5.393,-7.815],[5.456,-7.9],[5.406,-7.949],[5.301,-7.998],[5.294,-8.019],[5.273,-8.033],[5.252,-8.033],[5.252,-8.047],[5.21,-8.068],[5.168,-8.125],[5.154,-8.125],[5.056,-8.216],[4.895,-8.279],[4.677,-8.315],[4.677,-8.336],[4.656,-8.336],[4.635,-8.329],[4.593,-8.343],[4.537,-8.378],[4.53,-8.308],[4.558,-8.188],[4.544,-8.019],[4.509,-7.886],[4.439,-7.731],[4.46,-7.717],[4.502,-7.618],[4.53,-7.457],[4.523,-7.386],[4.607,-7.358],[4.712,-7.246]]],[[[-4.907,-7.393],[-4.872,-7.506],[-4.844,-7.548],[-4.844,-7.569],[-4.774,-7.696],[-4.753,-7.71],[-4.739,-7.745],[-4.669,-7.815],[-4.655,-7.815],[-4.711,-7.886],[-4.823,-8.118],[-4.844,-8.223],[-4.851,-8.223],[-4.865,-8.202],[-4.928,-8.181],[-5.153,-8.125],[-5.23,-8.089],[-5.251,-8.097],[-5.307,-8.075],[-5.328,-8.068],[-5.349,-8.061],[-5.349,-8.047],[-5.426,-8.026],[-5.433,-8.012],[-5.384,-7.935],[-5.37,-7.879],[-5.356,-7.843],[-5.188,-7.59],[-4.991,-7.428],[-4.907,-7.393]]]]},"properties":{"abbr":"APir","name":"amygdalopiriform transition area","plate":31,"ap_bregma_mm":-2.7,"area_mm2":1.0192,"traced_fraction":[0.993,1.0],"n_labels":2,"no_drawn_outline":false}},{"type":"Feature","geometry":{"type":"MultiPolygon","coordinates":[[[[4.278,-7.59],[4.439,-7.731],[4.509,-7.886],[4.544,-8.019],[4.558,-8.188],[4.53,-8.308],[4.537,-8.378],[4.453,-8.441],[4.313,-8.483],[4.124,-8.483],[3.976,-8.441],[3.682,-8.272],[3.682,-8.258],[3.626,-8.23],[3.626,-8.216],[3.563,-8.181],[3.422,-8.047],[3.303,-7.963],[3.289,-7.935],[3.212,-7.879],[3.198,-7.886],[3.17,-7.864],[3.177,-7.857],[3.149,-7.836],[3.121,-7.822],[3.121,-7.808],[3.149,-7.78],[3.163,-7.71],[3.212,-7.611],[3.317,-7.513],[3.408,-7.457],[3.485,-7.428],[3.668,-7.428],[3.948,-7.464],[4.158,-7.527],[4.278,-7.59]]],[[[-3.161,-7.921],[-3.161,-7.935],[-3.309,-7.991],[-3.442,-8.068],[-3.519,-8.097],[-3.526,-8.111],[-3.785,-8.244],[-3.849,-8.293],[-3.87,-8.293],[-3.947,-8.343],[-4.066,-8.378],[-4.066,-8.399],[-4.115,-8.399],[-4.192,-8.406],[-4.367,-8.399],[-4.473,-8.378],[-4.662,-8.301],[-4.76,-8.244],[-4.774,-8.251],[-4.788,-8.244],[-4.837,-8.223],[-4.844,-8.223],[-4.823,-8.118],[-4.711,-7.886],[-4.655,-7.815],[-4.536,-7.703],[-4.458,-7.661],[-4.346,-7.569],[-4.339,-7.569],[-4.122,-7.52],[-3.841,-7.492],[-3.736,-7.499],[-3.512,-7.485],[-3.442,-7.499],[-3.358,-7.534],[-3.302,-7.583],[-3.224,-7.724],[-3.161,-7.921]]]]},"properties":{"abbr":"PMCo","name":"posteromedial cortical amygdaloid nucleus","plate":31,"ap_bregma_mm":-2.7,"area_mm2":2.1021,"traced_fraction":[1.0,1.0],"n_labels":2,"no_drawn_outline":false}},{"type":"Feature","geometry":{"type":"MultiPolygon","coordinates":[[[[1.312,-7.562],[1.389,-7.611],[1.501,-7.611],[1.48,-7.653],[1.452,-7.675],[1.459,-7.689],[1.445,-7.71],[1.41,-7.731],[1.291,-7.886],[1.277,-7.886],[1.242,-7.942],[1.228,-7.942],[1.137,-7.857],[1.123,-7.815],[1.123,-7.766],[1.151,-7.703],[1.158,-7.639],[1.179,-7.639],[1.221,-7.604],[1.242,-7.604],[1.312,-7.562]]],[[[-1.366,-7.611],[-1.303,-7.618],[-1.219,-7.661],[-1.163,-7.71],[-1.142,-7.71],[-1.142,-7.724],[-1.107,-7.745],[-1.079,-7.808],[-1.058,-7.907],[-1.079,-7.963],[-1.156,-8.012],[-1.177,-8.012],[-1.219,-7.97],[-1.233,-7.977],[-1.289,-7.928],[-1.282,-7.921],[-1.324,-7.879],[-1.331,-7.886],[-1.345,-7.886],[-1.373,-7.85],[-1.373,-7.829],[-1.458,-7.759],[-1.465,-7.731],[-1.387,-7.689],[-1.366,-7.611]]]]},"properties":{"abbr":"MTu","name":"medial tuberal nucleus","plate":31,"ap_bregma_mm":-2.7,"area_mm2":0.1699,"traced_fraction":[0.856,1.0],"n_labels":2,"no_drawn_outline":false}},{"type":"Feature","geometry":{"type":"MultiPolygon","coordinates":[[[[-0.686,-7.555],[-0.532,-7.717],[-0.532,-7.731],[-0.399,-7.85],[-0.259,-7.928],[-0.118,-7.963],[-0.083,-7.984],[-0.203,-8.097],[-0.287,-8.209],[-0.385,-8.469],[-0.413,-8.624],[-0.448,-8.617],[-0.539,-8.554],[-0.623,-8.462],[-0.63,-8.427],[-0.539,-8.441],[-0.525,-8.399],[-0.476,-8.399],[-0.441,-8.371],[-0.406,-8.371],[-0.406,-8.336],[-0.392,-8.322],[-0.392,-8.216],[-0.441,-8.047],[-0.469,-8.012],[-0.616,-7.956],[-0.756,-7.963],[-0.834,-7.998],[-0.89,-8.104],[-0.862,-8.251],[-0.897,-8.251],[-0.96,-8.209],[-0.96,-8.195],[-0.995,-8.181],[-0.995,-8.167],[-1.009,-8.174],[-1.03,-8.153],[-1.03,-8.139],[-1.044,-8.146],[-1.149,-8.047],[-1.156,-8.012],[-1.079,-7.963],[-1.058,-7.907],[-1.079,-7.808],[-1.107,-7.745],[-1.142,-7.724],[-1.142,-7.71],[-1.128,-7.696],[-1.058,-7.703],[-1.009,-7.689],[-0.974,-7.661],[-0.904,-7.668],[-0.834,-7.653],[-0.743,-7.597],[-0.714,-7.562],[-0.686,-7.555]]]]},"properties":{"abbr":"TuLH","name":"tuberal region of lateral hypothalamus","plate":31,"ap_bregma_mm":-2.7,"area_mm2":0.3841,"traced_fraction":[1.0],"n_labels":1,"no_drawn_outline":false}},{"type":"Feature","geometry":{"type":"MultiPolygon","coordinates":[[[[0.604,-7.112],[0.618,-7.182],[0.625,-7.59],[0.611,-7.597],[0.583,-7.71],[0.52,-7.787],[0.344,-7.893],[0.204,-7.935],[0.176,-7.956],[0.113,-7.97],[0.12,-7.639],[0.162,-7.632],[0.253,-7.52],[0.274,-7.442],[0.26,-7.316],[0.309,-7.309],[0.435,-7.246],[0.505,-7.196],[0.562,-7.133],[0.604,-7.112]]],[[[-0.693,-7.119],[-0.623,-7.133],[-0.504,-7.246],[-0.469,-7.26],[-0.42,-7.316],[-0.357,-7.323],[-0.322,-7.365],[-0.287,-7.372],[-0.28,-7.379],[-0.28,-7.428],[-0.238,-7.541],[-0.154,-7.618],[-0.055,-7.653],[-0.055,-7.977],[-0.083,-7.984],[-0.118,-7.963],[-0.259,-7.928],[-0.399,-7.85],[-0.532,-7.731],[-0.532,-7.717],[-0.686,-7.555],[-0.7,-7.365],[-0.693,-7.119]]]]},"properties":{"abbr":"DMV","name":"dorsomedial hypothalamic nucleus, ventral part","plate":31,"ap_bregma_mm":-2.7,"area_mm2":0.5551,"traced_fraction":[0.981,0.943],"n_labels":2,"no_drawn_outline":false}},{"type":"Feature","geometry":{"type":"MultiPolygon","coordinates":[[[[0.723,-7.893],[0.793,-7.9],[0.856,-7.935],[0.905,-8.033],[0.905,-8.153],[0.863,-8.223],[0.814,-8.251],[0.709,-8.265],[0.632,-8.237],[0.59,-8.174],[0.499,-8.181],[0.492,-8.146],[0.562,-8.132],[0.555,-8.054],[0.59,-7.977],[0.66,-7.914],[0.723,-7.893]]],[[[-0.406,-8.336],[-0.406,-8.371],[-0.441,-8.371],[-0.476,-8.399],[-0.525,-8.399],[-0.623,-8.364],[-0.792,-8.188],[-0.813,-8.153],[-0.82,-8.075],[-0.771,-8.019],[-0.707,-7.991],[-0.651,-7.991],[-0.511,-8.047],[-0.448,-8.132],[-0.427,-8.216],[-0.42,-8.329],[-0.406,-8.336]]]]},"properties":{"abbr":"VMH","name":"ventromedial hypothalamic nucleus","plate":31,"ap_bregma_mm":-2.7,"area_mm2":0.2193,"traced_fraction":[0.947,1.0],"n_labels":2,"no_drawn_outline":false}},{"type":"Feature","geometry":{"type":"MultiPolygon","coordinates":[[[[0.176,-7.956],[0.197,-7.984],[0.246,-7.998],[0.323,-8.047],[0.477,-8.216],[0.499,-8.216],[0.499,-8.23],[0.555,-8.272],[0.548,-8.301],[0.597,-8.413],[0.527,-8.399],[0.421,-8.406],[0.379,-8.427],[0.302,-8.504],[0.267,-8.561],[0.197,-8.512],[0.141,-8.378],[0.113,-7.97],[0.176,-7.956]]],[[[-0.055,-7.977],[-0.027,-8.195],[-0.034,-8.582],[-0.062,-8.687],[-0.097,-8.744],[-0.097,-8.772],[-0.154,-8.793],[-0.167,-8.793],[-0.182,-8.758],[-0.259,-8.687],[-0.413,-8.624],[-0.385,-8.469],[-0.287,-8.209],[-0.203,-8.097],[-0.083,-7.984],[-0.055,-7.977]]]]},"properties":{"abbr":"Arc","name":"arcuate hypothalamic nucleus","plate":31,"ap_bregma_mm":-2.7,"area_mm2":0.3577,"traced_fraction":[1.0,1.0],"n_labels":2,"no_drawn_outline":false}},{"type":"Feature","geometry":{"type":"MultiPolygon","coordinates":[[[[0.597,-8.413],[0.611,-8.448],[0.625,-8.448],[0.618,-8.462],[0.548,-8.476],[0.541,-8.49],[0.456,-8.519],[0.428,-8.561],[0.4,-8.568],[0.386,-8.603],[0.372,-8.603],[0.379,-8.617],[0.372,-8.624],[0.358,-8.624],[0.365,-8.638],[0.232,-8.793],[0.211,-8.793],[0.197,-8.828],[0.176,-8.828],[0.169,-8.842],[0.134,-8.849],[0.134,-8.863],[0.099,-8.87],[0.064,-8.898],[-0.055,-8.912],[-0.104,-8.884],[-0.154,-8.793],[-0.097,-8.772],[-0.006,-8.779],[0.106,-8.737],[0.246,-8.631],[0.267,-8.561],[0.302,-8.504],[0.379,-8.427],[0.421,-8.406],[0.527,-8.399],[0.597,-8.413]]]]},"properties":{"abbr":"ME","name":"median eminence","plate":31,"ap_bregma_mm":-2.7,"area_mm2":0.1016,"traced_fraction":[1.0],"n_labels":1,"no_drawn_outline":false}},{"type":"Feature","geometry":{"type":"MultiPolygon","coordinates":[[[[1.908,-1.647],[2.23,-1.675],[2.336,-1.703],[2.469,-1.717],[2.679,-1.774],[2.728,-1.802],[2.84,-1.83],[2.967,-1.893],[3.128,-1.942],[3.31,-2.034],[3.478,-2.097],[3.499,-2.118],[3.738,-2.231],[3.766,-2.259],[3.906,-2.336],[4.145,-2.512],[4.313,-2.667],[4.327,-2.667],[4.502,-2.843],[4.502,-2.857],[4.712,-3.089],[4.789,-3.223],[4.909,-3.384],[4.937,-3.448],[4.937,-3.49],[4.986,-3.659],[5.084,-3.827],[5.084,-3.891],[5.126,-4.074],[5.147,-4.32],[5.21,-4.664],[5.196,-4.925],[5.21,-5.023],[5.203,-5.431],[5.217,-5.522],[5.196,-5.698],[5.098,-6.001],[5.035,-6.127],[5.021,-6.219],[5.0,-6.219],[4.958,-6.275],[4.839,-6.542],[4.712,-6.711],[4.565,-6.852],[4.481,-6.908],[4.446,-6.915],[4.432,-6.936],[4.215,-7.028],[4.179,-7.077],[4.053,-7.133],[4.018,-7.168],[3.373,-7.189],[3.373,-7.147],[3.85,-7.091],[4.011,-7.056],[4.236,-6.971],[4.257,-6.95],[4.418,-6.88],[4.509,-6.809],[4.656,-6.648],[4.804,-6.416],[4.846,-6.31],[4.881,-6.282],[4.93,-6.162],[4.986,-6.071],[5.049,-5.923],[5.091,-5.776],[5.105,-5.543],[5.07,-5.199],[5.07,-4.995],[5.035,-4.692],[5.021,-4.383],[4.951,-3.968],[4.762,-3.328],[4.677,-3.18],[4.635,-3.138],[4.614,-3.138],[4.572,-3.04],[4.537,-3.012],[4.474,-2.913],[4.46,-2.913],[4.46,-2.899],[4.383,-2.829],[4.369,-2.801],[4.334,-2.779],[4.32,-2.751],[4.306,-2.751],[4.222,-2.66],[4.145,-2.611],[4.145,-2.597],[4.074,-2.54],[3.801,-2.35],[3.485,-2.196],[3.415,-2.175],[3.296,-2.104],[3.212,-2.076],[3.177,-2.048],[2.637,-1.851],[2.342,-1.788],[2.181,-1.738],[2.02,-1.717],[1.901,-1.717],[1.908,-1.647]]],[[[-2.25,-1.76],[-2.243,-1.823],[-2.664,-1.921],[-2.874,-2.006],[-3.042,-2.055],[-3.197,-2.132],[-3.4,-2.21],[-3.407,-2.224],[-3.512,-2.259],[-3.519,-2.273],[-3.54,-2.273],[-3.54,-2.287],[-3.652,-2.322],[-4.066,-2.547],[-4.423,-2.793],[-4.458,-2.822],[-4.458,-2.836],[-4.543,-2.892],[-4.543,-2.906],[-4.557,-2.906],[-4.627,-2.976],[-4.627,-2.99],[-4.641,-2.99],[-4.739,-3.117],[-4.76,-3.166],[-4.774,-3.166],[-4.83,-3.272],[-4.844,-3.272],[-4.949,-3.441],[-4.97,-3.455],[-4.984,-3.497],[-5.012,-3.518],[-5.181,-3.863],[-5.216,-3.961],[-5.286,-4.242],[-5.349,-4.65],[-5.349,-4.988],[-5.265,-5.614],[-5.153,-5.98],[-5.097,-6.078],[-5.055,-6.12],[-5.012,-6.268],[-4.9,-6.465],[-4.767,-6.753],[-4.732,-6.788],[-4.704,-6.845],[-4.585,-6.964],[-4.487,-7.021],[-4.423,-7.077],[-4.423,-7.105],[-4.479,-7.098],[-4.515,-7.07],[-4.571,-7.056],[-4.627,-6.978],[-4.683,-6.936],[-4.732,-6.922],[-4.767,-6.901],[-4.774,-6.88],[-4.781,-6.838],[-4.865,-6.697],[-4.942,-6.5],[-5.026,-6.381],[-5.089,-6.24],[-5.118,-6.212],[-5.125,-6.177],[-5.202,-6.043],[-5.244,-5.944],[-5.265,-5.846],[-5.321,-5.733],[-5.349,-5.614],[-5.37,-5.572],[-5.44,-5.494],[-5.475,-5.361],[-5.503,-5.368],[-5.524,-5.452],[-5.545,-5.452],[-5.622,-5.354],[-5.693,-5.213],[-5.714,-5.136],[-5.714,-4.974],[-5.65,-4.749],[-5.538,-4.474],[-5.335,-4.144],[-5.209,-3.757],[-5.097,-3.504],[-4.921,-3.237],[-4.879,-3.201],[-4.753,-3.019],[-4.585,-2.836],[-4.585,-2.822],[-4.458,-2.695],[-4.234,-2.533],[-3.582,-2.189],[-3.47,-2.161],[-3.414,-2.125],[-3.231,-2.062],[-3.035,-1.964],[-2.853,-1.9],[-2.53,-1.809],[-2.25,-1.76]]],[[[-4.241,-4.081],[-4.269,-4.172],[-4.332,-4.214],[-4.43,-4.376],[-4.479,-4.545],[-4.5,-4.573],[-4.5,-4.784],[-4.437,-5.044],[-4.353,-5.248],[-4.269,-5.389],[-4.262,-5.431],[-4.311,-5.431],[-4.339,-5.41],[-4.515,-5.213],[-4.578,-5.107],[-4.634,-4.918],[-4.634,-4.784],[-4.613,-4.622],[-4.564,-4.46],[-4.479,-4.284],[-4.479,-4.256],[-4.437,-4.2],[-4.36,-4.137],[-4.269,-4.081],[-4.241,-4.081]]],[[[-5.475,-5.079],[-5.496,-5.122],[-5.489,-5.199],[-5.475,-5.199],[-5.454,-5.157],[-5.454,-5.1],[-5.461,-5.079],[-5.475,-5.079]]]]},"properties":{"abbr":"alv","name":"alveus of the hippocampus","plate":31,"ap_bregma_mm":-2.7,"area_mm2":1.7712,"traced_fraction":[0.999,1.0,1.0,1.0],"n_labels":6,"no_drawn_outline":false}},{"type":"Feature","geometry":{"type":"MultiPolygon","coordinates":[[[[1.754,-1.633],[1.908,-1.647],[1.901,-1.717],[1.501,-1.717],[1.354,-1.746],[1.137,-1.816],[1.038,-1.872],[0.975,-1.935],[0.961,-1.935],[0.898,-1.999],[0.898,-2.013],[0.737,-2.161],[0.737,-2.175],[0.527,-2.343],[0.281,-2.442],[0.127,-2.484],[0.022,-2.491],[0.001,-2.505],[-0.083,-2.505],[-0.083,-2.519],[-0.182,-2.737],[-0.196,-2.737],[-0.203,-2.765],[-0.252,-2.822],[-0.266,-2.822],[-0.294,-2.758],[-0.294,-2.723],[-0.245,-2.709],[-0.217,-2.632],[-0.196,-2.597],[-0.182,-2.597],[-0.154,-2.526],[-0.167,-2.484],[-0.574,-2.393],[-0.707,-2.336],[-0.834,-2.238],[-0.834,-2.224],[-0.848,-2.224],[-0.883,-2.175],[-0.897,-2.175],[-1.016,-2.048],[-1.03,-2.048],[-1.044,-2.02],[-1.079,-2.006],[-1.079,-1.992],[-1.114,-1.978],[-1.114,-1.964],[-1.177,-1.921],[-1.247,-1.886],[-1.387,-1.851],[-1.745,-1.809],[-2.138,-1.809],[-2.243,-1.823],[-2.25,-1.76],[-1.927,-1.731],[-1.598,-1.738],[-1.57,-1.753],[-1.458,-1.753],[-1.275,-1.788],[-1.156,-1.83],[-1.016,-1.914],[-0.749,-2.175],[-0.616,-2.266],[-0.595,-2.266],[-0.525,-2.308],[-0.378,-2.357],[-0.266,-2.378],[0.127,-2.393],[0.316,-2.343],[0.484,-2.259],[0.709,-2.083],[0.926,-1.851],[1.052,-1.76],[1.137,-1.717],[1.389,-1.654],[1.754,-1.633]]]]},"properties":{"abbr":"dhc","name":"dorsal hippocampal commissure","plate":31,"ap_bregma_mm":-2.7,"area_mm2":0.4223,"traced_fraction":[0.996],"n_labels":1,"no_drawn_outline":false}},{"type":"Feature","geometry":{"type":"MultiPolygon","coordinates":[[[[4.088,-3.778],[4.145,-3.792],[4.201,-3.848],[4.278,-3.975],[4.32,-4.095],[4.334,-4.179],[4.327,-4.601],[4.306,-4.657],[4.278,-4.671],[4.278,-4.474],[4.257,-4.306],[4.222,-4.221],[4.145,-4.144],[4.095,-4.01],[4.067,-3.905],[4.067,-3.841],[4.088,-3.778]]],[[[-4.269,-4.172],[-4.269,-4.383],[-4.318,-4.538],[-4.339,-4.721],[-4.339,-4.868],[-4.297,-5.065],[-4.269,-5.157],[-4.206,-5.241],[-4.157,-5.368],[-4.08,-5.445],[-3.954,-5.515],[-3.884,-5.579],[-3.828,-5.684],[-3.82,-5.754],[-3.905,-5.754],[-4.031,-5.691],[-4.122,-5.607],[-4.178,-5.515],[-4.262,-5.431],[-4.269,-5.389],[-4.353,-5.248],[-4.437,-5.044],[-4.5,-4.784],[-4.5,-4.573],[-4.479,-4.545],[-4.43,-4.376],[-4.332,-4.214],[-4.269,-4.172]]],[[[-5.202,-6.043],[-5.377,-6.05],[-5.426,-6.001],[-5.468,-5.86],[-5.524,-5.452],[-5.503,-5.368],[-5.475,-5.361],[-5.447,-5.48],[-5.349,-5.614],[-5.321,-5.733],[-5.265,-5.846],[-5.244,-5.944],[-5.202,-6.043]]]]},"properties":{"abbr":"LV","name":"lateral ventricle","plate":31,"ap_bregma_mm":-2.7,"area_mm2":0.4431,"traced_fraction":[1.0,1.0,0.932],"n_labels":3,"no_drawn_outline":false}},{"type":"Feature","geometry":{"type":"MultiPolygon","coordinates":[[[[-0.069,-4.763],[-0.083,-4.84],[-0.139,-4.903],[-0.217,-4.939],[-0.259,-4.939],[-0.301,-4.826],[-0.336,-4.685],[-0.336,-4.636],[-0.273,-4.615],[-0.161,-4.636],[-0.09,-4.692],[-0.069,-4.763]]]]},"properties":{"abbr":"PrC","name":"precommissural nucleus","plate":31,"ap_bregma_mm":-2.7,"area_mm2":0.0627,"traced_fraction":[1.0],"n_labels":2,"no_drawn_outline":false}},{"type":"Feature","geometry":{"type":"MultiPolygon","coordinates":[[[[-0.252,-5.129],[0.183,-5.129],[0.225,-5.276],[0.344,-5.424],[0.295,-5.48],[0.274,-5.529],[0.19,-5.508],[0.106,-5.396],[0.043,-5.339],[0.015,-5.326],[-0.048,-5.326],[-0.097,-5.361],[-0.133,-5.438],[-0.21,-5.515],[-0.259,-5.543],[-0.35,-5.417],[-0.287,-5.318],[-0.266,-5.255],[-0.252,-5.129]]]]},"properties":{"abbr":"CM","name":"central medial thalamic nucleus","plate":31,"ap_bregma_mm":-2.7,"area_mm2":0.1669,"traced_fraction":[0.791],"n_labels":1,"no_drawn_outline":false}},{"type":"Feature","geometry":{"type":"MultiPolygon","coordinates":[[[[0.274,-5.529],[0.281,-5.593],[0.302,-5.635],[0.421,-5.719],[0.484,-5.733],[0.534,-5.762],[0.884,-5.804],[0.884,-5.832],[0.821,-5.888],[0.758,-5.874],[0.639,-5.874],[0.492,-5.846],[0.365,-5.797],[0.218,-5.705],[0.169,-5.712],[0.127,-5.839],[-0.104,-5.839],[-0.139,-5.698],[-0.175,-5.677],[-0.308,-5.776],[-0.49,-5.867],[-0.785,-5.937],[-0.841,-5.916],[-0.869,-5.874],[-0.813,-5.853],[-0.581,-5.818],[-0.469,-5.769],[-0.308,-5.642],[-0.259,-5.543],[-0.21,-5.515],[-0.133,-5.438],[-0.097,-5.361],[-0.048,-5.326],[0.015,-5.326],[0.043,-5.339],[0.106,-5.396],[0.19,-5.508],[0.274,-5.529]]]]},"properties":{"abbr":"RRe","name":"retrouniens area","plate":31,"ap_bregma_mm":-2.7,"area_mm2":0.3004,"traced_fraction":[0.992],"n_labels":1,"no_drawn_outline":false}},{"type":"Feature","geometry":{"type":"MultiPolygon","coordinates":[[[[3.408,-4.756],[3.429,-4.777],[3.464,-4.903],[3.492,-4.96],[3.513,-4.967],[3.506,-4.995],[3.541,-5.086],[3.527,-5.086],[3.422,-5.262],[3.317,-5.375],[3.219,-5.431],[3.184,-5.466],[3.142,-5.48],[3.016,-5.579],[2.735,-5.74],[2.658,-5.811],[2.651,-5.839],[2.581,-5.867],[2.462,-5.951],[2.42,-5.966],[2.406,-5.719],[2.378,-5.726],[2.329,-5.769],[2.09,-5.902],[2.104,-6.141],[1.838,-6.31],[1.81,-6.31],[1.613,-6.409],[1.466,-6.451],[1.368,-6.451],[1.249,-6.402],[1.2,-6.366],[1.137,-6.289],[1.123,-6.198],[1.144,-6.127],[1.242,-6.022],[1.396,-5.916],[1.599,-5.79],[1.74,-5.769],[1.901,-5.698],[2.125,-5.558],[2.251,-5.501],[2.265,-5.48],[2.378,-5.41],[3.009,-5.079],[3.079,-5.065],[3.261,-4.953],[3.331,-4.875],[3.387,-4.763],[3.408,-4.756]]],[[[-3.274,-5.136],[-3.231,-5.143],[-3.126,-5.227],[-2.986,-5.311],[-2.944,-5.332],[-2.902,-5.332],[-2.72,-5.445],[-1.983,-5.797],[-1.661,-5.895],[-1.458,-5.916],[-1.415,-6.05],[-1.402,-6.057],[-1.409,-6.071],[-1.394,-6.078],[-1.402,-6.113],[-1.381,-6.177],[-1.381,-6.226],[-1.381,-6.352],[-1.394,-6.402],[-1.472,-6.493],[-1.521,-6.507],[-1.745,-6.493],[-1.983,-6.373],[-2.012,-6.345],[-2.012,-6.24],[-1.998,-6.233],[-2.004,-6.113],[-2.622,-5.797],[-2.762,-5.691],[-3.035,-5.522],[-3.197,-5.354],[-3.252,-5.248],[-3.274,-5.185],[-3.274,-5.136]]]]},"properties":{"abbr":"ZID","name":"zona incerta, dorsal part","plate":31,"ap_bregma_mm":-2.7,"area_mm2":1.8646,"traced_fraction":[0.942,0.962],"n_labels":2,"no_drawn_outline":false}},{"type":"Feature","geometry":{"type":"MultiPolygon","coordinates":[[[[-0.104,-5.839],[0.127,-5.839],[0.127,-5.987],[0.141,-6.036],[0.19,-6.113],[0.169,-6.148],[0.036,-6.169],[0.008,-6.148],[-0.027,-6.148],[-0.041,-6.162],[-0.167,-6.148],[-0.175,-6.127],[-0.125,-6.05],[-0.104,-5.98],[-0.104,-5.839]]]]},"properties":{"abbr":"PHD","name":"posterior hypothalamic area, dorsal part","plate":31,"ap_bregma_mm":-2.7,"area_mm2":0.0851,"traced_fraction":[0.847],"n_labels":1,"no_drawn_outline":false}},{"type":"Feature","geometry":{"type":"MultiPolygon","coordinates":[[[[0.667,-6.183],[0.723,-6.198],[0.807,-6.254],[0.828,-6.254],[0.849,-6.275],[0.856,-6.282],[0.87,-6.317],[0.905,-6.345],[0.933,-6.416],[0.926,-6.613],[0.877,-6.718],[0.751,-6.788],[0.646,-6.802],[0.534,-6.788],[0.421,-6.746],[0.372,-6.704],[0.33,-6.613],[0.323,-6.479],[0.365,-6.366],[0.45,-6.261],[0.45,-6.191],[0.471,-6.177],[0.534,-6.177],[0.548,-6.191],[0.667,-6.183]]],[[[-0.644,-6.205],[-0.539,-6.212],[-0.539,-6.226],[-0.525,-6.226],[-0.525,-6.212],[-0.413,-6.212],[-0.413,-6.352],[-0.392,-6.381],[-0.371,-6.472],[-0.371,-6.563],[-0.399,-6.683],[-0.448,-6.739],[-0.525,-6.774],[-0.7,-6.774],[-0.764,-6.753],[-0.834,-6.69],[-0.883,-6.634],[-0.911,-6.57],[-0.911,-6.472],[-0.834,-6.317],[-0.806,-6.303],[-0.785,-6.24],[-0.764,-6.233],[-0.728,-6.254],[-0.644,-6.205]]],[[[0.688,-6.303],[0.611,-6.338],[0.562,-6.387],[0.541,-6.486],[0.569,-6.584],[0.611,-6.634],[0.66,-6.655],[0.744,-6.655],[0.807,-6.606],[0.835,-6.472],[0.8,-6.359],[0.758,-6.317],[0.688,-6.303]]],[[[-0.743,-6.381],[-0.777,-6.416],[-0.806,-6.479],[-0.806,-6.584],[-0.777,-6.648],[-0.743,-6.683],[-0.686,-6.697],[-0.644,-6.69],[-0.581,-6.641],[-0.56,-6.598],[-0.553,-6.479],[-0.609,-6.381],[-0.743,-6.381]]]]},"properties":{"abbr":"A11","name":"A11 dopamine cells","plate":31,"ap_bregma_mm":-2.7,"area_mm2":0.4099,"traced_fraction":[0.99,0.957,1.0,0.963],"n_labels":2,"no_drawn_outline":false}},{"type":"Feature","geometry":{"type":"MultiPolygon","coordinates":[[[[3.38,-5.508],[3.359,-5.593],[3.366,-5.628],[3.338,-5.733],[3.324,-5.74],[3.296,-5.811],[3.163,-5.98],[3.149,-5.98],[3.079,-6.057],[3.058,-6.113],[2.897,-6.226],[2.798,-6.387],[2.728,-6.465],[2.504,-6.577],[2.321,-6.767],[2.237,-6.809],[2.132,-6.901],[2.062,-6.992],[2.041,-7.042],[2.02,-7.105],[2.02,-7.168],[1.957,-7.274],[1.873,-7.295],[1.859,-7.323],[1.789,-7.379],[1.726,-7.33],[1.691,-7.253],[1.691,-7.063],[1.761,-6.95],[1.88,-6.838],[1.95,-6.739],[2.146,-6.528],[2.399,-6.183],[2.546,-6.029],[2.546,-6.015],[2.735,-5.839],[2.742,-5.818],[2.925,-5.705],[3.093,-5.558],[3.191,-5.501],[3.296,-5.48],[3.345,-5.487],[3.38,-5.508]]],[[[-2.937,-5.867],[-2.888,-5.916],[-2.846,-5.937],[-2.839,-5.966],[-2.783,-6.015],[-2.593,-6.141],[-2.481,-6.282],[-2.348,-6.416],[-2.278,-6.458],[-1.913,-6.817],[-1.773,-7.021],[-1.682,-7.091],[-1.64,-7.133],[-1.619,-7.189],[-1.605,-7.189],[-1.612,-7.21],[-1.591,-7.281],[-1.598,-7.379],[-1.633,-7.428],[-1.696,-7.457],[-1.71,-7.457],[-1.717,-7.428],[-1.78,-7.358],[-1.815,-7.351],[-1.843,-7.365],[-1.871,-7.365],[-1.913,-7.33],[-1.906,-7.267],[-1.934,-7.175],[-2.033,-7.013],[-2.131,-6.922],[-2.173,-6.901],[-2.222,-6.845],[-2.236,-6.845],[-2.236,-6.831],[-2.327,-6.746],[-2.523,-6.627],[-2.713,-6.366],[-2.72,-6.317],[-2.79,-6.254],[-2.797,-6.233],[-2.811,-6.233],[-2.951,-6.106],[-3.203,-5.944],[-3.337,-5.825],[-3.365,-5.698],[-3.309,-5.663],[-3.239,-5.663],[-3.168,-5.705],[-3.035,-5.825],[-2.965,-5.867],[-2.937,-5.867]]]]},"properties":{"abbr":"cp","name":"cerebral peduncle","plate":31,"ap_bregma_mm":-2.7,"area_mm2":1.3319,"traced_fraction":[1.0,0.991],"n_labels":2,"no_drawn_outline":false}},{"type":"Feature","geometry":{"type":"MultiPolygon","coordinates":[[[[5.953,-7.034],[6.206,-7.07],[6.269,-7.091],[6.248,-7.14],[6.255,-7.154],[6.241,-7.175],[6.234,-7.168],[6.234,-7.182],[6.227,-7.196],[6.22,-7.21],[6.206,-7.232],[6.199,-7.246],[6.192,-7.238],[6.192,-7.253],[6.185,-7.267],[6.178,-7.26],[6.178,-7.274],[6.171,-7.288],[6.157,-7.288],[6.164,-7.302],[6.157,-7.309],[6.143,-7.309],[6.15,-7.323],[6.143,-7.33],[6.129,-7.33],[6.115,-7.365],[6.031,-7.464],[5.932,-7.464],[5.911,-7.435],[5.876,-7.435],[5.82,-7.393],[5.736,-7.485],[5.708,-7.499],[5.708,-7.513],[5.694,-7.513],[5.61,-7.435],[5.61,-7.414],[5.666,-7.323],[5.757,-7.238],[5.82,-7.203],[5.953,-7.034]]],[[[-6.19,-7.091],[-6.19,-7.105],[-6.127,-7.161],[-6.064,-7.267],[-6.05,-7.267],[-6.022,-7.309],[-5.945,-7.365],[-5.952,-7.471],[-6.05,-7.414],[-6.141,-7.316],[-6.19,-7.246],[-6.246,-7.105],[-6.19,-7.091]]]]},"properties":{"abbr":"2","name":"layer 2 of cortex","plate":31,"ap_bregma_mm":-2.7,"area_mm2":0.2077,"traced_fraction":[0.891,0.949],"n_labels":2,"no_drawn_outline":false}},{"type":"Feature","geometry":{"type":"MultiPolygon","coordinates":[[[[0.26,-7.316],[0.274,-7.442],[0.253,-7.52],[0.162,-7.632],[0.12,-7.639],[0.12,-7.555],[0.106,-7.506],[0.106,-7.421],[0.12,-7.386],[0.148,-7.372],[0.183,-7.323],[0.26,-7.316]]],[[[-0.055,-7.421],[-0.055,-7.653],[-0.154,-7.618],[-0.238,-7.541],[-0.28,-7.428],[-0.28,-7.379],[-0.238,-7.358],[-0.175,-7.358],[-0.097,-7.414],[-0.055,-7.421]]]]},"properties":{"abbr":"DMC","name":"dorsomedial hypothalamic nucleus, compact part","plate":31,"ap_bregma_mm":-2.7,"area_mm2":0.0845,"traced_fraction":[1.0,1.0],"n_labels":1,"no_drawn_outline":false}},{"type":"Feature","geometry":{"type":"MultiPolygon","coordinates":[[[[-6.246,-7.105],[-6.232,-7.161],[-6.141,-7.316],[-6.05,-7.414],[-5.952,-7.471],[-5.882,-7.541],[-5.868,-7.611],[-5.826,-7.653],[-5.714,-7.689],[-5.587,-7.794],[-5.496,-7.85],[-5.37,-7.879],[-5.384,-7.935],[-5.433,-8.012],[-5.545,-7.984],[-5.875,-7.801],[-6.043,-7.675],[-6.05,-7.653],[-6.113,-7.597],[-6.127,-7.597],[-6.197,-7.527],[-6.197,-7.513],[-6.267,-7.457],[-6.331,-7.365],[-6.366,-7.344],[-6.366,-7.323],[-6.38,-7.323],[-6.401,-7.295],[-6.394,-7.288],[-6.408,-7.288],[-6.415,-7.274],[-6.478,-7.182],[-6.457,-7.154],[-6.288,-7.105],[-6.246,-7.105]]]]},"properties":{"abbr":"1","name":"layer 1 of cortex","plate":31,"ap_bregma_mm":-2.7,"area_mm2":0.2313,"traced_fraction":[0.998],"n_labels":1,"no_drawn_outline":false}},{"type":"Feature","geometry":{"type":"MultiPolygon","coordinates":[[[[0.625,-7.59],[0.667,-7.597],[0.688,-7.618],[0.793,-7.661],[0.933,-7.653],[0.982,-7.632],[1.017,-7.597],[1.066,-7.625],[1.158,-7.639],[1.151,-7.703],[1.123,-7.766],[1.123,-7.815],[1.137,-7.857],[1.228,-7.942],[1.2,-7.977],[1.207,-7.991],[1.172,-8.026],[1.158,-8.04],[1.109,-8.097],[1.024,-8.188],[1.01,-8.188],[1.01,-8.202],[0.961,-8.244],[0.933,-8.258],[0.912,-8.251],[0.968,-8.075],[0.954,-7.956],[0.912,-7.886],[0.828,-7.843],[0.8,-7.85],[0.793,-7.9],[0.723,-7.893],[0.723,-7.836],[0.702,-7.836],[0.604,-7.879],[0.541,-7.935],[0.499,-8.019],[0.492,-8.146],[0.499,-8.181],[0.499,-8.216],[0.477,-8.216],[0.323,-8.047],[0.274,-8.012],[0.197,-7.984],[0.176,-7.956],[0.204,-7.935],[0.344,-7.893],[0.52,-7.787],[0.583,-7.71],[0.611,-7.597],[0.625,-7.59]]]]},"properties":{"abbr":"VMHSh","name":"ventromedial nucleus of the hypothalamus shell","plate":31,"ap_bregma_mm":-2.7,"area_mm2":0.2753,"traced_fraction":[0.967],"n_labels":1,"no_drawn_outline":false}},{"type":"Feature","geometry":{"type":"Polygon","coordinates":[[[-0.7,-0.444],[-0.7,-0.451],[-0.89,-0.402],[-1.044,-0.388],[-1.198,-0.395],[-1.324,-0.416],[-1.514,-0.472],[-1.794,-0.599],[-1.955,-0.655],[-2.025,-0.655],[-1.549,-0.444],[-1.261,-0.395],[-1.247,-0.374],[-0.848,-0.374],[-0.7,-0.444]]]},"properties":{"abbr":null,"name":"unnamed sealed face","plate":31,"ap_bregma_mm":-2.7,"index":0}},{"type":"Feature","geometry":{"type":"Polygon","coordinates":[[[1.34,-0.416],[1.34,-0.423],[1.102,-0.395],[0.842,-0.395],[0.716,-0.409],[0.562,-0.444],[0.477,-0.48],[0.393,-0.529],[0.379,-0.557],[0.316,-0.585],[0.218,-0.683],[0.085,-0.902],[0.022,-1.084],[0.001,-1.295],[-0.027,-1.317],[-0.062,-1.246],[-0.139,-0.937],[-0.217,-0.754],[-0.301,-0.655],[-0.434,-0.571],[-0.504,-0.55],[-0.504,-0.529],[-0.483,-0.494],[-0.35,-0.578],[-0.35,-0.592],[-0.301,-0.613],[-0.188,-0.775],[-0.154,-0.803],[-0.048,-1.197],[-0.027,-1.225],[0.001,-1.014],[0.043,-0.951],[0.155,-0.691],[0.421,-0.487],[0.435,-0.458],[0.667,-0.388],[1.179,-0.374],[1.34,-0.416]]]},"properties":{"abbr":null,"name":"unnamed sealed face","plate":31,"ap_bregma_mm":-2.7,"index":1}},{"type":"Feature","geometry":{"type":"Polygon","coordinates":[[[3.485,-0.789],[3.485,-0.796],[3.016,-0.655],[2.763,-0.62],[2.588,-0.606],[2.216,-0.62],[2.216,-0.599],[2.756,-0.585],[3.478,-0.74],[3.464,-0.782],[3.485,-0.789]]]},"properties":{"abbr":null,"name":"unnamed sealed face","plate":31,"ap_bregma_mm":-2.7,"index":2}},{"type":"Feature","geometry":{"type":"Polygon","coordinates":[[[1.901,-1.717],[2.02,-1.717],[2.181,-1.738],[2.342,-1.788],[2.637,-1.851],[3.177,-2.048],[3.212,-2.076],[3.296,-2.104],[3.415,-2.175],[3.485,-2.196],[3.801,-2.35],[4.074,-2.54],[4.145,-2.597],[4.145,-2.611],[4.222,-2.66],[4.306,-2.751],[4.32,-2.751],[4.334,-2.779],[4.369,-2.801],[4.383,-2.829],[4.46,-2.899],[4.46,-2.913],[4.474,-2.913],[4.488,-2.948],[4.502,-2.948],[4.537,-3.012],[4.572,-3.04],[4.614,-3.138],[4.621,-3.208],[4.642,-3.237],[4.642,-3.272],[4.67,-3.328],[4.67,-3.363],[4.726,-3.504],[4.755,-3.623],[4.755,-3.848],[4.635,-3.926],[4.586,-3.926],[4.467,-3.891],[4.355,-3.834],[4.299,-3.827],[4.306,-3.87],[4.418,-4.067],[4.488,-4.278],[4.502,-4.488],[4.495,-4.721],[4.453,-4.967],[4.376,-5.114],[4.271,-5.227],[4.257,-5.227],[4.257,-5.241],[4.053,-5.396],[3.969,-5.438],[3.913,-5.501],[3.864,-5.508],[3.892,-5.417],[3.976,-5.396],[3.976,-5.382],[4.011,-5.361],[4.011,-5.347],[4.109,-5.255],[4.109,-5.241],[4.124,-5.241],[4.194,-5.143],[4.236,-5.037],[4.243,-4.939],[4.222,-4.939],[4.166,-5.009],[4.116,-5.002],[4.116,-4.854],[4.257,-4.854],[4.278,-4.763],[4.278,-4.671],[4.306,-4.657],[4.327,-4.601],[4.334,-4.179],[4.32,-4.095],[4.278,-3.975],[4.201,-3.848],[4.145,-3.792],[4.088,-3.778],[4.074,-3.708],[3.892,-3.525],[3.654,-3.363],[3.408,-3.237],[2.995,-3.11],[2.651,-3.082],[2.623,-3.04],[2.581,-3.019],[2.434,-2.99],[2.209,-2.913],[2.111,-2.899],[1.733,-2.892],[1.585,-2.934],[1.312,-3.089],[1.27,-3.103],[1.179,-3.103],[1.151,-3.082],[1.151,-3.019],[1.165,-2.983],[1.2,-2.962],[1.207,-2.941],[1.235,-2.934],[1.277,-2.99],[1.305,-2.99],[1.375,-2.913],[1.396,-2.913],[1.41,-2.941],[1.431,-2.941],[1.487,-2.906],[1.655,-2.836],[1.824,-2.815],[2.153,-2.822],[2.364,-2.892],[2.385,-2.892],[2.378,-2.857],[2.399,-2.836],[2.602,-2.913],[2.805,-3.012],[3.016,-3.033],[3.17,-3.068],[3.366,-3.145],[3.394,-3.145],[3.415,-3.166],[3.485,-3.18],[3.584,-3.237],[3.724,-3.286],[3.731,-3.3],[4.004,-3.441],[4.292,-3.637],[4.355,-3.659],[4.418,-3.659],[4.523,-3.63],[4.586,-3.553],[4.6,-3.433],[4.474,-3.117],[4.411,-3.019],[4.32,-2.913],[4.285,-2.857],[4.215,-2.786],[4.201,-2.786],[4.194,-2.765],[4.179,-2.765],[4.046,-2.646],[3.927,-2.576],[3.787,-2.47],[3.429,-2.287],[2.798,-2.027],[2.258,-1.872],[1.922,-1.816],[1.712,-1.809],[1.578,-1.816],[1.417,-1.844],[1.312,-1.879],[1.305,-1.893],[1.284,-1.893],[1.158,-1.964],[1.031,-2.062],[0.905,-2.189],[0.835,-2.287],[0.737,-2.477],[0.723,-2.477],[0.688,-2.547],[0.625,-2.611],[0.527,-2.646],[0.351,-2.618],[0.239,-2.618],[0.176,-2.66],[0.162,-2.695],[0.176,-2.723],[0.155,-2.73],[0.148,-2.758],[0.12,-2.751],[0.085,-2.667],[0.043,-2.618],[0.015,-2.54],[0.001,-2.533],[0.001,-2.505],[0.022,-2.491],[0.127,-2.484],[0.281,-2.442],[0.527,-2.343],[0.737,-2.175],[0.737,-2.161],[0.8,-2.111],[0.961,-1.935],[0.975,-1.935],[1.038,-1.872],[1.137,-1.816],[1.354,-1.746],[1.501,-1.717],[1.901,-1.717]]]},"properties":{"abbr":null,"name":"unnamed sealed face","plate":31,"ap_bregma_mm":-2.7,"index":3}},{"type":"Feature","geometry":{"type":"Polygon","coordinates":[[[-0.294,-2.723],[-0.294,-2.695],[-0.294,-2.653],[-0.315,-2.618],[-0.385,-2.568],[-0.441,-2.568],[-0.588,-2.618],[-0.714,-2.618],[-0.827,-2.576],[-0.953,-2.456],[-1.114,-2.21],[-1.226,-2.104],[-1.381,-2.013],[-1.612,-1.942],[-1.927,-1.921],[-2.229,-1.949],[-2.481,-1.992],[-2.867,-2.104],[-3.189,-2.224],[-3.477,-2.364],[-3.673,-2.442],[-3.68,-2.456],[-3.933,-2.582],[-4.297,-2.822],[-4.346,-2.871],[-4.381,-2.885],[-4.409,-2.927],[-4.43,-2.927],[-4.487,-2.969],[-4.641,-3.138],[-4.683,-3.216],[-4.739,-3.279],[-4.767,-3.342],[-4.837,-3.469],[-4.9,-3.63],[-4.963,-3.891],[-4.963,-4.038],[-4.921,-4.151],[-4.865,-4.207],[-4.739,-4.214],[-4.599,-4.179],[-4.543,-4.151],[-4.466,-4.067],[-4.451,-4.067],[-4.374,-3.954],[-4.248,-3.82],[-4.01,-3.637],[-3.841,-3.546],[-3.729,-3.455],[-3.68,-3.441],[-3.582,-3.377],[-3.386,-3.314],[-3.189,-3.23],[-3.042,-3.187],[-2.902,-3.124],[-2.832,-3.075],[-2.706,-3.026],[-2.699,-3.054],[-2.832,-3.131],[-2.86,-3.166],[-2.867,-3.201],[-2.895,-3.23],[-2.902,-3.272],[-2.565,-3.265],[-2.516,-3.251],[-2.306,-3.244],[-2.019,-3.244],[-1.998,-3.265],[-2.054,-3.286],[-2.313,-3.314],[-2.495,-3.3],[-2.86,-3.314],[-2.923,-3.307],[-2.965,-3.279],[-3.0,-3.3],[-3.119,-3.314],[-3.449,-3.405],[-3.701,-3.532],[-3.891,-3.673],[-3.891,-3.687],[-3.947,-3.722],[-3.947,-3.736],[-3.961,-3.736],[-3.961,-3.75],[-3.975,-3.75],[-3.975,-3.764],[-3.989,-3.764],[-4.052,-3.827],[-4.157,-3.968],[-4.185,-4.031],[-4.241,-4.081],[-4.269,-4.081],[-4.36,-4.137],[-4.416,-4.179],[-4.479,-4.256],[-4.5,-4.249],[-4.62,-4.362],[-4.718,-4.397],[-4.823,-4.404],[-4.928,-4.376],[-4.998,-4.334],[-5.012,-4.292],[-5.04,-4.263],[-5.047,-4.214],[-5.076,-4.158],[-5.083,-4.038],[-5.034,-3.785],[-4.984,-3.652],[-4.977,-3.595],[-4.942,-3.532],[-4.949,-3.511],[-4.984,-3.497],[-4.97,-3.455],[-4.949,-3.441],[-4.844,-3.272],[-4.83,-3.272],[-4.774,-3.166],[-4.76,-3.166],[-4.739,-3.117],[-4.641,-2.99],[-4.627,-2.99],[-4.627,-2.976],[-4.557,-2.906],[-4.543,-2.906],[-4.543,-2.892],[-4.458,-2.836],[-4.458,-2.822],[-4.423,-2.793],[-4.066,-2.547],[-3.652,-2.322],[-3.54,-2.287],[-3.54,-2.273],[-3.519,-2.273],[-3.512,-2.259],[-3.407,-2.224],[-3.4,-2.21],[-3.197,-2.132],[-3.042,-2.055],[-2.874,-2.006],[-2.664,-1.921],[-2.243,-1.823],[-2.138,-1.809],[-1.745,-1.809],[-1.387,-1.851],[-1.247,-1.886],[-1.177,-1.921],[-1.114,-1.964],[-1.114,-1.978],[-1.079,-1.992],[-1.079,-2.006],[-1.044,-2.02],[-1.044,-2.034],[-1.03,-2.034],[-1.03,-2.048],[-1.016,-2.048],[-0.897,-2.175],[-0.883,-2.175],[-0.834,-2.238],[-0.707,-2.336],[-0.574,-2.393],[-0.167,-2.484],[-0.154,-2.526],[-0.182,-2.597],[-0.196,-2.597],[-0.217,-2.632],[-0.245,-2.709],[-0.294,-2.723]]]},"properties":{"abbr":null,"name":"unnamed sealed face","plate":31,"ap_bregma_mm":-2.7,"index":4}},{"type":"Feature","geometry":{"type":"Polygon","coordinates":[[[5.862,-2.224],[5.897,-2.252],[5.876,-2.252],[5.862,-2.224]]]},"properties":{"abbr":null,"name":"unnamed sealed face","plate":31,"ap_bregma_mm":-2.7,"index":5}},{"type":"Feature","geometry":{"type":"Polygon","coordinates":[[[5.904,-2.259],[5.995,-2.322],[6.374,-2.646],[6.388,-2.723],[6.416,-2.765],[6.781,-3.138],[6.935,-3.377],[7.222,-3.982],[7.286,-4.749],[7.264,-4.749],[7.209,-4.144],[7.117,-3.834],[7.012,-3.602],[6.998,-3.595],[6.935,-3.462],[6.893,-3.412],[6.879,-3.37],[6.858,-3.356],[6.851,-3.328],[6.83,-3.314],[6.823,-3.286],[6.767,-3.223],[6.76,-3.194],[6.746,-3.194],[6.739,-3.166],[6.676,-3.082],[6.599,-2.997],[6.507,-2.878],[6.472,-2.857],[6.444,-2.808],[6.416,-2.793],[6.388,-2.744],[6.374,-2.744],[6.325,-2.674],[6.311,-2.674],[6.311,-2.66],[6.255,-2.611],[6.255,-2.597],[6.241,-2.597],[6.241,-2.582],[6.227,-2.582],[6.227,-2.568],[6.213,-2.568],[6.213,-2.554],[6.199,-2.554],[6.199,-2.54],[6.185,-2.54],[6.129,-2.47],[6.052,-2.421],[6.045,-2.4],[5.904,-2.273],[5.904,-2.259]]]},"properties":{"abbr":null,"name":"unnamed sealed face","plate":31,"ap_bregma_mm":-2.7,"index":6}},{"type":"Feature","geometry":{"type":"Polygon","coordinates":[[[-6.197,-2.4],[-6.197,-2.421],[-6.225,-2.435],[-6.225,-2.428],[-6.197,-2.4]]]},"properties":{"abbr":null,"name":"unnamed sealed face","plate":31,"ap_bregma_mm":-2.7,"index":7}},{"type":"Feature","geometry":{"type":"Polygon","coordinates":[[[-6.274,-2.477],[-6.267,-2.484],[-6.337,-2.547],[-6.337,-2.561],[-6.408,-2.618],[-6.45,-2.681],[-6.464,-2.681],[-6.464,-2.695],[-6.478,-2.695],[-6.52,-2.758],[-6.548,-2.772],[-6.583,-2.829],[-6.597,-2.829],[-6.597,-2.751],[-6.457,-2.667],[-6.422,-2.54],[-6.38,-2.576],[-6.288,-2.477],[-6.274,-2.477]]]},"properties":{"abbr":null,"name":"unnamed sealed face","plate":31,"ap_bregma_mm":-2.7,"index":8}},{"type":"Feature","geometry":{"type":"Polygon","coordinates":[[[-6.611,-2.843],[-6.604,-2.85],[-6.625,-2.878],[-6.639,-2.878],[-6.688,-2.955],[-6.702,-2.955],[-6.723,-3.004],[-6.737,-3.004],[-6.751,-3.054],[-6.814,-3.103],[-6.863,-3.187],[-6.892,-3.208],[-7.046,-3.433],[-7.088,-3.518],[-7.123,-3.553],[-7.172,-3.652],[-7.193,-3.659],[-7.018,-3.314],[-6.793,-3.061],[-6.821,-3.04],[-6.807,-3.012],[-6.625,-2.843],[-6.611,-2.843]]]},"properties":{"abbr":null,"name":"unnamed sealed face","plate":31,"ap_bregma_mm":-2.7,"index":9}},{"type":"Feature","geometry":{"type":"Polygon","coordinates":[[[-0.399,-2.969],[-0.385,-2.99],[-0.385,-3.033],[-0.455,-3.11],[-0.462,-3.166],[-0.427,-3.194],[-0.301,-3.18],[-0.287,-3.216],[-0.315,-3.237],[-0.35,-3.237],[-0.371,-3.3],[-0.406,-3.342],[-0.406,-3.384],[-0.364,-3.462],[-0.245,-3.609],[-0.203,-3.609],[-0.118,-3.567],[-0.034,-3.49],[-0.02,-3.412],[-0.034,-3.349],[-0.055,-3.321],[-0.048,-3.3],[-0.02,-3.307],[0.043,-3.377],[0.099,-3.384],[0.127,-3.363],[0.155,-3.307],[0.302,-3.258],[0.365,-3.216],[0.421,-3.152],[0.513,-3.152],[0.499,-3.201],[0.463,-3.251],[0.471,-3.427],[0.456,-3.427],[0.435,-3.469],[0.344,-3.518],[0.267,-3.616],[0.267,-3.87],[0.253,-3.926],[0.246,-3.926],[0.176,-3.954],[0.113,-4.017],[0.113,-4.031],[0.099,-4.031],[0.064,-4.088],[0.029,-4.214],[-0.006,-4.271],[-0.041,-4.271],[-0.069,-4.235],[-0.083,-4.235],[-0.083,-4.221],[-0.118,-4.193],[-0.175,-4.081],[-0.238,-4.017],[-0.385,-3.94],[-0.392,-3.926],[-0.371,-3.729],[-0.399,-3.644],[-0.462,-3.567],[-0.525,-3.525],[-0.602,-3.497],[-0.602,-3.483],[-0.637,-3.462],[-0.602,-3.23],[-0.637,-3.152],[-0.644,-3.089],[-0.595,-3.054],[-0.504,-3.026],[-0.427,-2.969],[-0.399,-2.969]]]},"properties":{"abbr":null,"name":"unnamed sealed face","plate":31,"ap_bregma_mm":-2.7,"index":10}},{"type":"Feature","geometry":{"type":"Polygon","coordinates":[[[4.937,-3.448],[5.0,-3.476],[5.007,-3.497],[5.063,-3.532],[5.161,-3.637],[5.21,-3.757],[5.203,-3.884],[5.084,-3.827],[4.986,-3.659],[4.937,-3.49],[4.937,-3.448]]]},"properties":{"abbr":null,"name":"unnamed sealed face","plate":31,"ap_bregma_mm":-2.7,"index":11}},{"type":"Feature","geometry":{"type":"Polygon","coordinates":[[[-7.375,-4.003],[-7.551,-4.411],[-7.607,-4.608],[-7.635,-4.784],[-7.642,-4.946],[-7.621,-5.129],[-7.572,-5.347],[-7.53,-5.466],[-7.501,-5.558],[-7.509,-5.579],[-7.543,-5.593],[-7.551,-5.572],[-7.67,-5.03],[-7.635,-4.51],[-7.572,-4.383],[-7.543,-4.292],[-7.375,-4.003]]]},"properties":{"abbr":null,"name":"unnamed sealed face","plate":31,"ap_bregma_mm":-2.7,"index":12}},{"type":"Feature","geometry":{"type":"Polygon","coordinates":[[[0.246,-4.608],[0.218,-4.678],[0.33,-4.678],[0.33,-4.84],[0.176,-4.84],[0.162,-4.918],[0.12,-4.918],[0.05,-4.875],[0.008,-4.812],[0.001,-4.763],[0.008,-4.721],[0.05,-4.657],[0.141,-4.608],[0.246,-4.608]]]},"properties":{"abbr":null,"name":"unnamed sealed face","plate":31,"ap_bregma_mm":-2.7,"index":13}},{"type":"Feature","geometry":{"type":"Polygon","coordinates":[[[7.307,-5.086],[7.321,-5.255],[7.201,-5.607],[6.9,-6.191],[6.865,-6.233],[6.851,-6.275],[6.69,-6.437],[6.577,-6.472],[6.577,-6.458],[6.697,-6.402],[6.732,-6.352],[6.795,-6.303],[6.851,-6.219],[7.138,-5.656],[7.251,-5.417],[7.293,-5.276],[7.3,-5.206],[7.307,-5.086]]]},"properties":{"abbr":null,"name":"unnamed sealed face","plate":31,"ap_bregma_mm":-2.7,"index":14}},{"type":"Feature","geometry":{"type":"Polygon","coordinates":[[[3.366,-5.628],[3.485,-5.635],[3.485,-5.649],[3.457,-5.67],[3.422,-5.747],[3.317,-5.881],[3.296,-5.937],[3.247,-6.001],[3.233,-6.057],[3.128,-6.106],[3.058,-6.113],[3.079,-6.057],[3.149,-5.98],[3.163,-5.98],[3.296,-5.811],[3.324,-5.74],[3.338,-5.733],[3.366,-5.628]]]},"properties":{"abbr":null,"name":"unnamed sealed face","plate":31,"ap_bregma_mm":-2.7,"index":15}},{"type":"Feature","geometry":{"type":"Polygon","coordinates":[[[1.494,-5.719],[1.599,-5.79],[1.396,-5.916],[1.389,-5.895],[1.326,-5.839],[1.214,-5.804],[1.193,-5.783],[1.235,-5.762],[1.368,-5.754],[1.494,-5.719]]]},"properties":{"abbr":null,"name":"unnamed sealed face","plate":31,"ap_bregma_mm":-2.7,"index":16}},{"type":"Feature","geometry":{"type":"Polygon","coordinates":[[[-7.452,-5.74],[-7.438,-5.74],[-7.431,-5.79],[-7.375,-5.916],[-7.347,-5.93],[-7.347,-5.958],[-7.305,-6.008],[-7.284,-6.057],[-7.256,-6.078],[-7.144,-6.24],[-7.109,-6.268],[-7.067,-6.324],[-7.067,-6.345],[-7.389,-5.98],[-7.452,-5.74]]]},"properties":{"abbr":null,"name":"unnamed sealed face","plate":31,"ap_bregma_mm":-2.7,"index":17}},{"type":"Feature","geometry":{"type":"Polygon","coordinates":[[[-7.06,-6.352],[-7.011,-6.387],[-6.983,-6.437],[-6.92,-6.479],[-6.92,-6.5],[-6.835,-6.563],[-6.625,-6.57],[-6.534,-6.598],[-6.513,-6.627],[-6.513,-6.662],[-6.576,-6.725],[-6.583,-6.753],[-6.611,-6.767],[-6.597,-6.613],[-6.849,-6.598],[-6.898,-6.556],[-7.06,-6.352]]]},"properties":{"abbr":null,"name":"unnamed sealed face","plate":31,"ap_bregma_mm":-2.7,"index":18}},{"type":"Feature","geometry":{"type":"Polygon","coordinates":[[[4.173,-5.86],[4.201,-5.966],[4.109,-5.987],[3.941,-6.078],[3.584,-6.331],[3.45,-6.402],[3.24,-6.563],[3.205,-6.57],[3.184,-6.535],[3.219,-6.493],[3.499,-6.254],[3.857,-5.994],[4.039,-5.902],[4.173,-5.86]]]},"properties":{"abbr":null,"name":"unnamed sealed face","plate":31,"ap_bregma_mm":-2.7,"index":19}},{"type":"Feature","geometry":{"type":"Polygon","coordinates":[[[4.86,-5.86],[4.937,-5.86],[4.937,-5.888],[4.895,-6.001],[4.888,-6.106],[4.832,-6.261],[4.832,-6.31],[4.846,-6.31],[4.804,-6.416],[4.656,-6.648],[4.509,-6.809],[4.418,-6.88],[4.257,-6.95],[4.236,-6.971],[4.011,-7.056],[3.85,-7.091],[3.373,-7.147],[3.352,-7.147],[3.331,-7.126],[3.38,-7.105],[3.857,-7.042],[4.039,-6.992],[4.145,-6.936],[4.292,-6.887],[4.39,-6.817],[4.432,-6.753],[4.572,-6.613],[4.712,-6.359],[4.776,-6.24],[4.86,-5.86]]]},"properties":{"abbr":null,"name":"unnamed sealed face","plate":31,"ap_bregma_mm":-2.7,"index":20}},{"type":"Feature","geometry":{"type":"Polygon","coordinates":[[[-3.526,-5.958],[-3.456,-5.958],[-3.358,-6.001],[-3.316,-6.001],[-3.203,-6.071],[-3.028,-6.141],[-2.783,-6.317],[-2.762,-6.345],[-2.713,-6.366],[-2.523,-6.627],[-2.327,-6.746],[-2.236,-6.831],[-2.236,-6.845],[-2.222,-6.845],[-2.173,-6.901],[-2.131,-6.922],[-2.033,-7.013],[-1.934,-7.175],[-1.906,-7.267],[-1.913,-7.33],[-1.885,-7.358],[-1.843,-7.365],[-1.836,-7.421],[-1.836,-7.668],[-1.955,-7.843],[-1.97,-7.836],[-1.976,-7.78],[-1.991,-7.766],[-2.11,-7.71],[-2.152,-7.675],[-2.145,-7.661],[-2.166,-7.653],[-2.187,-7.653],[-2.187,-7.668],[-2.327,-7.668],[-2.327,-7.646],[-2.236,-7.639],[-2.299,-7.506],[-2.327,-7.33],[-2.39,-7.224],[-2.418,-7.203],[-2.425,-7.175],[-2.369,-7.154],[-2.355,-7.133],[-2.355,-7.084],[-2.376,-7.042],[-2.432,-6.999],[-2.432,-6.985],[-2.39,-6.922],[-2.369,-6.915],[-2.376,-6.901],[-2.39,-6.901],[-2.481,-6.809],[-2.509,-6.802],[-2.622,-6.718],[-2.867,-6.606],[-3.168,-6.416],[-3.168,-6.402],[-3.21,-6.381],[-3.21,-6.366],[-3.224,-6.366],[-3.323,-6.275],[-3.323,-6.261],[-3.421,-6.155],[-3.519,-6.015],[-3.526,-5.958]]]},"properties":{"abbr":null,"name":"unnamed sealed face","plate":31,"ap_bregma_mm":-2.7,"index":21}},{"type":"Feature","geometry":{"type":"Polygon","coordinates":[[[-2.25,-7.021],[-2.257,-7.07],[-2.222,-7.168],[-2.222,-7.288],[-2.25,-7.365],[-2.25,-7.435],[-2.229,-7.492],[-2.194,-7.513],[-2.138,-7.513],[-2.11,-7.471],[-2.096,-7.393],[-2.096,-7.323],[-2.131,-7.196],[-2.124,-7.133],[-2.208,-7.034],[-2.25,-7.021]]]},"properties":{"abbr":null,"name":"unnamed sealed face","plate":31,"ap_bregma_mm":-2.7,"index":22}},{"type":"Feature","geometry":{"type":"Polygon","coordinates":[[[2.511,-6.781],[2.665,-6.788],[2.651,-6.817],[2.525,-6.929],[2.504,-6.971],[2.518,-7.006],[2.609,-7.006],[2.679,-6.95],[2.728,-6.929],[2.735,-6.908],[2.784,-6.887],[2.784,-6.873],[2.812,-6.866],[2.84,-6.999],[2.721,-7.013],[2.602,-7.077],[2.483,-7.217],[2.42,-7.344],[2.42,-7.379],[2.483,-7.372],[2.567,-7.414],[2.567,-7.428],[2.588,-7.435],[2.665,-7.52],[2.665,-7.541],[2.518,-7.407],[2.069,-7.492],[1.915,-7.316],[1.459,-7.689],[1.452,-7.675],[1.48,-7.653],[1.501,-7.611],[1.55,-7.569],[1.691,-7.478],[1.691,-7.464],[1.733,-7.428],[1.761,-7.421],[1.789,-7.379],[1.81,-7.372],[1.873,-7.295],[1.957,-7.274],[2.02,-7.168],[2.069,-7.161],[2.139,-7.07],[2.195,-7.042],[2.181,-7.133],[2.195,-7.232],[2.237,-7.267],[2.237,-7.281],[2.287,-7.309],[2.35,-7.302],[2.357,-7.189],[2.329,-7.161],[2.3,-7.098],[2.3,-7.056],[2.329,-6.992],[2.321,-6.943],[2.469,-6.795],[2.511,-6.781]]]},"properties":{"abbr":null,"name":"unnamed sealed face","plate":31,"ap_bregma_mm":-2.7,"index":23}},{"type":"Feature","geometry":{"type":"Polygon","coordinates":[[[2.665,-7.541],[2.728,-7.583],[2.728,-7.597],[2.77,-7.632],[2.967,-7.717],[2.974,-7.738],[2.861,-7.724],[2.833,-7.696],[2.805,-7.689],[2.651,-7.583],[2.665,-7.541]]]},"properties":{"abbr":null,"name":"unnamed sealed face","plate":31,"ap_bregma_mm":-2.7,"index":24}},{"type":"Feature","geometry":{"type":"Polygon","coordinates":[[[4.719,-6.908],[4.698,-6.971],[4.656,-7.013],[4.649,-7.042],[4.649,-7.049],[4.53,-7.084],[4.523,-7.105],[4.481,-7.119],[4.39,-7.119],[4.292,-7.161],[4.236,-7.168],[4.018,-7.168],[4.053,-7.133],[4.179,-7.077],[4.229,-7.084],[4.348,-7.042],[4.446,-7.028],[4.523,-6.999],[4.656,-6.922],[4.719,-6.908]]]},"properties":{"abbr":null,"name":"unnamed sealed face","plate":31,"ap_bregma_mm":-2.7,"index":25}},{"type":"Feature","geometry":{"type":"Polygon","coordinates":[[[-6.38,-7.323],[-6.366,-7.323],[-6.366,-7.344],[-6.38,-7.323]]]},"properties":{"abbr":null,"name":"unnamed sealed face","plate":31,"ap_bregma_mm":-2.7,"index":26}},{"type":"Feature","geometry":{"type":"Polygon","coordinates":[[[-6.366,-7.344],[-6.331,-7.365],[-6.267,-7.457],[-6.218,-7.492],[-6.127,-7.597],[-6.113,-7.597],[-5.973,-7.731],[-5.945,-7.738],[-5.875,-7.801],[-5.699,-7.907],[-5.51,-7.998],[-5.433,-8.012],[-5.426,-8.026],[-5.349,-8.047],[-5.349,-8.061],[-5.559,-8.005],[-5.938,-7.815],[-6.183,-7.562],[-6.183,-7.548],[-6.204,-7.583],[-6.218,-7.576],[-6.366,-7.344]]]},"properties":{"abbr":null,"name":"unnamed sealed face","plate":31,"ap_bregma_mm":-2.7,"index":27}},{"type":"Feature","geometry":{"type":"Polygon","coordinates":[[[1.256,-7.534],[1.312,-7.562],[1.242,-7.604],[1.221,-7.604],[1.207,-7.625],[1.158,-7.639],[1.066,-7.625],[1.017,-7.597],[0.996,-7.576],[0.996,-7.52],[1.066,-7.478],[1.109,-7.478],[1.151,-7.499],[1.2,-7.548],[1.256,-7.534]]]},"properties":{"abbr":null,"name":"unnamed sealed face","plate":31,"ap_bregma_mm":-2.7,"index":28}},{"type":"Feature","geometry":{"type":"Polygon","coordinates":[[[1.024,-8.188],[1.045,-8.223],[1.031,-8.244],[0.688,-8.497],[0.597,-8.476],[0.505,-8.533],[0.428,-8.561],[0.456,-8.519],[0.541,-8.49],[0.548,-8.476],[0.618,-8.462],[0.625,-8.448],[0.611,-8.448],[0.597,-8.413],[0.548,-8.301],[0.555,-8.272],[0.541,-8.272],[0.499,-8.216],[0.499,-8.181],[0.59,-8.174],[0.632,-8.237],[0.709,-8.265],[0.814,-8.251],[0.863,-8.223],[0.905,-8.153],[0.905,-8.033],[0.856,-7.935],[0.793,-7.9],[0.8,-7.85],[0.828,-7.843],[0.912,-7.886],[0.954,-7.956],[0.968,-8.075],[0.912,-8.251],[0.933,-8.258],[0.961,-8.244],[1.01,-8.202],[1.01,-8.188],[1.024,-8.188]]]},"properties":{"abbr":null,"name":"unnamed sealed face","plate":31,"ap_bregma_mm":-2.7,"index":29}},{"type":"Feature","geometry":{"type":"Polygon","coordinates":[[[0.428,-8.561],[0.379,-8.617],[0.372,-8.603],[0.386,-8.603],[0.4,-8.568],[0.428,-8.561]]]},"properties":{"abbr":null,"name":"unnamed sealed face","plate":31,"ap_bregma_mm":-2.7,"index":30}},{"type":"Feature","geometry":{"type":"Polygon","coordinates":[[[0.372,-8.624],[0.365,-8.638],[0.358,-8.624],[0.372,-8.624]]]},"properties":{"abbr":null,"name":"unnamed sealed face","plate":31,"ap_bregma_mm":-2.7,"index":31}},{"type":"Feature","geometry":{"type":"Polygon","coordinates":[[[4.537,-8.378],[4.593,-8.343],[4.635,-8.329],[4.656,-8.336],[4.39,-8.497],[4.095,-8.497],[3.787,-8.392],[3.198,-7.886],[3.212,-7.879],[3.289,-7.935],[3.303,-7.963],[3.422,-8.047],[3.563,-8.181],[3.654,-8.237],[3.654,-8.251],[3.682,-8.258],[3.682,-8.272],[3.976,-8.441],[4.124,-8.483],[4.313,-8.483],[4.453,-8.441],[4.537,-8.378]]]},"properties":{"abbr":null,"name":"unnamed sealed face","plate":31,"ap_bregma_mm":-2.7,"index":32}},{"type":"Feature","geometry":{"type":"Polygon","coordinates":[[[-0.406,-8.336],[-0.42,-8.329],[-0.427,-8.216],[-0.448,-8.132],[-0.511,-8.047],[-0.651,-7.991],[-0.707,-7.991],[-0.771,-8.019],[-0.82,-8.075],[-0.82,-8.125],[-0.792,-8.188],[-0.623,-8.364],[-0.525,-8.399],[-0.539,-8.441],[-0.63,-8.427],[-0.63,-8.448],[-0.539,-8.554],[-0.448,-8.617],[-0.413,-8.624],[-0.259,-8.687],[-0.182,-8.758],[-0.167,-8.793],[-0.154,-8.793],[-0.104,-8.884],[-0.055,-8.912],[0.064,-8.898],[0.099,-8.87],[0.134,-8.863],[0.134,-8.849],[0.169,-8.842],[0.141,-8.905],[0.113,-8.927],[-0.006,-8.955],[-0.118,-8.941],[-0.224,-8.758],[-0.581,-8.568],[-1.009,-8.174],[-0.995,-8.167],[-0.995,-8.181],[-0.96,-8.195],[-0.96,-8.209],[-0.897,-8.251],[-0.862,-8.251],[-0.89,-8.104],[-0.834,-7.998],[-0.756,-7.963],[-0.616,-7.956],[-0.469,-8.012],[-0.441,-8.047],[-0.392,-8.216],[-0.392,-8.322],[-0.406,-8.336]]]},"properties":{"abbr":null,"name":"unnamed sealed face","plate":31,"ap_bregma_mm":-2.7,"index":33}},{"type":"Feature","geometry":{"type":"Polygon","coordinates":[[[-1.03,-8.153],[-1.044,-8.146],[-1.03,-8.139],[-1.03,-8.153]]]},"properties":{"abbr":null,"name":"unnamed sealed face","plate":31,"ap_bregma_mm":-2.7,"index":34}},{"type":"Feature","geometry":{"type":"MultiPolygon","coordinates":[[[[-1.246,-0.373],[-0.86,-0.373],[-0.509,-0.531],[-0.491,-0.496],[-0.298,-0.619],[-0.158,-0.813],[-0.035,-1.253],[0.0,-1.024],[0.158,-0.69],[0.439,-0.461],[0.667,-0.391],[1.158,-0.373],[2.14,-0.602],[2.737,-0.584],[3.474,-0.743],[3.456,-0.778],[4.035,-0.989],[4.175,-1.095],[4.333,-1.095],[4.386,-1.201],[4.597,-1.271],[4.632,-1.341],[5.088,-1.588],[5.579,-1.993],[5.807,-2.116],[5.772,-2.134],[5.842,-2.204],[6.368,-2.644],[6.386,-2.732],[6.772,-3.137],[6.93,-3.384],[7.21,-3.965],[7.316,-5.232],[7.193,-5.602],[6.842,-6.271],[6.684,-6.429],[6.526,-6.482],[6.526,-6.535],[6.281,-6.588],[6.368,-6.958],[6.053,-7.468],[5.684,-7.803],[5.263,-8.032],[5.263,-8.084],[4.982,-8.278],[4.649,-8.331],[4.386,-8.489],[4.105,-8.489],[3.789,-8.384],[3.14,-7.838],[3.123,-7.873],[2.982,-7.732],[2.86,-7.715],[2.649,-7.574],[2.667,-7.539],[2.509,-7.398],[2.07,-7.486],[1.912,-7.31],[1.439,-7.697],[1.456,-7.767],[1.351,-7.82],[1.017,-8.19],[1.035,-8.225],[0.684,-8.489],[0.597,-8.472],[0.421,-8.56],[0.228,-8.789],[0.263,-8.824],[0.175,-8.824],[0.123,-8.912],[-0.018,-8.947],[-0.123,-8.929],[-0.228,-8.753],[-0.579,-8.56],[-1.386,-7.838],[-1.439,-7.855],[-1.772,-7.398],[-1.842,-7.415],[-1.842,-7.662],[-1.965,-7.838],[-1.982,-7.767],[-2.175,-7.662],[-2.404,-7.662],[-2.912,-7.82],[-2.965,-7.908],[-3.123,-7.908],[-4.0,-8.384],[-4.368,-8.419],[-4.632,-8.366],[-4.807,-8.225],[-5.193,-8.155],[-5.263,-8.084],[-5.561,-7.996],[-5.947,-7.803],[-6.193,-7.539],[-6.211,-7.574],[-6.632,-6.958],[-6.596,-6.606],[-6.86,-6.588],[-7.386,-5.972],[-7.509,-5.567],[-7.544,-5.584],[-7.667,-5.021],[-7.632,-4.51],[-7.544,-4.299],[-7.333,-3.912],[-7.351,-3.859],[-7.263,-3.789],[-7.018,-3.313],[-6.789,-3.049],[-6.825,-3.031],[-6.596,-2.82],[-6.596,-2.75],[-6.456,-2.662],[-6.421,-2.539],[-6.386,-2.574],[-5.667,-1.887],[-4.579,-1.218],[-3.807,-0.954],[-3.772,-0.901],[-3.228,-0.76],[-2.035,-0.655],[-1.544,-0.443],[-1.263,-0.391],[-1.246,-0.373]]]]},"properties":{"abbr":"brain_outline","name":"outline of the section","plate":31,"ap_bregma_mm":-2.7}}]}
