{"type":"FeatureCollection","name":"GerbilAtlas plate 34","note":"Region extents cut from the atlas drawing (METHODS.md, Region extents). Coordinates are [ML, DV] in mm, ML positive to the right of the plate as printed, DV negative below the dorsal surface; AP is the plate bregma. traced_fraction is the share of each polygon boundary the atlas actually draws; below 0.5 the boundary is an estimate. no_drawn_outline marks a feature that lies only inside boundaries the atlas draws round more than one name and prints nothing within, so the whole of its outline is where the extraction cut it. Not a segmentation.","plate":34,"ap_bregma_mm":-3.75,"features":[{"type":"Feature","geometry":{"type":"MultiPolygon","coordinates":[[[[2.035,-0.388],[1.993,-0.528],[1.818,-1.337],[1.762,-1.323],[1.705,-1.281],[1.684,-1.281],[1.677,-1.267],[1.516,-1.189],[1.418,-1.168],[1.355,-1.175],[1.306,-1.105],[1.152,-0.943],[1.018,-0.753],[0.906,-0.535],[0.892,-0.528],[0.801,-0.345],[0.794,-0.303],[0.892,-0.261],[1.152,-0.226],[1.453,-0.24],[1.692,-0.289],[2.035,-0.388]]],[[[-0.566,-0.373],[-0.566,-0.395],[-0.762,-0.781],[-0.833,-0.88],[-0.917,-1.049],[-1.015,-1.189],[-1.071,-1.239],[-1.148,-1.189],[-1.253,-1.182],[-1.359,-1.232],[-1.478,-1.26],[-1.506,-1.281],[-1.555,-1.288],[-1.604,-1.042],[-1.688,-0.444],[-1.344,-0.359],[-1.064,-0.317],[-0.783,-0.317],[-0.636,-0.345],[-0.566,-0.373]]]]},"properties":{"abbr":"RSD","name":"retrosplenial dysgranular cortex","plate":34,"ap_bregma_mm":-3.75,"area_mm2":1.6114,"traced_fraction":[1.0,1.0],"n_labels":2,"no_drawn_outline":false}},{"type":"Feature","geometry":{"type":"MultiPolygon","coordinates":[[[[2.035,-0.388],[2.435,-0.479],[2.722,-0.528],[2.659,-0.866],[2.645,-1.02],[2.561,-1.393],[2.547,-1.52],[2.421,-1.499],[2.126,-1.414],[1.958,-1.386],[1.818,-1.337],[1.993,-0.528],[2.035,-0.388]]],[[[-1.688,-0.444],[-1.604,-1.042],[-1.555,-1.288],[-1.674,-1.351],[-1.849,-1.414],[-2.354,-1.534],[-2.515,-0.62],[-2.494,-0.62],[-2.312,-0.592],[-2.263,-0.584],[-2.221,-0.577],[-2.095,-0.556],[-1.688,-0.444]]]]},"properties":{"abbr":"V2M","name":"secondary visual cortex, medial area","plate":34,"ap_bregma_mm":-3.75,"area_mm2":1.4707,"traced_fraction":[1.0,1.0],"n_labels":2,"no_drawn_outline":false}},{"type":"Feature","geometry":{"type":"MultiPolygon","coordinates":[[[[2.722,-0.528],[3.711,-0.683],[4.131,-0.795],[4.454,-0.957],[4.468,-0.964],[4.482,-0.971],[4.482,-0.978],[4.482,-0.999],[4.447,-1.042],[4.391,-1.175],[4.202,-1.534],[4.167,-1.632],[4.033,-1.879],[3.732,-1.879],[3.592,-1.822],[3.087,-1.647],[2.547,-1.52],[2.561,-1.393],[2.645,-1.02],[2.659,-0.866],[2.722,-0.528]]],[[[-2.515,-0.62],[-2.354,-1.534],[-3.013,-1.717],[-3.315,-1.822],[-3.462,-1.864],[-3.469,-1.879],[-3.637,-1.928],[-3.714,-1.97],[-3.791,-1.991],[-3.953,-1.647],[-4.051,-1.379],[-4.149,-1.175],[-4.205,-1.02],[-3.847,-0.88],[-3.252,-0.732],[-2.536,-0.627],[-2.515,-0.62]]]]},"properties":{"abbr":"V1M","name":"primary visual cortex, monocular area","plate":34,"ap_bregma_mm":-3.75,"area_mm2":3.45,"traced_fraction":[0.968,1.0],"n_labels":2,"no_drawn_outline":false}},{"type":"Feature","geometry":{"type":"MultiPolygon","coordinates":[[[[1.762,-1.323],[1.741,-1.358],[1.544,-1.33],[1.502,-1.337],[1.425,-1.379],[1.334,-1.471],[1.278,-1.569],[1.25,-1.689],[1.243,-1.836],[1.18,-1.879],[1.145,-1.836],[1.096,-1.731],[1.103,-1.576],[1.145,-1.435],[1.215,-1.309],[1.355,-1.175],[1.418,-1.168],[1.516,-1.189],[1.677,-1.267],[1.684,-1.281],[1.705,-1.281],[1.762,-1.323]]],[[[-1.071,-1.239],[-1.029,-1.302],[-1.015,-1.4],[-1.036,-1.527],[-1.078,-1.647],[-1.197,-1.766],[-1.359,-1.85],[-1.393,-1.801],[-1.401,-1.766],[-1.351,-1.717],[-1.302,-1.632],[-1.288,-1.583],[-1.295,-1.499],[-1.365,-1.414],[-1.464,-1.386],[-1.506,-1.281],[-1.478,-1.26],[-1.359,-1.232],[-1.253,-1.182],[-1.148,-1.189],[-1.071,-1.239]]]]},"properties":{"abbr":"cg","name":"cingulum","plate":34,"ap_bregma_mm":-3.75,"area_mm2":0.3376,"traced_fraction":[0.99,0.941],"n_labels":2,"no_drawn_outline":false}},{"type":"Feature","geometry":{"type":"MultiPolygon","coordinates":[[[[-1.506,-1.281],[-1.464,-1.386],[-1.365,-1.414],[-1.295,-1.499],[-1.288,-1.583],[-1.302,-1.632],[-1.351,-1.717],[-1.401,-1.766],[-1.401,-1.787],[-1.359,-1.85],[-1.429,-1.886],[-1.52,-1.9],[-1.52,-1.78],[-1.548,-1.696],[-1.625,-1.632],[-1.73,-1.59],[-1.814,-1.576],[-1.997,-1.583],[-2.291,-1.625],[-2.564,-1.703],[-2.719,-1.731],[-3.132,-1.858],[-3.308,-1.907],[-3.315,-1.822],[-3.013,-1.717],[-2.354,-1.534],[-1.849,-1.414],[-1.674,-1.351],[-1.555,-1.288],[-1.506,-1.281]]],[[[1.762,-1.323],[1.818,-1.337],[1.93,-1.379],[2.126,-1.414],[2.196,-1.443],[2.547,-1.52],[3.087,-1.647],[3.592,-1.822],[3.578,-1.893],[3.052,-1.724],[2.771,-1.654],[2.505,-1.625],[2.358,-1.583],[2.161,-1.555],[2.028,-1.513],[1.916,-1.506],[1.818,-1.527],[1.698,-1.583],[1.621,-1.632],[1.53,-1.717],[1.467,-1.836],[1.467,-2.026],[1.271,-2.012],[1.215,-1.949],[1.18,-1.879],[1.243,-1.836],[1.25,-1.689],[1.278,-1.569],[1.334,-1.471],[1.425,-1.379],[1.502,-1.337],[1.544,-1.33],[1.741,-1.358],[1.762,-1.323]]]]},"properties":{"abbr":"fmj","name":"forceps major of the corpus callosum","plate":34,"ap_bregma_mm":-3.75,"area_mm2":0.7529,"traced_fraction":[0.973,0.993],"n_labels":2,"no_drawn_outline":false}},{"type":"Feature","geometry":{"type":"MultiPolygon","coordinates":[[[[0.794,-0.303],[0.801,-0.345],[1.018,-0.753],[1.124,-0.908],[1.355,-1.161],[1.355,-1.175],[1.215,-1.309],[1.145,-1.435],[1.103,-1.576],[1.096,-1.731],[0.808,-1.738],[0.57,-1.766],[0.233,-1.858],[0.079,-1.935],[0.051,-1.893],[0.037,-1.773],[0.016,-1.773],[0.002,-1.794],[-0.019,-1.914],[-0.145,-1.864],[-0.489,-1.773],[-0.931,-1.689],[-0.959,-1.654],[-1.078,-1.647],[-1.036,-1.527],[-1.015,-1.4],[-1.029,-1.302],[-1.071,-1.239],[-1.015,-1.189],[-0.917,-1.049],[-0.833,-0.88],[-0.762,-0.781],[-0.566,-0.395],[-0.566,-0.373],[-0.489,-0.402],[-0.426,-0.451],[-0.335,-0.493],[-0.251,-0.57],[-0.23,-0.613],[-0.145,-0.704],[0.065,-1.119],[0.079,-1.119],[0.072,-1.14],[0.086,-1.161],[0.107,-1.161],[0.121,-1.133],[0.135,-1.133],[0.233,-0.985],[0.254,-0.929],[0.507,-0.493],[0.619,-0.38],[0.717,-0.324],[0.794,-0.303]]]]},"properties":{"abbr":"RSGc","name":"retrosplenial granular cortex, c region","plate":34,"ap_bregma_mm":-3.75,"area_mm2":2.4138,"traced_fraction":[0.983],"n_labels":2,"no_drawn_outline":false}},{"type":"Feature","geometry":{"type":"MultiPolygon","coordinates":[[[[4.482,-0.971],[5.176,-1.33],[5.422,-1.499],[5.492,-1.562],[5.66,-1.668],[5.821,-1.815],[5.737,-1.921],[5.674,-1.977],[5.674,-1.991],[5.541,-2.125],[5.408,-2.301],[5.323,-2.378],[5.323,-2.392],[5.232,-2.476],[5.232,-2.49],[5.036,-2.702],[4.959,-2.652],[4.945,-2.624],[4.826,-2.533],[4.811,-2.505],[4.769,-2.483],[4.756,-2.455],[4.713,-2.434],[4.629,-2.357],[4.573,-2.329],[4.573,-2.315],[4.545,-2.308],[4.342,-2.167],[4.321,-2.167],[4.202,-2.09],[3.991,-1.991],[3.991,-1.977],[4.033,-1.879],[4.103,-1.759],[4.202,-1.534],[4.37,-1.196],[4.384,-1.189],[4.447,-1.042],[4.482,-0.999],[4.482,-0.978],[4.482,-0.971]]],[[[-4.205,-1.02],[-4.149,-1.175],[-4.051,-1.379],[-3.953,-1.647],[-3.791,-1.991],[-4.17,-2.181],[-4.177,-2.195],[-4.408,-2.301],[-4.731,-2.526],[-4.787,-2.582],[-4.815,-2.589],[-5.348,-1.914],[-5.446,-1.808],[-5.488,-1.738],[-5.523,-1.71],[-5.53,-1.682],[-5.327,-1.534],[-5.053,-1.386],[-4.913,-1.33],[-4.864,-1.295],[-4.584,-1.161],[-4.205,-1.02]]]]},"properties":{"abbr":"V1B","name":"primary visual cortex, binocular area","plate":34,"ap_bregma_mm":-3.75,"area_mm2":3.1398,"traced_fraction":[0.997,1.0],"n_labels":2,"no_drawn_outline":false}},{"type":"Feature","geometry":{"type":"MultiPolygon","coordinates":[[[[-1.078,-1.647],[-0.959,-1.654],[-0.931,-1.689],[-0.489,-1.773],[-0.145,-1.864],[-0.019,-1.914],[-0.047,-2.005],[-0.061,-2.005],[-0.111,-2.075],[-0.188,-2.125],[-0.314,-2.258],[-0.328,-2.258],[-0.342,-2.287],[-0.391,-2.308],[-0.496,-2.315],[-0.552,-2.336],[-0.762,-2.315],[-1.036,-2.251],[-1.176,-2.237],[-1.218,-2.216],[-1.365,-2.223],[-1.372,-2.033],[-1.429,-1.886],[-1.359,-1.85],[-1.197,-1.766],[-1.078,-1.647]]],[[[1.096,-1.731],[1.117,-1.787],[1.18,-1.879],[1.215,-1.949],[1.271,-2.012],[1.208,-2.075],[1.187,-2.132],[1.187,-2.294],[0.668,-2.315],[0.619,-2.294],[0.415,-2.279],[0.331,-2.244],[0.289,-2.216],[0.289,-2.202],[0.275,-2.202],[0.177,-2.104],[0.177,-2.09],[0.163,-2.09],[0.156,-2.062],[0.142,-2.062],[0.135,-2.033],[0.1,-1.998],[0.079,-1.935],[0.233,-1.858],[0.499,-1.78],[0.808,-1.738],[1.096,-1.731]]]]},"properties":{"abbr":"RSGb","name":"retrosplenial granular cortex, b region","plate":34,"ap_bregma_mm":-3.75,"area_mm2":1.1706,"traced_fraction":[0.969,0.993],"n_labels":2,"no_drawn_outline":false}},{"type":"Feature","geometry":{"type":"MultiPolygon","coordinates":[[[[-3.315,-1.822],[-3.308,-1.907],[-3.672,-2.04],[-4.149,-2.258],[-4.429,-2.427],[-4.836,-2.744],[-4.836,-2.758],[-4.962,-2.877],[-4.976,-2.877],[-4.983,-2.898],[-5.173,-3.088],[-5.173,-3.102],[-5.25,-3.173],[-5.376,-3.334],[-5.446,-3.461],[-5.579,-3.651],[-5.671,-3.862],[-5.825,-4.157],[-5.853,-4.27],[-5.979,-4.586],[-6.098,-5.065],[-6.105,-5.205],[-6.077,-5.48],[-5.993,-5.705],[-5.979,-5.775],[-5.895,-5.951],[-5.881,-6.007],[-5.677,-6.394],[-5.656,-6.408],[-5.635,-6.457],[-5.551,-6.57],[-5.383,-6.732],[-5.215,-6.865],[-5.187,-6.907],[-5.236,-6.907],[-5.327,-6.851],[-5.607,-6.591],[-5.776,-6.345],[-5.846,-6.204],[-5.881,-6.162],[-6.049,-5.726],[-6.077,-5.684],[-6.077,-5.655],[-6.147,-5.473],[-6.189,-5.276],[-6.182,-5.008],[-6.161,-4.875],[-5.986,-4.326],[-5.972,-4.27],[-5.979,-4.242],[-5.958,-4.228],[-5.888,-4.045],[-5.65,-3.56],[-5.565,-3.419],[-5.523,-3.377],[-5.474,-3.292],[-5.404,-3.222],[-5.32,-3.081],[-5.271,-3.046],[-5.271,-3.032],[-5.103,-2.849],[-5.089,-2.849],[-5.032,-2.786],[-4.843,-2.638],[-4.815,-2.589],[-4.787,-2.582],[-4.731,-2.526],[-4.408,-2.301],[-4.177,-2.195],[-4.17,-2.181],[-3.791,-1.991],[-3.714,-1.97],[-3.637,-1.928],[-3.469,-1.879],[-3.462,-1.864],[-3.315,-1.822]]],[[[3.592,-1.822],[3.732,-1.879],[4.033,-1.879],[3.991,-1.977],[3.914,-1.963],[3.886,-2.026],[3.585,-1.907],[3.578,-1.893],[3.592,-1.822]]]]},"properties":{"abbr":"dcw","name":"deep cerebral white matter","plate":34,"ap_bregma_mm":-3.75,"area_mm2":0.6259,"traced_fraction":[0.998,0.8],"n_labels":2,"no_drawn_outline":false}},{"type":"Feature","geometry":{"type":"MultiPolygon","coordinates":[[[[2.715,-1.78],[2.694,-1.836],[2.645,-1.9],[2.617,-1.907],[2.526,-1.977],[2.463,-2.047],[2.435,-2.111],[2.154,-2.209],[2.112,-2.237],[2.049,-2.244],[1.993,-2.272],[1.944,-2.322],[1.895,-2.42],[1.692,-2.35],[1.502,-2.308],[1.404,-2.294],[1.348,-2.294],[1.32,-2.308],[1.187,-2.294],[1.187,-2.132],[1.208,-2.075],[1.271,-2.012],[1.467,-2.026],[1.692,-2.005],[2.189,-1.815],[2.414,-1.759],[2.589,-1.745],[2.715,-1.78]]],[[[-1.52,-1.9],[-1.429,-1.886],[-1.372,-2.033],[-1.365,-2.223],[-1.702,-2.265],[-2.109,-2.364],[-2.158,-2.265],[-2.186,-2.237],[-2.242,-2.223],[-2.256,-2.209],[-2.536,-2.195],[-2.628,-2.167],[-2.649,-2.111],[-2.726,-2.019],[-2.754,-1.879],[-2.62,-1.85],[-2.424,-1.85],[-1.793,-1.942],[-1.604,-1.935],[-1.52,-1.9]]]]},"properties":{"abbr":"DS","name":"dorsal subiculum","plate":34,"ap_bregma_mm":-3.75,"area_mm2":0.9608,"traced_fraction":[1.0,1.0],"n_labels":2,"no_drawn_outline":false}},{"type":"Feature","geometry":{"type":"MultiPolygon","coordinates":[[[[-3.132,-1.858],[-3.118,-1.921],[-3.448,-2.04],[-3.686,-2.16],[-3.918,-2.244],[-4.1,-2.357],[-4.247,-2.42],[-4.619,-2.68],[-4.738,-2.807],[-4.913,-2.941],[-5.046,-3.088],[-5.11,-3.187],[-5.327,-3.447],[-5.467,-3.693],[-5.474,-3.728],[-5.516,-3.785],[-5.516,-3.806],[-5.53,-3.813],[-5.53,-3.834],[-5.551,-3.855],[-5.551,-3.876],[-5.565,-3.883],[-5.572,-3.918],[-5.762,-4.277],[-5.895,-4.629],[-5.993,-5.044],[-6.007,-5.304],[-5.979,-5.501],[-5.923,-5.698],[-5.888,-5.761],[-5.797,-6.035],[-5.72,-6.204],[-5.684,-6.246],[-5.684,-6.267],[-5.579,-6.408],[-5.572,-6.436],[-5.46,-6.549],[-5.376,-6.661],[-5.299,-6.732],[-5.264,-6.739],[-5.229,-6.788],[-5.124,-6.858],[-4.71,-7.076],[-4.521,-7.146],[-4.331,-7.182],[-4.331,-7.217],[-4.387,-7.224],[-4.577,-7.175],[-4.668,-7.168],[-4.85,-7.097],[-4.857,-7.083],[-5.089,-6.978],[-5.103,-6.957],[-5.124,-6.957],[-5.187,-6.907],[-5.215,-6.865],[-5.383,-6.732],[-5.551,-6.57],[-5.635,-6.457],[-5.656,-6.408],[-5.677,-6.394],[-5.881,-6.007],[-5.895,-5.951],[-5.979,-5.775],[-5.986,-5.726],[-6.077,-5.48],[-6.105,-5.205],[-6.098,-5.065],[-5.979,-4.586],[-5.853,-4.27],[-5.825,-4.157],[-5.671,-3.862],[-5.579,-3.651],[-5.446,-3.461],[-5.376,-3.334],[-5.25,-3.173],[-4.983,-2.898],[-4.983,-2.884],[-4.836,-2.758],[-4.836,-2.744],[-4.429,-2.427],[-4.149,-2.258],[-3.84,-2.125],[-3.756,-2.075],[-3.308,-1.907],[-3.132,-1.858]]],[[[4.216,-2.202],[4.531,-2.385],[4.819,-2.61],[4.833,-2.638],[4.952,-2.73],[4.952,-2.744],[4.98,-2.758],[5.141,-2.934],[5.155,-2.934],[5.19,-2.99],[5.218,-3.004],[5.253,-3.06],[5.4,-3.222],[5.583,-3.482],[5.604,-3.531],[5.625,-3.545],[5.737,-3.749],[5.772,-3.855],[5.835,-3.967],[5.898,-4.171],[5.933,-4.242],[5.996,-4.488],[6.017,-4.748],[5.989,-5.269],[5.772,-5.88],[5.758,-5.888],[5.758,-5.909],[5.653,-6.113],[5.478,-6.359],[5.408,-6.422],[5.302,-6.485],[5.281,-6.514],[5.05,-6.654],[5.022,-6.696],[4.678,-6.844],[4.244,-6.999],[4.195,-6.999],[4.195,-6.985],[4.23,-6.957],[4.531,-6.851],[5.001,-6.619],[5.288,-6.429],[5.394,-6.331],[5.436,-6.31],[5.506,-6.232],[5.52,-6.232],[5.618,-6.092],[5.73,-5.831],[5.849,-5.473],[5.898,-5.24],[5.919,-4.91],[5.905,-4.657],[5.87,-4.509],[5.744,-4.115],[5.59,-3.778],[5.464,-3.531],[5.358,-3.377],[5.309,-3.327],[5.288,-3.278],[5.246,-3.236],[5.183,-3.13],[5.05,-2.99],[5.05,-2.976],[4.685,-2.631],[4.44,-2.455],[4.279,-2.364],[4.195,-2.294],[4.195,-2.251],[4.209,-2.244],[4.216,-2.202]]]]},"properties":{"abbr":"alv","name":"alveus of the hippocampus","plate":34,"ap_bregma_mm":-3.75,"area_mm2":1.2305,"traced_fraction":[1.0,0.996],"n_labels":2,"no_drawn_outline":false}},{"type":"Feature","geometry":{"type":"MultiPolygon","coordinates":[[[[-5.53,-1.682],[-5.523,-1.71],[-5.488,-1.738],[-5.446,-1.808],[-5.348,-1.914],[-4.815,-2.589],[-4.843,-2.638],[-4.857,-2.638],[-4.899,-2.687],[-5.103,-2.849],[-5.271,-3.032],[-5.271,-3.046],[-5.32,-3.081],[-5.565,-2.863],[-5.79,-2.694],[-5.867,-2.617],[-6.021,-2.512],[-6.105,-2.434],[-6.189,-2.385],[-6.245,-2.322],[-5.853,-1.928],[-5.839,-1.928],[-5.65,-1.759],[-5.53,-1.682]]],[[[5.821,-1.815],[5.94,-1.907],[6.361,-2.343],[6.347,-2.343],[6.291,-2.406],[6.186,-2.49],[6.081,-2.561],[5.968,-2.666],[5.891,-2.715],[5.611,-2.969],[5.429,-3.102],[5.415,-3.102],[5.366,-3.039],[5.351,-3.039],[5.33,-2.997],[5.316,-2.997],[5.232,-2.884],[5.078,-2.744],[5.064,-2.744],[5.036,-2.702],[5.232,-2.49],[5.232,-2.476],[5.323,-2.392],[5.323,-2.378],[5.408,-2.301],[5.541,-2.125],[5.674,-1.991],[5.674,-1.977],[5.737,-1.921],[5.821,-1.815]]]]},"properties":{"abbr":"V2L","name":"secondary visual cortex, lateral area","plate":34,"ap_bregma_mm":-3.75,"area_mm2":1.7678,"traced_fraction":[1.0,1.0],"n_labels":2,"no_drawn_outline":false}},{"type":"Feature","geometry":{"type":"MultiPolygon","coordinates":[[[[-0.209,-3.194],[-0.223,-3.229],[-0.3,-3.208],[-0.342,-3.166],[-0.363,-3.102],[-0.363,-2.905],[-0.384,-2.814],[-0.412,-2.765],[-0.51,-2.673],[-0.643,-2.617],[-0.791,-2.589],[-1.197,-2.589],[-1.338,-2.61],[-1.492,-2.666],[-1.667,-2.758],[-1.87,-2.898],[-1.968,-2.99],[-2.031,-3.088],[-2.081,-3.208],[-2.074,-3.292],[-2.256,-3.37],[-2.347,-3.44],[-2.389,-3.454],[-2.403,-3.419],[-2.403,-3.292],[-2.361,-3.011],[-2.319,-2.913],[-2.214,-2.779],[-2.053,-2.638],[-1.877,-2.533],[-1.856,-2.533],[-1.674,-2.434],[-1.401,-2.371],[-0.987,-2.35],[-0.826,-2.357],[-0.559,-2.413],[-0.398,-2.498],[-0.398,-2.512],[-0.342,-2.561],[-0.265,-2.751],[-0.244,-2.856],[-0.265,-3.138],[-0.244,-3.173],[-0.209,-3.194]]],[[[2.182,-3.377],[2.112,-3.363],[1.958,-3.278],[1.923,-3.152],[1.832,-3.011],[1.671,-2.849],[1.579,-2.786],[1.411,-2.709],[1.257,-2.666],[1.082,-2.638],[0.759,-2.617],[0.45,-2.624],[0.359,-2.645],[0.296,-2.68],[0.219,-2.758],[0.17,-2.856],[0.156,-2.941],[0.17,-3.145],[0.156,-3.201],[0.107,-3.257],[0.03,-3.271],[0.03,-3.222],[0.037,-3.102],[-0.005,-2.891],[-0.005,-2.786],[0.044,-2.645],[0.107,-2.561],[0.163,-2.512],[0.254,-2.462],[0.345,-2.434],[0.703,-2.42],[0.885,-2.378],[1.124,-2.357],[1.271,-2.392],[1.488,-2.49],[1.818,-2.603],[1.944,-2.687],[2.105,-2.913],[2.175,-3.053],[2.196,-3.13],[2.196,-3.327],[2.182,-3.377]]]]},"properties":{"abbr":"SuG","name":"superficial gray layer of the superior colliculus","plate":34,"ap_bregma_mm":-3.75,"area_mm2":1.4044,"traced_fraction":[1.0,1.0],"n_labels":2,"no_drawn_outline":false}},{"type":"Feature","geometry":{"type":"MultiPolygon","coordinates":[[[[-1.176,-2.237],[-1.036,-2.251],[-0.762,-2.315],[-0.552,-2.336],[-0.524,-2.364],[-0.447,-2.364],[-0.37,-2.413],[-0.321,-2.476],[-0.307,-2.476],[-0.181,-2.723],[-0.132,-2.898],[-0.111,-2.898],[-0.089,-2.758],[-0.054,-2.645],[0.002,-2.54],[0.1,-2.448],[0.17,-2.406],[0.282,-2.371],[0.626,-2.343],[0.668,-2.315],[1.187,-2.294],[1.32,-2.308],[1.32,-2.322],[1.341,-2.322],[1.502,-2.413],[1.671,-2.469],[1.93,-2.582],[2.084,-2.715],[2.154,-2.821],[2.168,-2.821],[2.287,-3.046],[2.315,-3.145],[2.315,-3.405],[2.231,-3.398],[2.182,-3.377],[2.196,-3.327],[2.196,-3.13],[2.175,-3.053],[2.105,-2.913],[1.944,-2.687],[1.818,-2.603],[1.488,-2.49],[1.271,-2.392],[1.124,-2.357],[0.885,-2.378],[0.703,-2.42],[0.345,-2.434],[0.254,-2.462],[0.163,-2.512],[0.107,-2.561],[0.044,-2.645],[-0.005,-2.786],[-0.005,-2.891],[0.037,-3.102],[0.03,-3.222],[-0.005,-3.208],[-0.054,-3.13],[-0.103,-2.983],[-0.132,-2.99],[-0.153,-3.102],[-0.209,-3.194],[-0.223,-3.194],[-0.265,-3.138],[-0.265,-3.06],[-0.244,-2.962],[-0.244,-2.856],[-0.265,-2.751],[-0.342,-2.561],[-0.398,-2.512],[-0.398,-2.498],[-0.559,-2.413],[-0.826,-2.357],[-0.987,-2.35],[-1.401,-2.371],[-1.709,-2.448],[-2.01,-2.61],[-2.214,-2.779],[-2.319,-2.913],[-2.361,-3.011],[-2.403,-3.292],[-2.403,-3.419],[-2.389,-3.454],[-2.445,-3.496],[-2.529,-3.503],[-2.487,-3.37],[-2.473,-3.06],[-2.41,-2.863],[-2.333,-2.758],[-2.298,-2.744],[-2.27,-2.709],[-2.256,-2.709],[-2.256,-2.694],[-2.031,-2.519],[-1.8,-2.385],[-1.492,-2.287],[-1.316,-2.258],[-1.197,-2.258],[-1.176,-2.237]]]]},"properties":{"abbr":"Zo","name":"zonal layer of the superior colliculus","plate":34,"ap_bregma_mm":-3.75,"area_mm2":0.6405,"traced_fraction":[1.0],"n_labels":2,"no_drawn_outline":false}},{"type":"Feature","geometry":{"type":"MultiPolygon","coordinates":[[[[-2.305,-2.498],[-2.333,-2.617],[-2.333,-2.758],[-2.41,-2.863],[-2.452,-2.87],[-2.55,-2.948],[-3.553,-3.869],[-3.826,-4.389],[-3.834,-4.439],[-3.876,-4.516],[-3.946,-4.572],[-3.988,-4.636],[-4.044,-4.706],[-4.1,-4.833],[-4.107,-4.98],[-4.093,-5.029],[-4.03,-5.142],[-3.77,-5.353],[-3.77,-5.367],[-3.56,-5.606],[-3.455,-5.761],[-3.714,-5.768],[-3.728,-5.768],[-3.805,-5.663],[-3.819,-5.663],[-3.819,-5.648],[-3.834,-5.648],[-3.834,-5.634],[-3.847,-5.634],[-3.847,-5.62],[-3.918,-5.564],[-3.967,-5.592],[-3.981,-5.62],[-4.002,-5.62],[-4.093,-5.536],[-4.093,-5.515],[-4.037,-5.459],[-4.135,-5.374],[-4.191,-5.325],[-4.24,-5.255],[-4.254,-5.255],[-4.317,-5.149],[-4.359,-5.008],[-4.359,-4.903],[-4.296,-4.692],[-4.268,-4.65],[-4.212,-4.495],[-4.198,-4.488],[-4.198,-4.467],[-4.184,-4.46],[-4.184,-4.439],[-4.17,-4.432],[-4.17,-4.411],[-4.072,-4.228],[-4.072,-4.207],[-4.009,-4.122],[-3.967,-4.01],[-3.897,-3.897],[-3.883,-3.897],[-3.855,-3.848],[-3.749,-3.749],[-3.749,-3.735],[-3.714,-3.714],[-3.427,-3.419],[-3.413,-3.419],[-3.413,-3.405],[-3.399,-3.405],[-3.357,-3.356],[-3.343,-3.356],[-3.343,-3.342],[-3.209,-3.236],[-2.95,-3.081],[-2.838,-2.976],[-2.796,-2.955],[-2.796,-2.941],[-2.649,-2.842],[-2.663,-2.8],[-2.684,-2.793],[-2.733,-2.828],[-2.803,-2.842],[-2.824,-2.87],[-2.894,-2.884],[-2.915,-2.835],[-2.936,-2.835],[-2.992,-2.87],[-3.188,-2.927],[-3.266,-2.976],[-3.399,-3.032],[-3.693,-3.116],[-3.904,-3.229],[-4.219,-3.454],[-4.233,-3.482],[-4.282,-3.51],[-4.289,-3.531],[-4.366,-3.595],[-4.451,-3.707],[-4.472,-3.714],[-4.752,-4.15],[-4.857,-4.361],[-4.962,-4.678],[-5.004,-4.931],[-5.004,-5.191],[-4.962,-5.409],[-4.906,-5.564],[-4.843,-5.677],[-4.801,-5.712],[-4.759,-5.782],[-4.738,-5.789],[-4.682,-5.866],[-4.64,-5.888],[-4.64,-5.902],[-4.598,-5.923],[-4.563,-5.965],[-4.549,-5.965],[-4.549,-5.979],[-4.324,-6.141],[-4.303,-6.141],[-4.296,-6.155],[-4.002,-6.31],[-3.721,-6.401],[-3.728,-6.591],[-4.002,-6.528],[-4.233,-6.436],[-4.584,-6.218],[-4.731,-6.106],[-4.885,-5.958],[-4.997,-5.803],[-5.159,-5.487],[-5.222,-5.226],[-5.229,-5.037],[-5.18,-4.692],[-5.061,-4.312],[-4.871,-3.946],[-4.619,-3.581],[-4.296,-3.236],[-4.065,-3.06],[-3.974,-3.004],[-3.63,-2.842],[-2.901,-2.575],[-2.578,-2.505],[-2.466,-2.49],[-2.305,-2.498]]],[[[2.645,-2.751],[2.715,-2.793],[2.743,-2.793],[2.743,-2.751],[2.771,-2.751],[3.031,-2.842],[3.22,-2.941],[3.479,-3.018],[3.704,-3.067],[3.767,-3.109],[3.942,-3.187],[4.139,-3.313],[4.3,-3.447],[4.3,-3.461],[4.44,-3.602],[4.468,-3.651],[4.587,-3.77],[4.678,-3.932],[4.748,-4.101],[4.762,-4.108],[4.826,-4.27],[4.875,-4.53],[4.889,-4.931],[4.854,-5.177],[4.756,-5.409],[4.622,-5.578],[4.447,-5.747],[4.209,-5.902],[3.984,-6.07],[3.739,-6.183],[3.683,-6.197],[3.578,-6.197],[3.542,-6.183],[3.486,-6.127],[3.465,-6.077],[3.465,-5.909],[3.571,-5.684],[3.585,-5.677],[3.585,-5.655],[3.676,-5.543],[3.676,-5.522],[3.879,-5.325],[3.921,-5.262],[4.089,-5.093],[4.181,-4.952],[4.237,-4.72],[4.209,-4.481],[4.167,-4.319],[4.103,-4.193],[4.005,-4.052],[3.886,-3.918],[3.802,-3.799],[3.606,-3.588],[3.36,-3.412],[3.318,-3.398],[3.136,-3.271],[3.101,-3.264],[2.982,-3.194],[2.855,-3.067],[2.68,-2.934],[2.617,-2.87],[2.631,-2.828],[2.561,-2.772],[2.561,-2.723],[2.645,-2.751]]],[[[3.585,-3.475],[3.935,-3.834],[4.167,-4.178],[4.237,-4.326],[4.265,-4.46],[4.279,-4.825],[4.251,-4.945],[4.16,-5.121],[4.124,-5.149],[4.061,-5.24],[3.9,-5.395],[3.865,-5.466],[3.837,-5.473],[3.809,-5.515],[3.725,-5.585],[3.563,-5.895],[3.55,-5.965],[3.563,-6.049],[3.613,-6.084],[3.683,-6.099],[3.774,-6.077],[3.872,-6.035],[4.314,-5.761],[4.475,-5.634],[4.587,-5.515],[4.636,-5.437],[4.678,-5.388],[4.727,-5.29],[4.798,-5.044],[4.79,-4.544],[4.741,-4.291],[4.692,-4.157],[4.58,-3.925],[4.503,-3.82],[4.503,-3.799],[4.405,-3.665],[4.216,-3.475],[4.075,-3.37],[4.005,-3.334],[3.991,-3.313],[3.669,-3.145],[3.185,-2.997],[2.876,-2.849],[2.848,-2.849],[2.848,-2.877],[2.792,-2.884],[2.792,-2.948],[2.968,-3.088],[3.059,-3.152],[3.08,-3.152],[3.136,-3.194],[3.157,-3.194],[3.241,-3.243],[3.304,-3.299],[3.332,-3.306],[3.472,-3.412],[3.585,-3.475]]]]},"properties":{"abbr":"GrDG","name":"granular layer of the dentate gyrus","plate":34,"ap_bregma_mm":-3.75,"area_mm2":3.0516,"traced_fraction":[0.981,1.0,0.989],"n_labels":4,"no_drawn_outline":false}},{"type":"Feature","geometry":{"type":"MultiPolygon","coordinates":[[[[-0.223,-3.229],[-0.223,-3.313],[-0.195,-3.377],[-0.307,-3.377],[-0.37,-3.349],[-0.447,-3.278],[-0.496,-3.201],[-0.58,-3.116],[-0.72,-3.011],[-0.777,-2.99],[-0.959,-2.969],[-1.204,-2.983],[-1.387,-3.032],[-1.709,-3.201],[-1.835,-3.285],[-1.891,-3.342],[-1.954,-3.363],[-1.997,-3.285],[-2.074,-3.292],[-2.081,-3.208],[-2.031,-3.088],[-1.968,-2.99],[-1.87,-2.898],[-1.667,-2.758],[-1.492,-2.666],[-1.338,-2.61],[-1.197,-2.589],[-0.791,-2.589],[-0.643,-2.617],[-0.51,-2.673],[-0.412,-2.765],[-0.384,-2.814],[-0.363,-2.905],[-0.363,-3.102],[-0.342,-3.166],[-0.3,-3.208],[-0.223,-3.229]]],[[[1.958,-3.278],[1.93,-3.278],[1.895,-3.306],[1.888,-3.349],[1.902,-3.391],[1.825,-3.384],[1.705,-3.306],[1.488,-3.194],[1.383,-3.173],[1.166,-3.095],[0.864,-3.046],[0.584,-3.074],[0.457,-3.116],[0.373,-3.194],[0.296,-3.32],[0.226,-3.384],[0.128,-3.398],[0.051,-3.391],[0.016,-3.37],[0.03,-3.271],[0.107,-3.257],[0.156,-3.201],[0.17,-3.145],[0.156,-2.962],[0.17,-2.856],[0.219,-2.758],[0.296,-2.68],[0.359,-2.645],[0.45,-2.624],[0.759,-2.617],[1.082,-2.638],[1.257,-2.666],[1.411,-2.709],[1.579,-2.786],[1.671,-2.849],[1.832,-3.011],[1.923,-3.152],[1.958,-3.278]]],[[[3.136,-5.705],[2.89,-6.176],[2.855,-6.267],[2.834,-6.464],[2.785,-6.57],[2.687,-6.703],[2.666,-6.753],[2.547,-6.879],[2.449,-6.928],[2.154,-7.118],[1.86,-7.266],[1.769,-7.294],[1.607,-7.308],[1.523,-7.294],[1.432,-7.252],[1.292,-7.139],[1.236,-7.055],[1.229,-6.935],[1.264,-6.886],[1.341,-6.879],[1.453,-6.935],[1.46,-6.943],[1.467,-6.95],[1.488,-7.034],[1.565,-7.118],[1.635,-7.146],[1.698,-7.146],[1.783,-7.118],[2.049,-6.971],[2.14,-6.943],[2.421,-6.788],[2.526,-6.689],[2.701,-6.464],[2.764,-6.317],[2.82,-6.056],[2.904,-5.873],[3.003,-5.719],[3.052,-5.677],[3.087,-5.677],[3.136,-5.705]]]]},"properties":{"abbr":"Op","name":"optic nerve layer of the superior colliculus","plate":34,"ap_bregma_mm":-3.75,"area_mm2":1.9629,"traced_fraction":[1.0,1.0,1.0],"n_labels":3,"no_drawn_outline":false}},{"type":"Feature","geometry":{"type":"MultiPolygon","coordinates":[[[[-0.195,-3.377],[-0.174,-3.412],[-0.132,-3.44],[-0.075,-3.44],[0.016,-3.37],[0.051,-3.391],[0.128,-3.398],[0.226,-3.384],[0.296,-3.32],[0.373,-3.194],[0.457,-3.116],[0.584,-3.074],[0.864,-3.046],[1.166,-3.095],[1.383,-3.173],[1.488,-3.194],[1.705,-3.306],[1.825,-3.384],[1.902,-3.391],[1.951,-3.412],[1.909,-3.538],[1.853,-3.609],[1.797,-3.574],[1.713,-3.489],[1.621,-3.433],[1.292,-3.278],[1.075,-3.229],[0.766,-3.236],[0.64,-3.271],[0.493,-3.356],[0.31,-3.517],[0.177,-3.616],[0.198,-3.679],[0.058,-3.693],[-0.012,-3.665],[-0.047,-3.63],[-0.075,-3.63],[-0.153,-3.7],[-0.251,-3.707],[-0.307,-3.693],[-0.349,-3.665],[-0.349,-3.651],[-0.307,-3.581],[-0.391,-3.489],[-0.412,-3.489],[-0.468,-3.538],[-0.482,-3.538],[-0.58,-3.44],[-0.538,-3.37],[-0.741,-3.201],[-0.882,-3.159],[-1.085,-3.145],[-1.169,-3.152],[-1.302,-3.18],[-1.443,-3.236],[-1.695,-3.398],[-1.737,-3.447],[-1.793,-3.468],[-1.926,-3.595],[-2.003,-3.63],[-2.067,-3.517],[-2.095,-3.496],[-2.053,-3.44],[-1.954,-3.363],[-1.891,-3.342],[-1.835,-3.285],[-1.709,-3.201],[-1.387,-3.032],[-1.204,-2.983],[-0.959,-2.969],[-0.777,-2.99],[-0.72,-3.011],[-0.58,-3.116],[-0.496,-3.201],[-0.447,-3.278],[-0.37,-3.349],[-0.307,-3.377],[-0.195,-3.377]]]]},"properties":{"abbr":"InG","name":"intermediate gray layer of the superior colliculus","plate":34,"ap_bregma_mm":-3.75,"area_mm2":0.8211,"traced_fraction":[0.981],"n_labels":2,"no_drawn_outline":false}},{"type":"Feature","geometry":{"type":"MultiPolygon","coordinates":[[[[4.503,-3.82],[4.405,-3.869],[4.244,-3.651],[4.068,-3.489],[3.998,-3.447],[3.928,-3.447],[3.9,-3.475],[3.893,-3.51],[3.732,-3.454],[3.599,-3.454],[3.585,-3.475],[3.535,-3.454],[3.332,-3.306],[3.304,-3.299],[3.241,-3.243],[3.157,-3.194],[3.136,-3.194],[3.08,-3.152],[3.059,-3.152],[2.968,-3.088],[2.792,-2.948],[2.792,-2.884],[2.848,-2.877],[2.848,-2.849],[2.876,-2.849],[3.185,-2.997],[3.669,-3.145],[3.991,-3.313],[4.005,-3.334],[4.054,-3.356],[4.216,-3.475],[4.405,-3.665],[4.503,-3.799],[4.503,-3.82]]],[[[-2.824,-2.87],[-2.831,-2.898],[-2.901,-2.962],[-2.929,-2.969],[-2.929,-2.983],[-2.978,-3.004],[-3.062,-3.074],[-3.083,-3.074],[-3.16,-3.123],[-3.175,-3.145],[-3.273,-3.201],[-3.441,-3.327],[-3.721,-3.595],[-3.749,-3.581],[-3.84,-3.581],[-3.967,-3.637],[-3.988,-3.602],[-4.016,-3.602],[-4.24,-3.757],[-4.38,-3.904],[-4.486,-4.115],[-4.535,-4.178],[-4.633,-4.122],[-4.542,-3.953],[-4.352,-3.7],[-4.331,-3.693],[-4.296,-3.637],[-4.282,-3.637],[-4.275,-3.616],[-4.261,-3.616],[-4.254,-3.595],[-4.24,-3.595],[-4.233,-3.574],[-4.219,-3.574],[-4.17,-3.517],[-4.009,-3.405],[-3.988,-3.377],[-3.939,-3.363],[-3.834,-3.285],[-3.623,-3.18],[-3.441,-3.138],[-3.35,-3.102],[-3.23,-3.032],[-3.111,-2.99],[-3.034,-2.941],[-2.985,-2.934],[-2.894,-2.884],[-2.824,-2.87]]],[[[4.531,-5.346],[4.566,-5.388],[4.636,-5.437],[4.545,-5.564],[4.314,-5.761],[3.872,-6.035],[3.795,-6.07],[3.683,-6.099],[3.613,-6.084],[3.563,-6.049],[3.55,-6.014],[3.563,-5.895],[3.725,-5.585],[3.788,-5.522],[3.802,-5.522],[3.837,-5.473],[3.865,-5.466],[3.872,-5.508],[3.914,-5.508],[4.152,-5.459],[4.258,-5.416],[4.286,-5.43],[4.342,-5.43],[4.531,-5.346]]],[[[-4.444,-5.585],[-4.38,-5.627],[-4.205,-5.669],[-4.058,-5.669],[-3.981,-5.634],[-3.925,-5.669],[-3.918,-5.691],[-3.904,-5.691],[-3.813,-5.789],[-3.784,-5.838],[-3.77,-5.838],[-3.756,-5.873],[-3.7,-5.937],[-3.63,-6.07],[-3.595,-6.183],[-3.595,-6.26],[-3.609,-6.295],[-3.651,-6.324],[-3.763,-6.317],[-3.89,-6.274],[-4.191,-6.134],[-4.359,-6.028],[-4.359,-6.014],[-4.486,-5.93],[-4.486,-5.916],[-4.5,-5.916],[-4.591,-5.831],[-4.591,-5.817],[-4.605,-5.817],[-4.619,-5.782],[-4.598,-5.761],[-4.577,-5.669],[-4.556,-5.648],[-4.507,-5.648],[-4.444,-5.585]]]]},"properties":{"abbr":"PoDG","name":"polymorph layer of the dentate gyrus","plate":34,"ap_bregma_mm":-3.75,"area_mm2":1.5339,"traced_fraction":[0.977,1.0,1.0,1.0],"n_labels":4,"no_drawn_outline":false}},{"type":"Feature","geometry":{"type":"MultiPolygon","coordinates":[[[[-6.245,-2.322],[-6.189,-2.385],[-6.105,-2.434],[-6.021,-2.512],[-5.867,-2.617],[-5.79,-2.694],[-5.565,-2.863],[-5.32,-3.081],[-5.404,-3.222],[-5.474,-3.292],[-5.65,-3.56],[-5.888,-4.045],[-5.958,-4.228],[-5.979,-4.242],[-6.582,-4.017],[-7.136,-3.764],[-6.841,-3.145],[-6.778,-3.06],[-6.715,-2.941],[-6.687,-2.919],[-6.554,-2.687],[-6.344,-2.406],[-6.294,-2.364],[-6.266,-2.336],[-6.26,-2.343],[-6.26,-2.329],[-6.245,-2.322]]],[[[6.361,-2.343],[6.473,-2.448],[6.859,-3.032],[7.125,-3.349],[7.209,-3.503],[7.188,-3.503],[7.167,-3.524],[6.929,-3.637],[6.754,-3.693],[6.593,-3.778],[6.186,-3.918],[5.989,-4.01],[5.975,-4.01],[5.954,-3.939],[5.912,-3.876],[5.821,-3.665],[5.646,-3.412],[5.632,-3.412],[5.618,-3.377],[5.597,-3.363],[5.541,-3.264],[5.527,-3.264],[5.513,-3.229],[5.492,-3.215],[5.45,-3.138],[5.429,-3.123],[5.429,-3.102],[5.611,-2.969],[5.891,-2.715],[5.968,-2.666],[6.081,-2.561],[6.186,-2.49],[6.291,-2.406],[6.347,-2.343],[6.361,-2.343]]]]},"properties":{"abbr":"AuD","name":"secondary auditory cortex, dorsal area","plate":34,"ap_bregma_mm":-3.75,"area_mm2":3.4663,"traced_fraction":[1.0,1.0],"n_labels":2,"no_drawn_outline":false}},{"type":"Feature","geometry":{"type":"MultiPolygon","coordinates":[[[[1.951,-3.412],[2.028,-3.426],[2.14,-3.489],[2.14,-3.665],[1.825,-3.665],[1.853,-3.609],[1.895,-3.567],[1.951,-3.412]]],[[[-2.095,-3.496],[-2.067,-3.517],[-2.003,-3.63],[-2.003,-3.651],[-1.954,-3.721],[-2.263,-3.721],[-2.263,-3.581],[-2.256,-3.567],[-2.214,-3.56],[-2.095,-3.496]]]]},"properties":{"abbr":"OT","name":"nucleus of the optic tract","plate":34,"ap_bregma_mm":-3.75,"area_mm2":0.104,"traced_fraction":[0.557,0.58],"n_labels":2,"no_drawn_outline":true}},{"type":"Feature","geometry":{"type":"MultiPolygon","coordinates":[[[[-0.58,-3.44],[-0.741,-3.349],[-0.854,-3.32],[-1.001,-3.327],[-1.099,-3.356],[-1.183,-3.398],[-1.288,-3.475],[-1.443,-3.63],[-1.513,-3.792],[-1.541,-3.967],[-1.632,-3.946],[-1.758,-3.89],[-1.814,-3.855],[-1.954,-3.721],[-2.003,-3.651],[-2.003,-3.63],[-1.926,-3.595],[-1.793,-3.468],[-1.737,-3.447],[-1.695,-3.398],[-1.443,-3.236],[-1.302,-3.18],[-1.169,-3.152],[-1.085,-3.145],[-0.882,-3.159],[-0.741,-3.201],[-0.538,-3.37],[-0.58,-3.44]]],[[[1.853,-3.609],[1.825,-3.665],[1.811,-3.665],[1.811,-3.679],[1.621,-3.876],[1.53,-3.946],[1.474,-3.96],[1.425,-3.855],[1.222,-3.581],[1.103,-3.482],[1.004,-3.44],[0.885,-3.419],[0.696,-3.426],[0.415,-3.56],[0.331,-3.63],[0.198,-3.679],[0.177,-3.616],[0.31,-3.517],[0.493,-3.356],[0.64,-3.271],[0.766,-3.236],[1.075,-3.229],[1.292,-3.278],[1.621,-3.433],[1.713,-3.489],[1.797,-3.574],[1.853,-3.609]]]]},"properties":{"abbr":"InWh","name":"intermediate white layer of the superior colliculus","plate":34,"ap_bregma_mm":-3.75,"area_mm2":0.8469,"traced_fraction":[0.967,0.998],"n_labels":2,"no_drawn_outline":false}},{"type":"Feature","geometry":{"type":"MultiPolygon","coordinates":[[[[2.715,-1.78],[2.764,-1.78],[3.024,-1.836],[3.458,-1.963],[3.795,-2.097],[4.195,-2.294],[4.279,-2.364],[4.44,-2.455],[4.685,-2.631],[4.917,-2.856],[4.931,-2.856],[5.183,-3.13],[5.246,-3.236],[5.288,-3.278],[5.309,-3.327],[5.358,-3.377],[5.464,-3.531],[5.52,-3.658],[5.534,-3.665],[5.716,-4.045],[5.87,-4.509],[5.905,-4.657],[5.919,-4.91],[5.898,-5.24],[5.849,-5.473],[5.751,-5.775],[5.618,-6.092],[5.52,-6.232],[5.506,-6.232],[5.436,-6.31],[5.394,-6.331],[5.323,-6.267],[5.323,-6.253],[5.394,-6.197],[5.457,-6.092],[5.646,-5.684],[5.73,-5.395],[5.772,-5.1],[5.772,-4.65],[5.751,-4.502],[5.618,-4.157],[5.604,-4.08],[5.576,-4.045],[5.555,-3.982],[5.527,-3.953],[5.337,-3.545],[5.169,-3.313],[5.008,-3.145],[4.924,-3.018],[4.847,-2.941],[4.727,-2.856],[4.482,-2.638],[4.251,-2.476],[3.739,-2.209],[3.486,-2.111],[3.381,-2.054],[2.982,-1.942],[2.862,-1.921],[2.687,-1.928],[2.659,-1.921],[2.645,-1.9],[2.694,-1.836],[2.715,-1.78]]],[[[-2.754,-1.879],[-2.726,-2.019],[-2.999,-2.012],[-3.322,-2.09],[-3.532,-2.188],[-3.658,-2.223],[-4.163,-2.476],[-4.254,-2.554],[-4.359,-2.61],[-4.486,-2.723],[-4.563,-2.765],[-4.64,-2.842],[-4.654,-2.842],[-4.654,-2.856],[-4.668,-2.856],[-4.668,-2.87],[-4.682,-2.87],[-4.682,-2.884],[-4.696,-2.884],[-4.696,-2.898],[-4.71,-2.898],[-4.71,-2.913],[-4.78,-2.969],[-4.78,-2.983],[-4.92,-3.116],[-4.92,-3.13],[-5.012,-3.215],[-5.012,-3.229],[-5.032,-3.229],[-5.089,-3.306],[-5.138,-3.356],[-5.243,-3.524],[-5.355,-3.658],[-5.677,-4.347],[-5.79,-4.671],[-5.818,-4.882],[-5.86,-5.029],[-5.888,-5.262],[-5.888,-5.374],[-5.846,-5.599],[-5.776,-5.852],[-5.727,-5.972],[-5.607,-6.197],[-5.495,-6.331],[-5.481,-6.366],[-5.285,-6.591],[-5.201,-6.64],[-5.264,-6.739],[-5.299,-6.732],[-5.376,-6.661],[-5.46,-6.549],[-5.572,-6.436],[-5.579,-6.408],[-5.684,-6.267],[-5.684,-6.246],[-5.72,-6.204],[-5.797,-6.035],[-5.825,-5.93],[-5.923,-5.698],[-5.979,-5.501],[-6.007,-5.304],[-5.993,-5.044],[-5.895,-4.629],[-5.762,-4.277],[-5.607,-3.967],[-5.593,-3.96],[-5.516,-3.785],[-5.474,-3.728],[-5.467,-3.693],[-5.327,-3.447],[-5.11,-3.187],[-5.046,-3.088],[-4.913,-2.941],[-4.738,-2.807],[-4.619,-2.68],[-4.247,-2.42],[-4.1,-2.357],[-3.918,-2.244],[-3.686,-2.16],[-3.448,-2.04],[-3.118,-1.921],[-3.013,-1.9],[-2.754,-1.879]]],[[[3.893,-3.51],[3.893,-3.531],[4.033,-3.658],[4.068,-3.721],[4.139,-3.799],[4.363,-4.2],[4.433,-4.389],[4.461,-4.544],[4.475,-4.657],[4.461,-4.72],[4.461,-4.931],[4.419,-5.142],[4.384,-5.212],[4.265,-5.353],[4.258,-5.416],[4.152,-5.459],[3.914,-5.508],[3.872,-5.508],[3.865,-5.466],[3.9,-5.395],[4.061,-5.24],[4.124,-5.149],[4.16,-5.121],[4.251,-4.945],[4.279,-4.825],[4.265,-4.46],[4.237,-4.326],[4.167,-4.178],[3.935,-3.834],[3.585,-3.475],[3.599,-3.454],[3.732,-3.454],[3.893,-3.51]]],[[[-3.721,-3.595],[-3.855,-3.735],[-3.868,-3.77],[-4.016,-3.946],[-4.107,-4.15],[-4.149,-4.207],[-4.163,-4.256],[-4.177,-4.263],[-4.212,-4.354],[-4.226,-4.361],[-4.261,-4.453],[-4.331,-4.572],[-4.408,-4.79],[-4.429,-5.008],[-4.373,-5.198],[-4.282,-5.353],[-4.198,-5.43],[-4.177,-5.43],[-4.135,-5.374],[-4.037,-5.459],[-4.093,-5.515],[-4.093,-5.536],[-4.03,-5.599],[-3.981,-5.62],[-3.981,-5.634],[-4.058,-5.669],[-4.205,-5.669],[-4.38,-5.627],[-4.444,-5.585],[-4.563,-5.325],[-4.591,-5.121],[-4.591,-4.854],[-4.535,-4.664],[-4.486,-4.516],[-4.423,-4.411],[-4.408,-4.347],[-4.324,-4.164],[-4.261,-4.08],[-4.163,-3.883],[-4.023,-3.728],[-3.967,-3.637],[-3.84,-3.581],[-3.749,-3.581],[-3.721,-3.595]]]]},"properties":{"abbr":"Or","name":"oriens layer of the hippocampus","plate":34,"ap_bregma_mm":-3.75,"area_mm2":2.3918,"traced_fraction":[1.0,0.999,0.994,0.992],"n_labels":4,"no_drawn_outline":false}},{"type":"Feature","geometry":{"type":"MultiPolygon","coordinates":[[[[2.14,-3.489],[2.281,-3.553],[2.484,-3.602],[2.582,-3.609],[2.631,-3.63],[2.526,-3.686],[2.421,-3.785],[2.33,-3.904],[2.302,-3.974],[2.252,-4.045],[2.119,-4.115],[2.091,-4.108],[2.028,-4.052],[1.916,-4.003],[1.769,-4.003],[1.642,-4.038],[1.593,-4.066],[1.53,-3.946],[1.621,-3.876],[1.811,-3.679],[1.811,-3.665],[1.825,-3.665],[2.14,-3.665],[2.14,-3.489]]],[[[-2.263,-3.581],[-2.263,-3.721],[-1.954,-3.721],[-1.863,-3.813],[-1.758,-3.89],[-1.751,-3.989],[-1.786,-4.059],[-1.891,-4.045],[-2.074,-4.045],[-2.179,-4.073],[-2.249,-4.115],[-2.263,-4.101],[-2.396,-4.087],[-2.459,-3.974],[-2.592,-3.848],[-2.663,-3.806],[-2.803,-3.77],[-2.789,-3.742],[-2.726,-3.714],[-2.522,-3.665],[-2.298,-3.581],[-2.263,-3.581]]]]},"properties":{"abbr":"PPT","name":"posterior pretectal nucleus","plate":34,"ap_bregma_mm":-3.75,"area_mm2":0.6156,"traced_fraction":[0.839,0.851],"n_labels":2,"no_drawn_outline":false}},{"type":"Feature","geometry":{"type":"MultiPolygon","coordinates":[[[[0.829,-4.003],[0.836,-4.031],[0.815,-4.038],[0.801,-4.136],[0.773,-4.193],[0.724,-4.249],[0.647,-4.284],[0.514,-4.291],[0.499,-4.291],[0.478,-4.249],[0.394,-4.164],[0.289,-4.094],[0.156,-4.031],[0.177,-3.967],[0.226,-3.904],[0.345,-3.82],[0.478,-3.778],[0.591,-3.778],[0.675,-3.799],[0.759,-3.862],[0.794,-3.96],[0.829,-4.003]]],[[[-0.475,-3.883],[-0.44,-3.932],[-0.419,-4.073],[-0.405,-4.094],[-0.482,-4.15],[-0.524,-4.164],[-0.58,-4.221],[-0.629,-4.305],[-0.77,-4.298],[-0.889,-4.249],[-0.945,-4.193],[-0.973,-4.136],[-0.994,-4.017],[-0.952,-3.876],[-0.91,-3.834],[-0.819,-3.792],[-0.657,-3.785],[-0.601,-3.799],[-0.531,-3.834],[-0.489,-3.883],[-0.475,-3.883]]]]},"properties":{"abbr":"PCom","name":"nucleus of the posterior commissure","plate":34,"ap_bregma_mm":-3.75,"area_mm2":0.4594,"traced_fraction":[1.0,1.0],"n_labels":2,"no_drawn_outline":false}},{"type":"Feature","geometry":{"type":"MultiPolygon","coordinates":[[[[-0.398,-3.63],[-0.349,-3.651],[-0.349,-3.665],[-0.307,-3.693],[-0.251,-3.707],[-0.153,-3.7],[-0.075,-3.63],[-0.047,-3.63],[-0.012,-3.665],[0.058,-3.693],[0.198,-3.679],[0.331,-3.63],[0.345,-3.82],[0.226,-3.904],[0.177,-3.967],[0.156,-4.031],[0.093,-4.017],[-0.111,-4.017],[-0.314,-4.059],[-0.405,-4.094],[-0.419,-4.073],[-0.433,-3.953],[-0.475,-3.883],[-0.461,-3.876],[-0.454,-3.679],[-0.412,-3.63],[-0.398,-3.63]]]]},"properties":{"abbr":"csc","name":"commissure of the superior colliculus","plate":34,"ap_bregma_mm":-3.75,"area_mm2":0.2628,"traced_fraction":[0.854],"n_labels":1,"no_drawn_outline":false}},{"type":"Feature","geometry":{"type":"MultiPolygon","coordinates":[[[[2.631,-3.63],[2.841,-3.658],[2.94,-3.693],[3.038,-3.757],[3.122,-3.855],[3.157,-3.946],[3.199,-3.996],[3.248,-4.101],[3.066,-4.087],[3.003,-4.094],[2.841,-4.073],[2.491,-4.08],[2.252,-4.08],[2.252,-4.045],[2.302,-3.974],[2.33,-3.904],[2.421,-3.785],[2.526,-3.686],[2.631,-3.63]]],[[[-2.803,-3.77],[-2.663,-3.806],[-2.592,-3.848],[-2.459,-3.974],[-2.396,-4.087],[-2.41,-4.516],[-2.431,-4.516],[-2.487,-4.446],[-2.564,-4.397],[-2.663,-4.298],[-2.684,-4.298],[-2.789,-4.235],[-2.95,-4.185],[-3.181,-4.178],[-3.315,-4.214],[-3.364,-4.214],[-3.364,-4.193],[-3.266,-4.108],[-3.181,-4.003],[-3.153,-3.946],[-3.104,-3.897],[-2.922,-3.792],[-2.803,-3.77]]]]},"properties":{"abbr":"LPMC","name":"lateral posterior thalamic nucleus, mediocaudal part","plate":34,"ap_bregma_mm":-3.75,"area_mm2":0.6607,"traced_fraction":[0.994,1.0],"n_labels":2,"no_drawn_outline":false}},{"type":"Feature","geometry":{"type":"MultiPolygon","coordinates":[[[[2.645,-1.9],[2.659,-1.921],[2.687,-1.928],[2.862,-1.921],[2.982,-1.942],[3.381,-2.054],[3.486,-2.111],[3.739,-2.209],[4.251,-2.476],[4.482,-2.638],[4.727,-2.856],[4.847,-2.941],[4.924,-3.018],[5.008,-3.145],[5.169,-3.313],[5.337,-3.545],[5.408,-3.679],[5.422,-3.735],[5.478,-3.827],[5.492,-3.883],[5.604,-4.08],[5.618,-4.157],[5.751,-4.502],[5.772,-4.65],[5.772,-5.1],[5.73,-5.395],[5.646,-5.684],[5.457,-6.092],[5.394,-6.197],[5.323,-6.253],[5.281,-6.232],[5.246,-6.19],[5.295,-6.127],[5.358,-6.084],[5.4,-6.021],[5.534,-5.768],[5.611,-5.543],[5.681,-5.205],[5.695,-4.917],[5.688,-4.657],[5.653,-4.46],[5.555,-4.164],[5.527,-4.129],[5.457,-3.953],[5.366,-3.785],[5.274,-3.574],[5.211,-3.482],[5.106,-3.37],[5.022,-3.264],[4.896,-3.102],[4.517,-2.751],[4.335,-2.631],[4.293,-2.589],[4.244,-2.568],[4.202,-2.526],[3.998,-2.42],[3.977,-2.42],[3.97,-2.406],[3.886,-2.378],[3.879,-2.364],[3.858,-2.364],[3.753,-2.301],[3.648,-2.258],[3.641,-2.244],[3.206,-2.083],[3.038,-2.04],[2.841,-2.012],[2.715,-2.026],[2.533,-2.111],[2.435,-2.111],[2.435,-2.09],[2.498,-2.005],[2.568,-1.942],[2.645,-1.9]]],[[[-5.089,-3.306],[-5.039,-3.342],[-5.032,-3.363],[-5.131,-3.496],[-5.131,-3.517],[-5.257,-3.679],[-5.306,-3.785],[-5.32,-3.792],[-5.39,-3.932],[-5.481,-4.178],[-5.537,-4.256],[-5.537,-4.284],[-5.642,-4.495],[-5.684,-4.622],[-5.762,-4.966],[-5.79,-5.142],[-5.79,-5.304],[-5.769,-5.494],[-5.727,-5.698],[-5.558,-6.07],[-5.404,-6.295],[-5.222,-6.471],[-5.103,-6.556],[-5.103,-6.612],[-5.124,-6.64],[-5.201,-6.64],[-5.285,-6.591],[-5.334,-6.542],[-5.355,-6.499],[-5.397,-6.464],[-5.397,-6.45],[-5.439,-6.415],[-5.579,-6.239],[-5.663,-6.099],[-5.748,-5.923],[-5.818,-5.712],[-5.881,-5.423],[-5.888,-5.262],[-5.867,-5.072],[-5.818,-4.882],[-5.79,-4.671],[-5.677,-4.347],[-5.355,-3.658],[-5.243,-3.524],[-5.138,-3.356],[-5.089,-3.306]]],[[[4.545,-4.193],[4.566,-4.228],[4.573,-4.277],[4.601,-4.312],[4.643,-4.516],[4.657,-4.973],[4.615,-5.205],[4.573,-5.297],[4.531,-5.346],[4.342,-5.43],[4.286,-5.43],[4.258,-5.416],[4.265,-5.353],[4.384,-5.212],[4.419,-5.142],[4.461,-4.931],[4.461,-4.72],[4.475,-4.678],[4.461,-4.544],[4.433,-4.389],[4.363,-4.2],[4.545,-4.193]]],[[[-4.717,-4.657],[-4.535,-4.664],[-4.591,-4.854],[-4.591,-5.121],[-4.563,-5.325],[-4.444,-5.585],[-4.507,-5.648],[-4.556,-5.648],[-4.612,-5.606],[-4.689,-5.508],[-4.745,-5.374],[-4.787,-5.191],[-4.787,-4.987],[-4.759,-4.875],[-4.752,-4.762],[-4.717,-4.657]]]]},"properties":{"abbr":"Py","name":"pyramidal cell layer of the hippocampus","plate":34,"ap_bregma_mm":-3.75,"area_mm2":1.2829,"traced_fraction":[1.0,0.996,0.948,0.921],"n_labels":4,"no_drawn_outline":false}},{"type":"Feature","geometry":{"type":"MultiPolygon","coordinates":[[[[4.405,-3.869],[4.454,-4.01],[4.545,-4.193],[4.363,-4.2],[4.139,-3.799],[4.089,-3.749],[4.033,-3.658],[3.893,-3.531],[3.893,-3.51],[3.9,-3.475],[3.928,-3.447],[3.998,-3.447],[4.068,-3.489],[4.244,-3.651],[4.405,-3.869]]],[[[-3.967,-3.637],[-4.023,-3.728],[-4.163,-3.883],[-4.261,-4.08],[-4.324,-4.164],[-4.408,-4.347],[-4.423,-4.411],[-4.486,-4.516],[-4.535,-4.664],[-4.717,-4.657],[-4.717,-4.622],[-4.626,-4.389],[-4.626,-4.361],[-4.612,-4.354],[-4.591,-4.284],[-4.535,-4.178],[-4.486,-4.115],[-4.38,-3.904],[-4.24,-3.757],[-4.016,-3.602],[-3.988,-3.602],[-3.967,-3.637]]]]},"properties":{"abbr":"CA3","name":"field CA3 of the hippocampus","plate":34,"ap_bregma_mm":-3.75,"area_mm2":0.3558,"traced_fraction":[0.919,0.953],"n_labels":2,"no_drawn_outline":false}},{"type":"Feature","geometry":{"type":"MultiPolygon","coordinates":[[[[5.022,-3.264],[5.015,-3.37],[5.106,-3.37],[5.211,-3.482],[5.274,-3.574],[5.366,-3.785],[5.457,-3.953],[5.527,-4.129],[5.555,-4.164],[5.653,-4.46],[5.688,-4.657],[5.695,-4.917],[5.681,-5.205],[5.611,-5.543],[5.534,-5.768],[5.4,-6.021],[5.358,-6.084],[5.295,-6.127],[5.246,-6.19],[5.12,-6.239],[5.008,-6.232],[4.945,-6.204],[4.875,-6.113],[4.924,-6.028],[5.106,-5.838],[5.225,-5.655],[5.323,-5.297],[5.351,-5.142],[5.358,-5.008],[5.337,-4.615],[5.316,-4.481],[5.26,-4.326],[5.246,-4.228],[5.155,-3.989],[5.043,-3.77],[4.924,-3.581],[4.805,-3.447],[4.805,-3.433],[4.44,-3.074],[4.167,-2.863],[3.921,-2.715],[3.725,-2.645],[3.423,-2.498],[2.961,-2.357],[2.666,-2.308],[2.175,-2.272],[2.112,-2.237],[2.154,-2.209],[2.435,-2.111],[2.533,-2.111],[2.715,-2.026],[2.841,-2.012],[3.038,-2.04],[3.206,-2.083],[3.641,-2.244],[3.648,-2.258],[3.669,-2.258],[3.76,-2.315],[4.202,-2.526],[4.244,-2.568],[4.272,-2.575],[4.335,-2.631],[4.517,-2.751],[4.896,-3.102],[5.022,-3.264]]],[[[-5.131,-3.517],[-4.815,-3.524],[-5.067,-3.918],[-5.11,-4.045],[-5.306,-4.467],[-5.32,-4.551],[-5.362,-4.671],[-5.369,-4.755],[-5.425,-4.994],[-5.439,-5.339],[-5.341,-5.747],[-5.313,-5.838],[-5.25,-5.958],[-5.116,-6.162],[-5.053,-6.225],[-4.892,-6.317],[-4.808,-6.429],[-4.808,-6.506],[-4.822,-6.535],[-4.878,-6.577],[-4.969,-6.584],[-5.103,-6.556],[-5.222,-6.471],[-5.404,-6.295],[-5.558,-6.07],[-5.727,-5.698],[-5.769,-5.494],[-5.79,-5.304],[-5.79,-5.142],[-5.762,-4.966],[-5.684,-4.622],[-5.642,-4.495],[-5.537,-4.284],[-5.537,-4.256],[-5.481,-4.178],[-5.39,-3.932],[-5.32,-3.792],[-5.306,-3.785],[-5.257,-3.679],[-5.131,-3.517]]],[[[4.503,-3.82],[4.58,-3.925],[4.692,-4.157],[4.741,-4.291],[4.79,-4.544],[4.798,-5.044],[4.727,-5.29],[4.678,-5.388],[4.636,-5.437],[4.566,-5.388],[4.531,-5.346],[4.573,-5.297],[4.615,-5.205],[4.657,-4.973],[4.643,-4.516],[4.601,-4.312],[4.573,-4.277],[4.566,-4.228],[4.545,-4.193],[4.454,-4.01],[4.405,-3.869],[4.503,-3.82]]],[[[-4.633,-4.122],[-4.535,-4.178],[-4.591,-4.284],[-4.612,-4.354],[-4.626,-4.361],[-4.626,-4.389],[-4.717,-4.622],[-4.717,-4.657],[-4.752,-4.762],[-4.759,-4.875],[-4.787,-4.987],[-4.787,-5.191],[-4.745,-5.374],[-4.689,-5.508],[-4.612,-5.606],[-4.556,-5.648],[-4.577,-5.669],[-4.598,-5.761],[-4.619,-5.782],[-4.654,-5.768],[-4.752,-5.663],[-4.829,-5.529],[-4.92,-5.163],[-4.906,-4.797],[-4.85,-4.551],[-4.78,-4.347],[-4.654,-4.157],[-4.654,-4.136],[-4.633,-4.122]]]]},"properties":{"abbr":"Rad","name":"radiatum layer of the hippocampus","plate":34,"ap_bregma_mm":-3.75,"area_mm2":3.4302,"traced_fraction":[0.988,0.954,0.992,0.982],"n_labels":4,"no_drawn_outline":false}},{"type":"Feature","geometry":{"type":"MultiPolygon","coordinates":[[[[-2.396,-4.087],[-2.263,-4.101],[-2.249,-4.115],[-2.319,-4.228],[-2.34,-4.312],[-2.34,-4.375],[-2.354,-4.389],[-2.333,-4.643],[-2.291,-4.811],[-2.263,-4.868],[-2.179,-5.051],[-2.095,-5.17],[-2.109,-5.17],[-2.151,-5.219],[-2.179,-5.205],[-2.284,-5.029],[-2.347,-4.882],[-2.368,-4.854],[-2.389,-4.854],[-2.41,-4.516],[-2.396,-4.087]]]]},"properties":{"abbr":"PLi","name":"posterior limitans thalamic nucleus","plate":34,"ap_bregma_mm":-3.75,"area_mm2":0.0948,"traced_fraction":[0.981],"n_labels":1,"no_drawn_outline":false}},{"type":"Feature","geometry":{"type":"MultiPolygon","coordinates":[[[[2.119,-4.115],[2.14,-4.193],[2.14,-4.397],[2.084,-4.685],[2.028,-4.868],[1.32,-4.868],[1.313,-4.748],[1.327,-4.565],[1.376,-4.375],[1.439,-4.235],[1.502,-4.136],[1.593,-4.066],[1.642,-4.038],[1.769,-4.003],[1.916,-4.003],[2.028,-4.052],[2.091,-4.108],[2.119,-4.115]]],[[[-1.786,-4.059],[-1.66,-4.178],[-1.576,-4.347],[-1.52,-4.6],[-1.506,-4.776],[-1.513,-4.868],[-2.263,-4.868],[-2.291,-4.811],[-2.333,-4.643],[-2.354,-4.389],[-2.34,-4.375],[-2.34,-4.312],[-2.319,-4.228],[-2.249,-4.115],[-2.179,-4.073],[-2.074,-4.045],[-1.891,-4.045],[-1.786,-4.059]]]]},"properties":{"abbr":"APTD","name":"anterior pretectal nucleus, dorsal part","plate":34,"ap_bregma_mm":-3.75,"area_mm2":1.2005,"traced_fraction":[0.779,0.763],"n_labels":2,"no_drawn_outline":false}},{"type":"Feature","geometry":{"type":"MultiPolygon","coordinates":[[[[7.209,-3.503],[7.357,-3.883],[7.441,-4.214],[7.476,-4.46],[7.49,-4.572],[7.483,-4.924],[7.455,-5.128],[7.427,-5.233],[6.13,-5.058],[6.158,-4.79],[6.151,-4.622],[6.095,-4.319],[6.032,-4.122],[5.989,-4.045],[5.989,-4.01],[6.186,-3.918],[6.593,-3.778],[6.754,-3.693],[6.929,-3.637],[7.167,-3.524],[7.188,-3.503],[7.209,-3.503]]],[[[-7.136,-3.764],[-6.582,-4.017],[-5.979,-4.242],[-5.972,-4.27],[-5.986,-4.326],[-6.161,-4.875],[-6.182,-5.008],[-6.189,-5.276],[-7.423,-5.437],[-7.493,-5.466],[-7.542,-5.1],[-7.514,-4.762],[-7.458,-4.509],[-7.395,-4.312],[-7.339,-4.178],[-7.318,-4.157],[-7.262,-4.003],[-7.136,-3.764]]]]},"properties":{"abbr":"AuV","name":"secondary auditory cortex, ventral area","plate":34,"ap_bregma_mm":-3.75,"area_mm2":3.7513,"traced_fraction":[1.0,1.0],"n_labels":2,"no_drawn_outline":false}},{"type":"Feature","geometry":{"type":"MultiPolygon","coordinates":[[[[-2.242,-2.223],[-2.186,-2.237],[-2.158,-2.265],[-2.109,-2.364],[-2.193,-2.413],[-2.214,-2.413],[-2.305,-2.498],[-2.466,-2.49],[-2.578,-2.505],[-2.901,-2.575],[-3.63,-2.842],[-3.777,-2.905],[-4.065,-3.06],[-4.296,-3.236],[-4.619,-3.581],[-4.871,-3.946],[-5.061,-4.312],[-5.18,-4.692],[-5.229,-5.037],[-5.222,-5.226],[-5.159,-5.487],[-4.997,-5.803],[-4.885,-5.958],[-4.731,-6.106],[-4.584,-6.218],[-4.233,-6.436],[-4.31,-6.492],[-4.436,-6.499],[-4.647,-6.478],[-4.773,-6.429],[-4.808,-6.429],[-4.892,-6.317],[-5.053,-6.225],[-5.116,-6.162],[-5.25,-5.958],[-5.313,-5.838],[-5.341,-5.747],[-5.439,-5.339],[-5.425,-4.994],[-5.369,-4.755],[-5.362,-4.671],[-5.32,-4.551],[-5.306,-4.467],[-5.11,-4.045],[-5.067,-3.918],[-4.815,-3.524],[-4.724,-3.405],[-4.31,-2.997],[-4.191,-2.905],[-3.932,-2.744],[-3.826,-2.694],[-3.7,-2.659],[-3.378,-2.512],[-3.146,-2.434],[-2.684,-2.336],[-2.41,-2.301],[-2.291,-2.265],[-2.242,-2.223]]],[[[2.112,-2.237],[2.175,-2.272],[2.666,-2.308],[2.961,-2.357],[3.423,-2.498],[3.725,-2.645],[3.921,-2.715],[4.167,-2.863],[4.44,-3.074],[4.805,-3.433],[4.805,-3.447],[4.924,-3.581],[5.085,-3.848],[5.183,-4.052],[5.246,-4.228],[5.26,-4.326],[5.316,-4.481],[5.337,-4.615],[5.358,-5.008],[5.351,-5.142],[5.323,-5.297],[5.225,-5.655],[5.106,-5.838],[4.924,-6.028],[4.875,-6.113],[4.671,-6.225],[4.475,-6.274],[4.173,-6.274],[4.118,-6.26],[4.075,-6.225],[4.118,-6.183],[4.173,-6.162],[4.377,-6.028],[4.629,-5.81],[4.671,-5.789],[4.931,-5.494],[5.036,-5.297],[5.078,-5.149],[5.106,-4.945],[5.106,-4.713],[5.071,-4.453],[5.008,-4.193],[4.973,-4.087],[4.882,-3.904],[4.678,-3.574],[4.461,-3.327],[4.447,-3.327],[4.37,-3.243],[4.103,-3.032],[3.991,-2.962],[3.816,-2.884],[3.809,-2.87],[3.514,-2.744],[3.283,-2.673],[3.213,-2.638],[2.792,-2.519],[2.554,-2.483],[2.294,-2.469],[2.196,-2.49],[2.133,-2.54],[2.112,-2.54],[2.084,-2.512],[2.063,-2.512],[1.993,-2.462],[1.895,-2.42],[1.93,-2.343],[1.993,-2.272],[2.049,-2.244],[2.112,-2.237]]]]},"properties":{"abbr":"LMol","name":"lacunosum moleculare layer of the hippocampus","plate":34,"ap_bregma_mm":-3.75,"area_mm2":2.8408,"traced_fraction":[0.995,0.998],"n_labels":2,"no_drawn_outline":false}},{"type":"Feature","geometry":{"type":"MultiPolygon","coordinates":[[[[3.248,-4.101],[3.262,-4.101],[3.332,-4.178],[3.409,-4.284],[3.416,-4.312],[3.08,-4.326],[2.911,-4.368],[2.666,-4.495],[2.505,-4.608],[2.421,-4.692],[2.393,-4.699],[2.386,-4.558],[2.4,-4.411],[2.428,-4.326],[2.442,-4.2],[2.491,-4.08],[2.841,-4.073],[3.003,-4.094],[3.066,-4.087],[3.248,-4.101]]],[[[-2.564,-4.397],[-2.571,-4.565],[-2.607,-4.769],[-2.607,-4.882],[-2.796,-4.769],[-2.873,-4.692],[-2.936,-4.572],[-3.013,-4.474],[-3.139,-4.368],[-3.287,-4.347],[-3.385,-4.347],[-3.518,-4.368],[-3.518,-4.34],[-3.476,-4.305],[-3.476,-4.291],[-3.364,-4.214],[-3.315,-4.214],[-3.181,-4.178],[-2.95,-4.185],[-2.789,-4.235],[-2.684,-4.298],[-2.663,-4.298],[-2.564,-4.397]]]]},"properties":{"abbr":"MGD","name":"medial geniculate nucleus, dorsal part","plate":34,"ap_bregma_mm":-3.75,"area_mm2":0.6016,"traced_fraction":[0.987,1.0],"n_labels":2,"no_drawn_outline":false}},{"type":"Feature","geometry":{"type":"MultiPolygon","coordinates":[[[[2.252,-4.08],[2.491,-4.08],[2.442,-4.2],[2.435,-4.291],[2.4,-4.411],[2.386,-4.558],[2.393,-4.699],[2.372,-4.776],[2.358,-4.776],[2.245,-4.903],[2.21,-4.91],[2.189,-4.72],[2.189,-4.389],[2.217,-4.193],[2.252,-4.08]]],[[[-2.564,-4.397],[-2.487,-4.446],[-2.431,-4.516],[-2.41,-4.516],[-2.389,-4.854],[-2.403,-4.966],[-2.396,-5.044],[-2.431,-5.037],[-2.522,-4.952],[-2.607,-4.903],[-2.607,-4.882],[-2.607,-4.769],[-2.571,-4.565],[-2.564,-4.397]]]]},"properties":{"abbr":"SG","name":"suprageniculate thalamic nucleus","plate":34,"ap_bregma_mm":-3.75,"area_mm2":0.2601,"traced_fraction":[0.979,0.981],"n_labels":2,"no_drawn_outline":false}},{"type":"Feature","geometry":{"type":"MultiPolygon","coordinates":[[[[-3.609,-4.453],[-3.63,-4.615],[-3.609,-4.727],[-3.602,-5.001],[-3.7,-5.079],[-3.7,-5.093],[-3.728,-5.093],[-3.763,-5.121],[-3.868,-5.015],[-3.925,-4.924],[-3.925,-4.769],[-3.911,-4.72],[-3.855,-4.706],[-3.784,-4.629],[-3.749,-4.558],[-3.665,-4.474],[-3.609,-4.453]]]]},"properties":{"abbr":"VG","name":"ventral geniculate nucleus","plate":34,"ap_bregma_mm":-3.75,"area_mm2":0.1419,"traced_fraction":[1.0],"n_labels":1,"no_drawn_outline":false}},{"type":"Feature","geometry":{"type":"MultiPolygon","coordinates":[[[[3.416,-4.312],[3.465,-4.326],[3.563,-4.432],[3.613,-4.509],[3.627,-4.565],[3.613,-4.769],[3.514,-4.966],[3.388,-5.1],[3.297,-5.17],[2.89,-5.17],[2.89,-5.311],[2.666,-5.29],[2.61,-5.276],[2.54,-5.233],[2.449,-5.135],[2.4,-4.945],[2.386,-4.797],[2.372,-4.776],[2.393,-4.699],[2.421,-4.692],[2.505,-4.608],[2.666,-4.495],[2.911,-4.368],[3.08,-4.326],[3.416,-4.312]]],[[[-2.607,-4.882],[-2.607,-4.903],[-2.62,-4.931],[-2.62,-5.212],[-2.656,-5.269],[-2.719,-5.325],[-2.733,-5.332],[-2.859,-5.36],[-2.992,-5.36],[-3.202,-5.339],[-3.287,-5.304],[-3.357,-5.297],[-3.553,-5.135],[-3.581,-5.086],[-3.602,-5.001],[-3.609,-4.727],[-3.63,-4.615],[-3.609,-4.453],[-3.532,-4.368],[-3.518,-4.368],[-3.385,-4.347],[-3.139,-4.368],[-3.013,-4.474],[-2.936,-4.572],[-2.873,-4.692],[-2.796,-4.769],[-2.607,-4.882]]]]},"properties":{"abbr":"MGV","name":"medial geniculate nucleus, ventral part","plate":34,"ap_bregma_mm":-3.75,"area_mm2":1.6808,"traced_fraction":[0.869,0.991],"n_labels":2,"no_drawn_outline":false}},{"type":"Feature","geometry":{"type":"MultiPolygon","coordinates":[[[[-2.263,-4.868],[-1.513,-4.868],[-1.513,-4.987],[-1.534,-5.121],[-1.555,-5.191],[-1.597,-5.262],[-1.646,-5.304],[-1.723,-5.325],[-1.933,-5.311],[-2.095,-5.17],[-2.179,-5.051],[-2.263,-4.868]]],[[[1.32,-4.868],[2.028,-4.868],[1.986,-5.001],[1.888,-5.142],[1.783,-5.248],[1.705,-5.29],[1.705,-5.311],[1.544,-5.283],[1.474,-5.24],[1.39,-5.156],[1.348,-5.058],[1.32,-4.868]]]]},"properties":{"abbr":"APTV","name":"anterior pretectal nucleus, ventral part","plate":34,"ap_bregma_mm":-3.75,"area_mm2":0.4883,"traced_fraction":[0.66,0.654],"n_labels":2,"no_drawn_outline":true}},{"type":"Feature","geometry":{"type":"MultiPolygon","coordinates":[[[[0.38,-5.029],[0.38,-5.072],[0.324,-5.198],[0.226,-5.585],[0.128,-5.564],[0.065,-5.515],[0.002,-5.388],[-0.005,-5.212],[0.03,-5.072],[0.072,-5.022],[0.191,-4.973],[0.261,-4.973],[0.38,-5.029]]],[[[-0.174,-5.494],[-0.188,-5.494],[-0.251,-5.557],[-0.321,-5.585],[-0.335,-5.585],[-0.342,-5.564],[-0.342,-5.459],[-0.384,-5.276],[-0.426,-5.142],[-0.454,-5.072],[-0.468,-5.065],[-0.475,-5.022],[-0.384,-4.98],[-0.3,-4.98],[-0.223,-5.008],[-0.166,-5.058],[-0.132,-5.163],[-0.124,-5.29],[-0.174,-5.494]]]]},"properties":{"abbr":"Dk","name":"nucleus of Darkschewitsch","plate":34,"ap_bregma_mm":-3.75,"area_mm2":0.2968,"traced_fraction":[1.0,1.0],"n_labels":2,"no_drawn_outline":false}},{"type":"Feature","geometry":{"type":"MultiPolygon","coordinates":[[[[2.189,-4.72],[2.21,-4.91],[2.196,-4.952],[2.21,-5.191],[2.154,-5.198],[2.119,-5.226],[2.119,-5.325],[2.042,-5.325],[2.035,-5.339],[1.86,-5.325],[1.853,-5.276],[1.916,-5.219],[1.937,-5.17],[1.951,-5.17],[2.049,-5.022],[2.126,-4.868],[2.161,-4.734],[2.168,-4.72],[2.189,-4.72]]],[[[-2.389,-4.854],[-2.368,-4.854],[-2.347,-4.882],[-2.284,-5.029],[-2.179,-5.205],[-2.151,-5.219],[-2.109,-5.17],[-2.095,-5.17],[-1.933,-5.311],[-2.053,-5.318],[-2.053,-5.367],[-1.989,-5.452],[-1.744,-5.677],[-1.744,-5.733],[-1.835,-5.754],[-1.863,-5.775],[-1.94,-5.726],[-1.976,-5.684],[-2.025,-5.677],[-2.053,-5.641],[-2.088,-5.627],[-2.095,-5.571],[-2.165,-5.571],[-2.34,-5.452],[-2.403,-5.423],[-2.41,-5.374],[-2.389,-5.297],[-2.396,-5.044],[-2.403,-4.966],[-2.389,-4.854]]]]},"properties":{"abbr":"PoT","name":"posterior thalamic nuclear group, triangular part","plate":34,"ap_bregma_mm":-3.75,"area_mm2":0.3152,"traced_fraction":[0.843,0.937],"n_labels":2,"no_drawn_outline":false}},{"type":"Feature","geometry":{"type":"MultiPolygon","coordinates":[[[[2.372,-4.776],[2.386,-4.797],[2.4,-4.945],[2.449,-5.135],[2.54,-5.233],[2.61,-5.276],[2.666,-5.29],[2.659,-5.43],[2.351,-5.452],[2.259,-5.353],[2.21,-5.191],[2.196,-5.015],[2.21,-4.91],[2.245,-4.903],[2.273,-4.861],[2.358,-4.776],[2.372,-4.776]]],[[[-2.607,-4.903],[-2.522,-4.952],[-2.431,-5.037],[-2.396,-5.044],[-2.389,-5.297],[-2.41,-5.374],[-2.403,-5.423],[-2.501,-5.48],[-2.67,-5.487],[-2.74,-5.48],[-2.747,-5.402],[-2.733,-5.332],[-2.719,-5.325],[-2.656,-5.269],[-2.62,-5.212],[-2.62,-4.931],[-2.607,-4.903]]]]},"properties":{"abbr":"MGM","name":"medial geniculate nucleus, medial part","plate":34,"ap_bregma_mm":-3.75,"area_mm2":0.303,"traced_fraction":[1.0,0.961],"n_labels":2,"no_drawn_outline":false}},{"type":"Feature","geometry":{"type":"MultiPolygon","coordinates":[[[[-3.602,-5.001],[-3.581,-5.086],[-3.553,-5.135],[-3.357,-5.297],[-3.287,-5.304],[-3.202,-5.339],[-2.992,-5.36],[-2.859,-5.36],[-2.733,-5.332],[-2.747,-5.402],[-2.74,-5.48],[-2.817,-5.459],[-3.139,-5.466],[-3.315,-5.409],[-3.427,-5.353],[-3.567,-5.255],[-3.7,-5.093],[-3.7,-5.079],[-3.602,-5.001]]],[[[3.297,-5.17],[3.227,-5.226],[3.213,-5.255],[3.045,-5.304],[2.89,-5.311],[2.89,-5.17],[3.297,-5.17]]]]},"properties":{"abbr":"MZMG","name":"marginal zone of the medial geniculate","plate":34,"ap_bregma_mm":-3.75,"area_mm2":0.1513,"traced_fraction":[0.997,0.542],"n_labels":2,"no_drawn_outline":false}},{"type":"Feature","geometry":{"type":"MultiPolygon","coordinates":[[[[-0.468,-5.065],[-0.454,-5.072],[-0.384,-5.276],[-0.342,-5.459],[-0.342,-5.564],[-0.335,-5.585],[-0.321,-5.585],[-0.328,-5.691],[-0.384,-5.691],[-0.475,-5.655],[-0.552,-5.585],[-0.601,-5.494],[-0.601,-5.248],[-0.538,-5.114],[-0.489,-5.065],[-0.468,-5.065]]],[[[0.38,-5.072],[0.444,-5.093],[0.493,-5.163],[0.528,-5.36],[0.521,-5.423],[0.472,-5.522],[0.38,-5.606],[0.317,-5.648],[0.219,-5.663],[0.226,-5.585],[0.324,-5.198],[0.38,-5.072]]]]},"properties":{"abbr":"InC","name":"interstitial nucleus of Cajal","plate":34,"ap_bregma_mm":-3.75,"area_mm2":0.2312,"traced_fraction":[1.0,1.0],"n_labels":2,"no_drawn_outline":false}},{"type":"Feature","geometry":{"type":"MultiPolygon","coordinates":[[[[2.21,-5.191],[2.259,-5.353],[2.351,-5.452],[1.874,-5.726],[1.776,-5.669],[1.734,-5.669],[1.72,-5.641],[1.671,-5.606],[1.565,-5.578],[1.439,-5.571],[1.446,-5.536],[1.692,-5.374],[1.734,-5.318],[1.853,-5.276],[1.86,-5.325],[2.007,-5.339],[2.035,-5.339],[2.042,-5.325],[2.119,-5.325],[2.119,-5.226],[2.154,-5.198],[2.21,-5.191]]],[[[-2.403,-5.423],[-2.34,-5.452],[-2.165,-5.571],[-2.095,-5.571],[-2.088,-5.627],[-2.053,-5.641],[-2.025,-5.677],[-1.976,-5.684],[-1.94,-5.726],[-1.863,-5.775],[-1.877,-5.796],[-1.877,-5.88],[-1.835,-5.951],[-1.842,-5.979],[-2.031,-5.888],[-2.207,-5.775],[-2.312,-5.726],[-2.396,-5.663],[-2.607,-5.557],[-2.663,-5.515],[-2.67,-5.487],[-2.501,-5.48],[-2.403,-5.423]]]]},"properties":{"abbr":"PIL","name":"posterior intralaminar thalamic nucleus","plate":34,"ap_bregma_mm":-3.75,"area_mm2":0.3872,"traced_fraction":[0.884,0.949],"n_labels":2,"no_drawn_outline":false}},{"type":"Feature","geometry":{"type":"MultiPolygon","coordinates":[[[[6.13,-5.058],[7.427,-5.233],[7.392,-5.374],[7.245,-5.698],[7.139,-5.845],[6.95,-6.042],[6.908,-6.007],[6.747,-5.937],[6.621,-5.852],[6.473,-5.782],[6.004,-5.459],[6.025,-5.367],[6.081,-5.248],[6.13,-5.058]]],[[[-6.189,-5.276],[-6.147,-5.473],[-6.084,-5.634],[-6.077,-5.684],[-6.302,-5.775],[-6.456,-5.859],[-6.764,-5.993],[-6.919,-6.077],[-7.003,-6.106],[-7.164,-6.19],[-7.185,-6.218],[-7.346,-6.0],[-7.43,-5.817],[-7.487,-5.578],[-7.493,-5.466],[-7.423,-5.437],[-6.189,-5.276]]]]},"properties":{"abbr":"Ect","name":"ectorhinal cortex","plate":34,"ap_bregma_mm":-3.75,"area_mm2":1.6602,"traced_fraction":[1.0,1.0],"n_labels":2,"no_drawn_outline":false}},{"type":"Feature","geometry":{"type":"MultiPolygon","coordinates":[[[[3.458,-5.177],[3.416,-5.346],[3.423,-5.395],[3.416,-5.409],[3.36,-5.43],[3.269,-5.501],[3.255,-5.529],[3.206,-5.592],[3.164,-5.641],[3.136,-5.705],[3.087,-5.677],[3.052,-5.677],[3.003,-5.719],[2.974,-5.705],[2.89,-5.705],[2.645,-5.761],[2.659,-5.655],[2.799,-5.473],[2.806,-5.43],[3.192,-5.325],[3.304,-5.262],[3.304,-5.248],[3.346,-5.24],[3.416,-5.177],[3.458,-5.177]]],[[[-2.747,-5.81],[-2.929,-5.81],[-3.062,-5.859],[-3.083,-5.845],[-3.125,-5.747],[-3.202,-5.634],[-3.259,-5.634],[-3.294,-5.655],[-3.294,-5.669],[-3.301,-5.669],[-3.378,-5.557],[-3.378,-5.543],[-3.315,-5.501],[-3.196,-5.494],[-2.789,-5.627],[-2.74,-5.669],[-2.726,-5.705],[-2.726,-5.761],[-2.747,-5.81]]]]},"properties":{"abbr":"PP","name":"peripeduncular nucleus","plate":34,"ap_bregma_mm":-3.75,"area_mm2":0.3333,"traced_fraction":[1.0,1.0],"n_labels":2,"no_drawn_outline":false}},{"type":"Feature","geometry":{"type":"MultiPolygon","coordinates":[[[[-3.7,-5.093],[-3.567,-5.255],[-3.427,-5.353],[-3.315,-5.409],[-3.139,-5.466],[-2.817,-5.459],[-2.74,-5.48],[-2.67,-5.487],[-2.663,-5.515],[-2.607,-5.557],[-2.396,-5.663],[-2.312,-5.726],[-2.207,-5.775],[-2.031,-5.888],[-1.842,-5.979],[-1.793,-6.007],[-1.695,-6.106],[-1.555,-6.204],[-1.492,-6.267],[-1.492,-6.281],[-1.583,-6.281],[-1.632,-6.295],[-1.681,-6.338],[-1.723,-6.422],[-1.8,-6.387],[-1.961,-6.253],[-2.102,-6.162],[-2.158,-6.106],[-2.186,-6.099],[-2.221,-6.063],[-2.389,-5.958],[-2.607,-5.852],[-2.747,-5.81],[-2.726,-5.761],[-2.726,-5.705],[-2.74,-5.669],[-2.789,-5.627],[-3.196,-5.494],[-3.315,-5.501],[-3.378,-5.543],[-3.378,-5.557],[-3.469,-5.459],[-3.525,-5.395],[-3.763,-5.121],[-3.728,-5.093],[-3.7,-5.093]]],[[[2.659,-5.43],[2.806,-5.43],[2.799,-5.473],[2.659,-5.655],[2.645,-5.761],[2.372,-5.866],[2.217,-5.951],[2.014,-6.099],[1.951,-6.169],[1.888,-6.204],[1.705,-6.38],[1.579,-6.295],[1.474,-6.267],[1.292,-6.303],[1.299,-6.274],[1.369,-6.211],[1.516,-6.12],[1.663,-5.993],[1.825,-5.902],[1.874,-5.824],[1.874,-5.726],[2.351,-5.452],[2.659,-5.43]]]]},"properties":{"abbr":"ZIC","name":"zona incerta, caudal part","plate":34,"ap_bregma_mm":-3.75,"area_mm2":0.9459,"traced_fraction":[1.0,1.0],"n_labels":2,"no_drawn_outline":false}},{"type":"Feature","geometry":{"type":"MultiPolygon","coordinates":[[[[-0.174,-5.494],[-0.139,-5.543],[-0.111,-5.62],[-0.089,-5.789],[-0.089,-5.923],[-0.111,-6.042],[-0.145,-6.12],[-0.174,-6.148],[-0.195,-6.148],[-0.23,-5.965],[-0.258,-5.895],[-0.328,-5.691],[-0.321,-5.585],[-0.251,-5.557],[-0.188,-5.494],[-0.174,-5.494]]],[[[0.065,-5.515],[0.128,-5.564],[0.226,-5.585],[0.219,-5.663],[0.135,-5.958],[0.114,-5.993],[0.079,-6.141],[0.037,-6.099],[0.016,-6.028],[-0.012,-5.895],[-0.019,-5.782],[-0.005,-5.613],[0.03,-5.536],[0.065,-5.515]]]]},"properties":{"abbr":"MA3","name":"medial accessory oculomotor nucleus","plate":34,"ap_bregma_mm":-3.75,"area_mm2":0.1933,"traced_fraction":[1.0,1.0],"n_labels":2,"no_drawn_outline":false}},{"type":"Feature","geometry":{"type":"MultiPolygon","coordinates":[[[[1.439,-5.571],[1.628,-5.592],[1.684,-5.613],[1.734,-5.669],[1.544,-5.726],[1.537,-5.74],[1.334,-5.831],[1.25,-5.888],[1.152,-5.993],[1.067,-6.141],[1.06,-6.253],[1.075,-6.288],[1.039,-6.303],[0.941,-6.303],[0.892,-6.281],[0.822,-6.204],[0.801,-6.148],[0.801,-6.092],[0.822,-5.972],[0.857,-5.88],[0.878,-5.845],[0.99,-5.74],[1.187,-5.62],[1.313,-5.585],[1.439,-5.571]]],[[[-0.854,-6.162],[-0.833,-6.288],[-0.847,-6.359],[-0.875,-6.394],[-1.036,-6.394],[-1.113,-6.352],[-1.12,-6.225],[-1.155,-6.141],[-1.464,-5.873],[-1.681,-5.74],[-1.646,-5.669],[-1.576,-5.655],[-1.38,-5.663],[-1.274,-5.691],[-1.19,-5.733],[-0.966,-5.93],[-0.854,-6.162]]]]},"properties":{"abbr":"PR","name":"prerubral field","plate":34,"ap_bregma_mm":-3.75,"area_mm2":0.5345,"traced_fraction":[0.997,0.988],"n_labels":2,"no_drawn_outline":false}},{"type":"Feature","geometry":{"type":"MultiPolygon","coordinates":[[[[1.734,-5.669],[1.776,-5.669],[1.874,-5.726],[1.874,-5.824],[1.825,-5.902],[1.663,-5.993],[1.516,-6.12],[1.369,-6.211],[1.299,-6.274],[1.292,-6.303],[1.236,-6.324],[1.152,-6.331],[1.075,-6.288],[1.06,-6.253],[1.067,-6.141],[1.152,-5.993],[1.25,-5.888],[1.334,-5.831],[1.537,-5.74],[1.544,-5.726],[1.734,-5.669]]],[[[-1.744,-5.733],[-1.681,-5.74],[-1.464,-5.873],[-1.155,-6.141],[-1.12,-6.225],[-1.113,-6.352],[-1.176,-6.394],[-1.267,-6.394],[-1.492,-6.281],[-1.492,-6.267],[-1.555,-6.204],[-1.695,-6.106],[-1.793,-6.007],[-1.842,-5.979],[-1.835,-5.951],[-1.877,-5.88],[-1.877,-5.796],[-1.863,-5.775],[-1.835,-5.754],[-1.744,-5.733]]]]},"properties":{"abbr":"ml","name":"medial lemniscus","plate":34,"ap_bregma_mm":-3.75,"area_mm2":0.5209,"traced_fraction":[1.0,1.0],"n_labels":2,"no_drawn_outline":false}},{"type":"Feature","geometry":{"type":"MultiPolygon","coordinates":[[[[6.004,-5.459],[6.473,-5.782],[6.621,-5.852],[6.747,-5.937],[6.908,-6.007],[6.95,-6.042],[6.824,-6.197],[6.761,-6.225],[6.648,-6.232],[6.585,-6.253],[6.564,-6.253],[6.564,-6.267],[6.543,-6.281],[6.522,-6.338],[6.543,-6.408],[6.55,-6.422],[6.621,-6.577],[6.621,-6.703],[6.585,-6.767],[6.557,-6.788],[6.375,-6.668],[6.228,-6.542],[6.053,-6.31],[5.919,-6.106],[5.856,-5.972],[5.814,-5.93],[5.842,-5.81],[5.87,-5.768],[5.94,-5.571],[6.004,-5.459]]],[[[-6.077,-5.684],[-6.049,-5.726],[-5.881,-6.162],[-5.895,-6.162],[-5.937,-6.211],[-5.993,-6.331],[-6.084,-6.45],[-6.189,-6.626],[-6.281,-6.718],[-6.449,-6.816],[-6.652,-6.886],[-6.666,-6.746],[-6.603,-6.591],[-6.61,-6.52],[-6.624,-6.492],[-6.645,-6.485],[-6.68,-6.478],[-6.919,-6.436],[-7.01,-6.394],[-7.185,-6.218],[-7.164,-6.19],[-7.003,-6.106],[-6.919,-6.077],[-6.764,-5.993],[-6.456,-5.859],[-6.302,-5.775],[-6.077,-5.684]]]]},"properties":{"abbr":"PRh","name":"perirhinal cortex","plate":34,"ap_bregma_mm":-3.75,"area_mm2":1.4755,"traced_fraction":[1.0,1.0],"n_labels":2,"no_drawn_outline":false}},{"type":"Feature","geometry":{"type":"MultiPolygon","coordinates":[[[[3.003,-5.719],[2.904,-5.873],[2.764,-5.88],[2.61,-5.923],[2.47,-5.979],[2.231,-6.113],[1.649,-6.64],[1.635,-6.64],[1.586,-6.724],[1.572,-6.9],[1.523,-6.943],[1.467,-6.95],[1.46,-6.943],[1.46,-6.935],[1.453,-6.844],[1.467,-6.661],[1.586,-6.499],[1.705,-6.38],[1.888,-6.204],[1.951,-6.169],[2.014,-6.099],[2.217,-5.951],[2.372,-5.866],[2.645,-5.761],[2.89,-5.705],[2.974,-5.705],[3.003,-5.719]]],[[[-2.747,-5.81],[-2.607,-5.852],[-2.389,-5.958],[-2.221,-6.063],[-2.186,-6.099],[-2.158,-6.106],[-2.102,-6.162],[-1.961,-6.253],[-1.8,-6.387],[-1.723,-6.422],[-1.723,-6.436],[-1.646,-6.514],[-1.562,-6.577],[-1.429,-6.71],[-1.372,-6.788],[-1.344,-6.851],[-1.344,-6.943],[-1.38,-6.985],[-1.513,-6.83],[-1.618,-6.767],[-1.744,-6.654],[-1.976,-6.492],[-2.067,-6.401],[-2.067,-6.387],[-2.277,-6.218],[-2.361,-6.127],[-2.417,-6.106],[-2.466,-6.063],[-2.586,-6.014],[-2.852,-5.951],[-3.02,-5.937],[-3.055,-5.902],[-3.062,-5.859],[-2.929,-5.81],[-2.747,-5.81]]]]},"properties":{"abbr":"SNC","name":"substantia nigra, compact part","plate":34,"ap_bregma_mm":-3.75,"area_mm2":0.6066,"traced_fraction":[1.0,0.995],"n_labels":2,"no_drawn_outline":false}},{"type":"Feature","geometry":{"type":"MultiPolygon","coordinates":[[[[0.668,-6.084],[0.647,-6.19],[0.612,-6.239],[0.514,-6.267],[0.422,-6.253],[0.359,-6.197],[0.345,-6.155],[0.338,-6.056],[0.366,-5.965],[0.408,-5.895],[0.465,-5.845],[0.542,-5.845],[0.584,-5.859],[0.654,-5.93],[0.668,-6.084]]],[[[-0.44,-5.902],[-0.412,-5.965],[-0.398,-6.056],[-0.405,-6.148],[-0.426,-6.204],[-0.489,-6.253],[-0.58,-6.253],[-0.629,-6.232],[-0.671,-6.19],[-0.685,-6.155],[-0.699,-6.12],[-0.699,-6.035],[-0.643,-5.923],[-0.559,-5.866],[-0.503,-5.866],[-0.44,-5.902]]]]},"properties":{"abbr":"fr","name":"fasciculus retroflexus","plate":34,"ap_bregma_mm":-3.75,"area_mm2":0.2054,"traced_fraction":[1.0,1.0],"n_labels":2,"no_drawn_outline":false}},{"type":"Feature","geometry":{"type":"MultiPolygon","coordinates":[[[[-0.019,-5.782],[-0.012,-5.895],[0.016,-6.028],[0.037,-6.099],[0.079,-6.141],[0.065,-6.253],[0.03,-6.345],[-0.012,-6.387],[-0.047,-6.401],[-0.117,-6.401],[-0.153,-6.38],[-0.174,-6.352],[-0.181,-6.31],[-0.195,-6.303],[-0.195,-6.148],[-0.174,-6.148],[-0.145,-6.12],[-0.111,-6.042],[-0.089,-5.923],[-0.089,-5.789],[-0.019,-5.782]]]]},"properties":{"abbr":"PrEW","name":"pre-Edinger–Westphal nucleus","plate":34,"ap_bregma_mm":-3.75,"area_mm2":0.1001,"traced_fraction":[0.982],"n_labels":1,"no_drawn_outline":false}},{"type":"Feature","geometry":{"type":"MultiPolygon","coordinates":[[[[4.075,-6.225],[3.963,-6.26],[3.802,-6.352],[3.732,-6.366],[3.563,-6.443],[3.472,-6.464],[3.465,-6.471],[3.409,-6.45],[3.346,-6.373],[3.276,-6.183],[3.269,-6.162],[3.262,-6.141],[3.255,-6.127],[3.248,-6.106],[3.206,-6.014],[3.206,-5.944],[3.255,-5.782],[3.346,-5.585],[3.416,-5.459],[3.416,-5.409],[3.423,-5.395],[3.493,-5.374],[3.578,-5.29],[3.592,-5.29],[3.606,-5.262],[3.62,-5.262],[3.676,-5.177],[3.704,-5.163],[3.732,-5.114],[3.746,-5.114],[3.746,-5.1],[3.858,-4.98],[3.935,-4.861],[3.977,-4.734],[3.977,-4.622],[3.928,-4.467],[3.76,-4.193],[3.76,-4.171],[3.634,-3.982],[3.62,-3.982],[3.62,-3.967],[3.43,-3.792],[2.961,-3.482],[2.792,-3.334],[2.778,-3.334],[2.645,-3.201],[2.645,-3.187],[2.631,-3.187],[2.554,-3.074],[2.54,-3.074],[2.287,-2.687],[2.273,-2.687],[2.273,-2.673],[2.203,-2.603],[2.189,-2.603],[2.175,-2.575],[2.133,-2.554],[2.133,-2.54],[2.196,-2.49],[2.294,-2.469],[2.554,-2.483],[2.792,-2.519],[3.213,-2.638],[3.283,-2.673],[3.514,-2.744],[3.809,-2.87],[3.816,-2.884],[3.991,-2.962],[4.103,-3.032],[4.37,-3.243],[4.447,-3.327],[4.461,-3.327],[4.678,-3.574],[4.882,-3.904],[4.973,-4.087],[5.008,-4.193],[5.071,-4.453],[5.106,-4.713],[5.106,-4.945],[5.078,-5.149],[5.036,-5.297],[4.931,-5.494],[4.671,-5.789],[4.629,-5.81],[4.377,-6.028],[4.173,-6.162],[4.118,-6.183],[4.075,-6.225]]],[[[2.561,-2.772],[2.631,-2.828],[2.617,-2.87],[2.806,-3.039],[2.855,-3.067],[2.982,-3.194],[3.045,-3.236],[3.136,-3.271],[3.206,-3.327],[3.36,-3.412],[3.606,-3.588],[3.802,-3.799],[4.026,-4.08],[4.103,-4.193],[4.181,-4.361],[4.216,-4.523],[4.237,-4.72],[4.181,-4.952],[4.089,-5.093],[3.921,-5.262],[3.879,-5.325],[3.676,-5.522],[3.676,-5.543],[3.585,-5.655],[3.585,-5.677],[3.571,-5.684],[3.465,-5.909],[3.465,-6.077],[3.486,-6.127],[3.557,-6.19],[3.683,-6.197],[3.809,-6.155],[3.956,-6.084],[3.963,-6.07],[3.984,-6.07],[4.209,-5.902],[4.286,-5.859],[4.391,-5.775],[4.419,-5.768],[4.524,-5.663],[4.538,-5.663],[4.727,-5.459],[4.84,-5.219],[4.882,-5.029],[4.889,-4.79],[4.875,-4.53],[4.826,-4.27],[4.762,-4.108],[4.748,-4.101],[4.678,-3.932],[4.587,-3.77],[4.468,-3.651],[4.44,-3.602],[4.3,-3.461],[4.3,-3.447],[4.139,-3.313],[3.942,-3.187],[3.893,-3.173],[3.704,-3.067],[3.479,-3.018],[3.22,-2.941],[3.031,-2.842],[2.771,-2.751],[2.743,-2.751],[2.743,-2.793],[2.694,-2.786],[2.645,-2.751],[2.659,-2.737],[2.652,-2.715],[2.582,-2.687],[2.463,-2.61],[2.4,-2.596],[2.372,-2.624],[2.393,-2.68],[2.47,-2.73],[2.519,-2.786],[2.561,-2.772]]],[[[-3.455,-5.761],[-3.42,-5.803],[-3.357,-5.93],[-3.336,-5.944],[-3.209,-6.183],[-3.104,-6.499],[-3.104,-6.689],[-3.153,-6.767],[-3.217,-6.788],[-3.301,-6.795],[-3.315,-6.795],[-3.364,-6.739],[-3.448,-6.696],[-3.728,-6.591],[-3.721,-6.401],[-3.623,-6.422],[-3.532,-6.422],[-3.49,-6.394],[-3.483,-6.366],[-3.483,-6.274],[-3.539,-6.077],[-3.609,-5.923],[-3.665,-5.852],[-3.672,-5.824],[-3.686,-5.824],[-3.7,-5.789],[-3.714,-5.789],[-3.714,-5.768],[-3.455,-5.761]]]]},"properties":{"abbr":"MoDG","name":"molecular layer of the dentate gyrus","plate":34,"ap_bregma_mm":-3.75,"area_mm2":2.8209,"traced_fraction":[0.997,1.0,0.899],"n_labels":2,"no_drawn_outline":false}},{"type":"Feature","geometry":{"type":"MultiPolygon","coordinates":[[[[1.705,-6.38],[1.586,-6.499],[1.467,-6.661],[1.453,-6.844],[1.46,-6.935],[1.453,-6.935],[1.341,-6.879],[1.264,-6.886],[1.229,-6.935],[1.236,-7.055],[1.187,-7.041],[1.033,-6.907],[0.92,-6.858],[0.927,-6.724],[0.983,-6.598],[1.054,-6.499],[1.173,-6.387],[1.187,-6.387],[1.236,-6.324],[1.292,-6.303],[1.474,-6.267],[1.579,-6.295],[1.705,-6.38]]],[[[-1.492,-6.281],[-1.267,-6.394],[-1.218,-6.457],[-1.099,-6.542],[-1.001,-6.661],[-0.945,-6.788],[-0.931,-6.928],[-1.071,-7.006],[-1.141,-7.062],[-1.155,-7.09],[-1.197,-7.104],[-1.253,-7.055],[-1.323,-7.055],[-1.359,-7.069],[-1.38,-6.985],[-1.344,-6.943],[-1.344,-6.851],[-1.372,-6.788],[-1.429,-6.71],[-1.562,-6.577],[-1.646,-6.514],[-1.723,-6.436],[-1.723,-6.422],[-1.681,-6.338],[-1.632,-6.295],[-1.583,-6.281],[-1.492,-6.281]]]]},"properties":{"abbr":"PBP","name":"parabrachial pigmented nucleus of the ventral tegmental area","plate":34,"ap_bregma_mm":-3.75,"area_mm2":0.6525,"traced_fraction":[1.0,1.0],"n_labels":2,"no_drawn_outline":false}},{"type":"Feature","geometry":{"type":"MultiPolygon","coordinates":[[[[4.875,-6.113],[4.945,-6.204],[5.008,-6.232],[5.12,-6.239],[5.246,-6.19],[5.281,-6.232],[5.323,-6.253],[5.323,-6.267],[5.394,-6.331],[5.288,-6.429],[5.001,-6.619],[4.531,-6.851],[4.23,-6.957],[4.195,-6.985],[4.195,-6.999],[3.956,-7.041],[3.83,-7.02],[3.613,-6.872],[3.508,-6.774],[3.493,-6.774],[3.423,-6.696],[3.479,-6.605],[3.5,-6.535],[3.465,-6.471],[3.472,-6.464],[3.563,-6.443],[3.732,-6.366],[3.802,-6.352],[3.963,-6.26],[4.075,-6.225],[4.103,-6.253],[4.173,-6.274],[4.475,-6.274],[4.671,-6.225],[4.875,-6.113]]],[[[-4.808,-6.429],[-4.773,-6.429],[-4.647,-6.478],[-4.436,-6.499],[-4.31,-6.492],[-4.31,-7.168],[-4.331,-7.182],[-4.521,-7.146],[-4.71,-7.076],[-5.124,-6.858],[-5.229,-6.788],[-5.264,-6.739],[-5.201,-6.64],[-5.124,-6.64],[-5.103,-6.612],[-5.103,-6.556],[-4.969,-6.584],[-4.878,-6.577],[-4.85,-6.563],[-4.808,-6.506],[-4.808,-6.429]]]]},"properties":{"abbr":"VS","name":"ventral subiculum","plate":34,"ap_bregma_mm":-3.75,"area_mm2":1.4745,"traced_fraction":[0.994,0.779],"n_labels":2,"no_drawn_outline":false}},{"type":"Feature","geometry":{"type":"MultiPolygon","coordinates":[[[[2.904,-5.873],[2.82,-6.056],[2.764,-6.317],[2.701,-6.464],[2.526,-6.689],[2.421,-6.788],[2.14,-6.943],[2.049,-6.971],[1.867,-7.076],[1.698,-7.146],[1.635,-7.146],[1.565,-7.118],[1.488,-7.034],[1.467,-6.95],[1.523,-6.943],[1.572,-6.9],[1.586,-6.724],[1.635,-6.64],[1.649,-6.64],[2.231,-6.113],[2.344,-6.042],[2.61,-5.923],[2.764,-5.88],[2.904,-5.873]]],[[[-3.02,-5.937],[-2.852,-5.951],[-2.586,-6.014],[-2.522,-6.035],[-2.431,-6.084],[-2.417,-6.106],[-2.361,-6.127],[-2.277,-6.218],[-2.067,-6.387],[-2.067,-6.401],[-1.976,-6.492],[-1.744,-6.654],[-1.618,-6.767],[-1.513,-6.83],[-1.38,-6.985],[-1.359,-7.069],[-1.387,-7.168],[-1.457,-7.238],[-1.506,-7.252],[-1.576,-7.245],[-2.067,-7.034],[-2.431,-6.837],[-2.508,-6.767],[-2.508,-6.753],[-2.607,-6.654],[-2.656,-6.584],[-2.705,-6.485],[-2.88,-6.225],[-3.02,-5.937]]]]},"properties":{"abbr":"SNR","name":"substantia nigra, reticular part","plate":34,"ap_bregma_mm":-3.75,"area_mm2":1.6846,"traced_fraction":[1.0,0.995],"n_labels":2,"no_drawn_outline":false}},{"type":"Feature","geometry":{"type":"MultiPolygon","coordinates":[[[[-0.258,-5.895],[-0.244,-5.909],[-0.195,-6.148],[-0.195,-6.303],[-0.181,-6.31],[-0.174,-6.352],[-0.153,-6.38],[-0.23,-6.45],[-0.23,-6.591],[-0.132,-6.591],[-0.132,-6.83],[-0.412,-6.823],[-0.706,-6.844],[-0.826,-6.879],[-0.931,-6.928],[-0.945,-6.788],[-1.001,-6.661],[-1.078,-6.563],[-1.183,-6.471],[-1.218,-6.457],[-1.267,-6.394],[-1.176,-6.394],[-1.113,-6.352],[-1.036,-6.394],[-0.875,-6.394],[-0.847,-6.359],[-0.833,-6.288],[-0.854,-6.162],[-0.685,-6.155],[-0.671,-6.19],[-0.629,-6.232],[-0.58,-6.253],[-0.489,-6.253],[-0.426,-6.204],[-0.405,-6.148],[-0.398,-6.056],[-0.412,-5.965],[-0.44,-5.902],[-0.258,-5.895]]],[[[0.983,-6.598],[0.927,-6.724],[0.92,-6.858],[0.738,-6.83],[0.478,-6.83],[0.401,-6.83],[0.401,-6.598],[0.983,-6.598]]]]},"properties":{"abbr":"VTAR","name":"ventral tegmental area, rostral part","plate":34,"ap_bregma_mm":-3.75,"area_mm2":0.717,"traced_fraction":[0.82,0.543],"n_labels":2,"no_drawn_outline":false}},{"type":"Feature","geometry":{"type":"MultiPolygon","coordinates":[[[[5.814,-5.93],[5.856,-5.972],[5.919,-6.106],[6.053,-6.31],[6.228,-6.542],[6.375,-6.668],[6.557,-6.788],[6.55,-6.802],[6.501,-6.858],[6.396,-7.048],[6.347,-7.111],[6.326,-7.118],[6.298,-7.168],[6.116,-7.315],[6.088,-7.322],[6.025,-7.203],[5.933,-7.111],[5.821,-7.041],[5.688,-6.992],[5.45,-6.943],[5.071,-6.914],[4.713,-6.964],[4.678,-6.844],[5.022,-6.696],[5.05,-6.696],[5.302,-6.563],[5.541,-6.38],[5.653,-6.232],[5.8,-5.937],[5.814,-5.93]]],[[[-5.881,-6.162],[-5.846,-6.204],[-5.776,-6.345],[-5.607,-6.591],[-5.327,-6.851],[-5.236,-6.907],[-5.187,-6.907],[-5.124,-6.957],[-5.103,-6.957],[-5.089,-6.978],[-5.067,-6.978],[-5.061,-6.992],[-5.025,-6.999],[-5.018,-7.013],[-4.857,-7.083],[-4.85,-7.097],[-4.668,-7.168],[-4.696,-7.252],[-5.18,-7.217],[-5.607,-7.224],[-5.776,-7.252],[-5.909,-7.308],[-6.042,-7.428],[-6.112,-7.547],[-6.133,-7.625],[-6.26,-7.533],[-6.477,-7.217],[-6.554,-7.125],[-6.652,-6.921],[-6.652,-6.886],[-6.449,-6.816],[-6.281,-6.718],[-6.189,-6.626],[-6.154,-6.556],[-5.993,-6.331],[-5.937,-6.211],[-5.895,-6.162],[-5.881,-6.162]]]]},"properties":{"abbr":"LEnt","name":"lateral entorhinal cortex","plate":34,"ap_bregma_mm":-3.75,"area_mm2":2.0672,"traced_fraction":[1.0,1.0],"n_labels":2,"no_drawn_outline":false}},{"type":"Feature","geometry":{"type":"MultiPolygon","coordinates":[[[[-4.233,-6.436],[-4.002,-6.528],[-3.728,-6.591],[-3.448,-6.696],[-3.364,-6.739],[-3.315,-6.795],[-3.301,-6.795],[-3.259,-6.865],[-3.238,-6.865],[-3.238,-6.886],[-3.181,-6.914],[-3.104,-6.999],[-3.076,-7.062],[-3.076,-7.182],[-3.104,-7.266],[-3.146,-7.343],[-3.167,-7.358],[-3.181,-7.4],[-3.287,-7.505],[-3.329,-7.526],[-3.343,-7.554],[-3.364,-7.554],[-3.448,-7.618],[-3.616,-7.702],[-3.798,-7.758],[-3.911,-7.765],[-3.918,-7.779],[-3.932,-7.773],[-3.981,-7.54],[-4.009,-7.491],[-4.086,-7.421],[-4.198,-7.358],[-4.31,-7.315],[-4.696,-7.252],[-4.668,-7.168],[-4.612,-7.168],[-4.387,-7.224],[-4.331,-7.217],[-4.331,-7.182],[-4.31,-7.168],[-4.31,-6.492],[-4.233,-6.436]]],[[[3.423,-6.696],[3.493,-6.774],[3.508,-6.774],[3.613,-6.872],[3.83,-7.02],[3.956,-7.041],[4.195,-6.999],[4.244,-6.999],[4.678,-6.844],[4.713,-6.964],[4.321,-7.104],[4.23,-7.154],[4.173,-7.21],[4.146,-7.273],[4.146,-7.358],[4.188,-7.449],[4.195,-7.498],[3.949,-7.498],[3.676,-7.442],[3.5,-7.365],[3.332,-7.231],[3.206,-7.041],[3.206,-6.957],[3.332,-6.788],[3.353,-6.781],[3.388,-6.724],[3.423,-6.696]]],[[[-3.798,-7.773],[-3.784,-7.843],[-3.791,-7.843],[-3.805,-7.808],[-3.798,-7.773]]]]},"properties":{"abbr":"MEnt","name":"medial entorhinal cortex","plate":34,"ap_bregma_mm":-3.75,"area_mm2":1.6825,"traced_fraction":[0.867,1.0,1.0],"n_labels":2,"no_drawn_outline":false}},{"type":"Feature","geometry":{"type":"MultiPolygon","coordinates":[[[[-3.062,-5.859],[-3.055,-5.902],[-3.02,-5.937],[-2.88,-6.225],[-2.705,-6.485],[-2.656,-6.584],[-2.607,-6.654],[-2.508,-6.753],[-2.508,-6.767],[-2.431,-6.837],[-2.067,-7.034],[-1.576,-7.245],[-1.506,-7.252],[-1.457,-7.238],[-1.387,-7.168],[-1.359,-7.069],[-1.323,-7.055],[-1.253,-7.055],[-1.197,-7.104],[-1.26,-7.203],[-1.309,-7.343],[-1.338,-7.386],[-1.351,-7.4],[-1.408,-7.414],[-1.45,-7.442],[-1.52,-7.442],[-1.793,-7.35],[-2.13,-7.182],[-2.172,-7.139],[-2.256,-7.09],[-2.291,-7.048],[-2.431,-6.957],[-2.592,-6.802],[-2.628,-6.746],[-2.663,-6.724],[-2.873,-6.443],[-3.048,-6.155],[-3.196,-5.866],[-3.217,-5.831],[-3.224,-5.817],[-3.23,-5.803],[-3.238,-5.789],[-3.252,-5.761],[-3.28,-5.712],[-3.287,-5.698],[-3.287,-5.691],[-3.294,-5.669],[-3.294,-5.655],[-3.259,-5.634],[-3.202,-5.634],[-3.125,-5.747],[-3.083,-5.845],[-3.062,-5.859]]],[[[-3.294,-5.691],[-3.287,-5.691],[-3.287,-5.698],[-3.294,-5.691]]]]},"properties":{"abbr":"cp","name":"cerebral peduncle","plate":34,"ap_bregma_mm":-3.75,"area_mm2":0.3857,"traced_fraction":[1.0,1.0],"n_labels":1,"no_drawn_outline":false}},{"type":"Feature","geometry":{"type":"MultiPolygon","coordinates":[[[[-0.412,-6.823],[-0.412,-6.865],[-0.433,-6.9],[-0.433,-6.978],[-0.398,-7.034],[-0.447,-7.069],[-0.468,-7.118],[-0.468,-7.161],[-0.664,-7.21],[-0.798,-7.287],[-0.84,-7.287],[-0.924,-7.252],[-0.994,-7.252],[-1.064,-7.301],[-1.106,-7.308],[-1.106,-7.189],[-1.12,-7.139],[-1.155,-7.09],[-1.155,-7.076],[-1.071,-7.006],[-0.931,-6.928],[-0.882,-6.9],[-0.706,-6.844],[-0.412,-6.823]]],[[[0.92,-6.858],[1.033,-6.907],[1.187,-7.041],[1.166,-7.062],[1.159,-7.097],[1.166,-7.182],[1.082,-7.139],[1.025,-7.139],[0.948,-7.168],[0.717,-7.09],[0.549,-7.069],[0.507,-7.013],[0.472,-6.999],[0.493,-6.95],[0.493,-6.872],[0.478,-6.83],[0.738,-6.83],[0.92,-6.858]]]]},"properties":{"abbr":"SuML","name":"supramammillary nucleus, lateral part","plate":34,"ap_bregma_mm":-3.75,"area_mm2":0.4062,"traced_fraction":[1.0,1.0],"n_labels":2,"no_drawn_outline":false}},{"type":"Feature","geometry":{"type":"MultiPolygon","coordinates":[[[[-0.412,-6.823],[-0.132,-6.83],[-0.04,-6.858],[0.107,-6.858],[0.233,-6.83],[0.401,-6.83],[0.478,-6.83],[0.493,-6.872],[0.493,-6.95],[0.472,-6.999],[0.366,-7.006],[0.324,-7.027],[0.289,-7.083],[0.226,-7.097],[0.072,-7.139],[-0.132,-7.125],[-0.16,-7.111],[-0.237,-7.111],[-0.328,-7.041],[-0.398,-7.034],[-0.433,-6.978],[-0.433,-6.9],[-0.412,-6.865],[-0.412,-6.823]]]]},"properties":{"abbr":"SuMM","name":"supramammillary nucleus, medial part","plate":34,"ap_bregma_mm":-3.75,"area_mm2":0.2246,"traced_fraction":[1.0],"n_labels":1,"no_drawn_outline":false}},{"type":"Feature","geometry":{"type":"MultiPolygon","coordinates":[[[[1.166,-7.182],[1.243,-7.343],[1.229,-7.343],[1.236,-7.421],[1.222,-7.484],[1.187,-7.54],[1.187,-7.569],[1.215,-7.583],[1.18,-7.625],[1.124,-7.66],[1.096,-7.618],[1.046,-7.625],[1.018,-7.618],[0.934,-7.547],[0.864,-7.386],[0.864,-7.294],[0.878,-7.252],[0.913,-7.196],[0.948,-7.168],[1.025,-7.139],[1.082,-7.139],[1.166,-7.182]]],[[[-0.798,-7.287],[-0.749,-7.421],[-0.777,-7.547],[-0.882,-7.674],[-0.938,-7.695],[-1.008,-7.695],[-1.022,-7.709],[-1.078,-7.681],[-1.099,-7.674],[-1.085,-7.667],[-1.085,-7.646],[-1.141,-7.569],[-1.162,-7.435],[-1.106,-7.308],[-1.064,-7.301],[-0.994,-7.252],[-0.924,-7.252],[-0.84,-7.287],[-0.798,-7.287]]]]},"properties":{"abbr":"LM","name":"lateral mammillary nucleus","plate":34,"ap_bregma_mm":-3.75,"area_mm2":0.2839,"traced_fraction":[0.976,0.99],"n_labels":2,"no_drawn_outline":false}},{"type":"Feature","geometry":{"type":"MultiPolygon","coordinates":[[[[6.088,-7.322],[5.919,-7.421],[5.73,-7.484],[5.499,-7.526],[5.085,-7.526],[4.868,-7.491],[4.727,-7.484],[4.195,-7.498],[4.188,-7.449],[4.146,-7.358],[4.146,-7.273],[4.173,-7.21],[4.23,-7.154],[4.321,-7.104],[4.713,-6.964],[5.071,-6.914],[5.45,-6.943],[5.688,-6.992],[5.821,-7.041],[5.933,-7.111],[6.025,-7.203],[6.088,-7.322]]],[[[-4.696,-7.252],[-4.31,-7.315],[-4.198,-7.358],[-4.086,-7.421],[-4.009,-7.491],[-3.981,-7.54],[-3.932,-7.773],[-4.282,-7.779],[-4.85,-7.857],[-5.474,-7.843],[-5.72,-7.801],[-5.888,-7.751],[-6.112,-7.646],[-6.133,-7.625],[-6.112,-7.547],[-6.042,-7.428],[-5.909,-7.308],[-5.776,-7.252],[-5.684,-7.231],[-5.418,-7.217],[-4.997,-7.224],[-4.696,-7.252]]]]},"properties":{"abbr":"APir","name":"amygdalopiriform transition area","plate":34,"ap_bregma_mm":-3.75,"area_mm2":2.0345,"traced_fraction":[1.0,1.0],"n_labels":2,"no_drawn_outline":false}},{"type":"Feature","geometry":{"type":"MultiPolygon","coordinates":[[[[1.187,-7.041],[1.236,-7.055],[1.292,-7.139],[1.285,-7.217],[1.327,-7.329],[1.327,-7.4],[1.292,-7.393],[1.285,-7.372],[1.243,-7.343],[1.166,-7.182],[1.159,-7.097],[1.166,-7.062],[1.187,-7.041]]],[[[-1.155,-7.09],[-1.134,-7.111],[-1.106,-7.189],[-1.106,-7.308],[-1.162,-7.435],[-1.176,-7.435],[-1.253,-7.519],[-1.323,-7.407],[-1.316,-7.4],[-1.338,-7.386],[-1.309,-7.343],[-1.281,-7.245],[-1.197,-7.104],[-1.155,-7.09]]]]},"properties":{"abbr":"VTM","name":"ventral tuberomammillary nucleus","plate":34,"ap_bregma_mm":-3.75,"area_mm2":0.0912,"traced_fraction":[1.0,1.0],"n_labels":2,"no_drawn_outline":false}},{"type":"Feature","geometry":{"type":"MultiPolygon","coordinates":[[[[0.184,-7.287],[0.268,-7.386],[0.296,-7.449],[0.317,-7.554],[0.296,-7.695],[0.275,-7.723],[0.24,-7.737],[0.037,-7.723],[-0.033,-7.758],[-0.096,-7.765],[-0.132,-7.751],[-0.181,-7.702],[-0.209,-7.611],[-0.195,-7.505],[-0.117,-7.329],[-0.075,-7.315],[-0.012,-7.456],[0.03,-7.491],[0.065,-7.491],[0.1,-7.456],[0.142,-7.343],[0.184,-7.287]]]]},"properties":{"abbr":"MM","name":"medial mammillary nucleus, medial part","plate":34,"ap_bregma_mm":-3.75,"area_mm2":0.1705,"traced_fraction":[1.0],"n_labels":1,"no_drawn_outline":false}},{"type":"Feature","geometry":{"type":"MultiPolygon","coordinates":[[[[3.578,-1.893],[3.585,-1.907],[3.886,-2.026],[4.146,-2.153],[4.216,-2.202],[4.209,-2.244],[4.195,-2.251],[4.195,-2.294],[3.795,-2.097],[3.458,-1.963],[3.024,-1.836],[2.764,-1.78],[2.715,-1.78],[2.589,-1.745],[2.414,-1.759],[2.189,-1.815],[1.692,-2.005],[1.467,-2.026],[1.467,-1.836],[1.53,-1.717],[1.621,-1.632],[1.698,-1.583],[1.818,-1.527],[1.916,-1.506],[2.028,-1.513],[2.161,-1.555],[2.358,-1.583],[2.505,-1.625],[2.771,-1.654],[3.052,-1.724],[3.578,-1.893]]],[[[-1.52,-1.9],[-1.604,-1.935],[-1.793,-1.942],[-2.424,-1.85],[-2.62,-1.85],[-2.754,-1.879],[-2.831,-1.879],[-3.118,-1.921],[-3.132,-1.858],[-2.719,-1.731],[-2.564,-1.703],[-2.291,-1.625],[-1.997,-1.583],[-1.814,-1.576],[-1.73,-1.59],[-1.625,-1.632],[-1.548,-1.696],[-1.52,-1.78],[-1.52,-1.9]]]]},"properties":{"abbr":"dhc","name":"dorsal hippocampal commissure","plate":34,"ap_bregma_mm":-3.75,"area_mm2":0.8721,"traced_fraction":[0.992,0.998],"n_labels":2,"no_drawn_outline":false}},{"type":"Feature","geometry":{"type":"MultiPolygon","coordinates":[[[[-2.628,-2.167],[-2.536,-2.195],[-2.256,-2.209],[-2.242,-2.223],[-2.291,-2.265],[-2.41,-2.301],[-2.684,-2.336],[-3.146,-2.434],[-3.378,-2.512],[-3.7,-2.659],[-3.826,-2.694],[-3.932,-2.744],[-4.086,-2.835],[-4.31,-2.997],[-4.724,-3.405],[-4.815,-3.524],[-5.131,-3.517],[-5.131,-3.496],[-5.032,-3.363],[-5.032,-3.349],[-5.089,-3.306],[-5.061,-3.257],[-5.032,-3.229],[-5.012,-3.229],[-4.969,-3.271],[-4.927,-3.257],[-4.906,-3.222],[-4.857,-3.187],[-4.836,-3.145],[-4.808,-3.13],[-4.752,-3.046],[-4.542,-2.849],[-4.444,-2.786],[-4.444,-2.772],[-4.296,-2.687],[-4.107,-2.54],[-3.988,-2.476],[-3.918,-2.455],[-3.904,-2.434],[-3.834,-2.399],[-3.7,-2.35],[-3.665,-2.322],[-3.252,-2.174],[-2.628,-2.167]]]]},"properties":{"abbr":"CA1","name":"field CA1 of the hippocampus","plate":34,"ap_bregma_mm":-3.75,"area_mm2":0.758,"traced_fraction":[0.957],"n_labels":2,"no_drawn_outline":false}},{"type":"Feature","geometry":{"type":"MultiPolygon","coordinates":[[[[-0.58,-3.44],[-0.538,-3.489],[-0.468,-3.538],[-0.398,-3.63],[-0.412,-3.63],[-0.454,-3.679],[-0.461,-3.876],[-0.475,-3.883],[-0.489,-3.883],[-0.531,-3.834],[-0.601,-3.799],[-0.657,-3.785],[-0.819,-3.792],[-0.91,-3.834],[-0.952,-3.876],[-0.994,-4.017],[-1.029,-4.017],[-1.099,-4.01],[-1.204,-4.031],[-1.309,-4.024],[-1.436,-4.003],[-1.541,-3.967],[-1.513,-3.792],[-1.443,-3.63],[-1.288,-3.475],[-1.183,-3.398],[-1.099,-3.356],[-1.001,-3.327],[-0.854,-3.32],[-0.741,-3.349],[-0.58,-3.44]]],[[[1.474,-3.96],[1.397,-3.989],[1.215,-4.01],[1.046,-4.01],[0.976,-3.996],[0.829,-4.003],[0.794,-3.96],[0.759,-3.862],[0.675,-3.799],[0.591,-3.778],[0.478,-3.778],[0.345,-3.82],[0.331,-3.63],[0.415,-3.56],[0.696,-3.426],[0.885,-3.419],[1.004,-3.44],[1.103,-3.482],[1.222,-3.581],[1.306,-3.707],[1.397,-3.813],[1.474,-3.96]]]]},"properties":{"abbr":"DpG","name":"deep gray layer of the superior colliculus","plate":34,"ap_bregma_mm":-3.75,"area_mm2":0.9497,"traced_fraction":[0.927,0.955],"n_labels":4,"no_drawn_outline":false}},{"type":"Feature","geometry":{"type":"MultiPolygon","coordinates":[[[[1.958,-3.278],[2.112,-3.363],[2.182,-3.377],[2.231,-3.398],[2.315,-3.405],[2.379,-3.447],[2.715,-3.44],[2.848,-3.482],[3.045,-3.588],[3.045,-3.602],[3.073,-3.609],[3.164,-3.679],[3.164,-3.693],[3.178,-3.693],[3.311,-3.827],[3.563,-4.164],[3.634,-4.305],[3.669,-4.439],[3.683,-4.516],[3.683,-4.699],[3.669,-4.762],[3.648,-4.79],[3.634,-4.882],[3.563,-5.022],[3.458,-5.177],[3.416,-5.177],[3.346,-5.24],[3.304,-5.248],[3.213,-5.255],[3.213,-5.24],[3.297,-5.17],[3.388,-5.1],[3.514,-4.966],[3.613,-4.769],[3.613,-4.643],[3.627,-4.586],[3.613,-4.509],[3.521,-4.382],[3.465,-4.326],[3.416,-4.312],[3.36,-4.214],[3.29,-4.143],[3.29,-4.129],[3.248,-4.101],[3.199,-3.996],[3.157,-3.946],[3.122,-3.855],[3.038,-3.757],[2.968,-3.707],[2.841,-3.658],[2.631,-3.63],[2.582,-3.609],[2.526,-3.609],[2.33,-3.567],[2.14,-3.489],[2.028,-3.426],[1.951,-3.412],[1.902,-3.391],[1.888,-3.32],[1.93,-3.278],[1.958,-3.278]]],[[[-1.954,-3.363],[-2.053,-3.44],[-2.095,-3.496],[-2.214,-3.56],[-2.256,-3.567],[-2.263,-3.581],[-2.298,-3.581],[-2.522,-3.665],[-2.726,-3.714],[-2.789,-3.742],[-2.803,-3.77],[-2.922,-3.792],[-3.104,-3.897],[-3.153,-3.946],[-3.181,-4.003],[-3.266,-4.108],[-3.364,-4.193],[-3.364,-4.214],[-3.455,-4.27],[-3.518,-4.34],[-3.518,-4.368],[-3.532,-4.368],[-3.609,-4.453],[-3.665,-4.474],[-3.749,-4.558],[-3.784,-4.629],[-3.855,-4.706],[-3.911,-4.72],[-3.904,-4.678],[-3.876,-4.586],[-3.876,-4.516],[-3.834,-4.439],[-3.805,-4.432],[-3.777,-4.404],[-3.7,-4.263],[-3.616,-4.157],[-3.602,-4.157],[-3.553,-4.094],[-3.476,-4.038],[-3.476,-4.024],[-3.413,-3.982],[-3.413,-3.967],[-3.357,-3.932],[-3.357,-3.918],[-3.308,-3.89],[-3.308,-3.876],[-3.209,-3.813],[-3.209,-3.799],[-3.181,-3.792],[-3.069,-3.707],[-2.908,-3.637],[-2.901,-3.623],[-2.775,-3.581],[-2.628,-3.553],[-2.529,-3.503],[-2.445,-3.496],[-2.389,-3.454],[-2.347,-3.44],[-2.256,-3.37],[-2.074,-3.292],[-1.997,-3.285],[-1.954,-3.363]]]]},"properties":{"abbr":"bsc","name":"brachium of the superior colliculus","plate":34,"ap_bregma_mm":-3.75,"area_mm2":0.7883,"traced_fraction":[0.998,1.0],"n_labels":2,"no_drawn_outline":false}},{"type":"Feature","geometry":{"type":"MultiPolygon","coordinates":[[[[-1.758,-3.89],[-1.632,-3.946],[-1.541,-3.967],[-1.436,-4.003],[-1.309,-4.024],[-1.204,-4.031],[-1.099,-4.01],[-1.029,-4.017],[-1.064,-4.143],[-1.064,-4.284],[-1.043,-4.375],[-1.008,-4.446],[-0.889,-4.579],[-0.791,-4.622],[-0.741,-4.664],[-0.713,-4.72],[-0.685,-4.847],[-0.657,-4.875],[-0.58,-4.875],[-0.559,-4.889],[-0.538,-4.945],[-0.475,-5.022],[-0.468,-5.065],[-0.489,-5.065],[-0.538,-5.114],[-0.601,-5.248],[-0.601,-5.494],[-0.552,-5.585],[-0.475,-5.655],[-0.384,-5.691],[-0.328,-5.691],[-0.258,-5.895],[-0.44,-5.902],[-0.503,-5.866],[-0.559,-5.866],[-0.643,-5.923],[-0.699,-6.035],[-0.699,-6.12],[-0.685,-6.155],[-0.854,-6.162],[-0.966,-5.93],[-1.19,-5.733],[-1.274,-5.691],[-1.38,-5.663],[-1.576,-5.655],[-1.646,-5.669],[-1.681,-5.74],[-1.744,-5.733],[-1.744,-5.677],[-1.856,-5.571],[-1.87,-5.571],[-1.989,-5.452],[-2.053,-5.367],[-2.053,-5.318],[-1.933,-5.311],[-1.723,-5.325],[-1.66,-5.311],[-1.597,-5.262],[-1.555,-5.191],[-1.534,-5.121],[-1.513,-4.987],[-1.513,-4.868],[-1.506,-4.776],[-1.52,-4.6],[-1.576,-4.347],[-1.66,-4.178],[-1.786,-4.059],[-1.751,-3.989],[-1.758,-3.89]]],[[[1.53,-3.946],[1.593,-4.066],[1.502,-4.136],[1.439,-4.235],[1.376,-4.375],[1.327,-4.565],[1.313,-4.748],[1.32,-4.868],[1.348,-5.058],[1.39,-5.156],[1.474,-5.24],[1.544,-5.283],[1.705,-5.311],[1.734,-5.318],[1.692,-5.374],[1.446,-5.536],[1.439,-5.571],[1.313,-5.585],[1.187,-5.62],[0.99,-5.74],[0.878,-5.845],[0.857,-5.88],[0.822,-5.972],[0.801,-6.092],[0.668,-6.084],[0.654,-5.93],[0.584,-5.859],[0.542,-5.845],[0.465,-5.845],[0.408,-5.895],[0.366,-5.965],[0.135,-5.958],[0.219,-5.663],[0.317,-5.648],[0.38,-5.606],[0.472,-5.522],[0.521,-5.423],[0.528,-5.36],[0.493,-5.163],[0.444,-5.093],[0.38,-5.072],[0.38,-5.029],[0.444,-4.91],[0.465,-4.896],[0.535,-4.896],[0.605,-4.861],[0.647,-4.79],[0.675,-4.706],[0.794,-4.579],[0.822,-4.523],[0.878,-4.312],[0.864,-4.094],[0.836,-4.031],[0.829,-4.003],[0.976,-3.996],[1.046,-4.01],[1.215,-4.01],[1.397,-3.989],[1.474,-3.96],[1.53,-3.946]]]]},"properties":{"abbr":"TG","name":"tectal gray","plate":34,"ap_bregma_mm":-3.75,"area_mm2":3.2846,"traced_fraction":[0.965,0.963],"n_labels":2,"no_drawn_outline":false}},{"type":"Feature","geometry":{"type":"MultiPolygon","coordinates":[[[[0.156,-4.031],[0.289,-4.094],[0.394,-4.164],[0.478,-4.249],[0.499,-4.291],[0.514,-4.291],[0.507,-4.319],[0.542,-4.375],[0.584,-4.502],[0.584,-4.643],[0.57,-4.685],[0.535,-4.713],[0.521,-4.699],[0.521,-4.608],[0.499,-4.544],[0.387,-4.319],[0.317,-4.249],[0.17,-4.171],[0.079,-4.136],[-0.005,-4.129],[-0.145,-4.136],[-0.181,-4.157],[-0.293,-4.185],[-0.461,-4.326],[-0.573,-4.488],[-0.608,-4.629],[-0.629,-4.664],[-0.657,-4.643],[-0.671,-4.544],[-0.664,-4.418],[-0.629,-4.305],[-0.58,-4.221],[-0.524,-4.164],[-0.482,-4.15],[-0.405,-4.094],[-0.314,-4.059],[-0.111,-4.017],[0.093,-4.017],[0.156,-4.031]]]]},"properties":{"abbr":"pc","name":"posterior commissure","plate":34,"ap_bregma_mm":-3.75,"area_mm2":0.2189,"traced_fraction":[1.0],"n_labels":1,"no_drawn_outline":false}},{"type":"Feature","geometry":{"type":"MultiPolygon","coordinates":[[[[-1.029,-4.017],[-0.994,-4.017],[-0.973,-4.136],[-0.945,-4.193],[-0.889,-4.249],[-0.77,-4.298],[-0.629,-4.305],[-0.671,-4.474],[-0.664,-4.615],[-0.65,-4.657],[-0.629,-4.664],[-0.615,-4.769],[-0.58,-4.875],[-0.657,-4.875],[-0.692,-4.833],[-0.713,-4.72],[-0.741,-4.664],[-0.791,-4.622],[-0.889,-4.579],[-1.008,-4.446],[-1.043,-4.375],[-1.064,-4.284],[-1.064,-4.143],[-1.029,-4.017]]],[[[0.836,-4.031],[0.864,-4.094],[0.878,-4.312],[0.822,-4.523],[0.794,-4.579],[0.675,-4.706],[0.647,-4.79],[0.605,-4.861],[0.535,-4.896],[0.465,-4.896],[0.507,-4.755],[0.535,-4.713],[0.57,-4.685],[0.584,-4.643],[0.584,-4.502],[0.542,-4.375],[0.507,-4.319],[0.514,-4.291],[0.612,-4.291],[0.724,-4.249],[0.773,-4.193],[0.801,-4.136],[0.815,-4.038],[0.836,-4.031]]]]},"properties":{"abbr":"MCPC","name":"magnocellular nucleus of the posterior commissure","plate":34,"ap_bregma_mm":-3.75,"area_mm2":0.3142,"traced_fraction":[1.0,1.0],"n_labels":2,"no_drawn_outline":false}},{"type":"Feature","geometry":{"type":"MultiPolygon","coordinates":[[[[-0.012,-4.249],[-0.005,-4.481],[-0.019,-4.699],[-0.005,-4.713],[-0.005,-4.762],[-0.026,-4.938],[-0.04,-4.973],[-0.068,-4.994],[-0.089,-4.994],[-0.111,-4.973],[-0.145,-4.818],[-0.139,-4.6],[-0.166,-4.488],[-0.166,-4.319],[-0.089,-4.214],[-0.012,-4.249]]]]},"properties":{"abbr":"3V","name":"3rd ventricle","plate":34,"ap_bregma_mm":-3.75,"area_mm2":0.0996,"traced_fraction":[1.0],"n_labels":1,"no_drawn_outline":false}},{"type":"Feature","geometry":{"type":"MultiPolygon","coordinates":[[[[0.135,-5.958],[0.366,-5.965],[0.338,-6.056],[0.345,-6.155],[0.359,-6.197],[0.422,-6.253],[0.514,-6.267],[0.612,-6.239],[0.647,-6.19],[0.668,-6.084],[0.801,-6.092],[0.801,-6.148],[0.822,-6.204],[0.892,-6.281],[0.941,-6.303],[1.039,-6.303],[1.075,-6.288],[1.152,-6.331],[1.236,-6.324],[1.187,-6.387],[1.173,-6.387],[1.054,-6.499],[0.983,-6.598],[0.401,-6.598],[0.401,-6.83],[0.233,-6.83],[0.107,-6.858],[-0.04,-6.858],[-0.132,-6.83],[-0.132,-6.591],[-0.23,-6.591],[-0.23,-6.45],[-0.153,-6.38],[-0.117,-6.401],[-0.047,-6.401],[-0.012,-6.387],[0.03,-6.345],[0.065,-6.253],[0.079,-6.141],[0.114,-5.993],[0.135,-5.958]]]]},"properties":{"abbr":"sumx","name":"supramammillary decussation","plate":34,"ap_bregma_mm":-3.75,"area_mm2":0.6461,"traced_fraction":[0.663],"n_labels":1,"no_drawn_outline":true}},{"type":"Feature","geometry":{"type":"MultiPolygon","coordinates":[[[[0.472,-6.999],[0.507,-7.013],[0.549,-7.069],[0.521,-7.146],[0.45,-7.189],[0.338,-7.175],[0.296,-7.132],[0.289,-7.083],[0.31,-7.041],[0.366,-7.006],[0.472,-6.999]]],[[[-0.398,-7.034],[-0.328,-7.041],[-0.237,-7.111],[-0.251,-7.203],[-0.293,-7.245],[-0.398,-7.224],[-0.44,-7.203],[-0.468,-7.161],[-0.468,-7.118],[-0.447,-7.069],[-0.398,-7.034]]]]},"properties":{"abbr":"pm","name":"principal mammillary tract","plate":34,"ap_bregma_mm":-3.75,"area_mm2":0.0738,"traced_fraction":[1.0,0.949],"n_labels":2,"no_drawn_outline":false}},{"type":"Feature","geometry":{"type":"MultiPolygon","coordinates":[[[[0.226,-7.097],[0.226,-7.139],[0.184,-7.238],[0.184,-7.287],[0.163,-7.301],[0.1,-7.456],[0.065,-7.491],[0.03,-7.491],[-0.012,-7.456],[-0.075,-7.315],[-0.132,-7.182],[-0.132,-7.125],[0.072,-7.139],[0.226,-7.097]]]]},"properties":{"abbr":"MnM","name":"medial mammillary nucleus, median part","plate":34,"ap_bregma_mm":-3.75,"area_mm2":0.0848,"traced_fraction":[1.0],"n_labels":1,"no_drawn_outline":false}},{"type":"Feature","geometry":{"type":"MultiPolygon","coordinates":[[[[0.549,-7.069],[0.717,-7.09],[0.948,-7.168],[0.913,-7.196],[0.878,-7.252],[0.864,-7.294],[0.864,-7.386],[0.934,-7.547],[1.018,-7.618],[1.046,-7.625],[1.046,-7.646],[1.088,-7.688],[1.06,-7.723],[0.983,-7.765],[0.983,-7.779],[0.948,-7.801],[0.626,-7.955],[0.499,-7.99],[0.408,-7.99],[0.338,-7.955],[0.254,-7.857],[0.24,-7.843],[0.17,-7.801],[0.1,-7.787],[0.002,-7.801],[-0.082,-7.829],[-0.082,-7.843],[-0.111,-7.85],[-0.124,-7.878],[-0.132,-7.892],[-0.132,-7.969],[-0.124,-7.983],[-0.117,-7.998],[-0.054,-8.11],[-0.054,-8.152],[-0.124,-8.159],[-0.195,-8.124],[-0.195,-8.11],[-0.377,-8.033],[-0.454,-8.019],[-0.692,-8.026],[-0.755,-8.012],[-0.889,-7.857],[-0.882,-7.85],[-0.896,-7.85],[-0.917,-7.822],[-0.91,-7.815],[-0.931,-7.794],[-0.938,-7.801],[-1.022,-7.709],[-1.008,-7.695],[-0.938,-7.695],[-0.882,-7.674],[-0.777,-7.547],[-0.749,-7.421],[-0.798,-7.287],[-0.664,-7.21],[-0.468,-7.161],[-0.44,-7.203],[-0.398,-7.224],[-0.293,-7.245],[-0.251,-7.203],[-0.237,-7.111],[-0.16,-7.111],[-0.132,-7.125],[-0.132,-7.182],[-0.075,-7.315],[-0.117,-7.329],[-0.195,-7.505],[-0.209,-7.611],[-0.181,-7.702],[-0.132,-7.751],[-0.096,-7.765],[-0.033,-7.758],[0.037,-7.723],[0.24,-7.737],[0.275,-7.723],[0.296,-7.695],[0.317,-7.554],[0.296,-7.449],[0.268,-7.386],[0.184,-7.287],[0.184,-7.238],[0.226,-7.139],[0.226,-7.097],[0.289,-7.083],[0.296,-7.132],[0.338,-7.175],[0.45,-7.189],[0.521,-7.146],[0.549,-7.069]]],[[[-0.44,-7.428],[-0.475,-7.47],[-0.468,-7.554],[-0.44,-7.604],[-0.391,-7.611],[-0.377,-7.575],[-0.384,-7.47],[-0.405,-7.435],[-0.44,-7.428]]],[[[0.478,-7.477],[0.457,-7.561],[0.478,-7.59],[0.478,-7.625],[0.528,-7.625],[0.528,-7.597],[0.556,-7.575],[0.556,-7.526],[0.528,-7.498],[0.528,-7.477],[0.478,-7.477]]]]},"properties":{"abbr":"ML","name":"medial mammillary nucleus, lateral part","plate":34,"ap_bregma_mm":-3.75,"area_mm2":1.1361,"traced_fraction":[0.985,1.0,0.97],"n_labels":2,"no_drawn_outline":false}},{"type":"Feature","geometry":{"type":"MultiPolygon","coordinates":[[[[-0.005,-4.129],[0.079,-4.136],[0.17,-4.171],[0.317,-4.249],[0.387,-4.319],[0.499,-4.544],[0.521,-4.608],[0.521,-4.699],[0.535,-4.713],[0.507,-4.755],[0.465,-4.896],[0.444,-4.91],[0.38,-5.029],[0.261,-4.973],[0.191,-4.973],[0.072,-5.022],[0.03,-5.072],[-0.005,-5.212],[0.002,-5.388],[0.065,-5.515],[0.03,-5.536],[-0.005,-5.613],[-0.019,-5.782],[-0.089,-5.789],[-0.111,-5.62],[-0.139,-5.543],[-0.174,-5.494],[-0.124,-5.29],[-0.132,-5.163],[-0.166,-5.058],[-0.223,-5.008],[-0.3,-4.98],[-0.384,-4.98],[-0.475,-5.022],[-0.538,-4.945],[-0.559,-4.889],[-0.58,-4.875],[-0.615,-4.769],[-0.629,-4.664],[-0.608,-4.629],[-0.573,-4.488],[-0.461,-4.326],[-0.293,-4.185],[-0.181,-4.157],[-0.181,-4.291],[-0.166,-4.319],[-0.166,-4.488],[-0.139,-4.6],[-0.145,-4.818],[-0.111,-4.973],[-0.089,-4.994],[-0.068,-4.994],[-0.04,-4.973],[-0.026,-4.938],[-0.005,-4.762],[-0.005,-4.713],[-0.019,-4.699],[-0.005,-4.481],[-0.012,-4.249],[-0.005,-4.129]]]]},"properties":{"abbr":"p1PAG","name":"p1 periaqueductal gray","plate":34,"ap_bregma_mm":-3.75,"area_mm2":0.8117,"traced_fraction":[0.996],"n_labels":2,"no_drawn_outline":false}},{"type":"Feature","geometry":{"type":"Polygon","coordinates":[[[0.079,-1.935],[0.1,-1.998],[0.135,-2.033],[0.142,-2.062],[0.156,-2.062],[0.163,-2.09],[0.177,-2.09],[0.177,-2.104],[0.331,-2.244],[0.415,-2.279],[0.619,-2.294],[0.668,-2.315],[0.626,-2.343],[0.282,-2.371],[0.17,-2.406],[0.1,-2.448],[0.002,-2.54],[-0.054,-2.645],[-0.089,-2.758],[-0.111,-2.898],[-0.132,-2.898],[-0.181,-2.723],[-0.307,-2.476],[-0.321,-2.476],[-0.37,-2.413],[-0.447,-2.364],[-0.524,-2.364],[-0.552,-2.336],[-0.496,-2.315],[-0.391,-2.308],[-0.342,-2.287],[-0.328,-2.258],[-0.314,-2.258],[-0.188,-2.125],[-0.111,-2.075],[-0.061,-2.005],[-0.047,-2.005],[-0.019,-1.914],[0.002,-1.794],[0.016,-1.773],[0.037,-1.773],[0.051,-1.893],[0.079,-1.935]]]},"properties":{"abbr":null,"name":"unnamed sealed face","plate":34,"ap_bregma_mm":-3.75,"index":0}},{"type":"Feature","geometry":{"type":"Polygon","coordinates":[[[3.991,-1.977],[3.991,-1.991],[4.202,-2.09],[4.307,-2.16],[4.342,-2.167],[4.545,-2.308],[4.573,-2.315],[4.573,-2.329],[4.629,-2.357],[4.713,-2.434],[4.756,-2.455],[4.769,-2.483],[4.811,-2.505],[4.811,-2.519],[4.945,-2.624],[4.959,-2.652],[5.036,-2.702],[5.064,-2.744],[5.078,-2.744],[5.232,-2.884],[5.316,-2.997],[5.33,-2.997],[5.351,-3.039],[5.366,-3.039],[5.366,-3.053],[5.429,-3.102],[5.429,-3.123],[5.45,-3.138],[5.492,-3.215],[5.513,-3.229],[5.527,-3.264],[5.541,-3.264],[5.597,-3.363],[5.618,-3.377],[5.632,-3.412],[5.646,-3.412],[5.821,-3.665],[5.912,-3.876],[5.954,-3.939],[5.975,-4.01],[5.989,-4.01],[5.989,-4.045],[6.032,-4.122],[6.095,-4.319],[6.151,-4.622],[6.158,-4.79],[6.13,-5.058],[6.081,-5.248],[6.025,-5.367],[6.004,-5.459],[5.94,-5.571],[5.87,-5.768],[5.842,-5.81],[5.814,-5.93],[5.8,-5.937],[5.653,-6.232],[5.541,-6.38],[5.302,-6.563],[5.05,-6.696],[5.022,-6.696],[5.05,-6.654],[5.281,-6.514],[5.302,-6.485],[5.408,-6.422],[5.478,-6.359],[5.653,-6.113],[5.758,-5.909],[5.758,-5.888],[5.772,-5.88],[5.989,-5.269],[6.017,-4.748],[5.996,-4.488],[5.933,-4.242],[5.898,-4.171],[5.835,-3.967],[5.772,-3.855],[5.737,-3.749],[5.625,-3.545],[5.604,-3.531],[5.583,-3.482],[5.4,-3.222],[5.253,-3.06],[5.218,-3.004],[5.19,-2.99],[5.155,-2.934],[5.141,-2.934],[5.12,-2.898],[4.952,-2.744],[4.952,-2.73],[4.833,-2.638],[4.819,-2.61],[4.531,-2.385],[4.216,-2.202],[4.146,-2.153],[3.886,-2.026],[3.914,-1.963],[3.991,-1.977]]]},"properties":{"abbr":null,"name":"unnamed sealed face","plate":34,"ap_bregma_mm":-3.75,"index":1}},{"type":"Feature","geometry":{"type":"Polygon","coordinates":[[[-2.726,-2.019],[-2.649,-2.111],[-2.628,-2.167],[-3.252,-2.174],[-3.665,-2.322],[-3.7,-2.35],[-3.834,-2.399],[-3.904,-2.434],[-3.918,-2.455],[-3.988,-2.476],[-4.107,-2.54],[-4.296,-2.687],[-4.444,-2.772],[-4.444,-2.786],[-4.507,-2.821],[-4.633,-2.941],[-4.647,-2.941],[-4.927,-3.257],[-4.969,-3.271],[-5.012,-3.229],[-5.012,-3.215],[-4.78,-2.983],[-4.78,-2.969],[-4.766,-2.969],[-4.766,-2.955],[-4.752,-2.955],[-4.752,-2.941],[-4.738,-2.941],[-4.738,-2.927],[-4.724,-2.927],[-4.724,-2.913],[-4.654,-2.856],[-4.654,-2.842],[-4.64,-2.842],[-4.563,-2.765],[-4.486,-2.723],[-4.359,-2.61],[-4.254,-2.554],[-4.163,-2.476],[-3.658,-2.223],[-3.532,-2.188],[-3.322,-2.09],[-2.999,-2.012],[-2.726,-2.019]]]},"properties":{"abbr":null,"name":"unnamed sealed face","plate":34,"ap_bregma_mm":-3.75,"index":2}},{"type":"Feature","geometry":{"type":"Polygon","coordinates":[[[-1.176,-2.237],[-1.197,-2.258],[-1.316,-2.258],[-1.492,-2.287],[-1.8,-2.385],[-2.031,-2.519],[-2.256,-2.694],[-2.256,-2.709],[-2.27,-2.709],[-2.298,-2.744],[-2.333,-2.758],[-2.333,-2.617],[-2.305,-2.498],[-2.214,-2.413],[-2.193,-2.413],[-2.109,-2.364],[-1.702,-2.265],[-1.365,-2.223],[-1.218,-2.216],[-1.176,-2.237]]]},"properties":{"abbr":null,"name":"unnamed sealed face","plate":34,"ap_bregma_mm":-3.75,"index":3}},{"type":"Feature","geometry":{"type":"Polygon","coordinates":[[[1.895,-2.42],[1.993,-2.462],[2.063,-2.512],[2.084,-2.512],[2.112,-2.54],[2.133,-2.54],[2.133,-2.554],[2.175,-2.575],[2.189,-2.603],[2.203,-2.603],[2.273,-2.673],[2.273,-2.687],[2.287,-2.687],[2.54,-3.074],[2.554,-3.074],[2.631,-3.187],[2.645,-3.187],[2.645,-3.201],[2.778,-3.334],[2.792,-3.334],[2.961,-3.482],[3.43,-3.792],[3.493,-3.855],[3.508,-3.855],[3.62,-3.967],[3.62,-3.982],[3.634,-3.982],[3.76,-4.171],[3.76,-4.193],[3.928,-4.467],[3.977,-4.622],[3.977,-4.734],[3.935,-4.861],[3.858,-4.98],[3.746,-5.1],[3.746,-5.114],[3.732,-5.114],[3.704,-5.163],[3.676,-5.177],[3.62,-5.262],[3.606,-5.262],[3.606,-5.276],[3.592,-5.276],[3.592,-5.29],[3.578,-5.29],[3.493,-5.374],[3.423,-5.395],[3.416,-5.346],[3.458,-5.177],[3.563,-5.022],[3.634,-4.882],[3.648,-4.79],[3.669,-4.762],[3.683,-4.699],[3.683,-4.516],[3.669,-4.439],[3.634,-4.305],[3.563,-4.164],[3.311,-3.827],[3.178,-3.693],[3.164,-3.693],[3.164,-3.679],[3.073,-3.609],[3.045,-3.602],[3.045,-3.588],[2.848,-3.482],[2.743,-3.447],[2.379,-3.447],[2.315,-3.405],[2.315,-3.145],[2.287,-3.046],[2.168,-2.821],[2.154,-2.821],[2.084,-2.715],[1.93,-2.582],[1.671,-2.469],[1.502,-2.413],[1.495,-2.399],[1.32,-2.322],[1.32,-2.308],[1.348,-2.294],[1.502,-2.308],[1.692,-2.35],[1.895,-2.42]]]},"properties":{"abbr":null,"name":"unnamed sealed face","plate":34,"ap_bregma_mm":-3.75,"index":4}},{"type":"Feature","geometry":{"type":"Polygon","coordinates":[[[2.645,-2.751],[2.561,-2.723],[2.561,-2.772],[2.519,-2.786],[2.47,-2.73],[2.393,-2.68],[2.372,-2.624],[2.4,-2.596],[2.463,-2.61],[2.582,-2.687],[2.652,-2.715],[2.659,-2.737],[2.645,-2.751]]]},"properties":{"abbr":null,"name":"unnamed sealed face","plate":34,"ap_bregma_mm":-3.75,"index":5}},{"type":"Feature","geometry":{"type":"Polygon","coordinates":[[[-4.135,-5.374],[-4.177,-5.43],[-4.198,-5.43],[-4.282,-5.353],[-4.373,-5.198],[-4.429,-5.008],[-4.408,-4.79],[-4.331,-4.572],[-4.317,-4.565],[-4.317,-4.544],[-4.296,-4.523],[-4.296,-4.502],[-4.261,-4.453],[-4.149,-4.207],[-4.107,-4.15],[-4.016,-3.946],[-3.868,-3.77],[-3.855,-3.735],[-3.721,-3.595],[-3.441,-3.327],[-3.273,-3.201],[-3.175,-3.145],[-3.16,-3.123],[-3.083,-3.074],[-3.062,-3.074],[-2.978,-3.004],[-2.929,-2.983],[-2.929,-2.969],[-2.901,-2.962],[-2.831,-2.898],[-2.824,-2.87],[-2.803,-2.842],[-2.733,-2.828],[-2.684,-2.793],[-2.663,-2.8],[-2.649,-2.842],[-2.796,-2.941],[-2.796,-2.955],[-2.838,-2.976],[-2.95,-3.081],[-3.209,-3.236],[-3.343,-3.342],[-3.343,-3.356],[-3.357,-3.356],[-3.399,-3.405],[-3.413,-3.405],[-3.413,-3.419],[-3.427,-3.419],[-3.714,-3.714],[-3.749,-3.735],[-3.749,-3.749],[-3.855,-3.848],[-3.883,-3.897],[-3.897,-3.897],[-3.96,-3.996],[-4.009,-4.122],[-4.072,-4.207],[-4.072,-4.228],[-4.17,-4.411],[-4.17,-4.432],[-4.184,-4.439],[-4.184,-4.46],[-4.198,-4.467],[-4.198,-4.488],[-4.212,-4.495],[-4.268,-4.65],[-4.296,-4.692],[-4.359,-4.903],[-4.359,-5.008],[-4.317,-5.149],[-4.254,-5.255],[-4.24,-5.255],[-4.191,-5.325],[-4.135,-5.374]]]},"properties":{"abbr":null,"name":"unnamed sealed face","plate":34,"ap_bregma_mm":-3.75,"index":6}},{"type":"Feature","geometry":{"type":"Polygon","coordinates":[[[-2.894,-2.884],[-2.985,-2.934],[-3.034,-2.941],[-3.111,-2.99],[-3.23,-3.032],[-3.35,-3.102],[-3.441,-3.138],[-3.623,-3.18],[-3.834,-3.285],[-3.939,-3.363],[-3.988,-3.377],[-4.009,-3.405],[-4.17,-3.517],[-4.219,-3.574],[-4.233,-3.574],[-4.24,-3.595],[-4.254,-3.595],[-4.261,-3.616],[-4.275,-3.616],[-4.282,-3.637],[-4.296,-3.637],[-4.331,-3.693],[-4.352,-3.7],[-4.465,-3.841],[-4.472,-3.869],[-4.5,-3.89],[-4.507,-3.918],[-4.612,-4.066],[-4.633,-4.122],[-4.654,-4.136],[-4.654,-4.157],[-4.78,-4.347],[-4.85,-4.551],[-4.906,-4.797],[-4.92,-5.163],[-4.829,-5.529],[-4.752,-5.663],[-4.654,-5.768],[-4.619,-5.782],[-4.605,-5.817],[-4.591,-5.817],[-4.542,-5.88],[-4.486,-5.916],[-4.486,-5.93],[-4.359,-6.014],[-4.359,-6.028],[-4.191,-6.134],[-3.89,-6.274],[-3.763,-6.317],[-3.651,-6.324],[-3.609,-6.295],[-3.595,-6.26],[-3.595,-6.183],[-3.63,-6.07],[-3.7,-5.937],[-3.756,-5.873],[-3.77,-5.838],[-3.784,-5.838],[-3.813,-5.789],[-3.904,-5.691],[-3.918,-5.691],[-3.925,-5.669],[-3.981,-5.634],[-3.981,-5.62],[-3.967,-5.592],[-3.918,-5.564],[-3.862,-5.606],[-3.847,-5.634],[-3.834,-5.634],[-3.834,-5.648],[-3.819,-5.648],[-3.819,-5.663],[-3.805,-5.663],[-3.805,-5.677],[-3.756,-5.719],[-3.728,-5.768],[-3.714,-5.768],[-3.714,-5.789],[-3.7,-5.789],[-3.686,-5.824],[-3.672,-5.824],[-3.665,-5.852],[-3.609,-5.923],[-3.539,-6.077],[-3.483,-6.274],[-3.483,-6.366],[-3.49,-6.394],[-3.532,-6.422],[-3.623,-6.422],[-3.721,-6.401],[-4.002,-6.31],[-4.296,-6.155],[-4.303,-6.141],[-4.324,-6.141],[-4.486,-6.028],[-4.598,-5.923],[-4.64,-5.902],[-4.64,-5.888],[-4.682,-5.866],[-4.738,-5.789],[-4.759,-5.782],[-4.801,-5.712],[-4.843,-5.677],[-4.906,-5.564],[-4.913,-5.522],[-4.927,-5.515],[-4.969,-5.381],[-5.004,-5.191],[-5.004,-4.931],[-4.962,-4.678],[-4.885,-4.432],[-4.752,-4.15],[-4.472,-3.714],[-4.451,-3.707],[-4.366,-3.595],[-4.345,-3.588],[-4.282,-3.51],[-4.233,-3.482],[-4.219,-3.454],[-3.904,-3.229],[-3.693,-3.116],[-3.399,-3.032],[-3.266,-2.976],[-3.188,-2.927],[-2.992,-2.87],[-2.936,-2.835],[-2.915,-2.835],[-2.894,-2.884]]]},"properties":{"abbr":null,"name":"unnamed sealed face","plate":34,"ap_bregma_mm":-3.75,"index":7}},{"type":"Feature","geometry":{"type":"Polygon","coordinates":[[[-2.41,-2.863],[-2.473,-3.06],[-2.487,-3.37],[-2.529,-3.503],[-2.628,-3.553],[-2.775,-3.581],[-2.901,-3.623],[-2.908,-3.637],[-3.069,-3.707],[-3.181,-3.792],[-3.209,-3.799],[-3.209,-3.813],[-3.308,-3.876],[-3.308,-3.89],[-3.357,-3.918],[-3.357,-3.932],[-3.413,-3.967],[-3.413,-3.982],[-3.476,-4.024],[-3.476,-4.038],[-3.49,-4.038],[-3.602,-4.157],[-3.616,-4.157],[-3.7,-4.263],[-3.777,-4.404],[-3.805,-4.432],[-3.834,-4.439],[-3.826,-4.389],[-3.553,-3.869],[-2.55,-2.948],[-2.452,-2.87],[-2.41,-2.863]]]},"properties":{"abbr":null,"name":"unnamed sealed face","plate":34,"ap_bregma_mm":-3.75,"index":8}},{"type":"Feature","geometry":{"type":"Polygon","coordinates":[[[0.03,-3.222],[0.03,-3.271],[0.016,-3.37],[-0.075,-3.44],[-0.132,-3.44],[-0.174,-3.412],[-0.195,-3.377],[-0.223,-3.313],[-0.223,-3.229],[-0.209,-3.194],[-0.153,-3.102],[-0.132,-2.99],[-0.103,-2.983],[-0.054,-3.13],[-0.005,-3.208],[0.03,-3.222]]]},"properties":{"abbr":null,"name":"unnamed sealed face","plate":34,"ap_bregma_mm":-3.75,"index":9}},{"type":"Feature","geometry":{"type":"Polygon","coordinates":[[[2.252,-4.045],[2.252,-4.08],[2.217,-4.193],[2.189,-4.389],[2.189,-4.72],[2.168,-4.72],[2.161,-4.734],[2.126,-4.868],[2.049,-5.022],[1.951,-5.17],[1.937,-5.17],[1.916,-5.219],[1.853,-5.276],[1.734,-5.318],[1.705,-5.311],[1.705,-5.29],[1.783,-5.248],[1.888,-5.142],[1.986,-5.001],[2.028,-4.868],[2.084,-4.685],[2.14,-4.397],[2.14,-4.193],[2.119,-4.115],[2.252,-4.045]]]},"properties":{"abbr":null,"name":"unnamed sealed face","plate":34,"ap_bregma_mm":-3.75,"index":10}},{"type":"Feature","geometry":{"type":"Polygon","coordinates":[[[3.304,-5.248],[3.304,-5.262],[3.192,-5.325],[2.806,-5.43],[2.659,-5.43],[2.666,-5.29],[2.89,-5.311],[3.045,-5.304],[3.213,-5.255],[3.304,-5.248]]]},"properties":{"abbr":null,"name":"unnamed sealed face","plate":34,"ap_bregma_mm":-3.75,"index":11}},{"type":"Feature","geometry":{"type":"Polygon","coordinates":[[[-3.343,-7.554],[-3.301,-7.639],[-3.301,-7.681],[-3.315,-7.773],[-3.378,-7.836],[-3.42,-7.836],[-3.518,-7.927],[-3.56,-7.927],[-3.581,-7.906],[-3.609,-7.941],[-3.7,-7.941],[-3.714,-7.899],[-3.728,-7.927],[-3.77,-7.927],[-3.784,-7.843],[-3.798,-7.773],[-3.798,-7.758],[-3.616,-7.702],[-3.448,-7.618],[-3.364,-7.554],[-3.343,-7.554]]]},"properties":{"abbr":null,"name":"unnamed sealed face","plate":34,"ap_bregma_mm":-3.75,"index":12}},{"type":"Feature","geometry":{"type":"MultiPolygon","coordinates":[[[[-0.068,-8.152],[-0.124,-8.152],[-0.272,-8.068],[-0.363,-8.033],[-0.475,-8.012],[-0.671,-8.019],[-0.755,-8.005],[-1.008,-7.716],[-1.05,-7.688],[-1.176,-7.646],[-1.218,-7.604],[-1.26,-7.498],[-1.316,-7.407],[-1.365,-7.393],[-1.464,-7.435],[-1.513,-7.435],[-1.807,-7.336],[-2.116,-7.182],[-2.438,-6.943],[-2.571,-6.816],[-2.719,-6.647],[-2.88,-6.422],[-3.041,-6.155],[-3.336,-5.606],[-3.897,-4.973],[-3.925,-4.91],[-3.925,-4.783],[-3.904,-4.678],[-3.995,-4.629],[-4.058,-4.72],[-4.107,-4.84],[-4.114,-4.966],[-4.093,-5.037],[-4.03,-5.142],[-3.798,-5.332],[-3.574,-5.599],[-3.434,-5.796],[-3.266,-6.084],[-3.188,-6.253],[-3.111,-6.506],[-3.111,-6.682],[-3.16,-6.76],[-3.224,-6.781],[-3.245,-6.879],[-3.181,-6.921],[-3.111,-6.999],[-3.083,-7.069],[-3.083,-7.168],[-3.118,-7.273],[-3.196,-7.4],[-3.28,-7.484],[-3.392,-7.569],[-3.35,-7.54],[-3.307,-7.644],[-3.325,-7.767],[-3.386,-7.829],[-3.421,-7.829],[-3.526,-7.917],[-3.561,-7.917],[-3.579,-7.9],[-3.614,-7.935],[-3.702,-7.935],[-3.719,-7.882],[-3.737,-7.917],[-3.772,-7.917],[-3.805,-7.751],[-3.798,-7.855],[-3.824,-7.882],[-3.912,-7.882],[-3.918,-7.765],[-4.261,-7.773],[-4.78,-7.843],[-4.927,-7.85],[-5.453,-7.836],[-5.713,-7.794],[-5.902,-7.737],[-6.098,-7.646],[-6.252,-7.533],[-6.561,-7.104],[-6.652,-6.907],[-6.666,-6.753],[-6.603,-6.577],[-6.61,-6.52],[-6.631,-6.485],[-6.911,-6.429],[-7.01,-6.387],[-7.199,-6.204],[-7.353,-5.979],[-7.43,-5.803],[-7.487,-5.557],[-7.542,-5.065],[-7.521,-4.811],[-7.458,-4.516],[-7.395,-4.319],[-7.262,-4.01],[-6.855,-3.173],[-6.547,-2.68],[-6.337,-2.399],[-5.874,-1.949],[-5.656,-1.766],[-5.334,-1.541],[-5.166,-1.443],[-4.577,-1.161],[-3.84,-0.88],[-3.238,-0.732],[-2.109,-0.556],[-1.499,-0.395],[-1.26,-0.345],[-1.043,-0.317],[-0.812,-0.317],[-0.678,-0.338],[-0.538,-0.38],[-0.335,-0.5],[-0.265,-0.563],[-0.16,-0.697],[0.065,-1.119],[0.128,-1.133],[0.226,-0.985],[0.486,-0.521],[0.591,-0.402],[0.703,-0.331],[0.899,-0.261],[1.173,-0.226],[1.509,-0.247],[2.21,-0.43],[2.589,-0.507],[3.697,-0.683],[4.118,-0.795],[4.307,-0.88],[5.176,-1.337],[5.66,-1.675],[5.954,-1.928],[6.459,-2.441],[6.859,-3.032],[7.076,-3.292],[7.153,-3.405],[7.245,-3.595],[7.35,-3.89],[7.434,-4.221],[7.483,-4.593],[7.476,-4.896],[7.441,-5.149],[7.385,-5.36],[7.308,-5.55],[7.231,-5.698],[7.153,-5.81],[6.817,-6.19],[6.747,-6.218],[6.606,-6.232],[6.536,-6.281],[6.515,-6.345],[6.614,-6.584],[6.614,-6.689],[6.593,-6.739],[6.501,-6.851],[6.382,-7.048],[6.277,-7.175],[6.116,-7.301],[5.926,-7.407],[5.716,-7.477],[5.478,-7.519],[5.106,-7.519],[4.84,-7.484],[4.615,-7.477],[4.461,-7.491],[3.963,-7.491],[3.683,-7.435],[3.5,-7.358],[3.339,-7.231],[3.206,-7.034],[3.206,-6.964],[3.227,-6.921],[3.465,-6.633],[3.5,-6.542],[3.479,-6.485],[3.451,-6.457],[3.409,-6.443],[3.346,-6.366],[3.206,-6.0],[3.206,-5.951],[3.255,-5.789],[3.346,-5.585],[3.248,-5.522],[3.15,-5.655],[2.883,-6.183],[2.848,-6.274],[2.827,-6.45],[2.785,-6.549],[2.652,-6.753],[2.547,-6.865],[2.119,-7.125],[1.846,-7.259],[1.755,-7.287],[1.628,-7.301],[1.53,-7.287],[1.432,-7.245],[1.32,-7.329],[1.32,-7.442],[1.299,-7.484],[1.187,-7.604],[1.033,-7.73],[0.913,-7.808],[0.612,-7.948],[0.486,-7.983],[0.415,-7.983],[0.338,-7.948],[0.275,-7.871],[0.191,-7.801],[0.072,-7.779],[-0.054,-7.808],[-0.117,-7.85],[-0.145,-7.906],[-0.145,-7.948],[-0.061,-8.11],[-0.061,-8.145],[-0.068,-8.152]]]]},"properties":{"abbr":"brain_outline","name":"outline of the section","plate":34,"ap_bregma_mm":-3.75}}]}
